{"type":"FeatureCollection","features":[{"type":"Feature","properties":{},"geometry":{"type":"Polygon","coordinates":[[[-180,-85],[180,-85],[180,85],[-180,85],[-180,-85]],[[101.24883017857445,3.3151595794655577],[101.24839000521013,3.315570110020417],[101.24753031660725,3.3156698224859156],[101.24586034730652,3.3163597265503313],[101.24443022978335,3.3173299080305583],[101.24313036781615,3.318600125979856],[101.24235961368385,3.319730205825522],[101.24149004495013,3.321299564796618],[101.24061957714383,3.3225302561803574],[101.23998985897936,3.32350043645215],[101.23931971638507,3.3251398602455993],[101.23821029708216,3.326269942508077],[101.23750961018902,3.326940086310742],[101.23655020912071,3.3273003098881873],[101.23551984294903,3.3281896400920346],[101.23496019202372,3.328980158111392],[101.23429993076871,3.3297302504925597],[101.23324979829317,3.3307004319727866],[101.23259043731923,3.3314900521280038],[101.2324700618941,3.3324503510605155],[101.23026020676349,3.3339999425193128],[101.23315996595852,3.338660403630797],[101.23417955655208,3.3417595913821856],[101.2341696752128,3.343999989603276],[101.23467991823321,3.3464101675290294],[101.23545965463222,3.3481600866167582],[101.23700026503275,3.3523300649695784],[101.23762998561415,3.3536703513664747],[101.23831988967856,3.3543198334180033],[101.24034020121746,3.3560302247316827],[101.24012011574371,3.3569896270084314],[101.2387995896085,3.3564299760831204],[101.23705955306855,3.3551903012242974],[101.23545965463222,3.3533298916760828],[101.23521980527147,3.3531996349116753],[101.23490988504625,3.352700171094682],[101.23451013490319,3.3520803342694876],[101.23422986111268,3.351110153997695],[101.23388041673866,3.350120209838906],[101.23365044630037,3.349590204139929],[101.23355971731002,3.349539897162458],[101.23368009273509,3.349370116249304],[101.23368009273509,3.3491500307755473],[101.23361002428749,3.3488697545681703],[101.23347976752308,3.3487799234419526],[101.2334195816232,3.3486900911073008],[101.23354983597068,3.3485903810586706],[101.23354983597068,3.3484196998645643],[101.23336029117053,3.347939998726133],[101.23326956218017,3.3478798128262497],[101.2330701348323,3.3477702178130357],[101.23338005505758,3.3476103182391626],[101.23330010527064,3.3471602635355],[101.23315008703611,3.34612001239924],[101.23305037457061,3.344929745445313],[101.23279974238108,3.3435903569125003],[101.23270991125486,3.3426300579799886],[101.23216014287732,3.34187008425954],[101.23206042920333,3.341729944947417],[101.23133010070922,3.3413400785605063],[101.2304201063373,3.341069683692467],[101.22947957008341,3.3408199529923763],[101.22843033788882,3.34068969743646],[101.22762993853019,3.3406097476495233],[101.22643967157626,3.3407301218661587],[101.22520987805666,3.340960091096065],[101.22382018617168,3.3411801765698215],[101.22302966815232,3.341059802353186],[101.22245025454845,3.340890021440032],[101.221889705759,3.3404902700885373],[101.22160044849335,3.3404696119627033],[101.22126986772537,3.340699578775741],[101.2209401872384,3.3409798525662495],[101.22064014956084,3.340870259969847],[101.22040029778321,3.3406699359662753],[101.2202403982094,3.3402899460849653],[101.22011014144499,3.340019553633738],[101.21992958132842,3.339870434471777],[101.21984963154148,3.3400096722944568],[101.21990981744142,3.340229760185082],[101.2199196987807,3.3409304458697875],[101.21966008674133,3.34120982300459],[101.21930974450322,3.341410147008162],[101.2193699304031,3.3410202782044394],[101.21921003082929,3.3407696460149054],[101.21907977527331,3.340420202849373],[101.21914984251248,3.339970146937276],[101.21905013246385,3.3399000796981113],[101.2189396395865,3.34013992785043],[101.2186899052611,3.340759767092493],[101.21830003645738,3.3410795662401824],[101.2177403867405,3.3412700089044733],[101.21755982541549,3.3410301595437204],[101.2172696702857,3.341069683692467],[101.21704958239508,3.341229585683152],[101.21673966458667,3.341310433334229],[101.21643962690916,3.341429910895158],[101.2159698083185,3.3413796039176873],[101.21560958232419,3.3414900967950985],[101.21504005247647,3.341429910895158],[101.21335031928868,3.3414999781343795],[101.21261999079451,3.3418997294858173],[101.21177018473941,3.3421099324118586],[101.21085031023665,3.3422599530632624],[101.2090698480585,3.3421701219370448],[101.20812032832947,3.3421701219370448],[101.20776998729974,3.342020101285641],[101.2078104117295,3.3423201389632027],[101.20768015617352,3.342230307836985],[101.20733969285783,3.342049746511975],[101.20692018124464,3.342029982624922],[101.20658960047666,3.342029982624922],[101.20626980132897,3.3426201766407075],[101.20602006821201,3.3430801138920856],[101.20551970653094,3.343460101356527],[101.20493041279616,3.3438598514995874],[101.2041901993374,3.344089821937871],[101.20329997126942,3.3443700957284364],[101.2016803089461,3.3447303193058247],[101.20046039676583,3.345120188109604],[101.20014957988485,3.345420225787109],[101.19938960495597,3.345880163038487],[101.19850027112682,3.346090369589774],[101.1976396858683,3.3460795891779185],[101.1969398968393,3.3464398127553636],[101.19652038522605,3.3470497706581455],[101.19572986720675,3.347470180135474],[101.1945198375742,3.3474099942355906],[101.19291993913788,3.3478798128262497],[101.19185004519215,3.3481699691644735],[101.19170002454075,3.348489767103729],[101.19142963208952,3.348240036403695],[101.19071008279883,3.3487799234419526],[101.18988991955314,3.349329694236417],[101.18914970851125,3.3501696189522363],[101.18862958535999,3.350590028429565],[101.18789027218224,3.351429955562253],[101.18714017738421,3.352819647447234],[101.18692997083292,3.353959609840558],[101.18647003358154,3.355079808346943],[101.18619964233875,3.355629576724482],[101.18594991043028,3.3567596589870163],[101.18556992417422,3.358170013831568],[101.1850695612847,3.3591599579903573],[101.184780304019,3.360609836983656],[101.18444972325102,3.3615297126948462],[101.18421975522955,3.3626400298618933],[101.18418022866399,3.3637701097075023],[101.18387031085558,3.364469898736502],[101.18343013507439,3.3654499603475756],[101.18282018079685,3.3663599535110507],[101.18239976890266,3.367260065335188],[101.18224975066812,3.367850256934105],[101.18209973122515,3.3697097710350477],[101.18195959553833,3.3704697459639306],[101.18183023663806,3.371769606722694],[101.18164967652149,3.373300335783938],[101.181230161283,3.374540010642761],[101.18066961370198,3.376660034647216],[101.18002013165045,3.378400072395607],[101.17963026284673,3.379999970831875],[101.1793796342825,3.380779709647811],[101.179059832718,3.382870088425932],[101.1791002571477,3.3834998065904642],[101.1791002571477,3.3844798694099723],[101.1786798452535,3.385220080451859],[101.1781103129889,3.3856602562330522],[101.17803036320203,3.3860797678462404],[101.17807976989849,3.3865397050976185],[101.17790998898533,3.3870301854394143],[101.17746981562095,3.387340104456257],[101.1769802331433,3.3874101729039126],[101.17644034610498,3.388119843272193],[101.17617983378466,3.388579780523571],[101.17568037238453,3.3886004410662736],[101.17469042701731,3.3889597667795783],[101.17404004831008,3.3895301969083107],[101.17381007787174,3.390159915072843],[101.17411011554924,3.3907501090885717],[101.17470030956503,3.3912298090185686],[101.17549980864266,3.39168974626989],[101.17619959767165,3.392079615073669],[101.17632985322763,3.3924802642892473],[101.1762597835716,3.392899778319304],[101.17594986576319,3.393260001896749],[101.17507041448175,3.393969669848161],[101.17455028891362,3.39447991407701],[101.17444967858398,3.394939851328388],[101.17409035166224,3.395130293992679],[101.17297015436435,3.395150056671298],[101.17277971170006,3.39500003964514],[101.17214999353553,3.3945904069544213],[101.17181042808397,3.394460150190014],[101.17140978007677,3.394530221054481],[101.17064980514789,3.3947404239805223],[101.17003985087041,3.395029682454606],[101.17002008698341,3.395249770345231],[101.16957991361903,3.3955399266834547],[101.16908044980204,3.3955003989094052],[101.16865015536013,3.3959998627263985],[101.16823962480521,3.3963196642909566],[101.16816955635761,3.396590056742184],[101.16828004923497,3.397260199336415],[101.16829981312202,3.3976204229138602],[101.16894031048992,3.3978899175009474],[101.16950984275456,3.3982501410783357],[101.17001020443564,3.398279787513104],[101.17045038142533,3.3984495684262583],[101.17122023527662,3.3990604229847463],[101.17196044873538,3.3990801868717426],[101.17257040301286,3.399199660807426],[101.17326030949414,3.399240086445559],[101.17364029695858,3.399470055675465],[101.17321988506438,3.399509581032646],[101.17234043619982,3.3993299175717766],[101.17153015429346,3.3993901058885854],[101.17156968206751,3.3995598868016828],[101.16886036070304,3.3983696186393217],[101.1683599990219,3.397809967714011],[101.1680797252314,3.397190132097194],[101.1680797252314,3.3964597999777766],[101.16775004474442,3.395450094348803],[101.16769973776695,3.395360263222585],[101.16702959517266,3.3958803863738467],[101.16644030143794,3.3964103932813146],[101.16537040749222,3.397289842145881],[101.1642798517953,3.398749606103763],[101.16365013363082,3.399709905036275],[101.16304017693648,3.4006603214210145],[101.16255957914234,3.4010798366595054],[101.16232960870406,3.401500246136834],[101.16204035385522,3.40227998495277],[101.16153010962637,3.4029097031172455],[101.16017005934242,3.4053800717766762],[101.15977031161623,3.406290063731717],[101.1589501483706,3.407969911954922],[101.15865011069309,3.408850261100497],[101.15828000456793,3.409310198351875],[101.15773023619033,3.41005041181063],[101.15683012315776,3.4118703993459576],[101.15652020655779,3.4125297627367672],[101.15661991781485,3.413170260104721],[101.15615998056347,3.4133400410178183],[101.155550026286,3.4138700491336635],[101.15487988248333,3.4152103355306167],[101.15426992578892,3.4166000274155977],[101.15373003875067,3.417739989808979],[101.15336981517322,3.4187595767772336],[101.15290987550497,3.4194198380321836],[101.1521597831238,3.420060339025383],[101.15174027151062,3.420569681764789],[101.15168008198543,3.420970330980424],[101.15146987664252,3.4213700811234844],[101.15120038205549,3.4219297320487954],[101.15092998960426,3.4223501439429924],[101.15053023825277,3.4228397240037793],[101.15018977856238,3.4233203254231626],[101.1497801458716,3.424220434830488],[101.14926990526806,3.425249904346458],[101.14891956061308,3.426009879275341],[101.14857999757834,3.426929752569663],[101.1482503146745,3.4273097400341044],[101.14795027941386,3.4277103892497394],[101.14776971688042,3.428320345944087],[101.14751010363261,3.429119847438585],[101.1469495560516,3.4297298029244985],[101.14644020968689,3.4302499284926284],[101.14616981723572,3.431029663683262],[101.14592008653563,3.4319504384670267],[101.14544038660569,3.432379831419496],[101.14479000669002,3.432590037970783],[101.14393031929558,3.433129925009098],[101.14335000661913,3.433659931916509],[101.14274004992478,3.434579806419265],[101.14208967121755,3.435010099652743],[101.14079968817276,3.4362901977329443],[101.13979986509156,3.4372999057787297],[101.13946030205688,3.4377598430301077],[101.13900036238863,3.4385000540719943],[101.13833021979434,3.4393399775793796],[101.13827991523374,3.439690322234412],[101.1380301845337,3.440140376938075],[101.13746963453582,3.4406596034336303],[101.13691986615822,3.441230034770797],[101.13640962192937,3.4415201911090207],[101.13617965511634,3.441880414686466],[101.13615989122934,3.4424697084212426],[101.13562000419103,3.443120089545289],[101.13511964250989,3.443749807709821],[101.13511964250989,3.444149559061316],[101.13476031679664,3.444550208276894],[101.13456987413235,3.444930194532901],[101.13470012847984,3.4450999766544896],[101.13479984094539,3.4455302674710993],[101.13438032933215,3.4463701946037872],[101.13442973602866,3.446769942329979],[101.13468036700971,3.447060098668203],[101.1352301353873,3.447609869462667],[101.13541968018745,3.448050042826992],[101.1357996676519,3.4480599253747073],[101.13597034642919,3.4481704182521185],[101.13547986608734,3.4484596755177677],[101.13545022327787,3.4488800862035305],[101.13562000419103,3.4496598238110323],[101.13566042982922,3.4504296800791963],[101.13591016052925,3.450869853443578],[101.13666025291042,3.4513495545819524],[101.13730973496195,3.4519397473893036],[101.13769960376572,3.452370041831216],[101.13751994151329,3.4521903783703465],[101.13651023588432,3.451750202589153],[101.13540979884817,3.4509803463209323],[101.13522025404802,3.4505204090695543],[101.13518971095755,3.4498296047241865],[101.13504957527073,3.449160359994039],[101.13506035447415,3.4484497941784866],[101.13493997904908,3.447940447813778],[101.13442973602866,3.447570342897052],[101.13364999721273,3.4474400861326444],[101.13295021180903,3.4472397621290725],[101.13208962655045,3.447110405645674],[101.13183989222512,3.447260422671775],[101.13145990476067,3.4479099047233035],[101.13081042391758,3.448289892187745],[101.12970998929825,3.4484201489521524],[101.12882963894424,3.44855040571656],[101.12818015810115,3.448969917329748],[101.12698000739107,3.449710130788503],[101.12661978381362,3.449710130788503],[101.1259298761239,3.449969742827818],[101.12485010325577,3.450620122743487],[101.12440992747457,3.4513998615594232],[101.12364007362322,3.452050240266658],[101.12304988081587,3.452769790765842],[101.12245968680014,3.4540301261674244],[101.1217500164318,3.455199733787083],[101.12051034157298,3.45697031220908],[101.11958956920608,3.4583600077193637],[101.1192203621535,3.4594703236779196],[101.11919970040236,3.4602599438331367],[101.11899039171516,3.461249885575114],[101.11917993651531,3.461670297469311],[101.11882959548564,3.4621302347206893],[101.11796002554348,3.4623799678375917],[101.11742013850517,3.462639581085341],[101.11689013159776,3.4632701971140136],[101.11559026963056,3.465100065988622],[101.11533963864952,3.465560002031566],[101.11469015659799,3.466530183511793],[101.11456978479816,3.4669703592929864],[101.11334987020103,3.4683798150650205],[101.113119903388,3.4689197021032783],[101.11295012247484,3.46921973978084],[101.11323039626535,3.469509896119064],[101.11407032098117,3.469930308013261],[101.11508002540171,3.470530380951459],[101.11506026514002,3.470819638217108],[101.11488958394585,3.470739689638606],[101.11316032781775,3.4698503558094558],[101.11260965915915,3.469659913145165],[101.11220003009367,3.4704998378609844],[101.11198982354239,3.4710900306683357],[101.1113798656396,3.471740413000873],[101.11083009726201,3.4726396257524357],[101.11051029690589,3.4732900056681046],[101.11002969790337,3.4738397740457003],[101.10953023650325,3.474679699969954],[101.1090397561614,3.47559957447271],[101.10823037211918,3.476569754744446],[101.10790967389892,3.4771797102304163],[101.10788991242879,3.47763964627336],[101.10849986670627,3.478009754815332],[101.10855017368374,3.4784301642926607],[101.10812976178954,3.4782702647188444],[101.10765994319888,3.4778300913545195],[101.10727995573444,3.4778696167116436],[101.10662957581877,3.4784202829533797],[101.10604027966713,3.47934015866457],[101.10555968187305,3.4804199327411425],[101.10474041890836,3.481590437016507],[101.10313962019109,3.484050024055648],[101.10234011990502,3.485349888439714],[101.10221974568833,3.4855097880135304],[101.10978984975105,3.490059753830792],[101.11192963522564,3.4918698588184043],[101.11653978935965,3.4945603129515916],[101.15902021560981,3.52315009210821],[101.17810043164963,3.5356896736013823],[101.35068025921532,3.5992499680959895],[101.41034006752733,3.547080311642844],[101.47151982448878,3.483379881461417],[101.46194018929901,3.4500703543659483],[101.46179017227291,3.4354996821304553],[101.4616599155085,3.4227103675203807],[101.46142006614775,3.399359562798111],[101.46064032854025,3.4000997738399974],[101.45970967483407,3.401599959810767],[101.45914014256948,3.40223955931458],[101.45842957433706,3.4023096301790474],[101.45786992462018,3.4017302165751744],[101.45723032390794,3.4010196483427535],[101.45616042996221,3.400230030604405],[101.4550303501166,3.399939874266124],[101.45410957654127,3.399939874266124],[101.45290044356443,3.400440237155692],[101.45203985830591,3.400719610665192],[101.44892001001182,3.3992104400108474],[101.44793006585297,3.3985699426428937],[101.44764979206246,3.397350031671067],[101.4454498170627,3.397350031671067],[101.4454498170627,3.370720374528105],[101.44566990495332,3.3634296500171104],[101.4450303054495,3.362429823310549],[101.44526027226254,3.355790376579364],[101.44802977952696,3.3557301906794237],[101.44757972361487,3.341090345443604],[101.4473201115755,3.3324503510605155],[101.43173973129421,3.304819971763777],[101.432729675453,3.3040402341562753],[101.43359026192002,3.30368001057883],[101.43415979297617,3.3036898895012428],[101.43500959903128,3.30439955986958],[101.43564021505995,3.3047597834469684],[101.43627981577214,3.3044804075206002],[101.43664004176645,3.303409615710734],[101.43727964127027,3.302339724181877],[101.43855974176728,3.301980398468629],[101.43920023913523,3.3016300538135965],[101.43921012168295,3.300840436075248],[101.43998985929045,3.2996995734009147],[101.44296956948085,3.2997804234688033],[101.44383015473943,3.2992198734709177],[101.46380958594767,3.2997103538127703],[101.46359039471281,3.2750102780099724],[101.49385014437865,3.2750902302137206],[101.49414030071688,3.2538298042695715],[101.49418970741334,3.243839638524946],[101.49425977465256,3.243839638524946],[101.49441967422644,3.2305697285376596],[101.49442955556572,3.226919873336101],[101.49431996296931,3.2172099837988526],[101.49462988077772,3.216849757804539],[101.49472959324322,3.213460414923361],[101.49454993099079,3.2121704355039356],[101.49521019224574,3.183949863399846],[101.49392021282631,3.1842597812082545],[101.49272006211618,3.184920044880073],[101.49174000171354,3.1861201919648465],[101.49129982593234,3.186969999228438],[101.49125041923583,3.187729972948887],[101.4914300826967,3.188219555426599],[101.49146960684544,3.189060378006559],[101.49101955214178,3.1895104351270334],[101.49045001987719,3.1898203517270076],[101.48991013283893,3.1908004145465156],[101.49016974608668,3.1914696604850405],[101.48991013283893,3.192090393965998],[101.48960021382209,3.19218022630065],[101.48800031538582,3.192170346169746],[101.48716039067,3.19230958520086],[101.48649024686728,3.1925700951043723],[101.48498017955723,3.1931504065723857],[101.4843603415236,3.1927398760175265],[101.48248016808833,3.1923401282913346],[101.48123959536531,3.1920697334232386],[101.48013017606246,3.1924703814304394],[101.47893002535233,3.1930497950343124],[101.47822035860935,3.193129744821249],[101.47711003902543,3.1935798031502145],[101.47621980854058,3.1943802000919845],[101.47608955419304,3.1951302948900207],[101.47489030376391,3.1958399628414327],[101.47341976060261,3.1962397141929273],[101.47191957342335,3.196009744963021],[101.47094041088485,3.195339601160299],[101.46930996814967,3.193380375802292],[101.4685598757685,3.1925700951043723],[101.46704980845846,3.1925700951043723],[101.46306039022221,3.1924703814304394],[101.4525303386477,3.19218022630065],[101.42934033015496,3.1922502959566827],[101.40279960989943,3.1921398030793284],[101.40203963497049,3.192049971953111],[101.40158957664158,3.1915900347017327],[101.40155005249284,3.1871496614808734],[101.40155005249284,3.1867795565641472],[101.40087990989855,3.1865603653292283],[101.39915963603715,3.186549586125807],[101.37115016714012,3.1864696363388703],[101.37113040446155,3.175350291029588],[101.34448996690674,3.1754598860428587],[101.34456991911054,3.1624801299769274],[101.32976029417,3.163029898354523],[101.32652007045078,3.1592596701447633],[101.31767975206407,3.1679400901660415],[101.31741025747704,3.1683398378922334],[101.3173096459389,3.16879977756048],[101.31664040120882,3.1688402007818013],[101.31609961388949,3.1687503684471494],[101.31532975762133,3.1684296702268853],[101.31442964700562,3.16770023838842],[101.31379992642422,3.1675601027016],[101.31329956715996,3.1675601027016],[101.31266984657861,3.1676104072622024],[101.31176973596286,3.167509795724129],[101.31091004856847,3.1670103343240044],[101.31009976666212,3.1666501083297476],[101.30901999379392,3.1657796405234535],[101.30826989778745,3.164990022785105],[101.30805969486147,3.165389771719674],[101.30803993097442,3.1656296234973524],[101.30809023432664,3.1658101836138712],[101.3081396446484,3.1661299851784293],[101.30811988076135,3.166529732904621],[101.30806957378388,3.166689634895306],[101.3079500998482,3.166940263459537],[101.30791955554935,3.167100165450222],[101.30796986252682,3.167509795724129],[101.3079303359612,3.1676795766372834],[101.30783960697084,3.167829597288687],[101.3078000791968,3.167990394726644],[101.30782972442313,3.1682095847531286],[101.30811988076135,3.1687503684471494],[101.30838039066487,3.1693702076892123],[101.3084297997782,3.1695696314117754],[101.30835972891367,3.1697501951536537],[101.30833008610426,3.1699702806274104],[101.30833008610426,3.170220013744313],[101.30836961146144,3.170329606340715],[101.3084297997782,3.170389794657467],[101.30848998567808,3.1705398128920024],[101.30841003589114,3.170699714882687],[101.30831032342564,3.170800325212383],[101.30809023432664,3.170919800356444],[101.30796986252682,3.1711596521340653],[101.3079500998482,3.1714902329020447],[101.30800040320042,3.1716402499282026],[101.30802016708742,3.1718899806282366],[101.30789979287073,3.172139713745139],[101.30783960697084,3.17233015640943],[101.30781984308385,3.172540362960774],[101.30789979287073,3.1727496692310524],[101.3080300484267,3.1729203504252155],[101.30818994800057,3.173059588247895],[101.30843968232591,3.173140435898972],[101.30880978724264,3.1731700811252495],[101.30908017969386,3.1731799624645873],[101.30909006103315,3.1733802876765935],[101.30911970384261,3.1736596636029617],[101.30915024693303,3.174130380057761],[101.30901999379392,3.1744097559841293],[101.3087298374557,3.174729555131819],[101.30812976210063,3.1752101529258994],[101.3080300484267,3.1754203594772434],[101.30800040320042,3.1757500423810825],[101.30788991032301,3.175939587181233],[101.3078602675136,3.176299810758678],[101.30781984308385,3.176599848436183],[101.30773989329691,3.176960072013628],[101.30774977463619,3.177410126717291],[101.30777043638739,3.1778700663854806],[101.30788991032301,3.178139560972568],[101.30798962399695,3.178509667097728],[101.30802016708742,3.1790396715882707],[101.30811988076135,3.179269642026611],[101.30824025497805,3.1794304382561904],[101.30839027200415,3.1803601940982276],[101.30838039066487,3.1808704383270765],[101.30832020476493,3.181580108695357],[101.30825013752576,3.1819600961597985],[101.30833008610426,3.182390386976408],[101.30827978033523,3.182739831350432],[101.30815042385183,3.1831198188148733],[101.30817018773882,3.183480044809187],[101.30826001886504,3.1838501509343473],[101.30820971188757,3.184390036764171],[101.30812976210063,3.184910162332301],[101.30811988076135,3.185290149796799],[101.30817018773882,3.185590187474304],[101.30831032342564,3.1860195816352075],[101.30812976210063,3.1880704362645815],[101.30815042385183,3.1887801042160504],[101.30812976210063,3.1890298349160844],[101.30791955554935,3.1893002297841804],[101.3078000791968,3.189489774584331],[101.30778031772667,3.189859879501057],[101.30772012940992,3.190109610201091],[101.30753956929334,3.1905399046430034],[101.30744973695869,3.1909396523691953],[101.30750004393616,3.1912100472372913],[101.3076302982837,3.191440015258763],[101.30785038617427,3.1916699844886693],[101.30820971188757,3.1922296354139803],[101.30836961146144,3.1925395520138977],[101.3084998682258,3.192729997095057],[101.30796986252682,3.193400139689345],[101.30774977463619,3.193649870389379],[101.30762041573598,3.193959790614656],[101.3074398556194,3.194620051869606],[101.30726019215854,3.1956396388378607],[101.30712005647172,3.1961301191796565],[101.30705986815491,3.1963897312190284],[101.30704998681563,3.1968595510181217],[101.30704010426791,3.1973096057217845],[101.30687032335476,3.1978198499506334],[101.3067598304774,3.198359735780457],[101.30666999935119,3.1989104044390615],[101.30664035654172,3.199359562487018],[101.30641038610338,3.2001401979586035],[101.3063304363165,3.2005902538707005],[101.30631965711308,3.201009767900757],[101.30623970732614,3.2016296047259516],[101.30611034842588,3.2021299664070852],[101.30608968788317,3.2024003588583128],[101.30609956922245,3.202870177448972],[101.30600973809624,3.2041799207554504],[101.30599985554852,3.204680282436584],[101.30603039863894,3.205450138704748],[101.30600973809624,3.2060403327205336],[101.3059100244223,3.207560281369922],[101.3059297883093,3.208429851312019],[101.3059100244223,3.2089302129931525],[101.30594955219635,3.2107600794508926],[101.30590014308302,3.211699719049136],[101.30590014308302,3.2121003658478458],[101.30593966964858,3.21265013664231],[101.30597021273906,3.2134397543806585],[101.30600973809624,3.214189846761826],[101.30601961943552,3.214809686003889],[101.3060798053354,3.215269623255267],[101.30619029821281,3.217120152672635],[101.30623970732614,3.217430069272609],[101.30626036907728,3.217839701963328],[101.30626036907728,3.2186302199826855],[101.30619029821281,3.2207502451955747],[101.3061597575392,3.2213296563825793],[101.30612023097359,3.221839899402994],[101.3061597575392,3.222410329531783],[101.30623970732614,3.222589992992596],[101.3063304363165,3.2227301310962844],[101.30636008275121,3.223160421912951],[101.3061597575392,3.224930104887676],[101.30606992641299,3.225169954248429],[101.30605016252599,3.2254098060260503],[101.30605016252599,3.2255697055998667],[101.30588038161284,3.2257502657164423],[101.30588038161284,3.2257601470557233],[101.30570970041867,3.2259901174940637],[101.30560010782233,3.226309915433319],[101.30538990127104,3.2265497672109404],[101.30503955661601,3.2266800215584794],[101.30487965825063,3.226859685019349],[101.30484013289345,3.2269998231230375],[101.30498026858027,3.227379810587479],[101.30487965825063,3.227740034164924],[101.30470987612904,3.228059834521048],[101.30455985668607,3.2284398219854893],[101.30430024343826,3.228759621133179],[101.30424005753838,3.229039897340556],[101.30411968332169,3.2292698653620278],[101.30391037463454,3.22951959847893],[101.30371005063097,3.2297298014049716],[101.3035501510571,3.2300496029694727],[101.3034297768404,3.2306397969852583],[101.30318004493193,3.2312497512627374],[101.30296983958908,3.231750112943871],[101.3029303142319,3.231970200834496],[101.30273986915074,3.232270238512001],[101.30239042477672,3.2326699898634956],[101.30212991487326,3.232999670350466],[101.30189006309564,3.2333796578149077],[101.30173016352177,3.2336698129446972],[101.30135017726576,3.234320192860366],[101.30126034493111,3.23466963723439],[101.3010501395882,3.2352499487024033],[101.30092976416313,3.2356496988454637],[101.30081029022745,3.23618958830059],[101.30078962847631,3.2364599807518175],[101.30076986458926,3.2371400058938207],[101.30073034044051,3.237720317361834],[101.30071956123709,3.2383796807526437],[101.30068991601081,3.2385898848871193],[101.30059020233688,3.2388602797552153],[101.30053001643694,3.2390597034777784],[101.30050037121066,3.2392402660112225],[101.30047970945947,3.2395097605983096],[101.30040964101187,3.2397496099590626],[101.30040964101187,3.2400397662972864],[101.30027040318919,3.240530245430705],[101.30025962156884,3.2414402410109915],[101.30022997875943,3.24168008916331],[101.30023986009871,3.2418498712848987],[101.30014014642478,3.2421103836052225],[101.30012038374616,3.2426098450053473],[101.30015991031178,3.242970072208095],[101.30018955312124,3.2431596145913772],[101.3002003335331,3.243320413237768],[101.30025962156884,3.2434803128116414],[101.3002802821116,3.2436896214987883],[101.30029016465932,3.243860300276083],[101.30029016465932,3.244030081189237],[101.30031980988565,3.244390307183494],[101.30037011444625,3.244599613453829],[101.30037999578553,3.2447101063311834],[101.300430302763,3.244949958108805],[101.3005596592464,3.2454404384506574],[101.30061984756315,3.245990206828253],[101.30067015212376,3.246220173641291],[101.30068991601081,3.246430380192578],[101.30075998324997,3.246660349422484],[101.30080040767973,3.2467798245666017],[101.30083993303691,3.246910080122518],[101.30083993303691,3.247009793796508],[101.30098995368832,3.2472999501347317],[101.30124956572769,3.2475200380253],[101.30153972206591,3.247880261602745],[101.30153972206591,3.2481003494933702],[101.30082017156673,3.251450167017367],[101.30089024001438,3.251699897717401],[101.30089024001438,3.2517097802651165],[101.30088035746667,3.2520798851818427],[101.30085969692391,3.252200260606969],[101.30129987270516,3.2536195977182274],[101.30133041337871,3.2536195977182274],[101.3015999079658,3.254149603417261],[101.30199965810885,3.254519708333987],[101.30215955768267,3.255020070015121],[101.30240030732443,3.2556399092571837],[101.30279017612821,3.256000132834629],[101.30356991494409,3.2563001705121337],[101.3043496525516,3.2563998841860666],[101.30469999478976,3.2568400575504484],[101.30441972099925,3.25669991944676],[101.3042499400861,3.25669991944676],[101.30395978374787,3.2566298509991043],[101.30316028225337,3.257130212680238],[101.30189006309564,3.2570601454410166],[101.30129987270516,3.256249863534663],[101.3003000459986,3.255680331270071],[101.2999002958556,3.254640083759057],[101.29963978474365,3.255240157905689],[101.29886992847548,3.2557099777047824],[101.29783956230375,3.255269801923589],[101.29683973559725,3.25593994451782],[101.29576984406839,3.2570700267802977],[101.29467030489633,3.259509849932442],[101.2923598370192,3.2639798671712015],[101.29175976528944,3.2651198283560916],[101.29228976977998,3.2657899721588137],[101.29198973210248,3.2658896846243124],[101.29108962148678,3.26642957166257],[101.29066022490895,3.2676297223727033],[101.28961997618956,3.269299689256627],[101.28868033900824,3.271399949374029],[101.28795001051407,3.271869767964688],[101.28781975374966,3.272900137761667],[101.28741012105894,3.2736996368393534],[101.28665014613,3.274940209562317],[101.28528021692364,3.275840322594888],[101.28504036514602,3.2763397852034473],[101.28484004114239,3.276939860558514],[101.28343956884555,3.2784104025114402],[101.2815701758222,3.280710089976708],[101.27896955281523,3.284710287416374],[101.27847008778986,3.285310360354572],[101.27819969654706,3.2856499258061262],[101.27824999989923,3.2862598800836054],[101.27749002617878,3.286620106077919],[101.27718010837037,3.2873198914816157],[101.27648032054981,3.28831971818812],[101.27648032054981,3.288929672465599],[101.2755802099341,3.289630359358739],[101.27514991549214,3.2903903330792446],[101.27421027831082,3.290720017191518],[101.27368027019497,3.291859978376408],[101.27261037987455,3.2927600889921678],[101.27194023607183,3.293660202024739],[101.27180997930748,3.2947597387799306],[101.27124044704289,3.2947597387799306],[101.27071044255229,3.2952996258181884],[101.27004029995805,3.2954604256730704],[101.27021008087115,3.295899701173255],[101.27067001812253,3.2964000628543886],[101.27044004768419,3.2966695574414757],[101.26983997595443,3.2967998142058264],[101.2696701938329,3.2975301426999977],[101.26950041050287,3.298029606516991],[101.26944022460299,3.298469779881316],[101.26886979447426,3.298529969406502],[101.2687000135611,3.2987698175588775],[101.26809993820603,3.299030328670767],[101.26833978756679,3.2992297548102556],[101.26849968955753,3.2995702181259503],[101.26849968955753,3.300139749182108],[101.26809993820603,3.3002403607201813],[101.26819965187997,3.3004999739679874],[101.26855987545741,3.301039859797811],[101.2680002245321,3.3010704028882856],[101.26712975793424,3.3007703652107807],[101.26659975223527,3.300899724110991],[101.26642996890524,3.301129692132463],[101.26597003165386,3.3011701165622185],[101.2659996768802,3.301499797049189],[101.26597003165386,3.301770191917285],[101.26573018229311,3.302169939643477],[101.26582989596704,3.3023999100818173],[101.26626018799215,3.302840083446142],[101.26622964490167,3.30351022604043],[101.26596015031458,3.303670128031115],[101.26552985828954,3.3035003471179607],[101.26499985138213,3.3035003471179607],[101.26506003969888,3.3036997708405806],[101.2654301446156,3.3043097287433625],[101.26508968250829,3.304270200969313],[101.26436025066988,3.3039998085180855],[101.26395960266268,3.3040402341562753],[101.26385988898875,3.304069876965741],[101.26400002709244,3.304369914643246],[101.26453003279141,3.3048702763243796],[101.26482018792126,3.3054101633626374],[101.26471957759162,3.3058099135056978],[101.26448960957015,3.306180019630858],[101.26422011498306,3.306010238717704],[101.26365956498518,3.305609589502126],[101.26318974639452,3.305700318492484],[101.26318974639452,3.3059401702701052],[101.26325981605055,3.306439635295476],[101.2626300954692,3.306439635295476],[101.26272980914314,3.3066103140727705],[101.26325981605055,3.307140318563313],[101.26348978407202,3.30747988280649],[101.26311967794686,3.307980245696001],[101.2625196025918,3.308440181738945],[101.2618198171881,3.3087797447736875],[101.26142006583666,3.3086701497604167],[101.26075980458165,3.3086099638605333],[101.26068973734249,3.308939644347504],[101.26031962880046,3.3092396820250087],[101.25998994831349,3.309139968351076],[101.2598498102098,3.3092495633643466],[101.25982016740033,3.309679857806259],[101.25958031562271,3.310289812083738],[101.2589496995941,3.3103796432099557],[101.25857959467737,3.310950073338688],[101.25804958656147,3.310850359664755],[101.25745041148741,3.310909651325801],[101.2570201170455,3.3113803677806004],[101.25612000763823,3.311480080246156],[101.25445991967672,3.3125104476262663],[101.25316005891796,3.3132102354468316],[101.25195990820788,3.3135102731243364],[101.25132030749563,3.3139100220589626],[101.25038965499789,3.3144400289663736],[101.24932964239144,3.3146996422141797],[101.24883017857445,3.3151595794655577]],[[101.21886956872197,3.1875700733750705],[101.21890999315173,3.187729972948887],[101.21898006159938,3.187879991183422],[101.21905013246385,3.187930298160893],[101.21931962705094,3.1878701110525753],[101.21948042328046,3.1876697870490034],[101.21952982997692,3.1874496991583783],[101.21945976273776,3.187279918245224],[101.21929986316388,3.187160440684295],[101.21916960639953,3.186960116680723],[101.2190698927256,3.186720267319913],[101.21898994293866,3.186500179429345],[101.21898994293866,3.1863097379734313],[101.21911031836373,3.186040243386401],[101.21916960639953,3.1857599683874582],[101.21912019970307,3.1856198302837697],[101.21899982548638,3.185539880496833],[101.21885968738269,3.185510235270499],[101.21870966914815,3.185510235270499],[101.21858031266476,3.185629712831485],[101.21848958125753,3.185779729857586],[101.21845005710878,3.185999817748211],[101.21845993844806,3.1862396695258326],[101.21848958125753,3.186519943316341],[101.21855965212205,3.186749910129379],[101.21870966914815,3.1871200162545392],[101.21886956872197,3.1875700733750705]],[[101.28393993052669,3.2189904435601306],[101.28400999897434,3.219010207447127],[101.28406030595181,3.219010207447127],[101.2842202043172,3.2188700693434953],[101.28426961101366,3.2187299336566184],[101.28428039021708,3.21858979555293],[101.28421032297791,3.2184200134313983],[101.28399023508729,3.2181702827313075],[101.28390040396107,3.2179600773884545],[101.28381955631,3.217720225610833],[101.28372972518383,3.217529782946542],[101.28363989284918,3.217469597046602],[101.28281972960349,3.2174597144988866],[101.28272989847727,3.2175100214763575],[101.2827002556678,3.217589971263294],[101.28265983002967,3.217699566276508],[101.28269037312009,3.2177902964753002],[101.28277032290703,3.217890008940799],[101.28305958138111,3.2181100944145555],[101.28345034804903,3.2184802029565844],[101.2836497753969,3.218609559439983],[101.283799792423,3.2188404265340296],[101.28393993052669,3.2189904435601306]],[[101.21903036857685,3.185120368883645],[101.21913996359007,3.1852102000098625],[101.21928998061617,3.1852299614799904],[101.21951006850679,3.1851302478060575],[101.21963044393186,3.1849999946669527],[101.2198101061843,3.1847295997989136],[101.22025027954868,3.1843199695250064],[101.22037963603208,3.1841097629736623],[101.22039041765237,3.1838995576308093],[101.22037963603208,3.1837100116222246],[101.22030956879286,3.18357975848312],[101.2200697194321,3.183519570166368],[101.21989993851895,3.1835303493697893],[101.21983974899376,3.183610299156726],[101.21975980041526,3.1837504372604144],[101.21966008674133,3.183840268386632],[101.21931962705094,3.184249901077351],[101.21920014948995,3.184450226289414],[101.2190896566126,3.184719720876444],[101.21901958937337,3.1849299238024855],[101.21903036857685,3.185120368883645]],[[101.27769035018235,3.2247998481232685],[101.27776042104682,3.2247603239745217],[101.2778798949825,3.22446028629696],[101.27794008329926,3.2243497934196057],[101.2780200330862,3.2242401984063918],[101.27810986421241,3.224160248619455],[101.27824012097682,3.2240704174932375],[101.2783003068767,3.224010231593354],[101.2783200707637,3.223899738715943],[101.27831018942442,3.223720072838262],[101.27826976378623,3.2235404093773923],[101.27816016877301,3.2234002736905722],[101.2780200330862,3.2233203239036357],[101.27779994519557,3.2233104425643546],[101.27756997838253,3.2233104425643546],[101.27741995773113,3.223390392351291],[101.27726994070503,3.223630241712044],[101.27721963372755,3.223790143702729],[101.27724029427026,3.2239203968418337],[101.27733012660491,3.2241297055289806],[101.27743972161818,3.2242797261804412],[101.27752955274434,3.2243803365100803],[101.27756997838253,3.2246695925672952],[101.27761040039542,3.2247800854446496],[101.27769035018235,3.2247998481232685]],[[101.27504032047892,3.2042904136328616],[101.27507984825297,3.204419772533072],[101.27513015160514,3.204530264202049],[101.27524962916613,3.2047198102106336],[101.27536012204348,3.204779996110517],[101.2754697170567,3.204799758789079],[101.27559997140423,3.204739570472327],[101.27568980253045,3.204589553446226],[101.2757302269602,3.2044601969628275],[101.27567992119117,3.2041996834340694],[101.2756502783817,3.203860121607761],[101.27567992119117,3.2037900543685964],[101.27567004106032,3.2036400337171926],[101.27559008885652,3.2034998980303158],[101.27545983571741,3.203410066904155],[101.27529005359582,3.2034199458265675],[101.27519034113033,3.2034900166910347],[101.27514003415286,3.203659797604189],[101.27514003415286,3.203899646964942],[101.27509960851467,3.2040397850686304],[101.27504032047892,3.204129616194848],[101.27504032047892,3.2042904136328616]],[[101.2780002691992,3.2102103110733538],[101.27808021898608,3.210179767982879],[101.2781296280994,3.210130361286417],[101.27820957788634,3.210029749748344],[101.27825988244695,3.209879732722186],[101.27825988244695,3.209550049818347],[101.27816016877301,3.209470100031467],[101.27802991442547,3.2094395569409926],[101.27788977632179,3.2094395569409926],[101.2778295904219,3.2094997452577445],[101.27778018130857,3.209579695044681],[101.27778018130857,3.209709948183786],[101.27779994519557,3.2097899015959683],[101.27787001243479,3.2100504114994806],[101.27793020195998,3.210179767982879],[101.2780002691992,3.2102103110733538]],[[101.27734989049196,3.2261302531808838],[101.27744960295746,3.226099710090466],[101.27755021449553,3.226050303394004],[101.27766968843122,3.225890403820131],[101.2777298779564,3.2257502657164423],[101.27773975929568,3.2256002486903412],[101.27767957097893,3.2254699919259338],[101.27755021449553,3.225540059165155],[101.2773202440572,3.2257601470557233],[101.27724029427026,3.225910167707184],[101.27726005815731,3.226050303394004],[101.27734989049196,3.2261302531808838]],[[101.63574981159269,2.8672102089288387],[101.64249975120129,2.854010363763905],[101.64489016765697,2.8509003980175294],[101.6467397980017,2.8467501799264596],[101.64787975918665,2.844780175365031],[101.65004020882924,2.8407997418123614],[101.66720970834342,2.823199947856324],[101.66876020129166,2.8238197870983868],[101.67155036547348,2.823829669646102],[101.67413032672926,2.823209830404039],[101.67640036896825,2.821350318719965],[101.6789902127718,2.8185502695735636],[101.68044009418196,2.817519902193453],[101.68311976911167,2.8158598154403762],[101.68456965052184,2.814620139373119],[101.67348982936136,2.801929640572837],[101.64740994059599,2.772049880788302],[101.63300006821532,2.755200182838678],[101.63264972356035,2.72808004535392],[101.59705039154733,2.7285103397958324],[101.59730012224736,2.710439830593373],[101.59775018057633,2.678140009126878],[101.59796038350231,2.6694497065578275],[101.59864040864431,2.651280383962444],[101.59896021020887,2.650470105681393],[101.59937972182206,2.6490498670806346],[101.5993303151256,2.648260249342286],[101.59859998663143,2.6480500427909988],[101.59813016804077,2.647529917222869],[101.59798014738936,2.6466899937154835],[101.59823975942868,2.6460602755509512],[101.59851015429678,2.645479964082938],[101.59835025230609,2.6451098579577774],[101.59761992381192,2.6447900563932194],[101.5966802866306,2.6445798510503096],[101.59155988826774,2.642560439792419],[101.59100023734243,2.6429000016186706],[101.59040016440423,2.6435503815343395],[101.5897803263706,2.644189981038153],[101.5893302704585,2.644250170563339],[101.58899968969052,2.6446499207063994],[101.58897992580347,2.6447900563932194],[101.58922966012886,2.6449903816052256],[101.58925032067157,2.645179926405376],[101.58914971034193,2.6453003006220683],[101.58895028299406,2.6453595886578114],[101.58823971476164,2.645429657105467],[101.58788038904834,2.64568028808651],[101.58766030115771,2.64615998801645],[101.58717970336363,2.6466801111677114],[101.58607028406072,2.647529917222869],[101.58526988470209,2.647940447777728],[101.58480006611143,2.6479503303255],[101.58466981176389,2.6480500427909988],[101.58475964409854,2.648400385029106],[101.58444972387326,2.6481704182160684],[101.58392959830513,2.6482198249125304],[101.58349032280495,2.648529743929373],[101.58265039808913,2.6494100930749482],[101.58193982985665,2.6499302162262097],[101.5813002303529,2.6500703543298982],[101.58056990185872,2.6498897942133226],[101.58039023839785,2.649969742791825],[101.58017015050723,2.650059575126477],[101.57977039915579,2.6498700303263263],[101.5791703262176,2.6497703166523934],[101.57822978875527,2.6500703543298982],[101.57715989480954,2.650380273346741],[101.57633973398072,2.6506003588204976],[101.57554023490309,2.651140248275624],[101.5747200716574,2.6515202357400653],[101.57409035349292,2.651549878549531],[101.57282013554357,2.651859797566374],[101.57191014238015,2.652179599130875],[101.57017998717947,2.6528704034762995],[101.56782011381426,2.6541001969958984],[101.5673502952236,2.6544604205732867],[101.5669703053423,2.6550101889508824],[101.56668014900407,2.655179971072471],[101.56580968240621,2.655439583111786],[101.5652697953679,2.6554898900892567],[101.56444963453913,2.655540194649916],[101.56384955918406,2.655750399992769],[101.562570358968,2.6563801205741697],[101.56214006573452,2.656419645931294],[101.56168012848315,2.656339696144414],[101.56139985469264,2.656119608253789],[101.56108005312808,2.6561303874572104],[101.56068030177664,2.6563298148050762],[101.56025989229931,2.656339696144414],[101.55966969949196,2.6565202562609898],[101.55923042399178,2.6564699529087648],[101.55887019678903,2.656339696144414],[101.5576700497042,2.6566002060478695],[101.55745984315291,2.6566999197218024],[101.55737989336598,2.657050264376835],[101.55731970746609,2.65754972577696],[101.557050212879,2.6577302895187813],[101.55646990141094,2.657670099993595],[101.55630011808097,2.65754972577696],[101.55629023795012,2.657190400063655],[101.55606026872022,2.65689036238615],[101.5554997211392,2.6566603955731125],[101.55527963204014,2.656680155834806],[101.55471010098398,2.6569101262731465],[101.55376956473009,2.657399708750802],[101.55268978944503,2.657759932328247],[101.55024008374522,2.6588603693644473],[101.54927978481271,2.6592502381681697],[101.54802034606683,2.65962034429333],[101.5474696798251,2.6599302608933044],[101.54647973566631,2.660129687032736],[101.54623000496628,2.66027970768414],[101.54615005517934,2.660489910610181],[101.54570987939815,2.660320129697027],[101.54465974933942,2.6607701880259924],[101.54239958843971,2.662089812671752],[101.54160996828455,2.662489560397944],[101.54100989655478,2.6626701241398223],[101.5398501702744,2.66321001117808],[101.53898958501583,2.663650184542462],[101.5384703597287,2.664120003133121],[101.537089648902,2.664819790953686],[101.53569995339177,2.665310271295482],[101.53453034818892,2.6658402769945155],[101.53350986093972,2.6662597910245722],[101.53130000701748,2.6670997157403917],[101.5302696372205,2.667880351211977],[101.52998038237172,2.66819027022882],[101.52993995673353,2.6685001880372283],[101.52986988949431,2.6684202382502917],[101.52963003771669,2.6684103557025765],[101.52934976392618,2.6685397146028436],[101.52905960758795,2.6689897705148837],[101.52864997489718,2.6691496725056254],[101.5281702773841,2.6692898081924454],[101.52752977639085,2.6697901698735222],[101.52738964191246,2.6702096814867105],[101.52720009590388,2.6704100054903392],[101.52659013920953,2.670450431128529],[101.52615984839292,2.6708995879679946],[101.52569990872468,2.671169980419222],[101.52529027845077,2.6710603878228767],[101.52480967944825,2.6710801492930045],[101.5241997227539,2.671530206413536],[101.52358976605956,2.6717098698744053],[101.52291962225684,2.6717197512136863],[101.5226195869962,2.6718796507875027],[101.52146974326354,2.6725803376806425],[101.52093973635613,2.672709692955607],[101.52017976142719,2.6728300683807333],[101.5196102291626,2.673120223510523],[101.51902991769458,2.6736699918881186],[101.5186104060814,2.67390984366574],[101.51778036391329,2.674200000003964],[101.51698984589393,2.674500035264657],[101.51660985842949,2.674819835620724],[101.51614992117811,2.674880025145967],[101.51487970322881,2.675100110619667],[101.51393018349972,2.675129755846001],[101.51304983435415,2.6755304038532017],[101.51104030201867,2.6755097433104424],[101.51002969973399,2.67573971012348],[101.50922031569178,2.675889730774884],[101.50834984788554,2.6760702908914595],[101.50712005436594,2.676670366246526],[101.50681013776597,2.6768796725168613],[101.50556956262614,2.6775695789980887],[101.50532971326538,2.677880395879072],[101.50522011825211,2.6782999111175627],[101.50515993235223,2.678050176792226],[101.50495960834866,2.677900159766068],[101.50462992544482,2.677890277218353],[101.50417986953272,2.6781696543531552],[101.50327975891702,2.67867989737357],[101.50222962885829,2.6789898151819784],[101.5013699414639,2.679539583559574],[101.5013699414639,2.6797102647536803],[101.50148043434126,2.6797596714501424],[101.50172028249358,2.6797695527894803],[101.50172028249358,2.6801198950275875],[101.50135017757685,2.680620256708721],[101.500839933348,2.680910413046945],[101.50029016497041,2.681039771947212],[101.50005031560966,2.6812203320637877],[101.50008984096684,2.6813999955246572],[101.50048959231833,2.6817701004413834],[101.4998598705285,2.6815401336283458],[101.49945024025459,2.6813101631900054],[101.49919960927355,2.681029889399497],[101.49901994702111,2.6810703150376867],[101.49889957159604,2.6813299270770017],[101.49878009766036,2.6813703527151915],[101.49845041475652,2.681189788973313],[101.49817014096601,2.6813002818507243],[101.496909804356,2.681949763902196],[101.49538985449817,2.6825696019358816],[101.49501974958145,2.6826495517227613],[101.49406034851313,2.6827303993738383],[101.49339020471041,2.682910062834708],[101.49302998113302,2.6831597959516102],[101.49242002685548,2.6833699988776516],[101.49187025606108,2.6834104245158414],[101.49137977571922,2.6835397834161085],[101.49120011225835,2.6838802431065005],[101.49125041923583,2.6843302978101633],[101.49097014544532,2.684110213544841],[101.49077970278103,2.684069787906651],[101.49015986353896,2.684309637267404],[101.48975023326506,2.684480318461567],[101.48984006559971,2.684829762835534],[101.4896900449483,2.6848899487354743],[101.48954990926148,2.684790237478353],[101.48939988981851,2.6847004063521354],[101.48919956460645,2.6849195939617516],[101.48885012144092,2.685149564400092],[101.48850965812522,2.6855600913297053],[101.48810002785132,2.6859903857716176],[101.48780987272153,2.6860900994455505],[101.48711008369253,2.6866596317101994],[101.48655043397565,2.686690174800617],[101.48606983497308,2.6868698370530524],[101.48456964900231,2.6876702339948224],[101.48362013048171,2.687949611129625],[101.48236967521098,2.6886502968143304],[101.48205975619413,2.6889799797181695],[101.48198968774653,2.6894803389824347],[101.48214958732035,2.689950158781528],[101.48195016118092,2.6897300733077714],[101.48175971851663,2.68941027174327],[101.48156029479401,2.6892602547171123],[101.48121983147831,2.6892800149788627],[101.4811102364651,2.6895800526563676],[101.48092967634852,2.689829785773327],[101.48102040533888,2.6900399899077456],[101.48092967634852,2.690190009350715],[101.48055957022336,2.6901001782244975],[101.48032960099346,2.6901100607722697],[101.4797304259194,2.6906598291498085],[101.4797304259194,2.6907900847057817],[101.47984989985508,2.6910299340665347],[101.47976006872887,2.691150308283227],[101.47935043845496,2.69125002195716],[101.47916987712995,2.6915302957476683],[101.47894978923932,2.691719840547819],[101.47885007677382,2.691600364195324],[101.4789803323298,2.6912302580701635],[101.47894978923932,2.691059579292869],[101.4787099374617,2.6911197651927523],[101.47793020227107,2.691920165759825],[101.47800027071872,2.692169896459916],[101.47835959643203,2.6924699341374208],[101.47822035860935,2.692699903367327],[101.47818981551887,2.6927996146243913],[101.47833983254498,2.6929496340674177],[101.47842966367119,2.6931796020888896],[101.47830030839623,2.6933404007352806],[101.47751967171621,2.693820101873655],[101.4770300892385,2.694500127015658],[101.47687018966468,2.694539651164405],[101.47666986566105,2.6944695839251835],[101.47611021594417,2.694480363128605],[101.47579041437967,2.694710332358511],[101.47523974813794,2.6948603505931032],[101.47458038474713,2.6948603505931032],[101.47410966829227,2.6950400128454817],[101.47371979828011,2.6953400505230434],[101.47344042235375,2.6957496807969505],[101.47332992947639,2.6958502947518923],[101.47309996024649,2.6960596010221707],[101.47266966822144,2.6962500436864616],[101.4723597492046,2.696419824599616],[101.47202018616991,2.69696959539408],[101.4715099431495,2.6976397391967453],[101.4710598872374,2.698040387203946],[101.47051999778222,2.6985703916944885],[101.4699801119524,2.6989099547292312],[101.46985973652727,2.6991003998103906],[101.46992980497492,2.69952979276286],[101.46983009371786,2.699720235427151],[101.46954981751048,2.6997103540878697],[101.46938991793661,2.6998298304403647],[101.46907011999735,2.700299650239458],[101.4687503184328,2.7008098908430043],[101.46844039820758,2.7010299787336294],[101.46806041195157,2.7012401852849734],[101.46780978338734,2.7017001225362947],[101.467560049062,2.7020199228924184],[101.46724025112275,2.7024196718270446],[101.46679019279378,2.7026002343604887],[101.46665005710696,2.702779897821358],[101.46659975012949,2.703229952524964],[101.46641020532934,2.7034096159858336],[101.46592960753526,2.7039198602146826],[101.46564035147804,2.7046196456183793],[101.46542026358742,2.7048002093602577],[101.46481030689307,2.7055098773116697],[101.46414016429878,2.706390226457245],[101.46405033196419,2.7067702139216863],[101.46402967142143,2.7071897255348745],[101.46376017683434,2.7075301876421918],[101.46369999093446,2.7076604444065424],[101.46372963374392,2.707740394193479],[101.4638796531869,2.707740394193479],[101.46398026472497,2.7077799183422258],[101.46399014606425,2.7080296526675625],[101.46384012662128,2.708239855593604],[101.46363980140927,2.708929762074888],[101.46329035824368,2.7095900245382722],[101.46318974670561,2.7099403679848137],[101.46324993502236,2.710110150106402],[101.46304961101879,2.7117298124297236],[101.46286006621864,2.712320005237018],[101.46257979242813,2.712719754171644],[101.46226987220285,2.7131096229753666],[101.46156020183457,2.7140995671342125],[101.46090982312734,2.715139815853604],[101.46033040831503,2.71605969035636],[101.45973033658527,2.716940039501935],[101.45930004214335,2.717690131883103],[101.45905031144326,2.7181500715513494],[101.4583002190621,2.719929633448487],[101.45800018138459,2.7208602871546645],[101.45777021094625,2.721509769206193],[101.45769026115931,2.72201013088727],[101.45745041179856,2.723000075046116],[101.45716025666877,2.7237501674272835],[101.45685033765193,2.7246700419300396],[101.4565601813137,2.725359948411267],[101.45632032953608,2.7261199233402067],[101.45589992005876,2.7271799359465945],[101.45584961308123,2.7276596358765914],[101.45590980139804,2.7277701287539458],[101.45612000553245,2.7277701287539458],[101.45696981158761,2.727830314653829],[101.45754024413321,2.72798033530529],[101.45701023601731,2.727930028327819],[101.45665001243992,2.7279497922148153],[101.45619995773626,2.7279497922148153],[101.45591968152888,2.7280504025444543],[101.45549028736798,2.728150116218387],[101.45539955837762,2.728370201692144],[101.4553303877941,2.7286100534697653],[101.45452998843547,2.7292397716342975],[101.4543503249746,2.729520045424806],[101.45397033751016,2.7302602588835043],[101.45344033301961,2.7313202690730805],[101.45275042653833,2.7320901253413012],[101.45257974534417,2.7324898754843048],[101.45243960965735,2.7329300488486865],[101.45219975787973,2.7333998710646483],[101.45193026329264,2.733890351406444],[101.45174970196763,2.7344302372363245],[101.45150985381531,2.73510038103899],[101.45137959705096,2.7356097237783956],[101.45133019035444,2.736090322780967],[101.45142002148066,2.7363598173680543],[101.45160956628081,2.736509836811024],[101.45164010695441,2.736700279475315],[101.45157003971525,2.7373497615268434],[101.45147032604126,2.737830359320924],[101.45129964726402,2.738199567581944],[101.4514002588021,2.738499605259449],[101.45154039690578,2.738810422140432],[101.45169041393189,2.7391904096048734],[101.4514999712676,2.739050271501185],[101.45134007290221,2.738879592723947],[101.45119005225075,2.7386002155891447],[101.45104991656393,2.738280415233021],[101.45104991656393,2.7380702110985453],[101.45098972824718,2.73794983688191],[101.45088013323397,2.7379201916555758],[101.45060974078274,2.7380199041210744],[101.4503797739697,2.738300177911583],[101.44999978650526,2.738709811810793],[101.44982012062752,2.7391598665144556],[101.4496799849407,2.7394599041919605],[101.44950032147983,2.7396503468562514],[101.44920028380233,2.7401300467861915],[101.44864961756059,2.7412403639532386],[101.44821033964354,2.742090170008396],[101.44809984676613,2.742170122212144],[101.44766955594952,2.742259953338362],[101.44739017881471,2.742429734251516],[101.44722039790156,2.7426803628156904],[101.44659966079536,2.7441796509223195],[101.44629962311785,2.7450600000678946],[101.44594029740455,2.7458801633135863],[101.4448003362196,2.7482301553394564],[101.4444796367909,2.748929944368456],[101.44406012517771,2.749539898645935],[101.4437502049525,2.7502495690142723],[101.44343040701324,2.7511002729335132],[101.44325972581908,2.7520497914541124],[101.44314025067501,2.7524998473662095],[101.4430800623582,2.752940023147403],[101.44294980559386,2.754220121227604],[101.44298034868427,2.754489615814691],[101.44316001214514,2.754789652283762],[101.44280966990704,2.754699821157544],[101.4426300076546,2.7547698896051998],[101.4423703944068,2.755019622722102],[101.4421799517425,2.7552998965126108],[101.44199040694235,2.755810138324591],[101.44165982617437,2.756330263892721],[101.44148016392194,2.7566698257190296],[101.44119000758371,2.757330089390848],[101.44080013877993,2.7584404065578383],[101.44049021855471,2.7588401567008987],[101.44061957745498,2.7583002672457724],[101.44073995288005,2.7579400436683272],[101.44068964590258,2.7576301246514845],[101.4406501205454,2.757110001500223],[101.44057017075846,2.756860270800132],[101.4404003874285,2.756650064248845],[101.44018030195474,2.7566096398190894],[101.43998985929045,2.756689589606026],[101.43973024483421,2.7569797447358155],[101.43929007146988,2.757419921725443],[101.4388301342185,2.7579795714423767],[101.43817975430284,2.7590997699487048],[101.43815999041584,2.759319857839273],[101.43822017631572,2.7595004179558487],[101.43843038286707,2.7597303859773206],[101.43876006577091,2.75993969345609],[101.43899991513166,2.75993969345609],[101.4391202893483,2.7597995553524015],[101.43931971669622,2.759469874865431],[101.43952004069979,2.7593297367617424],[101.43960987182601,2.7593800437392133],[101.43959999048673,2.7599495760038053],[101.43951015936051,2.7601696638944304],[101.43960987182601,2.7602900356941973],[101.43935025736977,2.7603295634682468],[101.43928018892217,2.7606197185980363],[101.43911040800901,2.760890111049264],[101.43856962068975,2.761320405491176],[101.43792013863822,2.7617399171043644],[101.43899003379238,2.7608595679587893],[101.43911040800901,2.7605703119015743],[101.43914005323535,2.7602999182419126],[101.4393601387091,2.7600097619036887],[101.4393601387091,2.7598399809905914],[101.43931971669622,2.759779795090651],[101.43882025167079,2.7602002045679797],[101.43846002809335,2.760399630707468],[101.43815999041584,2.760229849794314],[101.43797044561569,2.7600600688811596],[101.43787971662533,2.7601202547811],[101.437869835286,2.7602900356941973],[101.43793002118593,2.760449937684939],[101.437850071399,2.7605298874718187],[101.43754015238216,2.7605002422455414],[101.43734970971786,2.760590073371759],[101.43669034632705,2.761090435052836],[101.43646037830558,2.7614398794268595],[101.43625017296273,2.761969887542705],[101.43594025273745,2.7623804168891866],[101.43550007937313,2.7627298612632103],[101.4350697861396,2.7632302241527213],[101.43458020366194,2.763830295882485],[101.4345999663405,2.763830295882485],[101.43422986142377,2.7646199160377023],[101.43399989098549,2.7651795669630133],[101.43371961719492,2.765670047304866],[101.43341957951742,2.766100340538344],[101.43302971313057,2.7667498225898726],[101.43270991156601,2.767049857850509],[101.43244041818735,2.7674496092020036],[101.43139028692019,2.7686596412514177],[101.43105970615221,2.769019864828863],[101.43085040109037,2.7694501556454725],[101.43034015686152,2.7703098442482883],[101.42995028805774,2.770919800942636],[101.42989998108027,2.7711596503034457],[101.43002035529696,2.7712503817106153],[101.43026020707458,2.771299788407134],[101.43044975187473,2.7715602983105896],[101.43048029254834,2.772090306426435],[101.43017037594836,2.7726301934647495],[101.42982003129339,2.7727999743779037],[101.42939962181606,2.7730802481684123],[101.42886961370016,2.773850104436576],[101.42886961370016,2.7741303782270847],[101.42891992067763,2.774360348665425],[101.4290798202515,2.774510365691526],[101.42953975750288,2.7747502174692045],[101.42951999361583,2.774840048595422],[101.42945980771594,2.7748795739525463],[101.4290798202515,2.7748795739525463],[101.42869983278706,2.7749703053597727],[101.42852016932619,2.7751697290823927],[101.42831984532262,2.775280221959747],[101.42835038841304,2.775140086272927],[101.42844022074769,2.774810403369088],[101.42835038841304,2.774619960704797],[101.42815006440946,2.774510365691526],[101.42786979061896,2.7744304159046465],[101.42734966505083,2.7745804365560502],[101.42648997644795,2.775140086272927],[101.42623036440864,2.7753296310730775],[101.42595009061813,2.7758102300755922],[101.42562040650586,2.776270166118536],[101.42527994681541,2.7767597498046825],[101.4250203347761,2.7772295683953416],[101.42460980422118,2.7776697417596665],[101.42433042708637,2.7781898673277965],[101.42352014638846,2.778739635705392],[101.42276017145952,2.779380133073346],[101.42256972879522,2.7795795592127774],[101.42248977900829,2.779949665337938],[101.42233976198219,2.780360195892854],[101.42222028442126,2.7807401833572953],[101.42221040308192,2.781030338487085],[101.42224993085597,2.781350140051643],[101.42224993085597,2.781650175312336],[101.42233976198219,2.7818001947553057],[101.42251044075948,2.7818702632029044],[101.42284012366332,2.7818801445422423],[101.42328029702765,2.781810077303021],[101.42361986006239,2.781490275738463],[101.4238498292923,2.7811399335003557],[101.42404027195659,2.7809602712479204],[101.42380042259578,2.781340258712362],[101.42359021725292,2.781720244968369],[101.42322011112776,2.7820400441160587],[101.42289042822392,2.7821397577899916],[101.42252032209876,2.7821496391292726],[101.42225981219525,2.781969976876894],[101.42211967409156,2.7816995844256667],[101.42202984296534,2.7813797828611087],[101.42186006084381,2.781180356721677],[101.42168039859138,2.781089626522885],[101.42138036091387,2.781089626522885],[101.42108032323631,2.781040221034857],[101.42062038598493,2.781050102374138],[101.41988017494305,2.7811399335003557],[101.41898006191047,2.7815702255253996],[101.41678996945842,2.7828296642712758],[101.41605964096425,2.7834899255262258],[101.41590962031285,2.7837603179774533],[101.41588985642585,2.7840900008812923],[101.4158700961641,2.7844403431194564],[101.41572995806041,2.7846604310100247],[101.41543980172219,2.7850098753840484],[101.4151200025745,2.7852596060840824],[101.4146995906803,2.7855300009521784],[101.41449028199315,2.7855704229650655],[101.41396027750255,2.785629713417677],[101.41343027059514,2.7862603294463497],[101.4123702579887,2.7873401059397906],[101.41222023975416,2.787620379730299],[101.41222023975416,2.7878296847921433],[101.41307992835698,2.7887001525984374],[101.4131499955962,2.7888600545891222],[101.41312035278673,2.7889903089366612],[101.4130502831307,2.7890298355022765],[101.41290026489611,2.7889903089366612],[101.41271970477959,2.7888196301594235],[101.41244032885322,2.788489949672396],[101.41215017251494,2.7881997933341722],[101.41184025349816,2.788119841130424],[101.4115402158206,2.7882402153470593],[101.41095002180487,2.7886597305855503],[101.41067962935364,2.78894988571534],[101.41063022265718,2.789160092266684],[101.41063022265718,2.7893702964011027],[101.41078024089171,2.789590384291728],[101.41087995456564,2.7897799290918783],[101.41082964758817,2.7899595913443136],[101.41065986667502,2.79007996676944],[101.41042001731427,2.790109609578849],[101.41001038462349,2.790339578808755],[101.40996996140223,2.790520140133765],[101.40998972287235,2.7908004139242735],[101.41006967265929,2.7911399781673936],[101.41002026596283,2.7913403033794566],[101.40984958718553,2.791510084292554],[101.40975975605932,2.7916897465449892],[101.4097498735116,2.7919996667702662],[101.4095199042817,2.7925000284514],[101.40937976859487,2.792889894838254],[101.40929981880794,2.793439665632718],[101.409200105134,2.793979552670976],[101.40905996703032,2.794390083225892],[101.40892971026591,2.79480959483908],[101.4089503720171,2.795120411720063],[101.40890995000422,2.7953000751809327],[101.40870962600059,2.795660298758378],[101.40845001033597,2.7959702177751637],[101.40832963853615,2.796190306874223],[101.4082703468751,2.796459800252876],[101.4082496863324,2.7967499565911],[101.40805026140134,2.7971398253948223],[101.40797031161446,2.797429981733046],[101.40799007308459,2.7976500696236712],[101.408120329849,2.797909681663043],[101.40815985399774,2.798090242988053],[101.40808978675852,2.7983597375750833],[101.40799995442387,2.798799910939465],[101.40784993739777,2.7991601369337786],[101.40769003540709,2.799320036507595],[101.40766039259762,2.799489817420749],[101.4076496133942,2.7998599235459096],[101.4074995927428,2.8000503650017663],[101.40746006859405,2.8002695562366284],[101.40751037194622,2.800670204243829],[101.40761996816786,2.800960360582053],[101.40781040962372,2.8011499053822035],[101.40805026140134,2.801239736508421],[101.40859014843966,2.801389753534579],[101.40961961795563,2.8016296053122005],[101.41086019067865,2.8017203343025585],[101.41176030371122,2.8019601836633115],[101.41253015997938,2.802459648688682],[101.41407975143824,2.803530439290114],[101.4144498575634,2.804010140428545],[101.41479031967066,2.8044997229062005],[101.41354974694764,2.805430376612378],[101.41224000364116,2.806420320771167],[101.41206034138872,2.806110401754381],[101.41168035392428,2.805670225973131],[101.41126982336937,2.80547978330884],[101.41078024089171,2.8054600218387122],[101.4102996418892,2.805539971625649],[101.40964027849839,2.8056001575255323],[101.40883987913969,2.805699871199465],[101.40781040962372,2.8057196350864615],[101.40637041076127,2.8056001575255323],[101.40505976959065,2.805539971625649],[101.4043797444487,2.8055597330957767],[101.4039997569842,2.805740295629221],[101.40329997158051,2.8057304142899397],[101.40248968967416,2.8057196350864615],[101.40111975805092,2.805789702325683],[101.39926024636685,2.805900195203037],[101.39834037307253,2.8061202830936622],[101.3972902430138,2.806469727467629],[101.39624011174669,2.8069000182842956],[101.3953202360355,2.8072602454869866],[101.39488006267118,2.807340195273923],[101.39405989942549,2.807359957952542],[101.39270973410612,2.8072701268263245],[101.39118978183143,2.8070599202749804],[101.39107030668737,2.807139870061917],[101.3910397635969,2.8072602454869866],[101.3910397635969,2.8079699134384555],[101.39100023944815,2.8082403046812487],[101.39071996324077,2.8088502625840306],[101.39064989479317,2.8091700629400975],[101.39064001345389,2.8094701006176592],[101.39058970889329,2.809700068639131],[101.39026002598939,2.8103001439941977],[101.3903902827538,2.8099902237689207],[101.39058970889329,2.809550050404596],[101.39056994500623,2.8091997057495632],[101.39056994500623,2.8088996692804926],[101.39080979436699,2.8084397320291146],[101.39093016858368,2.807919608877853],[101.39094993247068,2.807389600761951],[101.39078015155758,2.8071596339489133],[101.39049987776707,2.8070698028226957],[101.389919566299,2.8070599202749804],[101.3892404390212,2.807030275048703],[101.38756957185626,2.8070599202749804],[101.38663981601422,2.807229702396569],[101.38572982405918,2.807630350403713],[101.38506956280423,2.8076896384395127],[101.38424041729184,2.8076599932131785],[101.38351996772013,2.8079303880812745],[101.38273034756492,2.80803998067762],[101.38232969834928,2.8081900013290237],[101.38138018224555,2.8084199681420614],[101.38043964478322,2.808579870132803],[101.37970033039704,2.8086697012590207],[101.37715001436754,2.8092598952747494],[101.37555011593128,2.8097898997653488],[101.37440027219861,2.81002975154297],[101.37350015916604,2.8100701735558573],[101.37177000396537,2.8104097390074116],[101.37041983622913,2.810709774268105],[101.36896995723578,2.81112030361453],[101.36704037468724,2.811580240865908],[101.36638011343229,2.8116898358791786],[101.36474967190554,2.8117599043267774],[101.36274013957006,2.812139891791219],[101.36043955544903,2.8129600550369105],[101.35955022403675,2.8134397549668506],[101.35876958856511,2.814160202121741],[101.3574104361453,2.8153199284021184],[101.35676993877735,2.816149970570166],[101.35660015423895,2.816580265012135],[101.35668998899047,2.817340239941018],[101.35677982011669,2.8178495826804237],[101.3571103984678,2.8182196912224526],[101.35753979504557,2.8183598269092727],[101.35798984974923,2.8184101338867436],[101.35889984170421,2.8181999273353995],[101.35905974369496,2.818930257038005],[101.35855039733025,2.8191099192904403],[101.35792966143242,2.819300361954731],[101.35760986228479,2.819209632964373],[101.35731970715494,2.8192204121677946],[101.3569397196905,2.8194396021942794],[101.35655973222606,2.8196300448585703],[101.3563603048782,2.819559977619349],[101.35608003108769,2.8193300071810654],[101.35577999341012,2.8190299695035037],[101.35549971961962,2.8190299695035037],[101.35524998891958,2.8190802764809746],[101.35465979611223,2.8185700322521257],[101.35426004476079,2.818160399561407],[101.35381987139641,2.8177902946446807],[101.35335005280575,2.817619615867386],[101.35276974133774,2.817459716293513],[101.35230980166949,2.8174103071801824],[101.3517097287313,2.8174201885195203],[101.35100005836301,2.8174004258409013],[101.35045028998542,2.817550445283871],[101.3500199955435,2.8177498726317936],[101.34965977196606,2.818030146422302],[101.34947022716591,2.8182996410093324],[101.34916031056594,2.818499965012961],[101.3487398974633,2.8186796284738307],[101.34803022709502,2.8190703951416936],[101.34735020557832,2.8194198395156604],[101.3464896166945,2.819920201196794],[101.34650039952322,2.820070218222952],[101.34665041654932,2.82046996957439],[101.34673036633626,2.8207700072518946],[101.34675013022326,2.8209703312555234],[101.34680043357548,2.821060162381741],[101.34698997837563,2.821109569078203],[101.34738972972707,2.8212901328200815],[101.34767000351758,2.821580287949871],[101.34774995330451,2.8219000870975606],[101.34759993627841,2.821699763093932],[101.34738972972707,2.8216602377368076],[101.34689026591008,2.8217096444332697],[101.34646985643275,2.821820137310624],[101.3457898312908,2.821919850984557],[101.34537031605231,2.82207975055843],[101.34474958257135,2.8222100061143465],[101.34393031718986,2.8223600243489386],[101.34348026127776,2.822510043791908],[101.34287030700028,2.822810081469413],[101.34182017694161,2.8235799353207653],[101.34161985293798,2.8238000232113905],[101.34146983228658,2.8238099057591057],[101.34117967594835,2.8238997368853234],[101.3409101825697,2.8240596364591397],[101.3406101448922,2.8243596741367014],[101.3404197022279,2.8244602844663405],[101.34019961433728,2.8245501168009923],[101.33957977751209,2.8250396992786477],[101.33933992815128,2.8250801237084033],[101.33895005934755,2.8252804477119753],[101.33851976490564,2.8254798726430295],[101.33832033876621,2.825629892085999],[101.33806971020198,2.825770027772819],[101.33771038448867,2.825879622786033],[101.33727020870748,2.8261500152372605],[101.33686955949184,2.8263296811149985],[101.33642040265238,2.826489580688815],[101.33577002273671,2.8268201614567943],[101.33463006034333,2.827309741517638],[101.33407041062645,2.8275900153081466],[101.33360957551093,2.8277499172988314],[101.33284960179049,2.827970002772588],[101.32842988911233,2.8295896650959094],[101.32673027700213,2.8302696902378557],[101.32558043326947,2.8307296262807995],[101.32508995292761,2.8309398328321436],[101.32495969616326,2.831220106622652],[101.32492017201452,2.831549789526491],[101.32484022222758,2.831380008613337],[101.32456982735948,2.8312596343967016],[101.32402005898194,2.831270413600123],[101.32349993583063,2.831380008613337],[101.3226896551327,2.8318201819777187],[101.32207969964679,2.8322603553420436],[101.32147962429173,2.832519971006718],[101.32106011026167,2.832669988032819],[101.32063970078434,2.8329996709366583],[101.31938026203846,2.8336500508523272],[101.31882959579673,2.8338000678784283],[101.31824029964508,2.833850374855899],[101.31759980227719,2.833950088529832],[101.31832024943202,2.8337803076167347],[101.31881971324901,2.833730000639264],[101.31925000527406,2.833539557974973],[101.32006028718041,2.8331101638140126],[101.32061993689729,2.832769701706752],[101.32091009323557,2.8324804432326687],[101.3208804468008,2.8322603553420436],[101.32068012279723,2.8321498624646892],[101.32015999964597,2.832180405555107],[101.31979977365165,2.832299883116093],[101.31952040014215,2.832350186468261],[101.31876042521327,2.8324103759934474],[101.31770041260683,2.8323798329030296],[101.31734018661251,2.832510088459003],[101.31708955804834,2.8326798705805345],[101.31682006346125,2.832710413671009],[101.31612027564069,2.832730176349571],[101.31568998361564,2.8328900759234443],[101.31544025049868,2.833020332687795],[101.31501984102135,2.8329403804840467],[101.3146299710092,2.8330400941579796],[101.31336963439918,2.8329502618233278],[101.31303007257293,2.8328002447972267],[101.31242999721786,2.832350186468261],[101.31213984208802,2.832210050781441],[101.3118999903104,2.832249576138622],[101.31129003482448,2.8322900005683778],[101.31091992990775,2.8323196470030894],[101.31053006110403,2.83220016944216],[101.31008988532278,2.832089676564806],[101.30962006552369,2.832190288102879],[101.30926972449402,2.8323798329030296],[101.30901999379392,2.832619683472217],[101.3087603781293,2.8323798329030296],[101.30847022179108,2.8323403075458486],[101.30819983054829,2.8323699503553144],[101.30790967421007,2.8325603930196053],[101.30749016259688,2.832749937819756],[101.30726019215854,2.8328101261365077],[101.30696015448098,2.8328496514936887],[101.30657028567725,2.833009551067505],[101.30629989322603,2.833009551067505],[101.30484013289345,2.8333697770618187],[101.30456973802535,2.8335099127486387],[101.3043801932252,2.833689575001074],[101.3040801555477,2.8338000678784283],[101.30347020127016,2.8340695624655154],[101.30278029478893,2.8345995705813607],[101.3023598816863,2.8347998945849895],[101.30166009628255,2.8350101011362767],[101.30135017726576,2.8352301866100333],[101.30126034493111,2.8355697508531534],[101.30118039514417,2.8360701101174186],[101.30090012135366,2.8363800303426956],[101.30063960903334,2.836569575142846],[101.30024974264643,2.8366198809118828],[101.2994502399435,2.836670185472485],[101.29863996166245,2.837079818163261],[101.29795005518116,2.8373502106144315],[101.2974496922916,2.8373600919537694],[101.29714965461409,2.837529874075301],[101.29699963758793,2.83754963675392],[101.2968002114485,2.8374499242884212],[101.29652981899727,2.837260379488214],[101.2963097311067,2.837249599076358],[101.2961004224195,2.8373097849762985],[101.295800384742,2.8374499242884212],[101.29535033003833,2.8377104341918766],[101.2949496808227,2.8378101478658095],[101.29455981201897,2.8378299117528627],[101.294230131532,2.837950285969498],[101.29386990795456,2.8382602025694723],[101.29349979941253,2.8386895991472443],[101.29325995005178,2.839180079489097],[101.29298955880898,2.839790033766576],[101.29217029221905,2.8419397042057426],[101.2915495587381,2.843759690532636],[101.29113004349966,2.844930196016435],[101.29075993858294,2.8465498559228877],[101.29052008922213,2.8473197121910516],[101.290200288866,2.848239589110676],[101.29007991344093,2.848829779501159],[101.28997032084459,2.8498502667504226],[101.2898301827409,2.850550055779422],[101.28954002761105,2.851760085411968],[101.2890001405728,2.8535899542865764],[101.28792036407935,2.8570996713843897],[101.28764997283656,2.858449839120624],[101.28742988494594,2.859420016975548],[101.28741012105894,2.86002997487833],[101.2876203264018,2.8604701482427117],[101.28796977077582,2.860939966833371],[101.28825992711404,2.8610899874847746],[101.28854020332142,2.86113041191453],[101.28921034712408,2.8610001551501227],[101.28954990895039,2.8610396805073037],[101.2894501952764,2.8614502110622198],[101.28916004014661,2.8613999065016174],[101.28863991457848,2.8614097878408984],[101.28811979142722,2.861619991975317],[101.2875799043889,2.8617403661920093],[101.28742988494594,2.861900268182694],[101.28728974925912,2.8622802556471925],[101.28710020445897,2.863159704511702],[101.28668967390405,2.864819792473213],[101.28646958601342,2.8658699225319424],[101.28628004000484,2.8662795528057927],[101.2860096487621,2.866590369686776],[101.28560989741061,2.867050306938154],[101.28553983017139,2.86728027616806],[101.28557037326186,2.8677500959671534],[101.28552994762367,2.8680797788709924],[101.28529009826292,2.8693499944034215],[101.28529997839377,2.87025010743605],[101.28528021692364,2.8712696944043046],[101.28514996015923,2.8723800115712947],[101.280249649687,2.8762903790931773],[101.28675974114327,2.882009950113229],[101.28852043943436,2.8831301510364256],[101.29128994549035,2.8850300871502554],[101.30040964101187,2.8910901202775676],[101.30470987612904,2.8945800771136874],[101.30673018766794,2.896559963014397],[101.30835972891367,2.8985299675758824],[101.30992010320125,2.900770367005407],[101.3116799048367,2.9032003076097794],[101.31402001431485,2.905829676770452],[101.31584000064174,2.908070074991599],[101.31796002585457,2.910480255334221],[101.31880983190973,2.9110003784855394],[101.32037020619725,2.911930136744388],[101.3221300042074,2.912320003131299],[101.32357000427828,2.9122598172314156],[101.3248096791371,2.9118699484276362],[101.32781993241798,2.9100400795530277],[101.33096044367164,2.907949700774907],[101.33220011732209,2.906710025916027],[101.33364011618454,2.905139771497659],[101.33613024631416,2.9019902779772337],[101.33887998848309,2.898650341792518],[101.34123986547354,2.89610002697151],[101.34274993278365,2.8949897073875945],[101.34398960764247,2.894599838583815],[101.34529036626537,2.8944102937836647],[101.34737984838779,2.894609719923153],[101.34895010401465,2.895269981178103],[101.34999035273404,2.8963201112367756],[101.35109977203695,2.8979604353112904],[101.35168008350496,2.8998702539728356],[101.35153994781814,2.902360384102394],[101.3510099397023,2.9042702027639393],[101.34964000807906,2.906690264445899],[101.34858987802033,2.9083296882393483],[101.34544038691678,2.911860067088355],[101.34039993834085,2.917300263390473],[101.3394800638381,2.9184797523494126],[101.33921955393464,2.9198496815558315],[101.33920967259536,2.921630143733978],[101.33979986540265,2.9230099554880553],[101.34109972736985,2.9243897684506237],[101.34182017694161,2.925180286469981],[101.3437102317161,2.926299587112169],[101.34585989852997,2.927160172370691],[101.34813982331667,2.9278204336256977],[101.3499696909829,2.9280198609735635],[101.35069013813774,2.92769017686129],[101.35305001512825,2.925209929279447],[101.35435975843473,2.9231797364012095],[101.35573956898037,2.9204201141014323],[101.35684988735585,2.9182596644587875],[101.35849021143031,2.915509922289857],[101.35961040993669,2.913950445866476],[101.36209964220211,2.911199805833405],[101.36504970958305,2.908839931259763],[101.36752995716495,2.906680383106618],[101.36981976329093,2.9053095536191904],[101.37230001087278,2.9042001343162838],[101.37479014100234,2.9038803327517826],[101.37654993901248,2.9040195717828965],[101.3787696778993,2.905069701841569],[101.38124004414186,2.9068501640197155],[101.38320016615558,2.908890238237234],[101.38468957533979,2.911259994150157],[101.38609004763663,2.913910023853589],[101.38725965525629,2.9170702965774353],[101.3879702198634,2.9192397272782955],[101.38854963467577,2.921930181411483],[101.38887033289603,2.9243601232242895],[101.3886700088924,2.9286199327033273],[101.38833044585772,2.9317101381879525],[101.3883196666543,2.934660205568889],[101.38877960390568,2.9367595690305848],[101.38928984450922,2.9385400275834854],[101.3900695833251,2.9403797790058093],[101.39117990290902,2.941819777868261],[101.39235040718438,2.943240014052151],[101.39358020070398,2.944169769894188],[101.39533999871412,2.9452899708173845],[101.39716986758873,2.946340100876057],[101.39926024636685,2.947719912630191],[101.40160035705344,2.9493099297271783],[101.40400963953198,2.9518099411960748],[101.40518014501578,2.9531196845025534],[101.40589969430647,2.9547600085770114],[101.40693006047815,2.957519632085223],[101.40745018604633,2.9598902858622864],[101.40860991232665,2.965270296264464],[101.40931958027812,2.967700240494196],[101.41022957464997,2.970200249546167],[101.41140008013377,2.972760446914947],[101.41290026489611,2.975259561728137],[101.4142001268633,2.9763096917868097],[101.41582967052591,2.9773697043932543],[101.41810959531261,2.978160222412612],[101.42001042929058,2.978170103751893],[101.4217702297176,2.9777802349481703],[101.42471041455082,2.976999598268094],[101.42799016483559,2.975299986157893],[101.43132021968103,2.9732796758273707],[101.43439964233693,2.970989869701384],[101.43747008393456,2.968310194771675],[101.43950027681274,2.9663401902101896],[101.44028989455114,2.965099617487226],[101.44081990145855,2.9634601912769085],[101.44068964590258,2.962150447970373],[101.43952004069979,2.9603699857922265],[101.43853997788028,2.9592497884943327],[101.4374296595048,2.958590423895089],[101.43530963670884,2.95769031448782],[101.43301983179123,2.9568997964684627],[101.43094023221659,2.9561002937655303],[101.42905017502517,2.9551804204712084],[101.42663011576008,2.953729641196901],[101.42435019097337,2.9518800084352392],[101.423179686698,2.950110329085817],[101.43355971762111,2.950330416976442],[101.4440295820873,2.95008966733468],[101.44527015481026,2.950289991338252],[101.4502297533183,2.951359886492412],[101.45228958900594,2.9521198602128607],[101.47122966935899,2.9518997723222355],[101.5064696756587,2.950360059785851],[101.52560019505074,2.9499800723214094],[101.55075032797407,2.964670220909454],[101.55137016479927,2.9646801034571695],[101.55146987726476,2.96436030430948],[101.55159025268989,2.958140369191426],[101.56447029629027,2.965120279238363],[101.5622900851775,2.970200249546167],[101.56848037506921,2.9733299791795957],[101.5707504173082,2.975099662154264],[101.57229012984459,2.9763501174249996],[101.57357022792479,2.9773104163575113],[101.57510994046118,2.9784602600901735],[101.57598040826741,2.979440319284379],[101.57695957080591,2.9798598345228697],[101.58521958014148,2.9644501354356976],[101.60072000821896,2.9336199568494976],[101.61586021513591,2.9044902906545644],[101.63574981159269,2.8672102089288387]],[[100.85035012901847,3.851859797016175],[100.85851042226318,3.854390351575489],[100.86395960324887,3.8552895643271086],[100.86947975054636,3.8557899260081854],[100.87387969933746,3.8558096898952385],[100.88023977014234,3.8545403698100245],[100.88513019806686,3.854240334549388],[100.89193044465293,3.8553901782820503],[100.9068101356242,3.859950025438536],[100.91257013469931,3.8623799672513996],[100.92812985322945,3.8681399651180186],[100.93317029938851,3.8697704078531956],[100.93676984761254,3.8705896708178784],[100.93925009640287,3.8706803998082364],[100.94237982603624,3.8701297335665004],[100.94447020481437,3.8692502822850656],[100.94575030531138,3.867559653650005],[100.94655968572835,3.865480054075306],[100.9466504147187,3.863539692323343],[100.94601979989847,3.860080279786075],[100.94157044441084,3.8484902180219933],[100.93976033942329,3.84002988589134],[100.94001007012332,3.8369001538411],[100.94138988187746,3.83343984585656],[100.94419981236314,3.831120394504296],[100.95069013993236,3.8299400076811594],[100.95796020510909,3.8294800704297813],[100.96388010375802,3.8286203818269655],[100.9645502463523,3.828400297561643],[100.96603965191122,3.8280697167936637],[100.96845971238474,3.826909990513286],[100.97128042328228,3.8255903658675265],[100.97419006502508,3.823620361306098],[100.97701975939776,3.820629869495349],[100.97960960078444,3.816890181959195],[100.98061032414671,3.8134702959875995],[100.98046030712055,3.8102201921375354],[100.97955031154027,3.807710300537792],[100.9775704256395,3.8052102890688957],[100.97391967257386,3.803020196616842],[100.96622021323623,3.7996595998894236],[100.96398969635442,3.7982303790220158],[100.96124983552477,3.7960699317962394],[100.96042967469594,3.7935699203274],[100.95964005454073,3.7902704097808737],[100.95956998609313,3.787540427873637],[100.95992032833124,3.7842499008022514],[100.96075037291621,3.7817804324238296],[100.96221013445728,3.77928042095499],[100.96306982185166,3.778160222448662],[100.96405976601045,3.7765702029348063],[100.96552042420723,3.774919999937879],[100.96619955148503,3.7742399747959325],[100.96884958118846,3.7721100682437623],[100.97025005590217,3.7711398867635353],[100.97230989158982,3.7701104184559995],[100.97381995889992,3.769690008978671],[100.97634961680353,3.7694501572010495],[100.97998958824888,3.7697097692403645],[100.98252014280826,3.770500287259722],[100.98406973789236,3.7713500933148794],[100.98523036082844,3.772460412898738],[100.98587984287997,3.7735698309932104],[100.98632001624429,3.7761102656834282],[100.98606040299654,3.777799995245914],[100.986109809693,3.7809297285045886],[100.9863002523573,3.7831395812183928],[100.98622030257036,3.7866600811449302],[100.98672964893507,3.7895903846388705],[100.9868500231517,3.791219928301473],[100.98788039053187,3.793889721891901],[100.98851010869635,3.795489620328226],[100.98974978355523,3.797079637425213],[100.99140987151668,3.7990002352901797],[100.99273039402664,3.800000061996741],[100.99413984979861,3.8008399867125604],[100.995879887547,3.8016799102199457],[100.99703961261895,3.801689792767661],[100.99845984880284,3.8015200106460725],[101.00052956582977,3.8006998474004376],[101.00311042494974,3.7996200745322426],[101.00494029382435,3.7990496419866417],[101.00668033157274,3.7988798610735444],[101.00899977929976,3.799729667128645],[101.01025023457049,3.800399809722876],[101.01199027231888,3.801490365419795],[101.01405998934587,3.8030004327298457],[101.0168797999624,3.8043398212626585],[101.01936005116954,3.8052596957654146],[101.02160044697382,3.806110402101524],[101.02333958685807,3.8062002332277416],[101.02517035359682,3.8062900655623935],[101.02641990737811,3.805869652459762],[101.0277503148526,3.8047898771746986],[101.0295801813104,3.802550378026183],[101.03117020082425,3.799719785789364],[101.0323398048186,3.7962998998177113],[101.03239999434379,3.794049621465774],[101.03118008216353,3.7921002786554823],[101.02777995766206,3.7877497365608406],[101.02726971343321,3.7871703217484765],[101.02708017104993,3.7857402042253057],[101.02765958344543,3.7841897124854995],[101.02824977625272,3.78334978776968],[101.02921995773295,3.782840445030274],[101.03030961435724,3.782840445030274],[101.03141004897657,3.782909614405355],[101.03242963715326,3.783559994321024],[101.03359026008934,3.784080119889154],[101.03520004107332,3.7850601790833593],[101.03757967832559,3.7855803058599236],[101.04042015190169,3.785660254438426],[101.04247998879782,3.7858596817862917],[101.04428021123766,3.785989938550699],[101.04724015995794,3.788010246464296],[101.05154039507511,3.7922997023780454],[101.0538104373141,3.794080164556192],[101.05468988859553,3.7947700686206076],[101.05693028560819,3.7962199500307747],[101.05815020020532,3.796549632934614],[101.05915990462586,3.7965298690476175],[101.0598399297678,3.7962603744605303],[101.06043012378359,3.795880386996089],[101.0608397540575,3.7954402112148955],[101.06163027086842,3.794140350456132],[101.06210009066751,3.7936301062272832],[101.06242977357135,3.7920697355650077],[101.06179017044224,3.7899398290128943],[101.05678026737365,3.7846101243796966],[101.05607958168895,3.7833201449602143],[101.05557023774111,3.782020280576205],[101.05525043738498,3.7799496656850806],[101.05551993076364,3.7783300033617593],[101.05642992634392,3.775750042105983],[101.05778997300257,3.773479999866993],[101.05901976652217,3.7716097065626286],[101.0596701488547,3.7686398777115073],[101.05986957257727,3.7656601651042365],[101.05968991032483,3.7622303977933598],[101.05861013624826,3.7579499265631853],[101.05868020469586,3.756470399926684],[101.0590098875997,3.7547195829748716],[101.06004025377143,3.7531699915160175],[101.06145959209113,3.7527199356039773],[101.06377993889072,3.7536398101066766],[101.06499985348785,3.754929789526159],[101.06569963889154,3.7574001581855896],[101.06543014430446,3.7603699858282766],[101.06600955790839,3.7621199049159486],[101.06683960128493,3.763680279203527],[101.0684404000022,3.7651103967266977],[101.0705703041375,3.765629622013819],[101.07276039658956,3.765960202781798],[101.07585958554932,3.766609684833327],[101.07804967800138,3.767589747652835],[101.07914023128143,3.768240127568504],[101.08126025528583,3.7706997133992104],[101.08202023021477,3.7725798868344214],[101.08362012865103,3.7760204333487764],[101.0845202416836,3.777700285197284],[101.08779010942067,3.7810195596308063],[101.09004038777266,3.7825098642622947],[101.09106985728863,3.7829698003052386],[101.09269041747609,3.7822601323538265],[101.09346027374426,3.781229763765282],[101.09371988699206,3.7801302270100905],[101.09372976833134,3.7784503775784515],[101.09257992459868,3.7761102656834282],[101.08917980251408,3.7705398150337714],[101.08866955949367,3.769179764749822],[101.08866955949367,3.7680101571301634],[101.08893995315333,3.76685043205822],[101.08932982074862,3.7656799289912897],[101.09067998848485,3.764389947154939],[101.0930102190406,3.7631098490747945],[101.0948203240282,3.7618198672384437],[101.09656036177665,3.759949576350948],[101.09842975480001,3.757269901421182],[101.09992005822306,3.7553897291944054],[101.10134029682376,3.754360257261567],[101.10230957681455,3.7533298898814564],[101.10282970238268,3.752489966374071],[101.10347020095907,3.7511299160901217],[101.10316028073379,3.7498399366706394],[101.10181011541442,3.7486101431510406],[101.10077974682588,3.748279562383061],[101.09903970907749,3.7483999365997533],[101.0970400617066,3.7501399743481443],[101.09742004917103,3.7514398351069076],[101.0968999236029,3.7531798728552985],[101.09580038684771,3.75485972107856],[101.09463976391163,3.754539919514002],[101.09289972616324,3.7555002220717597],[101.09153967587929,3.7559502767754225],[101.09083000792788,3.757049813530614],[101.08947984019164,3.7571701889556834],[101.08818985835529,3.757039932191276],[101.0850897739482,3.757480107972526],[101.08205975678032,3.7578600954369676],[101.08167977052432,3.7587602048442363],[101.0776104025012,3.7597896743602064],[101.07678035670779,3.7590701250695133],[101.0759404332004,3.7590701250695133],[101.07536012173239,3.7580999435892863],[101.07607967102308,3.754929789526159],[101.07770023362741,3.7524100165871346],[101.07809010001426,3.752279759822727],[101.07945015029821,3.749239861315573],[101.07970976233759,3.74776033709594],[101.08036014467012,3.747049768863519],[101.08100962672165,3.746209845356134],[101.08088026782139,3.7448497950721844],[101.0807598936047,3.743750258316993],[101.07857968249198,3.7406995806063605],[101.0776104025012,3.7405001532584947],[101.07703009103312,3.7397204156510497],[101.07633030200412,3.7382301110195613],[101.07562961631942,3.7372302855214343],[101.07595031453968,3.7365799056057654],[101.07517956040738,3.735679792573194],[101.07485975884282,3.7350895997658426],[101.07461002814273,3.7339298759023336],[101.074220159339,3.733019881530481],[101.0743602974427,3.7321799568146616],[101.07429022778666,3.731209776542869],[101.07500977949422,3.730299784587828],[101.07577963576239,3.729529928319664],[101.07758974075,3.7284995609395537],[101.07952021753744,3.728510340142975],[101.08029007501403,3.728960396055072],[101.08047961981418,3.7294796213421932],[101.08126025528583,3.7302602568138354],[101.08170043106708,3.7313597971942727],[101.08227984225408,3.7329201678565482],[101.08285027479968,3.733569649908077],[101.08310988804749,3.7345398301798127],[101.08348987551193,3.7370596067441397],[101.08289968149614,3.738099855463588],[101.08329044816406,3.738869711731752],[101.0835401788641,3.7397204156510497],[101.08424984923238,3.7401102844547722],[101.0850197055006,3.741860203542444],[101.08578955935195,3.7426399387330775],[101.08688011504881,3.7428303813973685],[101.08779010942067,3.742579752833194],[101.08901002160098,3.7430998759844556],[101.09022993257281,3.74233002213316],[101.09165016875664,3.742010220568602],[101.09267963827261,3.742209647916468],[101.09307040494053,3.741490095000472],[101.0940998744565,3.741950034668662],[101.09513024304505,3.7429300950713014],[101.09608964169655,3.743699951339522],[101.09635015522531,3.7445497573946227],[101.09712001149353,3.74520013972716],[101.09886004561662,3.745330392866265],[101.10021021456129,3.7449504054018234],[101.10046982901753,3.7442398407946484],[101.10085969540438,3.742559988946198],[101.10113997282019,3.736340053828144],[101.10107978450344,3.735439943212441],[101.10139958485951,3.7348596317443707],[101.1021200320144,3.7338202808891197],[101.10354026819829,3.732600369917293],[101.10489043593452,3.7326704371564574],[101.10618041897925,3.7328698645043232],[101.10803993066332,3.733840044776116],[101.10842979946705,3.7348102250479087],[101.10834984968017,3.7371395565310763],[101.10764017931189,3.7391499855222605],[101.1070499889214,3.7417299467780936],[101.10729971962144,3.7429696216369166],[101.10833008579311,3.7445901818243783],[101.10941974362589,3.7462700312560173],[101.11108971050982,3.7473102799754656],[101.11250994669365,3.7476399628793047],[101.11334987020103,3.7468000381634283],[101.11477010880179,3.744999814515154],[101.11638976870819,3.742869909171418],[101.11794026165649,3.74086037683594],[101.11864993202477,3.7395703974164576],[101.11969018074416,3.737830360876501],[101.12098016016364,3.736540377831716],[101.12182008729633,3.7362798679282605],[101.1229798099514,3.736349936375859],[101.1247997962783,3.7380199056766514],[101.12505042725934,3.7400896227035787],[101.12485998580348,3.741449672987585],[101.12414043288749,3.742869909171418],[101.12381973708409,3.7443000266945887],[101.12374966621957,3.7458496217786887],[101.12387004043626,3.7470803119539937],[101.12483033936877,3.7483101054735357],[101.12727016252086,3.751100273280656],[101.12862033146553,3.7533101272028375],[101.12970998929825,3.7551903018465396],[101.13085983303091,3.7576498888856236],[101.13168987519902,3.7597303863244633],[101.13251991736712,3.762059719016065],[101.13276965048402,3.7632904103997475],[101.1335502871641,3.7640000783512164],[101.13450968581554,3.7640701480072494],[101.13502981138367,3.7630999677354566],[101.13562000419103,3.761490186751473],[101.13587961743883,3.7588302757087604],[101.13615000989006,3.755399608116818],[101.13635033389363,3.754179695936557],[101.13674020269735,3.7528798351777937],[101.13764031572993,3.752039910461974],[101.13893029514941,3.7512700541937534],[101.1460296815489,3.7471503804015924],[101.1463602599,3.746889869289646],[101.14648961880022,3.74591968901791],[101.1460997499965,3.7452800895140967],[101.14481964949948,3.744370093933753],[101.14257026901163,3.743450220639488],[101.14180041274346,3.742799840723819],[101.14101977606339,3.742090170355482],[101.139480063527,3.7401399296810496],[101.13871020725884,3.7393000025484184],[101.13761965397879,3.7383199433541563],[101.13659018567125,3.7376695610216757],[101.13549962997439,3.736829636305856],[101.13517982840983,3.736369699054478],[101.13517982840983,3.7356600311030093],[101.13601975554252,3.7349503607347287],[101.13653987869378,3.7348901748348453],[101.13796011487761,3.734510187370404],[101.14008013888207,3.734319745914547],[101.14099013325392,3.73413020111434],[101.14576018454494,3.73240004470523],[101.151500419733,3.7298200834494537],[101.15358990064698,3.7286603583775104],[101.15466967714042,3.7286199327393206],[101.15554014373828,3.729040345841952],[101.15594977401219,3.729720370983955],[101.15593989508972,3.7304695655009823],[101.15556978654769,3.731679595133528],[101.15462027044396,3.7337097880117653],[101.1539797694507,3.7361199683543873],[101.15318027037307,3.7381896865898057],[101.15250024523107,3.739430259312769],[101.1520501881106,3.7410499216360904],[101.15234034324038,3.74240997192004],[101.15320003184326,3.7437295965658564],[101.15420973988904,3.74468001415903],[101.15518980029168,3.744980051836535],[101.15620040499323,3.7449504054018234],[101.15706009359604,3.744430283458996],[101.15754967607376,3.743859853330207],[101.15789013576415,3.742920212523586],[101.15797996689037,3.7405801030454313],[101.1580599166773,3.7393000025484184],[101.15832043020606,3.7376102717774415],[101.15873994181925,3.736139729824572],[101.15911992928375,3.7353096876564678],[101.16058957458091,3.733319919207986],[101.1616100594133,3.731579881459595],[101.16266018947204,3.7296601838756374],[101.16322972173663,3.7277800092319353],[101.16330967152356,3.725930378887142],[101.16353964075341,3.7253698288893133],[101.16421966589542,3.7251102156415072],[101.16508025236237,3.725190165428444],[101.1654503572791,3.7260498540312597],[101.1656596659663,3.7307300754044945],[101.16534974694946,3.7341598439238055],[101.1658303447436,3.737520440651224],[101.16631004588197,3.739549735665321],[101.16660020101176,3.7422698338163514],[101.16660020101176,3.7432103688618668],[101.16531021917547,3.7471997870980545],[101.16523026938853,3.7483002241342547],[101.1657899191054,3.7491697940763515],[101.16679962835963,3.7495497803324156],[101.16755960208013,3.749360235532208],[101.1682297458828,3.7487601613856327],[101.16895019303769,3.746879987950365],[101.16914961917712,3.7441598885909],[101.16937958961546,3.7412996523361812],[101.16969040407957,3.7393799547521667],[101.1703300060002,3.737530323198996],[101.17108998092914,3.73595018744129],[101.17244014866537,3.7340700115891536],[101.17305010294285,3.7326398940660397],[101.17305010294285,3.7315098142203738],[101.17212034830925,3.729430214645731],[101.17193978698424,3.7283702020392866],[101.172159872458,3.72777012668422],[101.17268987936541,3.7273595997546067],[101.17378043506227,3.7276299909974],[101.17482966483999,3.7282004211261324],[101.17549980864266,3.728239945274879],[101.1794802446122,3.729430214645731],[101.18350020593886,3.7300500514709256],[101.18746986028805,3.730289902040113],[101.18871043301107,3.7305602944913403],[101.19073972560824,3.731320269420223],[101.19197041940885,3.7317002568846647],[101.19261001891266,3.7315502386501294],[101.19291005659016,3.730989688652244],[101.19273039433773,3.7303797343747647],[101.19190034854432,3.729740133662517],[101.1895099320887,3.7288301392906646],[101.18707010893661,3.727569802680648],[101.18541990352281,3.7260597353705407],[101.18341037481264,3.723419588214881],[101.18089958293189,3.720429993059895],[101.17981980764688,3.7189603513879774],[101.17876967637972,3.7177503217554317],[101.17795041341509,3.716499866484696],[101.17768990109471,3.7153697842222186],[101.17735033806002,3.714989796757777],[101.17693980750511,3.714989796757777],[101.17577020351075,3.7157398915558133],[101.17374001063251,3.7191202509617938],[101.17321000251667,3.7198398002525437],[101.1726099307869,3.7202503308074597],[101.1718598371973,3.7198398002525437],[101.17183019197097,3.718060238355406],[101.17183019197097,3.716710070619172],[101.1719101417579,3.7155799895650716],[101.17236019646157,3.714519978167118],[101.17284977893922,3.7138103102156492],[101.17360975386816,3.713389897113018],[101.17477037680425,3.7124897877057492],[101.175710015194,3.711180041982402],[101.17642956690156,3.710049962136793],[101.17695957139216,3.7098604173366425],[101.17792975287233,3.710349999814298],[101.18263961826347,3.715270072965154],[101.18533995373588,3.717390094552684],[101.18656974725548,3.7181895972556163],[101.18766030295234,3.7185695847200577],[101.19002017631755,3.7191400136404127],[101.19062025167261,3.719710443769145],[101.19155000751465,3.721519650892617],[101.1922300326566,3.7223496942691554],[101.19395030530956,3.7223595756084364],[101.19466985580874,3.7219400639952482],[101.1948602972646,3.7213399886401817],[101.19391976221914,3.720700387927934],[101.19346970751548,3.720279976033737],[101.19344006228914,3.719979938356232],[101.19389011940967,3.719449933865633],[101.19464021299927,3.7188103307365736],[101.19532023693284,3.718290207585312],[101.19602990488426,3.7180296952649314],[101.19723005317752,3.7182596644948376],[101.19809962311962,3.717879677030396],[101.19859010346147,3.717240077526583],[101.19921982404281,3.716940039849078],[101.19933031692022,3.71750957211367],[101.19933031692022,3.7185597021723424],[101.19903027924266,3.720640199611182],[101.19812028487081,3.722370354811858],[101.19766034761943,3.723869642918487],[101.19769987176818,3.725529730879998],[101.19806998031021,3.7268197102994804],[101.1986700532484,3.7276901768972834],[101.19942014804644,3.727879721697434],[101.20032025866215,3.727579684019929],[101.20129043893394,3.727199697763922],[101.20167042639838,3.7273200719805573],[101.20253999634053,3.727259886080674],[101.20276996315357,3.7267298779648286],[101.20138027126859,3.725400371979731],[101.20081972247914,3.724650278390129],[101.20071012746587,3.7240097810221755],[101.20101016514343,3.723590266992119],[101.20164976464724,3.7228797011765664],[101.20192015709841,3.7222400980474504],[101.20162011942091,3.7216696691271522],[101.20139015260787,3.720989643985149],[101.2013596095174,3.7207300307374],[101.20150962654355,3.7205800137112988],[101.20177014007231,3.720429993059895],[101.20215012753675,3.7205099464720774],[101.20232978978919,3.7208099805243364],[101.20247980802372,3.7215996006795535],[101.20277984570129,3.7223200514596897],[101.20304035802161,3.7225095926345375],[101.20344998829552,3.7224700684857908],[101.20393957077323,3.7220999623606303],[101.20417043786728,3.7214900056662827],[101.20458006814118,3.7210803753923756],[101.20496005560562,3.7207803377148707],[101.20496993815334,3.719040301174914],[101.20522955019266,3.7190097580844395],[101.20639017312874,3.7195397649918505],[101.20706031693146,3.7196502578692616],[101.20762984919605,3.7191696564498216],[101.20804037975097,3.7184501071591285],[101.20805026109025,3.7177700820171253],[101.20790024406415,3.7173200273135194],[101.208089785239,3.71674959718473],[101.20860991080713,3.7160399268164497],[101.20881023601913,3.714800254374495],[101.20881023601913,3.7139998550157998],[101.2095603284003,3.7140798048027364],[101.21016040375537,3.7140798048027364],[101.21099044592347,3.7136701721119607],[101.21155009684878,3.7135201538774254],[101.21192020176551,3.713900141341867],[101.21192020176551,3.7143501960455296],[101.21172975910122,3.7148101332969077],[101.21150967362746,3.7151101709744125],[101.21154021430107,3.7153302588650376],[101.21202979677872,3.715519803665188],[101.21252027712057,3.715449736425967],[101.21315987783282,3.715490158438854],[101.2135704071793,3.716020166554756],[101.21375007064012,3.716320204232261],[101.21398004107846,3.716429795620229],[101.21436002733446,3.716170183580857],[101.21476965760837,3.715340141412753],[101.21514964507281,3.715079627883995],[101.21549010838856,3.7146699976100876],[101.21567965318872,3.7139899724680845],[101.21567965318872,3.713650410641833],[101.21507957783365,3.713800427667934],[101.21436002733446,3.7142495857158906],[101.21387044485681,3.714319652955055],[101.21365035696618,3.714019618902853],[101.21368988474023,3.713189573109446],[101.21395039464375,3.7125499736056327],[101.21396027719146,3.711799881224465],[101.21406987220467,3.711230348959873],[101.21451992690834,3.7111602805122175],[101.21534996907644,3.7110803307253377],[101.21557005817544,3.7109698378479266],[101.21560958232419,3.710710223391743],[101.21545956529809,3.7101397932630107],[101.21414982199161,3.7083997591398656],[101.21392973410099,3.707949700810957],[101.21415970333089,3.707729612920332],[101.21479031935957,3.7076496631333953],[101.21572995654088,3.7078796323633014],[101.21648005254735,3.708000007788428],[101.21711965205117,3.708259619827743],[101.21850036046095,3.709399582221124],[101.21963044393186,3.7104901379179864],[101.22071021680006,3.7111000921954655],[101.22179987463278,3.7117801173374687],[101.22287964750092,3.712729635858068],[101.22360009828111,3.7132201161999205],[101.22430976623252,3.7133000659868003],[101.22535989629125,3.7133000659868003],[101.22801980733396,3.7136899347905796],[101.22891003781882,3.7140303981062743],[101.22961970939554,3.713800427667934],[101.23014971388608,3.7136899347905796],[101.23066983945421,3.7138803774548705],[101.23138040406138,3.714710420831409],[101.2318996329738,3.715090410712719],[101.23232004245114,3.7151703604995987],[101.23287969216801,3.7149098469708406],[101.23352019316127,3.71472030217069],[101.23436011666865,3.714929610857837],[101.23457032321994,3.7151101709744125],[101.23518027749742,3.715359905299806],[101.23548031517498,3.715359905299806],[101.23723023426265,3.7161998288071914],[101.23792014074394,3.7164801025977],[101.23831000713085,3.7166498847192315],[101.23847979166925,3.7171295846492285],[101.23863969124312,3.7176802508909077],[101.2388400152467,3.718019816342519],[101.23906010313732,3.718130309219873],[101.23928018861102,3.718050355807634],[101.23960987151486,3.717709896117242],[101.24005992621852,3.717600301104028],[101.24044979623068,3.717659589139771],[101.2406698841213,3.7178302715423683],[101.24096992179886,3.71816983336862],[101.2412196524989,3.7187797900629675],[101.24125019558937,3.7193097957619443],[101.24125019558937,3.7198999885692956],[101.24135978818572,3.7201200764599207],[101.24147028106307,3.7203401619336773],[101.24182960677638,3.7203401619336773],[101.24199040663126,3.7202099087945726],[101.24238027543498,3.7198398002525437],[101.24279978704817,3.719590069552453],[101.24316001425092,3.7195703056654565],[101.24361006895452,3.7196799006786705],[101.2439999377583,3.719710443769145],[101.24432961824527,3.7196502578692616],[101.24472038491314,3.7195703056654565],[101.24493957614806,3.7195703056654565],[101.24563038049348,3.7201003125728676],[101.24605977344595,3.719919752456292],[101.24632028697471,3.719820038782359],[101.24649006788786,3.7197400889954793],[101.24663020357468,3.7193502201917],[101.24694012379996,3.7189702327272585],[101.2471898545,3.7187402634973523],[101.2474701282905,3.71868995893675],[101.24761026639419,3.71883009462357],[101.24779981119434,3.7190798253236608],[101.24816003477179,3.719500237217858],[101.24854990357551,3.7195801870047376],[101.2487996342756,3.719500237217858],[101.2487196856971,3.719249609862061],[101.24866039645292,3.719030418627142],[101.2485903292137,3.7187699087236865],[101.24866039645292,3.7184402258198475],[101.24863973591016,3.718130309219873],[101.2487996342756,3.7179901699077504],[101.2495497278652,3.718389921259245],[101.25002044673687,3.718469871046125],[101.25066004624068,3.7184501071591285],[101.25111010215272,3.7182497831555565],[101.251219697166,3.7179704072291884],[101.25091965948843,3.717499690774389],[101.25050014787524,3.7168798539491377],[101.25050014787524,3.7165995777417606],[101.25050014787524,3.7157704322293625],[101.25048038398825,3.7149601539483115],[101.25048038398825,3.7145100980362145],[101.25036989111084,3.714120229232492],[101.24987042608547,3.7135596792346064],[101.24945989553055,3.7132003523128674],[101.2490996719531,3.7129497249571273],[101.24887958406254,3.7128095856450045],[101.24876999146613,3.712610159505573],[101.24890024581367,3.7123298857150644],[101.24913021504358,3.7118897123506827],[101.24923981126523,3.7116597419123423],[101.24876999146613,3.711049787634863],[101.24838012266241,3.710570087704923],[101.24822022308854,3.710209864127478],[101.24783035428482,3.7092001560816357],[101.24755995941672,3.7082802815789364],[101.24745036682037,3.7077197339979193],[101.24766955442999,3.707249914198769],[101.2479498282205,3.7066902644818924],[101.24790042273241,3.7061899028008156],[101.24776028342035,3.705800032788602],[101.24768033363341,3.705349978084996],[101.24756984196443,3.7045702404774943],[101.24760038505491,3.704210016900049],[101.24763003028124,3.7038201468878924],[101.24728956696549,3.7032901399804814],[101.24738029716428,3.7029496802900326],[101.24738029716428,3.702399908287134],[101.24695988647852,3.702249891261033],[101.24643976091039,3.7022804343515077],[101.24619003021036,3.7021699414740965],[101.24604989210667,3.7019202107740625],[101.24612984189355,3.701330016758277],[101.24641011810093,3.7007497052902636],[101.24665984880102,3.7005799243771094],[101.24732999260368,3.700190055573387],[101.24771986140746,3.6999699676827618],[101.24793994688116,3.6997696424707556],[101.24800013519797,3.6991902288668825],[101.24783035428482,3.6990204479537283],[101.24735963541315,3.698430253937943],[101.24749977351684,3.698099676795266],[101.24766955442999,3.698009844460614],[101.2479498282205,3.698130216260438],[101.24802977800738,3.6983197610605885],[101.24822022308854,3.698350304151006],[101.24836035877536,3.6981796253737684],[101.24845019111001,3.6978202996604637],[101.24855978612328,3.697259749662578],[101.2486999218101,3.6967297439636013],[101.24904038391736,3.6960101946728514],[101.24934042159487,3.6950301318533434],[101.24949043982946,3.694219851155424],[101.24945989553055,3.6938102208815167],[101.2492901146174,3.6932802127656714],[101.24896043413042,3.692300153571466],[101.24874034623986,3.691879740468835],[101.24866039645292,3.6916596525782097],[101.24832981568494,3.691400040538838],[101.24785999709428,3.6910398169613927],[101.24783035428482,3.690760439826647],[101.24808008498485,3.6903696731587274],[101.24822022308854,3.6899501591286707],[101.248249865898,3.6895602903249483],[101.24802977800738,3.6891704203127347],[101.24792018541103,3.6887203656091287],[101.24802977800738,3.688050223014841],[101.24811961034203,3.6877196422468614],[101.24811961034203,3.68740972443851],[101.24811961034203,3.6870800415346707],[101.2478402356241,3.6867701249346965],[101.24772974395518,3.685710112328252],[101.24756984196443,3.6852600552077206],[101.24732011005597,3.684839645730392],[101.24717997195228,3.6843698259312987],[101.24681974837483,3.6837796331240042],[101.24679998448784,3.6835900883238537],[101.24687993669164,3.683340357623763],[101.2471898545,3.6832298647464086],[101.2475500804943,3.6831696752212224],[101.24783035428482,3.6830304373985427],[101.24805043975857,3.6828103495079176],[101.24832981568494,3.6826199068436267],[101.24840976547182,3.6823899376137206],[101.24836035877536,3.6820899023530274],[101.24800013519797,3.6814700631109645],[101.24769021618113,3.6810002445203054],[101.24769021618113,3.680719970729797],[101.24780969253362,3.680470240029763],[101.24800013519797,3.6802995588356],[101.24828040898848,3.6802995588356],[101.2487196856971,3.6803597471523517],[101.24922004737823,3.6804998828391717],[101.2495497278652,3.6805304259296463],[101.24989018997246,3.6803597471523517],[101.25007973477261,3.680049828135566],[101.25007973477261,3.6795800083364725],[101.25008961732033,3.6792197847590273],[101.25050014787524,3.678720320942034],[101.25081006447522,3.678519996938462],[101.25119993327894,3.678469689960991],[101.25174970165654,3.678360097364589],[101.25202997786391,3.6781903164514915],[101.25209016497223,3.678050178347803],[101.25213957046026,3.6778300892487437],[101.25172994139484,3.677600122435706],[101.25128976440516,3.6773198486451975],[101.25101038847879,3.676959622650884],[101.25097984538837,3.6767404350413244],[101.25109033826573,3.6765095667388437],[101.25148020706945,3.676150241025539],[101.25179012729473,3.675850203347977],[101.25207040108523,3.67528965576696],[101.25225994588538,3.674979736750174],[101.25264981468911,3.6747901907415894],[101.25313041248324,3.674570106476267],[101.25339990707033,3.6742296431605723],[101.25354992772174,3.673790367660331],[101.25370982729555,3.6732900059791973],[101.25395955799564,3.6730097321886888],[101.25468989011506,3.67260009949797],[101.25513006347944,3.672409656833679],[101.25564030649986,3.6720799763466516],[101.2560202939643,3.6719101918082515],[101.2564703486679,3.6720000241429034],[101.25680002915493,3.6722803003502804],[101.25730039204444,3.6727501189409395],[101.25757976797081,3.672980085753977],[101.25787980564837,3.6728902546277595],[101.25818972466516,3.672779761750405],[101.25840981255578,3.6727303550538863],[101.25846999845567,3.6729198998540937],[101.2587403909069,3.6733403093314223],[101.2590197680417,3.6735702797697627],[101.25921020949755,3.6737104178733944],[101.25988035330028,3.673369955766134],[101.26019027231706,3.6731498678755656],[101.26066009090772,3.6727303550538863],[101.26119009660675,3.672150043585873],[101.26143982972366,3.671729631691676],[101.26141018449732,3.6710397252103917],[101.26139042061033,3.6706202123887692],[101.26174974632363,3.6701396145946887],[101.26205966534042,3.670030019581475],[101.26278011612061,3.669920424568204],[101.26316998492433,3.6698997628170673],[101.26354997238877,3.6700902078982267],[101.26383024617928,3.6700704440111735],[101.2639200773055,3.669950069794538],[101.26406021299232,3.6696203893075676],[101.26430994731771,3.669260163313254],[101.26475012068204,3.6689502455048455],[101.26511034425948,3.6688397538359254],[101.26538972018585,3.6686798518452406],[101.26572030095383,3.6686798518452406],[101.2656996392027,3.668929584962143],[101.26572030095383,3.6694595894526856],[101.26582989596704,3.6697704063336687],[101.26594038884446,3.6699096441563483],[101.26615957645402,3.6700201370337027],[101.26666982068286,3.6699096441563483],[101.26708035123778,3.669289808539588],[101.26733008193787,3.6692996898788692],[101.2675798126379,3.6695503184430436],[101.26788973165475,3.6697704063336687],[101.26808017431904,3.669739863243194],[101.26905035579921,3.6694398255656893],[101.26938991762552,3.6693598757787527],[101.26989027930665,3.6691101450787187],[101.27011036719722,3.66882987128821],[101.27044004768419,3.668660090375056],[101.27074996790947,3.668440002484431],[101.27095029191304,3.668440002484431],[101.27105988692631,3.6686403264880596],[101.27121978650013,3.6689197024144278],[101.27150006029063,3.669079601988244],[101.27186028628495,3.669030195291782],[101.2723301048756,3.6687202762749394],[101.27261037987455,3.6682801029106145],[101.27282956748417,3.668030369793712],[101.27308019846521,3.6679504200067754],[101.27327962218777,3.668030369793712],[101.27363984818209,3.6684202385974345],[101.2737799838689,3.6686996145238027],[101.27400007175953,3.6689502455048455],[101.27418961655968,3.669120027626434],[101.27444024512386,3.669289808539588],[101.27438994177169,3.6694299442264082],[101.27426956634662,3.6698997628170673],[101.27423992112028,3.67015039379811],[101.27426956634662,3.670400124498201],[101.27430010943704,3.6705402626018326],[101.27448965423719,3.6706300949364845],[101.27474028280142,3.6705699054112984],[101.27493971014928,3.670489956832796],[101.27507984825297,3.6703004120326455],[101.27521998393979,3.669989593943285],[101.27527029091726,3.6695700823300967],[101.2755002577303,3.6694299442264082],[101.27560985274351,3.669519775352626],[101.27574010950792,3.6697102204337853],[101.2758002954078,3.669989593943285],[101.2759404335115,3.6701602763458254],[101.27621980943786,3.6701000868206393],[101.27649020188909,3.669940187246823],[101.27696990302746,3.669599727556374],[101.27718999091809,3.6692404018430693],[101.27741007639185,3.669069720648963],[101.27761040039542,3.6690499567619668],[101.2778295904219,3.669020313952501],[101.27814040730289,3.6688801758488125],[101.27871981969832,3.668490305836656],[101.27944026927003,3.668379814167679],[101.28022000687753,3.668330407471217],[101.2805496873645,3.668440002484431],[101.28075001257656,3.668609783397585],[101.28068982667662,3.669030195291782],[101.28082996236344,3.669279925991816],[101.281130000041,3.6691999774133706],[101.28123959505422,3.6689996522013075],[101.28141027383151,3.6686996145238027],[101.28194028073892,3.6684498838237687],[101.2823301495427,3.6684804269141864],[101.28237955623916,3.6686996145238027],[101.28216036862955,3.66901043261322],[101.28216036862955,3.6693401131001906],[101.28229960645223,3.6695098964301565],[101.28257988145117,3.6693401131001906],[101.28272001955486,3.668979888314311],[101.28286015524168,3.668619664736866],[101.2830802431323,3.668510069723652],[101.28338028080981,3.668759800423686],[101.28357970453237,3.6691802135263174],[101.28370996129678,3.6698198130301307],[101.28370996129678,3.6701800390244443],[101.28346023059675,3.6705402626018326],[101.28340992361927,3.670819639736635],[101.28356982560996,3.6722201120335285],[101.28342968750627,3.672660287814722],[101.28307036058453,3.673330430408953],[101.28311976728105,3.6736098075437553],[101.28325990538474,3.6737499432305754],[101.28350963608477,3.6737499432305754],[101.28415013707803,3.673810131547384],[101.28476009135551,3.673839774356793],[101.28525955517244,3.6737795884569096],[101.28583986784895,3.6737598245699132],[101.28608959854898,3.673839774356793],[101.28644982212643,3.67426018625099],[101.28674985980393,3.6746302923761505],[101.28705977882078,3.674959972863121],[101.28749995218516,3.675240249070498],[101.28778022839248,3.675269891879964],[101.28817009477939,3.6752195873193614],[101.28866955980482,3.6750498039893387],[101.28896959748232,3.67502016117993],[101.2890297833822,3.6752195873193614],[101.2890001405728,3.6755501656704723],[101.2890001405728,3.6758600858957493],[101.2890504451334,3.6760801737863176],[101.2893001782503,3.6763397858256894],[101.28977987576343,3.6763101405993552],[101.29050032654357,3.6758897311220267],[101.29068987134372,3.675639998005124],[101.29113992604738,3.675480098431251],[101.29143996372488,3.675480098431251],[101.29204992041923,3.6760397481481846],[101.29219005610605,3.676370328916164],[101.29216041329664,3.6767898417377864],[101.29216041329664,3.677179710541509],[101.29229965111932,3.6772902034188633],[101.2925502796835,3.677179710541509],[101.29294014969565,3.676820384828204],[101.29343961351265,3.676569752638727],[101.29383038018051,3.676399971725573],[101.2943298439975,3.6765203471506993],[101.29457957590597,3.67670989195085],[101.29457957590597,3.6771599466545126],[101.2943801485581,3.6774698656712985],[101.29418970589381,3.677859735683512],[101.29424001287128,3.6779702285608664],[101.2943801485581,3.678050178347803],[101.29477001736188,3.6780798235740804],[101.29522995461326,3.6778803962262145],[101.29588033694574,3.67732972756761],[101.29613006764583,3.6773602706580846],[101.29657024101016,3.67789027877393],[101.29684961693653,3.678200195373904],[101.29724038360445,3.678200195373904],[101.29729967284862,3.6779495668097297],[101.29729967284862,3.677500408761773],[101.29745957483931,3.677280320871148],[101.29785034150723,3.6771096420938534],[101.29818990333348,3.6772003710842114],[101.29846029578471,3.677590241096425],[101.29879986123626,3.6778103289869932],[101.29909989891377,3.677730376783245],[101.29944035860422,3.6773701532058],[101.30007995810803,3.676980283193643],[101.30035035297607,3.6765401098292614],[101.30036023552384,3.6758097789182784],[101.30038987833325,3.6753103175181536],[101.30077974713703,3.675030042519211],[101.30124956572769,3.6747497687287023],[101.30166997762188,3.6743904430153975],[101.30177957021823,3.6739700311212005],[101.30177957021823,3.673440023005355],[101.30186042028618,3.6729396613242216],[101.30211015098621,3.672660287814722],[101.30248025711137,3.6724401999240968],[101.30287012591509,3.6723000618204082],[101.30331030169634,3.672249757259806],[101.30406039528594,3.67236025013716],[101.30441972099925,3.6725902169502547],[101.30536025604471,3.673399600992468],[101.30611034842588,3.6741496933736357],[101.30658016701653,3.6745997492857327],[101.30729971993259,3.6749096683025186],[101.30812976210063,3.6750003972928766],[101.30848998567808,3.675170178206031],[101.30879990590336,3.6755798108968065],[101.30891039878071,3.6763397858256894],[101.30895980426874,3.6770099296283547],[101.30899034735921,3.6772596603284455],[101.30915024693303,3.6773701532058],[101.30962994807146,3.6773198486451975],[101.31003958076218,3.6773198486451975],[101.31045999265638,3.6775102913094884],[101.3106001283432,3.6779298029226766],[101.3104303474301,3.6782900265001217],[101.31029020932641,3.6787903881812554],[101.31029020932641,3.679180258193412],[101.31047975412656,3.6794102274233182],[101.31090016602076,3.679490177210255],[101.31139963104613,3.679800097435475],[101.31147958083307,3.6801100140354492],[101.31120020369826,3.680519646726225],[101.31114001538151,3.680940058620422],[101.31120020369826,3.6813299274241444],[101.31150024137582,3.681639845232553],[101.3125297108918,3.682169852139964],[101.31272015355609,3.682339633053118],[101.31264020376915,3.6826199068436267],[101.31250006566546,3.682839994734195],[101.31219014544024,3.6831202697331378],[101.31185956708907,3.683340357623763],[101.31162959785922,3.683650274223737],[101.31166014094964,3.6841003313442684],[101.31184968574979,3.684430011831239],[101.31210031431402,3.6847902354086273],[101.31245964002727,3.684940256060088],[101.31324027549891,3.6849698988694968],[101.31394006452791,3.6850004419599713],[101.31432005199235,3.6851603415337877],[101.31479975313079,3.685299581773336],[101.31509979080829,3.685219631986456],[101.31540970982513,3.6849195943088944],[101.31574028817624,3.6846096752920516],[101.31627029508365,3.6845602685955896],[101.31654967221846,3.6848099992956804],[101.3164598398838,3.68550978832468],[101.31662962079696,3.685920318879596],[101.31714974394822,3.686119742602159],[101.31759980227719,3.685870011902125],[101.31803997564151,3.685819704924654],[101.31842984444523,3.685959843028286],[101.31889966303595,3.686409898940383],[101.31923024380393,3.686820429495299],[101.31964975662555,3.6873603153251793],[101.31993003041606,3.6875804032157475],[101.32041961289372,3.6876396924599817],[101.32091997457485,3.6880601043541787],[101.32116970527488,3.6884499731579012],[101.32144997906539,3.6888101967353464],[101.3218102050597,3.6889000290699983],[101.322200072655,3.6890698099830956],[101.32260970534577,3.6893204409641953],[101.32272019822318,3.6895998168905635],[101.32288997913628,3.690160365680015],[101.32296992892321,3.6904604033575197],[101.32372002130438,3.690739779283888],[101.32426979209885,3.690909560197042],[101.32469020157617,3.6909697460969255],[101.32508007158833,3.690749660623169],[101.3256603830564,3.690330146593112],[101.32622003277328,3.6899402765809555],[101.32672039566279,3.689410272090413],[101.3269503648927,3.6891299982998476],[101.32725040015339,3.6890204032866336],[101.32750013327029,3.6890302846259146],[101.3277804070608,3.6892800153260055],[101.32827987208623,3.689669885338162],[101.32865985955067,3.6898899732287873],[101.32904972593752,3.6900103474454227],[101.3294395947413,3.6900399902548884],[101.32961027593541,3.690180128358577],[101.33000014473919,3.690679590967136],[101.33023999409994,3.691290445525624],[101.3304097750131,3.6917396023651463],[101.3306900488036,3.6919399275771525],[101.3309101379026,3.692130369033009],[101.33154973740642,3.692189660694055],[101.33220999866137,3.692300153571466],[101.33245973177833,3.6923603394713496],[101.33288014125566,3.692699901297601],[101.33318017893316,3.6928400394012897],[101.33354040251061,3.6928103941750123],[101.33385032273588,3.692699901297601],[101.33390961077163,3.692450170597567],[101.33380001817522,3.69183033498075],[101.33390961077163,3.6914997542127708],[101.33433002266582,3.6911700701004975],[101.3346597067781,3.69108023897428],[101.33479984246492,3.690780201296775],[101.33483038555539,3.6902501968062325],[101.33469024624327,3.690020226367892],[101.33433002266582,3.689630359980981],[101.33413958120997,3.6893797289999384],[101.33430037985636,3.6891299982998476],[101.33471989267798,3.68896021738675],[101.33516006604236,3.68896021738675],[101.33552029203662,3.6892701339867244],[101.33577002273671,3.6896402389034506],[101.33593980364981,3.690110058702544],[101.33609970322368,3.69041997771933],[101.33637997943106,3.6904999275062664],[101.33680038890839,3.690449622945664],[101.337239665617,3.690390334909921],[101.33772026582801,3.690390334909921],[101.33804994631498,3.6905295727326006],[101.33841016989237,3.6907900838444903],[101.3384901196793,3.6910398169613927],[101.33834998399249,3.6916497712389287],[101.33851976490564,3.692380103358346],[101.33879015735687,3.692740326935791],[101.33910007758209,3.6930502459526338],[101.3397396770859,3.6931697198882603],[101.33995976497653,3.693190381639454],[101.34015020764082,3.693449994887203],[101.34042958356719,3.6938398636909824],[101.34042958356719,3.694120137481491],[101.34094970913532,3.69475974061055],[101.34120033769949,3.695400237978504],[101.34098024980892,3.695679613904872],[101.34080957103163,3.6961799755860056],[101.34094970913532,3.69665967672438],[101.34138000116036,3.6971402745184605],[101.3460898689683,3.692530120384504],[101.34659023064944,3.6917000782163996],[101.34827996142036,3.689880090681072],[101.35056976633791,3.6871599913215505],[101.34818024774643,3.6855403314150976],[101.35018977887347,3.682970249081734],[101.35019965900437,3.6788101520682517],[101.34992028549482,3.678050178347803],[101.34931032759204,3.67732972756761],[101.34806975486907,3.676399971725573],[101.34757029105208,3.6757199465836266],[101.34728013471386,3.6748899044155223],[101.34724959162338,3.6742404223639937],[101.34736008450079,3.672810304840823],[101.34758017239136,3.6717404108950973],[101.34688038698766,3.668260339023618],[101.34666029788866,3.66736022599099],[101.34723971270097,3.665029997852116],[101.34713999902704,3.6619496749152063],[101.34654980621968,3.660750424486082],[101.3456595745264,3.6597802442142893],[101.34398960764247,3.658699569856708],[101.34337965094812,3.6582701769042387],[101.34310027381332,3.6576197945717013],[101.34303020657416,3.6566199702820654],[101.34574042459434,3.643539602678061],[101.34773019304276,3.6348304377114573],[101.35068025921532,3.5992499680959895],[101.17810043164963,3.5356896736013823],[101.15902021560981,3.52315009210821],[101.11653978935965,3.4945603129515916],[101.11192963522564,3.4918698588184043],[101.10978984975105,3.490059753830792],[101.10221974568833,3.4855097880135304],[101.10144000808083,3.4865697994115408],[101.10025962367462,3.4882298849561835],[101.09898042104174,3.490059753830792],[101.09823032745214,3.491719840583869],[101.09749999895797,3.493040363093769],[101.09681009247669,3.4945701942908727],[101.09627020543837,3.495979651271284],[101.09590997944412,3.4969695954300732],[101.09575996120952,3.4982200507008088],[101.09563958699289,3.498849768865341],[101.09554975586667,3.4994399616726355],[101.09552999197967,3.4998998989240135],[101.09560006284414,3.500299650275508],[101.0957698437573,3.5004703290528028],[101.09611030344769,3.5004101431528625],[101.09642022246453,3.5002601225014587],[101.09642022246453,3.5000499159501715],[101.09712001149353,3.49997984871095],[101.09780991555795,3.5001298681539197],[101.0981701415522,3.500229579410984],[101.0979401723223,3.5003598361753916],[101.0974496919805,3.500299650275508],[101.09696999084207,3.5002601225014587],[101.09652981747774,3.5006095668754824],[101.09652981747774,3.5011395737828934],[101.09603035366075,3.501519561247335],[101.09560006284414,3.5016902400246295],[101.09555963720595,3.5019597346117166],[101.09577972509658,3.5019597346117166],[101.0960501175478,3.502140298353538],[101.09626032409909,3.5022498909499404],[101.09684961662543,3.50254004607973],[101.09712989283281,3.502830202417954],[101.09752964176738,3.5029002720740436],[101.09780003663548,3.5027897791966325],[101.09795005366158,3.5025202858180364],[101.09848994069989,3.5020100415891875],[101.09908013350724,3.501669578273436],[101.09918972972889,3.501669578273436],[101.09918972972889,3.5018195989248966],[101.0982797341486,3.5025104032702643],[101.09798957901876,3.502810440947826],[101.09795005366158,3.503169766661074],[101.09819978436167,3.5034599229993546],[101.0987702144904,3.503750078129144],[101.09919961106817,3.504040234467368],[101.09955983464562,3.5042100153805222],[101.10006019632675,3.5043699149543386],[101.10047970914837,3.5046699526319003],[101.10080040736864,3.504960108970124],[101.10082017125563,3.505110125996225],[101.10075998535575,3.505170314312977],[101.10048959048765,3.504999633118871],[101.09893999782042,3.5042297792675186],[101.0984198722523,3.503839910463796],[101.09795005366158,3.503629703912452],[101.09764013464479,3.503769839599272],[101.09737962474128,3.5041300655935856],[101.09701041648026,3.504640307405566],[101.09668971705156,3.5053499777738466],[101.09637979803477,3.5061297153813484],[101.09613006733468,3.5065896526327265],[101.09583991099646,3.507010062110055],[101.09562970565361,3.5073496275616094],[101.09562970565361,3.507729615026051],[101.09582014710946,3.50789041125563],[101.0962198984609,3.5080799560557807],[101.09705982317672,3.5086000816239107],[101.09745957331978,3.5088300496453826],[101.09750988029725,3.50896030640979],[101.09749011641026,3.5091399686622253],[101.09735986085428,3.5091498512099406],[101.09553987331896,3.508140145580967],[101.09522995671898,3.507770037038938],[101.09522995671898,3.5074098134615497],[101.0955201130572,3.5069301123231185],[101.09589021797393,3.506300394158643],[101.09614983122174,3.5056500154514083],[101.09645975023852,3.504969990309405],[101.09686039945416,3.504319610393736],[101.09711013015419,3.5038003826897466],[101.09727991106735,3.503420395225305],[101.09717031605413,3.503229952561014],[101.0968999236029,3.5033404454383685],[101.0967499065768,3.503570415876709],[101.09648041198972,3.5041597084030514],[101.0963699191123,3.5042198979282375],[101.09628996690856,3.503970163602901],[101.09653970002546,3.5034895658087635],[101.09667983571228,3.5030700541955753],[101.09646962916099,3.502999983331108],[101.09600969190961,3.5029002720740436],[101.09567013008336,3.5030296285574423],[101.09567013008336,3.5031904284122675],[101.09506017338896,3.5034096160218837],[101.09428043698995,3.5036602470029266],[101.09378007530881,3.5039198602507327],[101.09327971362768,3.504549578415208],[101.09277036726297,3.5052996707963757],[101.09233019389865,3.5060596457253155],[101.09144984475307,3.508239855629597],[101.09129982772697,3.5085300119678777],[101.0911201642661,3.509679855700483],[101.09030000102041,3.511830422795356],[101.08997032053344,3.5130000304150713],[101.089590333069,3.5136701742177365],[101.08921034560456,3.514549623082303],[101.08893995315333,3.515480279205349],[101.08858960970679,3.516879853638045],[101.08827968948151,3.5174296220156407],[101.08800031355514,3.518000052144373],[101.08771015721692,3.5193196767901327],[101.08726010251326,3.520429995165614],[101.08719991661337,3.520679725865648],[101.08686035116176,3.521030068103812],[101.08675974083212,3.521230392107384],[101.08652977401908,3.521770281562567],[101.08645970315462,3.5220801981625414],[101.08641029645815,3.5223901183877615],[101.08630968492008,3.522629970165383],[101.08622973634158,3.5229102439558915],[101.08574015386387,3.524270290614595],[101.08507989260892,3.526020209702267],[101.08485980350991,3.526940084205023],[101.08454000557066,3.5276497545733037],[101.08431003513232,3.5283504402580093],[101.08416001810616,3.529149940544073],[101.08416001810616,3.529829964477642],[101.08424984923238,3.530280020389739],[101.08423008534538,3.5308998584233677],[101.08378003064172,3.531369678222461],[101.0831997191737,3.5320101755904147],[101.08257987993164,3.5328500990978],[101.08226008199239,3.533489702226859],[101.08164024275027,3.5349296986724426],[101.0813698502991,3.5356097238144457],[101.08088026782139,3.537259930436619],[101.08028019246632,3.538699929299071],[101.07968011952812,3.5397599419055155],[101.07944026895893,3.5402396418354556],[101.07900997693389,3.5415601643454124],[101.07853027579552,3.543019928303295],[101.07799038996563,3.5443296716097734],[101.07740019594985,3.545630430232677],[101.07706961518187,3.546059826810449],[101.07686030649472,3.5465601884915827],[101.07665010356868,3.5470201257429608],[101.07633030200412,3.5476696077944894],[101.07552002009777,3.5490197755307236],[101.07523974630726,3.5495803231117407],[101.07488042059396,3.5505603859312487],[101.07445012977735,3.551229628244471],[101.0739596494355,3.5518701292377273],[101.07332004630643,3.553450263786999],[101.07320955342902,3.553900322115908],[101.07300024836718,3.554270427032634],[101.07258971781226,3.5547600070934777],[101.0722699162477,3.555210065422443],[101.07174979309644,3.5563500266073333],[101.07145963675822,3.557139644345682],[101.07128985584507,3.557719955813752],[101.07097005428051,3.55863983273332],[101.07059994936378,3.559210262862109],[101.07032955691261,3.5596702001134304],[101.07006994245637,3.5602002046040298],[101.06991992422184,3.5606098372948054],[101.06923989907983,3.562339992495481],[101.06902969373698,3.5631403918541196],[101.0690099322668,3.5637503461315987],[101.0691599492929,3.5641402161437554],[101.06951029153106,3.5645202036082537],[101.06969983633121,3.5647798156475687],[101.06966031218246,3.5648696467737864],[101.0690602368274,3.5647798156475687],[101.06876019914989,3.5649298362989725],[101.06801010556029,3.5654499582418566],[101.06768042507332,3.565769759806358],[101.06723036795279,3.5663698351614244],[101.0669896207279,3.567010332529378],[101.06685038048835,3.5675502195676927],[101.06640032578468,3.569259714225609],[101.06597003375964,3.5704095579582713],[101.06572030064274,3.5709296835264013],[101.06533043063052,3.5714902311074184],[101.06515975185329,3.5719995750552584],[101.06504027550073,3.573949818146559],[101.06483007136626,3.5743702300407563],[101.0646198660234,3.5746496059671244],[101.06445996403272,3.575019712092285],[101.06424975989825,3.5755497165828274],[101.06398026289429,3.5761300280508976],[101.06369998910378,3.5766303909404087],[101.06362992186462,3.576819935740616],[101.0636398032039,3.5778197588218177],[101.0634897825525,3.5780802723506326],[101.06311967763577,3.5785500909412917],[101.06276035192246,3.5793199472094557],[101.06235970270689,3.5800898034776765],[101.06211985334608,3.5808596597458404],[101.06186024130676,3.5816304138782016],[101.06173986709007,3.581800194791299],[101.06171022065536,3.5821002324688607],[101.06158984643866,3.5826401195071753],[101.06148025384232,3.5830704139490877],[101.06125028461241,3.5835797566884935],[101.06125028461241,3.583860030479002],[101.06120985897422,3.584269664378155],[101.06105984194812,3.584569702055717],[101.06087029714791,3.584869736107919],[101.06087029714791,3.5850404185105162],[101.06095024693485,3.5852497235724172],[101.06099965604818,3.585379980336768],[101.06063044778716,3.5855102371011753],[101.0600896604679,3.5857896130275435],[101.059880355406,3.5859998195788876],[101.0595596559773,3.5863501606085606],[101.05907007349964,3.5871200180852156],[101.05892005647354,3.5875799541281594],[101.05869996858291,3.588010248570072],[101.05833974138017,3.5885896597570763],[101.05816007912773,3.5889903089727113],[101.05792022976698,3.58975028269316],[101.05733003695963,3.5907195663092466],[101.05685033582125,3.591870307906049],[101.05666977570468,3.5922601767097717],[101.05665001181768,3.592630282834932],[101.05681979273083,3.5928000637480864],[101.05762019208947,3.5931099827648723],[101.05823014878382,3.5934199029901492],[101.06423987855896,3.595419552777912],[101.0643395922329,3.5955399269945474],[101.06422999601125,3.595559688464732],[101.05939975398661,3.5939499074806918],[101.05878979970913,3.5937702440198223],[101.05778997300257,3.593450446080624],[101.0568898635953,3.5930300329779925],[101.05666977570468,3.5931297466519254],[101.05642004379621,3.593310306768501],[101.0557696626721,3.5940801642450992],[101.05511030169816,3.594900323865488],[101.0549099764861,3.5953602635337347],[101.05465036202992,3.5963403239363743],[101.05435032676922,3.5970203490783206],[101.05422995255259,3.5974299817690962],[101.05450034379538,3.5982303811277347],[101.05499980882075,3.5996003103341536],[101.05560976309829,3.600600137040658],[101.0561703106793,3.601989828925639],[101.05645956915339,3.6025395973032346],[101.0608397540575,3.6039795973741207],[101.06112990918729,3.604140397228946],[101.0610104352516,3.6041700400384116],[101.0563400952177,3.6025899042807055],[101.05628978824024,3.602490191815207],[101.05601041110543,3.601940422229177],[101.05485966950863,3.5996101916734347],[101.05447968325262,3.5985600616147053],[101.05412035633094,3.597659948582134],[101.05393979621437,3.5975701174559163],[101.0537601327535,3.597850391246425],[101.05342955198552,3.5980596999336285],[101.05281959529117,3.598390280701608],[101.05023963403534,3.600750154066759],[101.04999978467458,3.6011400228705384],[101.04967010418761,3.6016098414611974],[101.04939970931952,3.60197006624702],[101.04864961693835,3.602630327502027],[101.0478599992,3.603400183770191],[101.04754019763544,3.60387000236085],[101.04724015995794,3.604339820951509],[101.04649006757677,3.6057196351225116],[101.04594029919917,3.606779646520522],[101.04566990433108,3.607330312762258],[101.04543993751804,3.6077004188873616],[101.04493957462853,3.608310375581766],[101.04368013588265,3.609479980784556],[101.04321031729194,3.6097297139014586],[101.04299023181824,3.6099596807144962],[101.0428303298275,3.610239954505005],[101.04270995802773,3.6105902991600374],[101.0425401746977,3.6109496248732853],[101.04225001835948,3.6113197309984457],[101.041659827969,3.6119898735927336],[101.04112981985315,3.6128495621955494],[101.04043003203259,3.6138601644802293],[101.03997009478121,3.6146596671831617],[101.0394302077429,3.615230097311894],[101.03927030816908,3.615499590690547],[101.03914993395239,3.6160403780098136],[101.03907986671322,3.616229922810021],[101.03873041992233,3.617089607787534],[101.03832977070675,3.6182996410453825],[101.03816987113288,3.6188898338527338],[101.03820041422335,3.6191000379871525],[101.04015963958136,3.6199803871327276],[101.04043991337187,3.6200495565078086],[101.04106963395321,3.620019913698343],[101.04119000937834,3.6200801008066605],[101.04143974007837,3.6203495941853134],[101.041640064082,3.6208499570748813],[101.04156011429507,3.620830193187828],[101.04105975261393,3.6202103563626338],[101.04081990083631,3.620169931932878],[101.04040038922312,3.620179813272159],[101.04015963958136,3.6201097460329947],[101.03987038110728,3.6199902684720087],[101.03853009471032,3.6193300072170587],[101.03808992134594,3.6191503449646234],[101.03778000232916,3.6191000379871525],[101.03740001486472,3.6192302935431258],[101.03681970339665,3.619519552017209],[101.03590971144166,3.6198698942553733],[101.03552972397716,3.6200603369196642],[101.03517039826392,3.6203199513758477],[101.03439964413155,3.6208499570748813],[101.03371961898961,3.621149994752386],[101.03316985061201,3.6215299822168276],[101.03181968287578,3.6226699434017746],[101.0312797934206,3.62340027310438],[101.03102018017285,3.6239401625595065],[101.03075967026933,3.6243201488155137],[101.02997005011412,3.625460111208895],[101.02971043686637,3.6257996730351465],[101.02929990631145,3.626699786067718],[101.02914000794601,3.6274399971096045],[101.02903041172436,3.6277903393477686],[101.02867018814692,3.6284002960421162],[101.02861988237788,3.6288198088637387],[101.028559696478,3.628920421610246],[101.0285803570207,3.6291099639935283],[101.03169032397551,3.632970025746374],[101.03171008665413,3.633079620759588],[101.03166966222437,3.6331595705465247],[101.0286396450565,3.629400120331752],[101.02845998280407,3.6291800348580523],[101.02829020189091,3.6291800348580523],[101.02794973857522,3.6292896274543978],[101.02739008885834,3.629259984644932],[101.02678013458086,3.6293300518841534],[101.02603004099126,3.629519596684304],[101.02544972952319,3.6298196343618088],[101.02499967119428,3.6302104010297285],[101.02325963707113,3.6319297770269827],[101.02256973058985,3.6327301739687528],[101.0222301651383,3.633289827310932],[101.02148995409641,3.634080341704987],[101.02130040929626,3.634250126243387],[101.0211899164189,3.6344702117171437],[101.02047036712815,3.635419731446234],[101.01981998721249,3.636580354382261],[101.01973015608627,3.636769899182468],[101.01948042296937,3.637009747334787],[101.01944000095648,3.6372397177731273],[101.01968973165651,3.637529874111351],[101.01977956278273,3.6376700122150396],[101.01919026663114,3.6375002276765827],[101.01839975223709,3.6376098226898534],[101.01800000088559,3.6377104342279267],[101.01753018229493,3.6379197429150736],[101.01692022439215,3.638040117131766],[101.01641986271102,3.6382799664925187],[101.01593028265023,3.6388000920606487],[101.01524037616895,3.639150434298813],[101.01466006470088,3.6395995911382784],[101.01400968478521,3.6400397669195286],[101.01315987873011,3.6407000281744786],[101.01233971548447,3.6414600031033615],[101.01195972922847,3.641999890141676],[101.01063022203493,3.643320412651576],[101.01042989803136,3.643439889004128],[101.01019004867055,3.6436195524649975],[101.00938964931191,3.644429833162917],[101.00802959902796,3.645540150329964],[101.00737023563715,3.645889594703931],[101.00653031092133,3.646319887937466],[101.00624015579155,3.6466100442756897],[101.00238009645557,3.6502598994771915],[101.00202975180053,3.650569816077166],[101.00139015229678,3.650980346632082],[101.00041997081655,3.651660371774028],[100.99998967999989,3.6520601231255228],[100.99965999709605,3.6523403969160313],[100.99880030849323,3.6528200980544057],[100.99864040891941,3.652939571990089],[100.99819035421575,3.6534803593093557],[100.99731000507018,3.654419996490674],[100.99672969360216,3.6549697648682695],[100.99584035977301,3.655569840223336],[100.99555020343473,3.6556803331006904],[100.99524028683481,3.6558501140138446],[100.9950004350572,3.656039658813995],[100.99464021147975,3.6563900010521593],[100.99444976881546,3.656680156181949],[100.9941802754368,3.657019721633503],[100.99398983277251,3.657149975981042],[100.99387035521153,3.657420370849138],[100.99353977444355,3.6578596463493227],[100.99290017493973,3.65848037983028],[100.9922003883276,3.659100219072343],[100.99059958961033,3.6604099623788215],[100.98983961468144,3.660799831182544],[100.98929972764313,3.661010037733888],[100.9889296227264,3.6613495995601397],[100.98865024680003,3.6616002305412394],[100.98830978348434,3.661680180328119],[100.98797022165809,3.6618697251282697],[100.9873800276423,3.662389848279588],[100.9866002900348,3.662800378834447],[100.98594002877985,3.663200130185942],[100.98533995342478,3.663679830115882],[100.98488989751269,3.6639097969289196],[100.98439043611262,3.664090360670798],[100.98420987357918,3.6642700241316675],[100.98404009145759,3.6647200788352734],[100.9838801930922,3.6653003903033436],[100.98367986788014,3.6657702088940027],[100.98327023518942,3.6663199772715984],[100.98321004928948,3.6665400651622235],[100.98323969209895,3.6668796281969094],[100.98342025584083,3.6673099226388217],[100.98457009957343,3.66882987128821],[100.9864296112575,3.671169980766365],[100.98634966147063,3.6711897446533612],[100.98541002308087,3.670000376772009],[100.98365022265386,3.6678695723556984],[100.9830699111858,3.6674302944386454],[100.98280041659876,3.6673099226388217],[100.98252014280826,3.6672901587518254],[100.98230993625691,3.6673898724257583],[100.98144036631476,3.6681300822592107],[100.98144036631476,3.6685298336106484],[100.98178981310565,3.6689996522013075],[100.98223986901769,3.669720099356198],[100.98238988604385,3.67015039379811],[100.98275999458588,3.6708403002793943],[100.9845799784959,3.6726504052670066],[100.98467969216983,3.672859711537285],[100.98465004936037,3.6729198998540937],[100.9837499363278,3.672040448572659],[100.98238988604385,3.6706696190852313],[100.9822201051307,3.670349821145976],[100.98200001724007,3.6696796773433107],[100.98192994879247,3.669519775352626],[100.98109002528508,3.6684696452938965],[100.98092024437193,3.668399576846298],[100.98078010505981,3.6684498838237687],[100.98062020669443,3.668560376701123],[100.9801997935918,3.668979888314311],[100.9795997206536,3.6694595894526856],[100.97906971374613,3.669720099356198],[100.97844987692093,3.6698602386683206],[100.97813007656481,3.6698099316908497],[100.9776297136753,3.6698602386683206],[100.97729015184899,3.669889883894598],[100.97672960426797,3.6702303435850467],[100.97633973425582,3.670489956832796],[100.97593998411276,3.6707998758496387],[100.97548004686138,3.67117986331408],[100.97503987108018,3.6716101577559925],[100.97395021566433,3.672489606620559],[100.97297015284482,3.6730402752791633],[100.97257040511863,3.6731804109659834],[100.97234043468029,3.6731804109659834],[100.97197032976356,3.673069918088629],[100.97174035932522,3.6731498678755656],[100.97123011872168,3.673420262743605],[100.97066956751536,3.673810131547384],[100.97000032278527,3.6741200481473015],[100.96978023731151,3.674209879273519],[100.96926999308266,3.674350018585642],[100.96912985497897,3.674519799498796],[100.9686699177276,3.674570106476267],[100.96859985048843,3.6747497687287023],[100.96808960625958,3.6752600105406827],[100.96777968965961,3.6754199125313676],[100.96625974101022,3.6761295804827796],[100.96487004549999,3.6768096044163485],[100.96448017548778,3.6770296923069736],[100.9642798514842,3.6771096420938534],[100.96405976601045,3.6772102536319835],[100.96333033175517,3.6775803585487097],[100.96303029770291,3.677740258122526],[100.96269971693494,3.677939685470392],[100.96222001579656,3.678159773361017],[100.96183014699278,3.678360097364589],[100.96133966665099,3.6785397608254584],[100.96121031016759,3.6786502524944353],[100.96115012185084,3.6786502524944353],[100.96090039115074,3.6788002707289706],[100.96082044136386,3.6788901018551883],[100.9607701343864,3.6790095794161175],[100.9607701343864,3.6791497151029375],[100.96073959129592,3.6793203962971006],[100.96078001572567,3.679490177210255],[100.96086984806033,3.679650076784071],[100.96086984806033,3.6797902148877597],[100.96099022227696,3.679950114461576],[100.96106029072462,3.6801100140354492],[100.96114023930312,3.680199845161667],[100.9613504458544,3.6805403072689273],[100.96139985496774,3.680669663752326],[100.96145015952834,3.6807603951595524],[100.96145015952834,3.6814197597587963],[100.96139985496774,3.6815302526361506],[100.96139985496774,3.6817296763587706],[100.96132978410327,3.681820407765997],[100.96128037861524,3.6820997812754968],[100.96128037861524,3.6821896136101486],[100.9612004288283,3.682339633053118],[100.96121031016759,3.6824896512876535],[100.96121031016759,3.6826603324818166],[100.96125971686405,3.6828902992948542],[100.9613001412938,3.6830097768557835],[100.9613504458544,3.683249625008102],[100.9613504458544,3.683299931985573],[100.96138997362846,3.6833601178855133],[100.96137020974146,3.6834301887499805],[100.96131002384152,3.683389764320225],[100.96114023930312,3.6832298647464086],[100.96111957876036,3.6828804179555164],[100.9610899359509,3.682750163608034],[100.96111957876036,3.682500430491075],[100.96111957876036,3.682360294804255],[100.96121031016759,3.681910240100592],[100.96126959820333,3.681770100788526],[100.96128037861524,3.6815203700884354],[100.96126959820333,3.6811700254334596],[100.96123007163777,3.680979583977603],[100.96123007163777,3.680840344946489],[100.96121031016759,3.6806400209428602],[100.96111957876036,3.680419933052292],[100.96090039115074,3.6801100140354492],[100.96083032270315,3.6800300642485126],[100.96069018459946,3.679759671797285],[100.96065964150898,3.679539583906717],[100.96060035347324,3.6793203962971006],[100.96050962448288,3.6792000220804084],[100.9603398423613,3.6791003084064755],[100.96029043324796,3.679030239958877],[100.96023024734808,3.678989815529121],[100.96007034777426,3.678989815529121],[100.96000027811817,3.6790904258587602],[100.9597999541146,3.6791595964422754],[100.95966969976706,3.679289853206626],[100.95948015496691,3.6793796843328437],[100.95916035340235,3.6795602456578536],[100.95865011038194,3.679850400787643],[100.95852973737374,3.679950114461576],[100.95828988559606,3.680049828135566],[100.95820005446984,3.6801100140354492],[100.95812010468296,3.6801297779224456],[100.95795032376981,3.6801198953747303],[100.95693971785983,3.6802896762878845],[100.95671963238613,3.6803804089035452],[100.95639983203,3.6805600711559805],[100.95623004990841,3.6805798326261083],[100.95572968822728,3.680710089390516],[100.95558955012359,3.680710089390516],[100.95533981942356,3.680749615956131],[100.95511973153293,3.6807603951595524],[100.95489964605923,3.6807999205167334],[100.95471998259836,3.6808098018560145],[100.95451965859473,3.680869987755898],[100.95428968936488,3.680920294733369],[100.95403995745636,3.68095982009055],[100.95380010688717,3.6810604328370573],[100.95321979421072,3.6811197220812915],[100.95245982049022,3.6811700254334596],[100.95207983302578,3.681290400858529],[100.95101982041933,3.6813101647455824],[100.9507700897193,3.681380231984747],[100.95044040923233,3.681390113324028],[100.95014037155477,3.6814898269980176],[100.94943968587006,3.6816901510015896],[100.94901029170916,3.681770100788526],[100.94885038971847,3.6818096261456503],[100.94865006571484,3.68187969580174],[100.94842998024114,3.682009950149279],[100.94815958537305,3.6821402069136298],[100.9479197360123,3.6822003952304385],[100.94784966877307,3.6822803450173183],[100.9477203098728,3.682339633053118],[100.94746968130863,3.682530075717409],[100.94741038964759,3.6825902616172925],[100.9472199469833,3.6827097391782786],[100.94713011585708,3.6827896889651583],[100.94689026649633,3.6828902992948542],[100.94678965616663,3.6829603701593214],[100.94666029726642,3.6830600802079516],[100.94653004291888,3.6831499125426035],[100.94640966870219,3.6832002195200744],[100.94631983757597,3.6832801680985767],[100.94623000524132,3.683389764320225],[100.94607998579835,3.6834795954464425],[100.94593985011153,3.6837203450882043],[100.94585990032459,3.6838200551368914],[100.94577006919843,3.6838901260013586],[100.9456496937733,3.6838901260013586],[100.94537031784694,3.6838703621143623],[100.94529036806,3.6838497003631687],[100.94517987518265,3.6838299364761724],[100.94500021172178,3.683759869236951],[100.94477024249187,3.6836898019977866],[100.94469029270493,3.68370956225948],[100.94461034291805,3.6837904123274257],[100.94453039313112,3.6838901260013586],[100.94453039313112,3.6842395703753823],[100.94448996870136,3.6843599445920177],[100.94447020481437,3.68441024915262],[100.94423035545361,3.6844901989395566],[100.94395996421082,3.6843500632527366],[100.94387013187617,3.684279994805081],[100.94370034854614,3.6841901636788634],[100.9435700941986,3.6841497380407304],[100.94339043194617,3.6841497380407304],[100.94315956364375,3.684170399791867],[100.94267986371375,3.6843401807050213],[100.94258015003982,3.6843895874014834],[100.94246965716246,3.6845000802788377],[100.94243013301372,3.6846096752920516],[100.94228999370159,3.684839645730392],[100.94226034847526,3.684950137399369],[100.9419998385718,3.684950137399369],[100.94188036101082,3.684889949082617],[100.94182017511093,3.6848099992956804],[100.94168991955496,3.684739932056459],[100.94152013743337,3.684769574865925],[100.94138000174655,3.6848504249338703],[100.94122998230358,3.684950137399369],[100.94107996406905,3.685039969734021],[100.94064967083557,3.6851100369731853],[100.9403199903486,3.685289700434055],[100.94009001991026,3.685439717460156],[100.93984028921017,3.6855897381115597],[100.93968038963635,3.685700230988971],[100.93945042040644,3.6857999446629037],[100.9392402138551,3.685860130562787],[100.93867966627408,3.685879893241406],[100.93855030737387,3.6859400791412895],[100.93827003358336,3.6862095737283767],[100.93814965815824,3.686370373583202],[100.93805982703202,3.6864799685964726],[100.93797987724508,3.6866704112607636],[100.9379196913452,3.6867503610476433],[100.93788016357115,3.686820429495299],[100.9378002149927,3.686879717531042],[100.93772026520577,3.686879717531042],[100.93767983956758,3.686850074721633],[100.93751005865442,3.686809649083443],[100.93744987275454,3.6867898864048243],[100.93728997318073,3.686879717531042],[100.93714983507704,3.6870198556347304],[100.93706000395082,3.687070160195333],[100.93693962852569,3.687070160195333],[100.93673032346379,3.687089924082386],[100.93650035302551,3.6872597049954834],[100.93635033358248,3.68735043640271],[100.93615989091819,3.687539978785992],[100.93608982247059,3.6876899982290183],[100.93600987268366,3.687750185337336],[100.93597034611804,3.6878804408933092],[100.93597034611804,3.688009797376708],[100.93598022745738,3.6881696993673927],[100.93604041577413,3.6883700233709646],[100.93620031534795,3.6887203656091287],[100.9362703837956,3.6889000290699983],[100.93632967424821,3.689050048512968],[100.93632967424821,3.689180302860507],[100.93628026513488,3.689359965112942],[100.93622996057428,3.6894300359774093],[100.93619043400867,3.689500104425008],[100.93617965359681,3.6896195783606913],[100.93614012944806,3.689710309767918],[100.93610958635759,3.6898199023642633],[100.93607005858354,3.689909733490481],[100.93597034611804,3.6899995658251328],[100.93586973457997,3.690129821381106],[100.9357996673408,3.6902600781455135],[100.93569995366681,3.690439741606383],[100.93569995366681,3.6905196913932627],[100.93568018977982,3.6907900838444903],[100.9356900711191,3.690879914970708],[100.93570983500615,3.690979628644641],[100.93581044654422,3.691109884200614],[100.93581044654422,3.691199716535266],[100.93583021043122,3.6912599024351493],[100.93577002090603,3.6912302596257405],[100.93574037809657,3.691199716535266],[100.93555981797999,3.6911197667483293],[100.93551040886666,3.6910299344136774],[100.93545022296678,3.6909697460969255],[100.93542956121564,3.690879914970708],[100.93538015451918,3.6907703223743624],[100.93536039063213,3.6904604033575197],[100.9354196798763,3.6902600781455135],[100.93551040886666,3.6900498728026037],[100.93561012254065,3.6897399525773835],[100.93557957945018,3.6894803405380117],[100.93542956121564,3.6892297119738373],[100.93538015451918,3.6891102344128512],[100.93538015451918,3.6888299606223427],[100.93545022296678,3.688650297161473],[100.93544034041906,3.6885200416055],[100.93544034041906,3.6883502594839683],[100.93539991598931,3.6881903611185294],[100.93528044205362,3.6880403404671256],[100.93504957375114,3.6877995944506665],[100.93487979283805,3.6877897119029512],[100.93475043393778,3.6877304238671513],[100.9345698738212,3.6877304238671513],[100.93433002446045,3.6876801168896804],[100.93415036099958,3.6876702355503994],[100.93393027310896,3.6877304238671513],[100.93380989889232,3.6877304238671513],[100.93349997987548,3.6880601043541787],[100.93333019775395,3.68821012138028],[100.93320982353725,3.6882999537149317],[100.93276965017293,3.688410446592286],[100.93243008834662,3.688430209270905],[100.9321201681214,3.6884697370448976],[100.93200967524399,3.6885200416055],[100.93187043742131,3.6886296366187707],[100.93167011341774,3.6889000290699983],[100.93151021142705,3.6891596411093133],[100.93132965010204,3.689550407777233],[100.93119041227936,3.689960040467952],[100.93072957595541,3.691419804425891],[100.93061998335901,3.6917000782163996],[100.93054991249454,3.6920099972331855],[100.93045019882061,3.692230082706942],[100.93037024903367,3.6925903087012557],[100.9303199456815,3.692949635622938],[100.93023999589457,3.693319740539664],[100.93023999589457,3.693510183204012],[100.93017980636938,3.69378955913038],[100.93021035066829,3.694020427432804],[100.93021035066829,3.6944695842723263],[100.93022023200757,3.694689669746083],[100.93008997524316,3.6949699435365915],[100.93001002545623,3.695199913974932],[100.92985012588241,3.6954801877654404],[100.92971987032644,3.6957999893299984],[100.92965968080125,3.696029956143036],[100.92958961356203,3.6961602129073867],[100.92963003799179,3.696949833062604],[100.92964980187884,3.6970504433922997],[100.92964980187884,3.697310056640049],[100.92957973222275,3.6978598250176447],[100.92942971398821,3.6985200862725947],[100.92933000031428,3.6988102414023842],[100.92910003108437,3.6994004354181698],[100.92902996263672,3.6997103544350125],[100.92896977673684,3.699919660705291],[100.92881975729387,3.7002897680388855],[100.92865985771999,3.7006302289377118],[100.92856014404606,3.7008898409770836],[100.92856014404606,3.701020097741491],[100.92847031291984,3.7012895923285782],[100.92841012701996,3.7014997988798655],[100.92827987025555,3.7019498535835282],[100.92822956327808,3.702249891261033],[100.92802025821624,3.70281043884205],[100.92786035864236,3.7033997349936953],[100.9276896774482,3.7039099792225443],[100.92753965921366,3.704399558074897],[100.9272198576491,3.7053904000978832],[100.92720997630983,3.7054496893420605],[100.92714979040994,3.7055296415458656],[100.92713990907066,3.7055799448980338],[100.92708960209319,3.7056598946849135],[100.92705007673601,3.705800032788602],[100.92704019539673,3.705909629010307],[100.92698000949679,3.706030000810074],[100.9269395838586,3.7061602575744814],[100.9267895668325,3.706499819400733],[100.92672039624904,3.7066803831426114],[100.92664044404523,3.7068097384175758],[100.92645988392866,3.7071502017332705],[100.92645000138094,3.7071996084297325],[100.92640957936806,3.707249914198769],[100.92637993414172,3.7073298639857057],[100.92632962716425,3.7074098137726423],[100.92629010180707,3.707450239410832],[100.92624967737737,3.7075499494594624],[100.92617961013815,3.7076496631333953],[100.92617961013815,3.70768020622387],[100.92613020344169,3.7077799198978028],[100.9260700139165,3.7078499871369672],[100.92602959190361,3.7079703625620937],[100.92592987822968,3.7080799575753076],[100.92590023300335,3.7082200932621276],[100.92579962267371,3.7083000454659327],[100.92576009731653,3.7084401811527528],[100.9256603836426,3.7085497761659667],[100.92564960443917,3.7086997931921246],[100.92561007787356,3.708769864056592],[100.92554989197362,3.7089899495303484],[100.92548970244843,3.709079780656566],[100.92547982110915,3.7091696117827837],[100.92541963520927,3.709239682647251],[100.92541963520927,3.7093600580723773],[100.92530015764828,3.7094696494602886],[100.92524985429611,3.7096196701116924],[100.92523009040912,3.7097400443283846],[100.92516002196146,3.709919707789254],[100.92510971498399,3.710010436779612],[100.92510971498399,3.7102197430498904],[100.92513037673518,3.7104003055833346],[100.92516002196146,3.71047037403099],[100.92516990450918,3.71055032381787],[100.9252399717484,3.710620391057091],[100.92529027872587,3.710770411708495],[100.92538998998293,3.710870125382428],[100.92539987132221,3.7109096495311746],[100.92544029575197,3.71097971797883],[100.92546994218674,3.711039906295582],[100.9255202455389,3.7111000921954655],[100.92554989197362,3.7111602805122175],[100.92556965223537,3.7112698731086198],[100.92556965223537,3.711349825312368],[100.92555977331295,3.7113102987468096],[100.92547982110915,3.7112096872087363],[100.92539987132221,3.7110803307253377],[100.92534956676161,3.711030023747867],[100.92520044759965,3.710829699744238],[100.92514025807446,3.710780293047776],[100.9251195975317,3.710770411708495],[100.92502976519705,3.7106599188311407],[100.92490040992215,3.710679682718137],[100.92479979838402,3.7107497499573583],[100.92470008471008,3.710819818404957],[100.92456982915411,3.711049787634863],[100.9245401827194,3.711070449386],[100.92447999681951,3.711289636995616],[100.9243901656933,3.711489960999245],[100.92437040180624,3.7116202177635955],[100.9242697914766,3.711959779589904],[100.92418984168967,3.7120999189020267],[100.92410989190279,3.7123101242448797],[100.92401017822885,3.712470023818753],[100.92394998991205,3.712579618831967],[100.9238197355645,3.71282036605686],[100.92377032645118,3.7129703854998297],[100.92364995465141,3.7130898606439473],[100.923519697887,3.7133000659868003],[100.92342986676078,3.713389897113018],[100.92320977887016,3.713709698677576],[100.92311006519623,3.7139702097895224],[100.92304987929634,3.7140798048027364],[100.92302023407001,3.7141902976800907],[100.92288997972247,3.7145100980362145],[100.92281991006644,3.71458016648387],[100.92267977437962,3.714880204161375],[100.92266001049262,3.7149996780970582],[100.92256029681863,3.7151802418389366],[100.92248034703175,3.715390444764921],[100.92240039724481,3.7155503467556628],[100.92232044866631,3.715599753452125],[100.92222971605065,3.715710246329479],[100.92218030935419,3.71574977168666],[100.92203029232809,3.715919555016683],[100.92197010401134,3.716020166554756],[100.92168983022083,3.7164100353584786],[100.92162964311245,3.7164801025977],[100.92162964311245,3.7166103593620505],[100.92155957345642,3.7166597660585126],[100.92150028542068,3.7167603763882084],[100.92142033563374,3.7167999017453894],[100.92137003107314,3.7168699726098566],[100.92111041540846,3.7173101459741815],[100.9210403481693,3.717390094552684],[100.92093973663123,3.7175499965434256],[100.92078971960507,3.7176901322302456],[100.92074031049174,3.717809609791175],[100.92066036070486,3.717910220120814],[100.9206100561442,3.718019816342519],[100.92052022501804,3.718130309219873],[100.92045015415351,3.7182497831555565],[100.92038996825363,3.718339614281774],[100.92024983014994,3.718489634933178],[100.92023994881066,3.718580363923536],[100.92015999902372,3.7186603137104157],[100.92009981312384,3.7187600273844055],[100.9198896065725,3.7189702327272585],[100.91980965678556,3.719099589210657],[100.9197395895464,3.7191696564498216],[100.91972970699868,3.7192603890654823],[100.91969017922463,3.719360101530981],[100.91968029788535,3.7194400513179176],[100.91964975721174,3.7195298836525694],[100.91947997388172,3.7196897820180084],[100.91934971953418,3.71985956413954],[100.9192697697473,3.719950293129898],[100.91922036063397,3.7199898196955132],[100.9191700572818,3.720050006803831],[100.91905956440439,3.7202503308074597],[100.91891044161713,3.720470418698028],[100.91887001960424,3.72058989505058],[100.91878018726959,3.7206896087245127],[100.91866969439224,3.720839626959048],[100.91838043712659,3.7211800890663085],[100.9181899944623,3.7213301060924664],[100.91805973769789,3.7215798367925004],[100.91803997381083,3.721700212217627],[100.91797978791095,3.721819688570122],[100.91795014268462,3.7220002498951317],[100.91790972067179,3.7221296063785303],[100.91789983812401,3.722230219125038],[100.91789983812401,3.7225598996120084],[100.91796990657167,3.722809630312099],[100.91803997381083,3.722900362927703],[100.91811992601464,3.7229803127146397],[100.91831036867893,3.7230701438408573],[100.91842984382305,3.7231896177765407],[100.91856009937902,3.7232399247540116],[100.91869035614337,3.723360298970647],[100.91888978228286,3.723590266992119],[100.91893020550413,3.7236603366482086],[100.91899039382093,3.7237304050958073],[100.91901015529106,3.723769929244554],[100.91907034360781,3.723869642918487],[100.91915029339475,3.7239397113661425],[100.91917993862108,3.724019663569891],[100.91929043149844,3.7241499167089955],[100.91937038128538,3.724229866495932],[100.91949973776877,3.7243403593732864],[100.91963987587246,3.7244697182735536],[100.91979977544628,3.7245900924902458],[100.91987972523322,3.7247095676343065],[100.91996955635943,3.7247697559511153],[100.92009981312384,3.7249799625024025],[100.92015011647601,3.7251102156415072],[100.9202103060012,3.725219810654721],[100.92023994881066,3.7252296932024365],[100.9202902545797,3.725309642989373],[100.9203603230273,3.725509966992945],[100.92046003670123,3.7255800342321663],[100.92049956326684,3.7256501050966335],[100.92052022501804,3.72573005488357],[100.9205902922572,3.7257803594441725],[100.92069000593114,3.725960021696608],[100.9208400229573,3.7261495664967583],[100.92093973663123,3.7262402954871163],[100.92123977430873,3.7264199613648543],[100.92138979254327,3.7265600970516743],[100.92153981198624,3.7266104040291452],[100.92159999788618,3.7266598107256073],[100.92170959289939,3.726710117703078],[100.92184972858621,3.7268098277517083],[100.92192968079002,3.7268295916387615],[100.92204017366737,3.726940084516116],[100.9221901919019,3.7269903914935867],[100.92223959859842,3.7270299156423334],[100.92228990436746,3.7270802226198043],[100.92236985415434,3.7271197479769853],[100.92263036526629,3.7272302408543396],[100.92274984161878,3.7271898152162066],[100.92279026725697,3.7271197479769853],[100.92284955529277,3.7270397981900487],[100.92294028428313,3.72696972974245],[100.92301035273073,3.726940084516116],[100.92309030493453,3.726860134729179],[100.92336967844403,3.726860134729179],[100.92341010287379,3.7268798986162324],[100.92341010287379,3.7269203206291195],[100.92340022153445,3.726940084516116],[100.9232897286571,3.726940084516116],[100.92318013606075,3.72696972974245],[100.9231603721737,3.7269796122901653],[100.92310018385695,3.7270101529637714],[100.92303011540935,3.727059562077102],[100.92297981205712,3.7270802226198043],[100.92288997972247,3.727199697763922],[100.92286033449619,3.727269767419955],[100.92288009838319,3.7273497172068915],[100.92290974119265,3.727400021767494],[100.92293040294379,3.7274404461972495],[100.92298969097959,3.727520395984186],[100.92303999795706,3.7275401598711824],[100.92325020329992,3.727610228318838],[100.92332027174757,3.7277000594450556],[100.92342986676078,3.7277099407843366],[100.92355024097748,3.7276596338068657],[100.92359964767394,3.7276596338068657],[100.92365983357382,3.727600345771066],[100.9237101405513,3.727579684019929],[100.92372990443829,3.727509616780708],[100.92382961811228,3.727380260297366],[100.92387004012517,3.7272302408543396],[100.92387992146445,3.72710986542927],[100.92395987125133,3.72696972974245],[100.92395987125133,3.72689966008636],[100.92405958492532,3.7267999488292958],[100.92411977324207,3.7266795746126604],[100.92415031391567,3.7266202853684263],[100.92420960557672,3.7265502157123933],[100.92425990892889,3.726509793699506],[100.92430033456708,3.726509793699506],[100.92430033456708,3.726540333164678],[100.92409012801573,3.7270200343030524],[100.92400029688952,3.7271898152162066],[100.92397963513838,3.7272796463424243],[100.92393022844192,3.727380260297366],[100.92385027865498,3.7274799715544304],[100.92376044752876,3.7276802955580024],[100.92379997288594,3.7278096544582695],[100.92380985422523,3.727889604245206],[100.92388980401216,3.7279596714843706],[100.9239904143418,3.7280998107964933],[100.92407036412874,3.7281599966963768],[100.9241404349932,3.728189641922711],[100.92424014625027,3.728189641922711],[100.92437040180624,3.7280297423488946],[100.92437040180624,3.7280099784618415],[100.92445035159318,3.7279102647879085],[100.92468032203152,3.72777012668422],[100.92492017018384,3.7277800092319353],[100.92528039738659,3.727859959018872],[100.9255400094259,3.7277997731189885],[100.92544029575197,3.727879721697434],[100.92534956676161,3.727889604245206],[100.92528039738659,3.727969554032086],[100.92516990450918,3.727990214574845],[100.92513037673518,3.727939911222677],[100.92479979838402,3.727939911222677],[100.92470008471008,3.727990214574845],[100.92463001505405,3.7280099784618415],[100.92450964325423,3.7281096921357744],[100.92440992958029,3.7281797593749957],[100.92437040180624,3.728280370913069],[100.92433985871583,3.728409729813336],[100.92447011548018,3.7284995609395537],[100.9247099672578,3.7286199327393206],[100.92478991704473,3.7286998849431257],[100.92488963071867,3.7287798347300622],[100.92496957929717,3.728859784516942],[100.92508007217452,3.728949616851594],[100.92518966477093,3.729089752538414],[100.92530015764828,3.729200244207391],[100.92549958499615,3.7294499785327275],[100.92576997623894,3.72983984733645],[100.92558043506409,3.729679945345765],[100.92545017829968,3.7295496922066604],[100.92540975266155,3.729529928319664],[100.92533968542233,3.7294499785327275],[100.92529027872587,3.7294203333063933],[100.92521032652206,3.7292900765420427],[100.92507019083524,3.729169704742219],[100.92485010294467,3.7289100890776012],[100.92464977894105,3.7288202579513836],[100.92457971049345,3.728740308164447],[100.92435962260282,3.728549865500156],[100.92394998991205,3.728239945274879],[100.92385027865498,3.7282103024654134],[100.92364007331213,3.728039621271307],[100.92355024097748,3.7280297423488946],[100.92337955978331,3.7280297423488946],[100.92334003563457,3.7280099784618415],[100.92332027174757,3.727990214574845],[100.9232897286571,3.7278096544582695],[100.92325020329992,3.7277503664225264],[100.92306964318334,3.727620109658119],[100.9229699295094,3.7275895665676444],[100.92256029681863,3.7274404461972495],[100.92244980394128,3.7273595997546067],[100.92192968079002,3.72710986542927],[100.92166018741136,3.726949965855397],[100.92151016675996,3.7268197102994804],[100.92123977430873,3.7266598107256073],[100.92109963620504,3.726540333164678],[100.92093973663123,3.72639031613852],[100.92081038014783,3.726279823261166],[100.92062981761438,3.726189992134948],[100.92058041091792,3.7261100423480116],[100.92044027281423,3.725940261434914],[100.9203603230273,3.725860309231109],[100.92031990101441,3.7258100046705067],[100.92026959403694,3.7257004096572928],[100.92014023755354,3.725509966992945],[100.9200198633369,3.7253500674191287],[100.92000009944985,3.725270117632192],[100.9198896065725,3.725059912289339],[100.91975036874982,3.7248901301677506],[100.91970994311163,3.7248101779640024],[100.91955992608553,3.7246601609378445],[100.91948985522106,3.724599975037961],[100.91932995564719,3.7244499543865572],[100.9191898175435,3.724329580169865],[100.91910986775656,3.7242397490436474],[100.9190398005174,3.7241795619353297],[100.91892032295641,3.72404032411265],[100.91884037316953,3.7239998996828945],[100.91843972516233,3.7235803844444035],[100.91817023057524,3.723370181518362],[100.91811004467536,3.7233396384279445],[100.9180498563586,3.723290229314614],[100.91791960201107,3.7232803503922014],[100.91774981868105,3.7232399247540116],[100.91757015522018,3.7232102795276774],[100.91752973320729,3.7231797364372596],[100.91742013819407,3.723159974967075],[100.91735006974648,3.7230800251801384],[100.91732042452014,3.7230099555241054],[100.91721981298207,3.722850055950232],[100.9171102179688,3.722959650963503],[100.91718028883332,3.7230800251801384],[100.91720005030345,3.7231797364372596],[100.91723957686906,3.723500434657467],[100.91735006974648,3.7235399624315164],[100.91742013819407,3.7236001483314567],[100.91757015522018,3.723760047905273],[100.9176195643335,3.7238804221219652],[100.91763034353698,3.724030442773369],[100.91763034353698,3.7241903423471854],[100.9176195643335,3.7243196976221498],[100.91756027629776,3.724430190499504],[100.91756027629776,3.724539786721209],[100.91750008798101,3.7246601609378445],[100.91747044517155,3.724740110724781],[100.91742013819407,3.7248398231902797],[100.9173698312166,3.724989841424815],[100.91721981298207,3.7251802865059744],[100.91720005030345,3.7253401860798476],[100.91692965785228,3.725630341209637],[100.91682994417829,3.72573005488357],[100.91674011305207,3.7258899544574433],[100.91665028192591,3.725979785583661],[100.91652990650078,3.726199873474229],[100.91642031390444,3.7263103663516404],[100.91620022601381,3.7266598107256073],[100.9160699692494,3.7268295916387615],[100.91586964524583,3.727170054954456],[100.91551031953253,3.727610228318838],[100.91526956989077,3.727930028674905],[100.91520040051569,3.728039621271307],[100.91498031504199,3.7283198986871184],[100.91490036525505,3.7284600343739385],[100.91476022715136,3.7286396966263737],[100.91459044502977,3.728970277394353],[100.91449971603942,3.729089752538414],[100.9143901210262,3.7291903652849214],[100.91433981404873,3.7292801976195733],[100.91403977637123,3.7296601838756374],[100.91400025222248,3.7297500162102324],[100.9137100958842,3.730089578036541],[100.91353043363182,3.7302099534616104],[100.91344958598074,3.730340206600715],[100.9133103457412,3.7304803447044037],[100.91323039595426,3.7306097011878023],[100.9131396669639,3.7306797720522695],[100.91304983462925,3.730769603178487],[100.91278034004216,3.730950163295063],[100.91258001603859,3.7311495906429855],[100.91247042102538,3.7312798437820334],[100.9122898609088,3.7313696761166852],[100.91220991112186,3.7314900503333774],[100.91187034567031,3.731749665997995],[100.9116098357668,3.731899683024153],[100.91146969645467,3.7320497012586884],[100.91135022251905,3.732090125688444],[100.91108971019867,3.732359620275531],[100.91093969196413,3.7324602318136044],[100.91025966682213,3.733119595204414],[100.90998029089576,3.733339683095039],[100.90983027386966,3.733520243211558],[100.90964971012778,3.73361007554621],[100.90948981055396,3.733779856459364],[100.90935955378956,3.7338795689248627],[100.90923019851459,3.7340700115891536],[100.90897956753355,3.734200268353561],[100.90877026126321,3.7344302387919015],[100.90857981859892,3.7346099010443368],[100.90827978092142,3.7348201051787555],[100.90806957437007,3.734989888508778],[100.90800040499505,3.7351003813861325],[100.90786026689136,3.73519021251235],[100.90772013120454,3.7353599946339386],[100.90759975577942,3.7354597070994373],[100.90743985741403,3.7356600311030093],[100.90740032963998,3.7357902854505483],[100.90729971810191,3.7359304235542368],[100.90711017330176,3.7361100870151063],[100.90697992016266,3.736320292358016],[100.90684966339825,3.736410124692611],[100.90661969295991,3.736640091505649],[100.90631965649084,3.7368404155092776],[100.90597021211681,3.7370398428571434],[100.90583007643,3.737129673983361],[100.9056899383263,3.737170099621551],[100.90560998853937,3.7372599307477685],[100.90545008896555,3.737329997986933],[100.90539978198808,3.7374099477738696],[100.90529018697487,3.737540204538277],[100.90528030442715,3.737579728687024],[100.90528030442715,3.7377998177860263],[100.90544020641784,3.7379597161514653],[100.9056198698787,3.7381798040420904],[100.90568005577859,3.7382301110195613],[100.90580042999528,3.738450196493261],[100.90582019388228,3.7386100984840027],[100.90588037978216,3.7386900482708825],[100.9059396690264,3.7388301839577025],[100.90601961881327,3.7389002548222265],[100.90613999302997,3.7390403905090466],[100.90615975691696,3.7390996785447896],[100.90633043569426,3.739210171422201],[100.9065397443814,3.7394500231998222],[100.90656040492416,3.739580279964173],[100.90665023725882,3.739660228542675],[100.90689996795885,3.7399800276903648],[100.90682001817197,3.739880314016432],[100.90650021902428,3.7396296854522575],[100.90645979459453,3.7395901588866423],[100.90634031703354,3.7395200904389867],[100.90629989502065,3.7394599045391033],[100.9059800934561,3.739120340295983],[100.90590014366921,3.738999967287725],[100.90583995535246,3.7389397789709733],[100.9057698869048,3.7387897619448722],[100.9056899383263,3.7386999296102204],[100.90560010599165,3.738569674054247],[100.90554979901418,3.7384304362315675],[100.90538001810108,3.73811961814215],[100.9053395960882,3.7380899729158727],[100.90530995086186,3.738010023128936],[100.90520035584865,3.7379300733419996],[100.90515993262733,3.7379300733419996],[100.90507010150111,3.737900428115722],[100.90487965641995,3.737980377902602],[100.90476018248427,3.738109736802869],[100.90476018248427,3.738210347132508],[100.90469011403667,3.738530148697066],[100.90469011403667,3.73882030503529],[100.90469999295908,3.739009847418572],[100.90462004317214,3.7395102090997057],[100.90459040036274,3.7400698588165824],[100.90437031247211,3.7407498839585855],[100.90423017436842,3.741119990083746],[100.9041098025686,3.7412502456396624],[100.90388971467803,3.741550283317224],[100.90371993376488,3.7417398281173746],[100.90332018241338,3.742080289016201],[100.90318992564903,3.742209647916468],[100.90296984017527,3.7422895964949703],[100.90280005684525,3.74240997192004],[100.90260961418096,3.7424899217069765],[100.90248025769756,3.742579752833194],[100.90227993369399,3.7426902457105484],[100.9020104391069,3.7429696216369166],[100.90167985833892,3.7431600643012075],[100.90144000897817,3.743460101978769],[100.9011399725091,3.7437403757692778],[100.90090012073142,3.74401975290408],[100.90065038882295,3.7442802628075356],[100.90037011503244,3.7446099457113746],[100.90024974081575,3.7448102697150034],[100.90002965292518,3.7450698829627527],[100.89994970313825,3.745239663875907],[100.89979968611215,3.745389682110442],[100.8995697156738,3.7457202628784216],[100.89938017087366,3.7458100940046393],[100.89893999750927,3.746120013021482],[100.8987899780663,3.7462403884465516],[100.89860043568302,3.746480236598927],[100.89803000313742,3.7470803119539937],[100.89783956047313,3.747250092867091],[100.89767966089926,3.7474099924409643],[100.89745957300869,3.7476399628793047],[100.89734998041229,3.747770218435221],[100.89714965640871,3.7480900175829106],[100.89696011160856,3.7482903415865394],[100.89691968597037,3.7485598361735697],[100.89687028048235,3.748729617086724],[100.89691968597037,3.7488598738511314],[100.89692956851809,3.7490197734249477],[100.89702029750845,3.749150030189355],[100.89710024729538,3.749239861315573],[100.89742993019922,3.7495102537668004],[100.89765989701226,3.7496297301192953],[100.8977398467992,3.749650391870489],[100.89789974878988,3.7496899160192356],[100.89804976702442,3.749719562453947],[100.89811983426364,3.749750105544422],[100.89825009102805,3.749769869431418],[100.89842975448886,3.7498597005576357],[100.89850970306736,3.7498597005576357],[100.89862019594477,3.749900122570523],[100.89874955484498,3.749929767796857],[100.89887980919252,3.74997019343499],[100.89904959252254,3.7500402606742114],[100.89910977842243,3.7500501432219266],[100.89944035919041,3.7502100415873656],[100.89959037742494,3.7502603485648365],[100.89964966546074,3.7502702286956833],[100.8997799222251,3.7503501808994884],[100.89985987201203,3.750420248138653],[100.89995958447753,3.750469654835115],[100.90017967357659,3.7505999115995223],[100.90029016524551,3.750629554408988],[100.90047971004566,3.7507202858162145],[100.90062972828025,3.750810116942432],[100.90080040705749,3.750890066729312],[100.90126034672573,3.750989780403245],[100.9015397226521,3.751030202416132],[100.90167985833892,3.751030202416132],[100.90192958903901,3.751049966303185],[100.90219010256777,3.751110154619937],[100.9022898162417,3.751149679977118],[100.9024101904584,3.7511703405198205],[100.9025404435975,3.751250290306757],[100.90280005684525,3.7512799367415255],[100.90293031360966,3.751379649207024],[100.90305967250993,3.7514101898806302],[100.90326987543591,3.751560210532034],[100.90319980819675,3.751540446644981],[100.90315040150028,3.751540446644981],[100.90289977051918,3.751449717654623],[100.90272010705837,3.751369767867743],[100.90252966439402,3.7513302400936936],[100.90225028846766,3.751240408967476],[100.9017104014294,3.7511703405198205],[100.90149031353877,3.751159561316399],[100.90105014017445,3.751159561316399],[100.90092976595776,3.751100273280656],[100.90060008305392,3.7509996617425827],[100.90040964038963,3.7509403712899143],[100.90031980805497,3.7508496422995563],[100.90014014580254,3.75073016836393],[100.89984998946431,3.7505199618125857],[100.89967032721188,3.750430130686368],[100.89924991773455,3.7502603485648365],[100.8990397111832,3.750219924135081],[100.8988600477224,3.750120210461148],[100.8985896528543,3.7500402606742114],[100.89833004081493,3.749919886457519],[100.89816025990183,3.749890241231242],[100.89802012421501,3.7498201727835863],[100.8977596106862,3.749769869431418],[100.89766977955998,3.749709679906232],[100.89742993019922,3.7496297301192953],[100.89718019708232,3.74959020355368],[100.89697987307869,3.749489592015607],[100.89663042870473,3.749360235532208],[100.89608964380227,3.7492802869537627],[100.89570965633783,3.749409642228727],[100.89544016175074,3.7495803246312676],[100.89517964943042,3.7496800370967662],[100.8949802220825,3.74980040889659],[100.8948302050564,3.749900122570523],[100.89451040349184,3.7500896673706734],[100.89429031801814,3.7502603485648365],[100.89400016288829,3.750369941161182],[100.893789956337,3.7504903165863084],[100.89358963233337,3.7505100792648705],[100.89333001908562,3.7506600974994058],[100.8930102187295,3.7507696925126766],[100.89279013083888,3.7510104421544384],[100.89258980562687,3.7511703405198205],[100.89222958204942,3.751509903554563],[100.89181995177552,3.751860248209539],[100.89158998254567,3.7521099789096297],[100.89126030205864,3.7524001340394193],[100.89116957065147,3.752540273351542],[100.89092972129066,3.752749578413386],[100.89069975085232,3.7529202596075493],[100.89046978403928,3.753140345081306],[100.89031976338788,3.7532795865292883],[100.89006015134856,3.753489789455273],[100.88989037043541,3.7536901134589016],[100.8895903327579,3.753920083897185],[100.88938012620656,3.754130290448529],[100.88901990262912,3.754399783827182],[100.88873962883861,3.7545596834009984],[100.88854020149074,3.7546504123913564],[100.8884198272741,3.7547600086130046],[100.88785029500946,3.755130113529731],[100.88767961623222,3.7552603702941383],[100.8873301718582,3.755510100994229],[100.8870804387413,3.7556502390979176],[100.88694030305447,3.755810138671734],[100.88680016495078,3.755909852345667],[100.88663038403763,3.756110176349239],[100.88644982271262,3.756270075923112],[100.8861902106733,3.7564200953660816],[100.88598000412196,3.756500045153018],[100.88588029044803,3.756500045153018],[100.88560001665752,3.7565296903792955],[100.88523979308007,3.756480281265965],[100.88507000975011,3.7565602310529016],[100.88490022883695,3.756749775853052],[100.88486968574648,3.7568899139567407],[100.88486968574648,3.7569797462913925],[100.88477985341183,3.7571001205080847],[100.88474032926308,3.757160306407968],[100.88443040903786,3.757359733755834],[100.88430015589876,3.757569939098744],[100.88409983189518,3.7577900245725004],[100.88400999956053,3.7579499265631853],[100.88393004735673,3.7581197074763395],[100.88376026644357,3.7583397953669078],[100.8835096378794,3.7585796447276607],[100.8831503121661,3.7589901752825767],[100.88287003475028,3.7593198557695473],[100.88173995490467,3.760130137675958],[100.88115964343666,3.7604598181629285],[100.88095033837476,3.7606601421665005],[100.88060987505906,3.7608398044189357],[100.88032960126856,3.761079656196557],[100.87953010219093,3.761780343089697],[100.87915011472643,3.7621396688030018],[100.87890038160953,3.7622303977933598],[100.87867041358805,3.7624199425935103],[100.87844044435815,3.7626400304841354],[100.87825000169386,3.7627702848316176],[100.87803979514257,3.7629795935188213],[100.87782958979966,3.76325986730933],[100.87754033132558,3.7635302597605573],[100.8771001579612,3.7639704355417507],[100.87685042726116,3.7641599803419012],[100.87676957719322,3.764290233481006],[100.87642013281925,3.7645300852586274],[100.87626023324538,3.7646199175932793],[100.87596019556787,3.7647896985064335],[100.87573022633796,3.7648903088360726],[100.87557032676415,3.765060089749227],[100.87535023887352,3.765169685970875],[100.87520022184742,3.765309821657695],[100.87491994684848,3.765479604987661],[100.87475016593532,3.7655999767874846],[100.87446989214482,3.7658003007910565],[100.87423992291491,3.765999728138979],[100.87390035988022,3.766350072793955],[100.873809628473,3.7664704445937787],[100.87375034043725,3.7665899209462737],[100.87377010311582,3.766720177710681],[100.87370991721593,3.766829772723895],[100.87377010311582,3.7669995536370493],[100.87397042832782,3.7672304195226616],[100.87399019100644,3.7673903215133464],[100.87405037811476,3.7675403385395043],[100.87408990468037,3.767729883339655],[100.87414020924098,3.7678601401040623],[100.87423992291491,3.7679697351172763],[100.87437017847088,3.7680101571301634],[100.87456960340188,3.7681197521433774],[100.87468997761857,3.768150295233852],[100.87483999826998,3.768199701930314],[100.87499989663536,3.7682095844780292],[100.87514003594748,3.7683200773553835],[100.87541042719027,3.7685401652460087],[100.87569968566436,3.7686901822721097],[100.87594043168087,3.768889608411598],[100.87608955205127,3.769019865175949],[100.87663033937054,3.769479802427327],[100.8769303770481,3.769690008978671],[100.87714956465771,3.7699100932439933],[100.87740019563876,3.7701104184559995],[100.87761040219004,3.770329608482484],[100.87788977811641,3.770619764820708],[100.87844044435815,3.7711497693112506],[100.87862010661058,3.771289907414939],[100.87875036337499,3.7714102816316313],[100.87885007704892,3.7714596883280933],[100.87920041928709,3.771700437969855],[100.87937020020019,3.7719097442401903],[100.8795804055431,3.7720696426055724],[100.87993973246478,3.772560122947425],[100.88019036344588,3.7727703294987123],[100.88055957049846,3.7733596256503574],[100.880709588733,3.773649780780147],[100.88097998118423,3.773969582344705],[100.88126025497473,3.774360349012568],[100.88155041010452,3.774869692960408],[100.88181990469161,3.775079898303318],[100.88170043075593,3.7751598480901976],[100.88156029265224,3.775229916537853],[100.8809395579629,3.774360349012568],[100.88067006337582,3.773969582344705],[100.88045985803296,3.7735698309932104],[100.88024965148162,3.7733201002931764],[100.88007987056847,3.7731404344154384],[100.87978971423024,3.7728404003631795],[100.87959028809081,3.7726499540736427],[100.87949955910045,3.772610429924896],[100.87933965710977,3.772460412898738],[100.87901985796208,3.772100185696047],[100.8787602459227,3.7718396757925348],[100.87849973239395,3.77153963811503],[100.87784036900308,3.7709602245111],[100.87746038153864,3.770670068172876],[100.87724029606488,3.7704499826991196],[100.8770300895136,3.770190368242936],[100.87689983395762,3.7701104184559995],[100.87668962740634,3.7699298571309896],[100.87629975860256,3.769649583340481],[100.87608955205127,3.7694896837666647],[100.87560985453814,3.769019865175949],[100.87524962733545,3.7687000636114476],[100.87468997761857,3.768400025933886],[100.87399019100644,3.7682203636814506],[100.87362008608972,3.768059566243494],[100.87324009862527,3.767959852569561],[100.87294006094771,3.76794997123028],[100.87258971629274,3.7681296346910926],[100.87228967861518,3.7683497225817177],[100.87208037355333,3.768460215459072],[100.87191957369845,3.768460215459072],[100.87173991023758,3.7683596015041303],[100.87121978708632,3.7682095844780292],[100.87092963195653,3.768199701930314],[100.87044004947887,3.7682302450207885],[100.86990016244056,3.768419789820939],[100.8691599489818,3.768760249511331],[100.86894974243052,3.7688402029235704],[100.86877996151736,3.768930034049788],[100.86862006194349,3.7689902199496714],[100.86844039969111,3.7690998149628854],[100.8682598383661,3.7691501195234878],[100.86804963302319,3.7692399506497054],[100.86784032433604,3.7692498319889864],[100.86753040773607,3.769399852640447],[100.86738038708467,3.7695103455178014],[100.8671396374429,3.769600176644019],[100.8668602639334,3.7697196517881366],[100.8666302947035,3.769849907344053],[100.86609040766518,3.770040350008344],[100.86534031286715,3.770360151572902],[100.8650798017552,3.7705398150337714],[100.86480042582883,3.7706898320598725],[100.86459021927755,3.7708802747241634],[100.86430994548704,3.7710500556373177],[100.864079978674,3.7712503796408896],[100.86389043387385,3.7713096688851238],[100.86371975267969,3.771439924441097],[100.86353020787953,3.771589945092501],[100.86339007219271,3.771759726005598],[100.8632301726189,3.7718801014307246],[100.86300020218056,3.771989692818636],[100.86243965459954,3.77219989936998],[100.86226987368639,3.7722403250081697],[100.8620596671351,3.7722403250081697],[100.86180993401814,3.7722897304961975],[100.86150001741822,3.7723795628308494],[100.86084963508569,3.772659836621358],[100.86059002183788,3.7727703294987123],[100.86039957917359,3.7728098560643275],[100.86013008579494,3.7729499917511475],[100.85966026599584,3.7732096074157653],[100.85930992496617,3.773429692889522],[100.85863978116345,3.7737701549967824],[100.85839004804654,3.773830342105157],[100.85803970580838,3.7738599873314342],[100.85783039712123,3.7738797512184874],[100.85750969890097,3.7739902440958417],[100.85740010630462,3.774060311335063],[100.85723032539147,3.7741501424612807],[100.85679014961022,3.77440975570903],[100.85662036748869,3.7744897054959665],[100.85635985758518,3.774559772735188],[100.85619995559449,3.774619962260374],[100.85594034355512,3.774649605069783],[100.85559000131701,3.7747502178162904],[100.85531960644892,3.7747996245128093],[100.85505999320111,3.774869692960408],[100.85482014504879,3.7748499290734117],[100.85459017461045,3.7748598104126927],[100.85438985060688,3.7748598104126927],[100.85420030580673,3.7749397601996293],[100.85407993159004,3.7750098310640965],[100.85393979590322,3.7751104413937355],[100.85377001378168,3.7752200364070063],[100.85347985865184,3.775329629003352],[100.85307022596112,3.7754095787902884],[100.85295973308371,3.775399699867819],[100.85246027168358,3.775389818528538],[100.85218987681554,3.77551019274523],[100.85188983913798,3.775549716893977],[100.85159968279976,3.775490428858177],[100.8510795596485,3.7755200716676427],[100.85091966128306,3.7755901425321667],[100.85076964063165,3.7756197853415756],[100.85049026470529,3.775759923445264],[100.85036001035775,3.7758802976619563],[100.85026029668381,3.776009654145355],[100.85014980380646,3.7762998104835788],[100.85006985401952,3.7764300672479862],[100.85005009134096,3.7765100158264318],[100.84988030921937,3.7765504414646216],[100.84978957781215,3.7764902531478697],[100.84947966121223,3.7761399109097056],[100.84910955508707,3.7759395869061336],[100.8489002476083,3.7759395869061336],[100.8486002099308,3.7760797225929537],[100.84823010380563,3.776229742035923],[100.84761026456357,3.776410303360933],[100.84695988585628,3.7765504414646216],[100.8464801847179,3.776619612048137],[100.84580015957596,3.7766896792873013],[100.84549024297598,3.7766097295003647],[100.84506983108179,3.776630391251558],[100.84464043692088,3.7765800842740873],[100.84444999425659,3.7765998481610836],[100.84421014247891,3.7765998481610836],[100.84398017566588,3.7766402725908392],[100.84368013798837,3.7766501551385545],[100.8433297933334,3.7766896792873013],[100.84299023150709,3.776739986264772],[100.84273960052604,3.7768100535039935],[100.84245034446883,3.776769629074238],[100.84211976370085,3.7766995618350165],[100.84187991192323,3.776769629074238],[100.84174965878412,3.776759747734957],[100.8415295708935,3.776880121951592],[100.84127984019341,3.7770499028647464],[100.84114958342906,3.7771199737292136],[100.84098968385518,3.777139733990964],[100.84051986526453,3.7771002098422173],[100.84037972716084,3.777129852651683],[100.84025037067744,3.7771496165386793],[100.84012011391309,3.7771702770814386],[100.83993955379651,3.7770903285029362],[100.83968981947112,3.7770103787159997],[100.83951015721874,3.776999598304144],[100.83926042651865,3.7770103787159997],[100.83908974774135,3.7771002098422173],[100.83891008428054,3.7771002098422173],[100.83866035116358,3.7771199737292136],[100.83845014702916,3.7770499028647464],[100.83814022801232,3.776999598304144],[100.8376596290098,3.777030142602996],[100.83748984809665,3.777139733990964],[100.83709997929293,3.777229566325616],[100.83671999182849,3.7772098048554312],[100.83649990393786,3.7771702770814386],[100.83628969738652,3.7771496165386793],[100.8360803899078,3.7771702770814386],[100.83587018577333,3.7772403455290373],[100.83558990956595,3.777299635981649],[100.83536982409225,3.7772699907553715],[100.83515961754091,3.777289754642368],[100.83487035906683,3.7772196837779006],[100.83437987993341,3.777190040968435],[100.83385975678215,3.7771002098422173],[100.83340969845324,3.777030142602996],[100.83288957530192,3.7770202600552807],[100.83259043548856,3.776989716964863],[100.83237034759793,3.776880121951592],[100.83216014467195,3.7768298173909898],[100.83202988790754,3.776720222377776],[100.83184034310739,3.776630391251558],[100.83156995065616,3.776459710057395],[100.83128967686565,3.7763698777227432],[100.83103006120103,3.7762899279358635],[100.83089980806193,3.7762899279358635],[100.83072014460106,3.7763797602705154],[100.83056024261032,3.7766097295003647],[100.83055036127104,3.7769501891908135],[100.83060965172365,3.7772196837779006],[100.83065995628431,3.7775601470935953],[100.83079021304866,3.7778799486581534],[100.83090968940121,3.778339884701097],[100.83100041839157,3.7786201584916057],[100.83113965621425,3.778830365042893],[100.83138040585601,3.7791501641905825],[100.83153042288211,3.779440319320372],[100.83159959346563,3.7796496280075758],[100.83172985023003,3.7799299017980843],[100.8318196813562,3.780210175588593],[100.83192029289432,3.7806296908270838],[100.83196969959079,3.7809297285045886],[100.83197958093007,3.7813303765117894],[100.8320703123373,3.781979858563318],[100.83224997579816,3.782989564192235],[100.8324799426112,3.7837396565734593],[100.83269014916249,3.7841897124854995],[100.83284016618859,3.7843999178284093],[100.83305037273993,3.784649652153746],[100.83323991754008,3.7849200433965393],[100.83338993819149,3.7850700616310746],[100.83353007387831,3.7851796566442886],[100.83370973613074,3.785190435847767],[100.83408972359518,3.785210199734763],[100.83427028371176,3.785190435847767],[100.83458020393704,3.7853395562181618],[100.83479041048832,3.785510237412268],[100.8349997179671,3.7856198300086703],[100.8351802792921,3.7856395938956666],[100.8354704344219,3.785660254438426],[100.83605972815667,3.7855299988824527],[100.83627981604724,3.785520118751606],[100.83654032957605,3.7855299988824527],[100.8367496346379,3.7856000685384856],[100.837020029506,3.785709661134888],[100.83719969296686,3.7858497992385765],[100.83741977844062,3.7860402419028674],[100.83784019033482,3.7865702500187126],[100.8377296974574,3.786580128941182],[100.83738025308344,3.7861300742375192],[100.83681970550242,3.7858300365599575],[100.83661039681522,3.785769850660074],[100.83638042637688,3.785709661134888],[100.83611991647342,3.785720443963612],[100.83570040244336,3.7858902248767663],[100.83537970543154,3.785919867686175],[100.83504014118841,3.785880342328994],[100.83479041048832,3.7858201540122423],[100.83461973171103,3.785750086773078],[100.834350237124,3.785520118751606],[100.83414991191194,3.7853997445349137],[100.83389029745575,3.785360216760864],[100.83361002245681,3.7853000308609808],[100.83336029175678,3.785259606431225],[100.83294976120186,3.7849299259442546],[100.83263984218502,3.784559819819094],[100.83219966882069,3.7837800822115923],[100.8320703123373,3.783409976086432],[100.83189963114313,3.782780255505088],[100.83180980001691,3.782219707924071],[100.83172985023003,3.7818001963108827],[100.8317002050037,3.7813303765117894],[100.8317002050037,3.780870436843543],[100.83162025521676,3.7806000456007496],[100.83128967686565,3.7796002213111137],[100.83117019930472,3.7793298264430177],[100.83097975784881,3.7789696028655726],[100.83081985827499,3.77865968384873],[100.83068960151058,3.7782895777236263],[100.83058000649737,3.7780398470235355],[100.83045963228068,3.7777703524364483],[100.83042998947127,3.7775601470935953],[100.83030961404614,3.7771603957421007],[100.83018025514588,3.776930428929063],[100.83005000200677,3.776769629074238],[100.82984967679477,3.776630391251558],[100.82958018220768,3.776529779713485],[100.82936009431711,3.7765603228039026],[100.82873037615258,3.776730104925491],[100.82833960706785,3.7767804082776593],[100.82792009545466,3.7766995618350165],[100.8276802460939,3.776660034061024],[100.82752034410316,3.7765998481610836],[100.82696967786143,3.7765998481610836],[100.82673970863152,3.7765702029348063],[100.8265995729447,3.7765001344871507],[100.82647021404449,3.7764399485872673],[100.82635972116708,3.7763402349133344],[100.82626000749315,3.776190215470308],[100.82603992201939,3.776059961122826],[100.82588990257642,3.776009654145355],[100.82568957736441,3.7760896039322347],[100.82550003256426,3.776270167674113],[100.82537966076444,3.776519898374147],[100.82532037031183,3.7767804082776593],[100.82535001553816,3.777390366180441],[100.82537966076444,3.777940134558037],[100.82543984666438,3.778310239474763],[100.8254497292121,3.7790297923907588],[100.82552967899898,3.7794897284337026],[100.82563028932867,3.779660407210997],[100.82586025976696,3.779999970245683],[100.82611987180633,3.7803404323530003],[100.82625012857073,3.780520095813813],[100.82661035214818,3.7811102886211643],[100.82666964018392,3.7812603068556996],[100.82666964018392,3.78144985165585],[100.82663011603518,3.781650175659479],[100.82661035214818,3.7818496017989105],[100.82663011603518,3.7820795698203824],[100.82679001560899,3.7823400821407063],[100.82680977828761,3.7824999817145795],[100.82680977828761,3.7826203559312717],[100.82689961062226,3.782840445030274],[100.82706040685179,3.7831395812183928],[100.82755987187721,3.7838501494508137],[100.82769012501632,3.7838501494508137],[100.82802969046787,3.7836803685376594],[100.82829020037138,3.783659707994957],[100.82898010806105,3.783659707994957],[100.8303796824938,3.7837198938948404],[100.83060965172365,3.783860031998529],[100.83510032950517,3.7873203423998802],[100.83558003064354,3.7877398540130685],[100.83548031696961,3.787819803800005],[100.83512997231463,3.787550309212918],[100.83052970193677,3.784019931572402],[100.83026020493281,3.78386991333781],[100.82994040699356,3.783809725021058],[100.8288498512967,3.783819606360339],[100.82822013313216,3.78386991333781],[100.82788955236418,3.783910335350697],[100.82771977145103,3.784039694250964],[100.8275499893295,3.7841403057890375],[100.82752034410316,3.784329850589188],[100.82753022665088,3.784549938479813],[100.82764970300343,3.7847098380536295],[100.82778983869025,3.784999993183476],[100.82788955236418,3.7852802681824187],[100.82801980912859,3.7855299988824527],[100.82810964025481,3.7856800183254222],[100.82823001447144,3.7858201540122423],[100.8284195592716,3.785989938550699],[100.82862976340607,3.786079769676917],[100.82878966539676,3.786120191689804],[100.82921995621342,3.7863097364899545],[100.8292999060003,3.786430111915024],[100.82958018220768,3.7869601164056235],[100.82971043655522,3.787100254509312],[100.82988021746837,3.787199968183245],[100.83004011945906,3.7872897993094625],[100.83020001903293,3.787349985209346],[100.83038956383308,3.787620380077442],[100.83043986839368,3.7877398540130685],[100.83050005671043,3.7882500982419174],[100.83086028028788,3.7888097491672283],[100.83106958897503,3.789119668184071],[100.8310803681785,3.789310110848362],[100.83111989353563,3.7924703835722084],[100.83111989353563,3.7930399158368004],[100.83090968940121,3.793049794759213],[100.83093034873548,3.789210397174429],[100.83076955129752,3.789039715980266],[100.83055036127104,3.7887396807196296],[100.8303796824938,3.788530372032426],[100.83018025514588,3.7882195551514997],[100.83020001903293,3.787909636134657],[100.83014971205546,3.7877003298643217],[100.8299799311423,3.7875000058607498],[100.8295703008684,3.787199968183245],[100.8293798582041,3.7870104233830943],[100.8292999060003,3.786890047957968],[100.82921007487408,3.7867202670448137],[100.82908970307432,3.7865603674709973],[100.82891003961345,3.7864597571413583],[100.82885973263598,3.786410348028028],[100.82868995172282,3.7863501621280875],[100.82851028826195,3.786330398241091],[100.82825965728091,3.786219905363737],[100.82812041945823,3.786180380006556],[100.8279596196034,3.7860600057898637],[100.82791021290694,3.7859396315732283],[100.82770988890331,3.785750086773078],[100.82757963213896,3.7855497615610147],[100.8275697532165,3.7853395562181618],[100.82750956489974,3.7849496874143824],[100.82741973377352,3.784799669179847],[100.82734966532587,3.7847296019406826],[100.8273002586294,3.784649652153746],[100.82709005328655,3.78453017459276],[100.82695979652215,3.7844996315023423],[100.82674958997086,3.78453017459276],[100.82662023348746,3.784569699949941],[100.82643967095402,3.7846002430404155],[100.82610010791933,3.784549938479813],[100.82603004068011,3.7844996315023423],[100.82590966646347,3.7844699886928765],[100.82582971667654,3.7844196817154057],[100.8257497668896,3.7843100867021917],[100.82567969602513,3.7841699510153717],[100.82567969602513,3.7838995561472757],[100.82573988434189,3.7839300992377503],[100.8258800200287,3.7841304244497564],[100.8259204456669,3.784210373028259],[100.82601027679311,3.784339731928469],[100.82619982159326,3.7844699886928765],[100.82630043313134,3.7844699886928765],[100.82640014559684,3.7844601073535955],[100.82650974061005,3.784429564263121],[100.82663999495759,3.784329850589188],[100.8267199471614,3.7843002053629107],[100.82694003263515,3.7843100867021917],[100.82708017073884,3.7843702750189436],[100.82716012052572,3.7843702750189436],[100.82721042750319,3.784349614476241],[100.82725983419971,3.7842696646893046],[100.82729037729013,3.783969627011743],[100.82716012052572,3.7838402681115326],[100.82701998242203,3.7836498254472417],[100.82694991397443,3.7834899258733685],[100.82684031896122,3.7833803308601546],[100.82676036917428,3.7833102636209333],[100.82668041938734,3.7832797205305155],[100.8265995729447,3.7832204312862814],[100.82655016383137,3.783109938408927],[100.8265798090577,3.782930276156492],[100.82647021404449,3.782850326369555],[100.82638038291827,3.7827595949623287],[100.82618005770621,3.782679645175449],[100.82606956482886,3.7825601700313314],[100.82594020955389,3.78220982658479],[100.82601027679311,3.782010399236867],[100.8262797713802,3.781699582355941],[100.82639026425755,3.781500158633321],[100.82638038291827,3.7813600193211983],[100.82631031447062,3.781190238408101],[100.82623036468368,3.7810195596308063],[100.82604980456716,3.7806602339175015],[100.82577042743236,3.780319771810241],[100.82562040798933,3.7801302270100905],[100.82535001553816,3.7796702897587124],[100.82524042052489,3.7791600455298635],[100.82518023462501,3.778429717035692],[100.82513980898682,3.7782204083485453],[100.82504009652132,3.7780200843449734],[100.82496014673438,3.777799995245914],[100.82482988996998,3.777640096880532],[100.82466010905688,3.77741012885906],[100.82449032814372,3.7772502268683184],[100.8242199356925,3.7771002098422173],[100.8239702025756,3.7770103787159997],[100.82369981012437,3.776979835625525],[100.82336024708968,3.776979835625525],[100.8230997347693,3.7770202600552807],[100.8229299538562,3.7770696667517427],[100.82275029039533,3.7772196837779006],[100.82257961161804,3.777420008989907],[100.82236042159155,3.7776697421068093],[100.82209991047966,3.7778799486581534],[100.82181963668916,3.778010201797258],[100.82124022308523,3.7781997465974086],[100.82096983063406,3.7782796963842884],[100.82036975527899,3.778610277152268],[100.82021973825283,3.7787602941784257],[100.82011014323962,3.7789597215262916],[100.82004995733973,3.779169928077579],[100.81968973013699,3.779639746668238],[100.81945976332395,3.7798903776493376],[100.81921991154633,3.7801598722364247],[100.81890999252948,3.7806000456007496],[100.81807995036144,3.781410326298669],[100.81794969359703,3.7815899897595386],[100.81784998233996,3.7818298391203484],[100.81777003013616,3.7820499270109167],[100.81766043753976,3.782229589263352],[100.81752029943613,3.7823796074978873],[100.81723014430628,3.7826904243788704],[100.81695975185505,3.782940157495773],[100.8167504431679,3.783080293182593],[100.81648005071668,3.783180006856526],[100.8162797267131,3.7832896018697966],[100.81564012720929,3.7837198938948404],[100.81534008953179,3.783860031998529],[100.81518018995791,3.784000167685349],[100.81506969708056,3.7841995938247805],[100.81491967642916,3.78453017459276],[100.8148702697327,3.7848302122703217],[100.81486038839336,3.785220081074044],[100.81486038839336,3.786229786703018],[100.81474001417672,3.786630435918653],[100.81448040092891,3.786950237483154],[100.81433038390281,3.7871604404091954],[100.81427019558606,3.7873598677570612],[100.8142001271384,3.7875197661225],[100.81410041346447,3.787809922460724],[100.81407975292177,3.7881000775905136],[100.81401956702183,3.788380355006325],[100.81378959658349,3.7888699350671686],[100.81370964679661,3.7889696475326673],[100.81355962977045,3.78922027851371],[100.8135003381094,3.7894197034447075],[100.81323982820595,3.7898499966782424],[100.81301974031533,3.7902596305773955],[100.81281043404499,3.7908300594977504],[100.81231007236391,3.7919601393433595],[100.81223012257698,3.79233024546852],[100.81232983383404,3.793269882649838],[100.81042989651178,3.7978198484670997],[100.80989001068195,3.800859746974254],[100.81013974138199,3.8042904145661964],[100.81117010997053,3.8123500986897056],[100.81179982813507,3.818160401116927],[100.81284007685446,3.8216000497671416],[100.81478043860648,3.830719745288661],[100.81527990363185,3.836660304480347],[100.8164504054904,3.840230209894912],[100.81984963212767,3.8472397627513146],[100.82169027778889,3.84724964529903],[100.82178999146282,3.8472199988642615],[100.82090964231725,3.848889969373488],[100.81910043761064,3.8516397115424184],[100.81912019908083,3.8517403218720574],[100.820550316604,3.8517403218720574],[100.82176034865336,3.8517502044197727],[100.82560962878591,3.8505698175966927],[100.83097975784881,3.8498601496452807],[100.83658973506408,3.8490804108293446],[100.84323008086784,3.850230254562007],[100.85035012901847,3.851859797016175]],[[101.49441967422644,3.2305697285376596],[101.49425977465256,3.243839638524946],[101.49418970741334,3.243839638524946],[101.49414030071688,3.2538298042695715],[101.49385014437865,3.2750902302137206],[101.46359039471281,3.2750102780099724],[101.46380958594767,3.2997103538127703],[101.44383015473943,3.2992198734709177],[101.44296956948085,3.2997804234688033],[101.43998985929045,3.2996995734009147],[101.43921012168295,3.300840436075248],[101.43920023913523,3.3016300538135965],[101.43855974176728,3.301980398468629],[101.43727964127027,3.302339724181877],[101.43664004176645,3.303409615710734],[101.43627981577214,3.3044804075206002],[101.43564021505995,3.3047597834469684],[101.43500959903128,3.30439955986958],[101.43415979297617,3.3036898895012428],[101.43359026192002,3.30368001057883],[101.432729675453,3.3040402341562753],[101.43173973129421,3.304819971763777],[101.4473201115755,3.3324503510605155],[101.44757972361487,3.341090345443604],[101.44802977952696,3.3557301906794237],[101.44526027226254,3.355790376579364],[101.4450303054495,3.362429823310549],[101.44566990495332,3.3634296500171104],[101.4454498170627,3.370720374528105],[101.4454498170627,3.397350031671067],[101.44764979206246,3.397350031671067],[101.44793006585297,3.3985699426428937],[101.44892001001182,3.3992104400108474],[101.45203985830591,3.400719610665192],[101.45290044356443,3.400440237155692],[101.45410957654127,3.399939874266124],[101.4550303501166,3.399939874266124],[101.45616042996221,3.400230030604405],[101.45723032390794,3.4010196483427535],[101.45786992462018,3.4017302165751744],[101.45842957433706,3.4023096301790474],[101.45914014256948,3.40223955931458],[101.45970967483407,3.401599959810767],[101.46064032854025,3.4000997738399974],[101.46142006614775,3.399359562798111],[101.4618000536122,3.3992203225585627],[101.46269028530548,3.399499698484931],[101.46377005817368,3.3996497191363346],[101.46414016429878,3.399409867358713],[101.46432970909899,3.398700199407301],[101.46433959043827,3.3980004103783017],[101.46354009136058,3.397149706459061],[101.46339995325695,3.396580175402846],[101.46382036515115,3.3962495946348668],[101.464709695355,3.3964903430681943],[101.46536995660995,3.397250317997134],[101.46569964072222,3.3975799984841046],[101.4658802008388,3.39748028722704],[101.4665395642296,3.3966403613027865],[101.46733996479668,3.3958399643609596],[101.46800022605163,3.3954195512583283],[101.4685598757685,3.395559689362017],[101.46936027512714,3.3958902677131846],[101.46977978794877,3.395559689362017],[101.47035021686912,3.3943900829507925],[101.47100958025993,3.3933004251180705],[101.47142999336256,3.39212992205114],[101.47158001038866,3.390900128531541],[101.47195011651382,3.3897197417084612],[101.47308019635943,3.3886004410662736],[101.47383029115747,3.3881701478327955],[101.47505020333779,3.387850348685106],[101.47627011430961,3.387850348685106],[101.47711992036471,3.387899755381568],[101.47787001395432,3.387860230024387],[101.47819969685816,3.387149661791966],[101.47819969685816,3.386110310936715],[101.47839013952245,3.385689899042518],[101.47853027520927,3.385220080451859],[101.47891026267376,3.38451041250039],[101.4792399455776,3.384140307583664],[101.47952021936811,3.383380332654781],[101.47994961352902,3.3826302366483105],[101.480280194297,3.381880144267143],[101.480280194297,3.3810797449085044],[101.48059011331384,3.379789765489022],[101.4810599319045,3.3789498407732026],[101.4811102364651,3.378240170404922],[101.4811102364651,3.377529604589313],[101.48129978126525,3.3765899674079947],[101.48144980191665,3.3756503302266765],[101.4812602571165,3.375270342762235],[101.48079043731741,3.374660384859453],[101.4805101635269,3.3741896684046537],[101.48037002542321,3.3737602718268818],[101.48019036196234,3.373189842906527],[101.4802397686588,3.3729095691160182],[101.48075001288765,3.3726796010945463],[101.4809898622484,3.372400225168178],[101.48121983147831,3.3716402502392953],[101.48168965006897,3.3716402502392953],[101.4822600801977,3.3711300072188806],[101.48234991132392,3.370750019754439],[101.48217024907149,3.370229894186309],[101.4822600801977,3.36976007559565],[101.48310988625286,3.36961993990883],[101.4840396420949,3.370089758499489],[101.48441962955934,3.3700502307254396],[101.48451036096657,3.3695804121347805],[101.48502958625369,3.3691501201097367],[101.48699959081512,3.3684997389856335],[101.48808026396426,3.368690184066793],[101.48910973348023,3.369259712706082],[101.49008979629974,3.369360326661024],[101.49225024352552,3.368990218118995],[101.49399028006547,3.3684700961761678],[101.49498022422426,3.367529559922275],[101.49562970627579,3.366500091614739],[101.49536021168876,3.3656996910476096],[101.49512035991114,3.3652199911176695],[101.49597016596624,3.3641402146242285],[101.49742992992412,3.3625403161879603],[101.49850970520913,3.3612296750172845],[101.49884028356024,3.360520004649004],[101.49936040912843,3.3583999830614744],[101.49974039659287,3.3572195962383375],[101.50007007707984,3.35558017002802],[101.50082016946101,3.3544896143311576],[101.50203020271886,3.353049617885574],[101.503109975587,3.353140346875932],[101.50371993228134,3.3523399475172937],[101.50404961276831,3.351640158488294],[101.50470987764857,3.351030204210815],[101.50544020614274,3.351030204210815],[101.50630977608489,3.3508002337724747],[101.50742997459122,3.3507301665332534],[101.50839027352367,3.3512098676716278],[101.50910982281442,3.3520201459527357],[101.5095904242338,3.3529903262245284],[101.51038992331144,3.3529903262245284],[101.51088040365329,3.3529903262245284],[101.51191975450854,3.3527495802080125],[101.5125602518765,3.3521899292827015],[101.51320973392802,3.3505801495071523],[101.51401013328666,3.3494500660362405],[101.51465961533819,3.348970368523112],[101.51553996448376,3.3487296188813502],[101.51626041405547,3.3493000490100826],[101.5172997624939,3.349459948583956],[101.51818011163948,3.350030377504254],[101.51866969411714,3.3501902794949956],[101.51931019148509,3.349789631487795],[101.5202695925534,3.3493898801363002],[101.52172037182777,3.3491500307755473],[101.5225198745307,3.3488302304194235],[101.52324032168553,3.3481097796392874],[101.52317025323794,3.34770014936538],[101.52349005480244,3.3468997500067417],[101.52404970572775,3.3465799520674864],[101.52477015288264,3.346819800219805],[101.52540975238645,3.347139601784363],[101.52589035018053,3.3476300821262157],[101.52660990309653,3.3479498812738484],[101.52781993272907,3.3481196621870026],[101.52878023166159,3.34836041062033],[101.52990043016791,3.3488499930980424],[101.53085983123628,3.349009892671859],[101.53222976285952,3.3488598756457577],[101.53358981314346,3.348699973655073],[101.53479984277601,3.3483801745073833],[101.53672044064098,3.3483801745073833],[101.53801042006046,3.3487898047812905],[101.53920967290645,3.3492802851230863],[101.54072962155584,3.3492802851230863],[101.54329970147234,3.3492901664623673],[101.54465974933942,3.349130268096985],[101.54636026173063,3.348809568668287],[101.54765024115011,3.348499649651444],[101.54949987270334,3.3480199485130697],[101.55174026971599,3.347780099152317],[101.55279039977472,3.34770014936538],[101.5549499491363,3.347139601784363],[101.55519968346164,3.3462601505029284],[101.55535958182708,3.345529818383511],[101.55600008282028,3.3444096198771263],[101.5569702606752,3.343999989603276],[101.55792966174357,3.3440098697341227],[101.55849020932459,3.343929919947186],[101.55961041024779,3.3441697717248076],[101.56138009080564,3.3448201504320423],[101.56217959230014,3.345149830919013],[101.56258024151578,3.344750083192878],[101.56338962193269,3.3433002017827107],[101.5638702209352,3.3431403022088375],[101.56474967221664,3.3429804002181527],[101.56571985007156,3.342819602780139],[101.56676010120782,3.3424998024240153],[101.56804019928802,3.342339902850199],[101.56917027913363,3.342100053489446],[101.56933018112437,3.341459553704624],[101.5690903293467,3.340330370514721],[101.56997966317584,3.339520092233613],[101.57093996210835,3.33992972250752],[101.57190026104087,3.340089624498262],[101.57318035912101,3.3401004037016833],[101.57439039117043,3.3396198022823],[101.57525007856486,3.3396997544860483],[101.57604957885093,3.339939603846801],[101.57653017664501,3.3403501344017172],[101.57708982636188,3.340190234827901],[101.57845975919355,3.3397895868207],[101.57942005812606,3.3397895868207],[101.579899758056,3.340190234827901],[101.58070015499783,3.340759767092493],[101.58149965770076,3.3412502474343455],[101.5823000570594,3.3413301972212253],[101.58295043576663,3.3414900967950985],[101.5831804037881,3.342540226853771],[101.5839799052826,3.3438302062732532],[101.5843796566341,3.3443997385378452],[101.58486025442818,3.3443997385378452],[101.58615023384766,3.3450501208703827],[101.58767018370543,3.345210020444256],[101.58846968519993,3.3447303193058247],[101.5892000136941,3.3444096198771263],[101.59040016440423,3.344249721511744],[101.59103976511648,3.3441697717248076],[101.59185004339753,3.34377002037337],[101.59208989517515,3.3429696210147313],[101.59169014382371,3.342240189176266],[101.59088974446502,3.34182965862135],[101.58944974560256,3.340539679201868],[101.58936979581568,3.3398102473634594],[101.58952969780637,3.338530148074824],[101.58994022473598,3.337480016807717],[101.59081967722585,3.33603013539755],[101.59194975707146,3.3345003042004464],[101.59184016447512,3.3339397566194293],[101.59192999560133,3.332489875209262],[101.59208989517515,3.3316903761315757],[101.59256959631352,3.3313597953635963],[101.59233962587524,3.329909913953429],[101.5922596760883,3.3283001329694457],[101.59306007544694,3.327659635601492],[101.59419015650099,3.327659635601492],[101.59539030358582,3.3277395853884286],[101.59747978570823,3.3278303143787866],[101.5991596363483,3.3278303143787866],[101.60069036540955,3.3274296651631516],[101.60237021363275,3.327600347565749],[101.60365031412977,3.3275203977788124],[101.60534004490074,3.3269598465724926],[101.60662014177245,3.3261396857436694],[101.60710972425017,3.325919597853101],[101.60822992517336,3.3260004479209897],[101.60903032211513,3.3262501786210805],[101.61032030395143,3.32656997776877],[101.61087995487674,3.326410078194897],[101.61168035181856,3.3256896310400634],[101.61264963422622,3.32512998132313],[101.61337008500635,3.3250500291193816],[101.61425043415193,3.3246502801847555],[101.61554041357141,3.3236800999129628],[101.61746999491152,3.3233701796877426],[101.61875009299166,3.3229704295446822],[101.62019009306255,3.323130331535424],[101.62151959904764,3.3235202003391464],[101.62263979755397,3.3236899812523006],[101.62360009648648,3.32400978039999],[101.62465022654516,3.3243403611679696],[101.62577042746835,3.3243403611679696],[101.62656992775442,3.3241795613130876],[101.62777995738696,3.3241795613130876],[101.62850040695872,3.3241903429333775],[101.6289801080971,3.3234600120223945],[101.62929990603635,3.3229003610970835],[101.62994040702961,3.3229003610970835],[101.63106958901108,3.323549843148612],[101.63194993815665,3.3241903429333775],[101.6325904355246,3.3243601238465317],[101.6333099848153,3.324679922994221],[101.6344301857385,3.324520023420348],[101.63548031700566,3.3242801752680293],[101.63619986629635,3.3239603737034713],[101.63708021544193,3.323399826122454],[101.6381303455006,3.3226802732064584],[101.63900979799047,3.321959826051568],[101.63997997584539,3.3217199742739467],[101.64078037520403,3.3215600747001304],[101.64118012655553,3.3221197256254413],[101.64165982648547,3.3235696070356084],[101.64222037527492,3.3241400359559066],[101.64285997477873,3.3251102174361336],[101.64341962570404,3.326160347494863],[101.6438103923719,3.3277701284788463],[101.64444999429259,3.328740308750639],[101.64565014258585,3.329549690375984],[101.64636969187654,3.330200070291653],[101.64725004102212,3.3311702505634457],[101.64822022250235,3.332220380622175],[101.64892989287063,3.333109714451325],[101.64974017115173,3.3337502118192788],[101.6502099897424,3.334640443512569],[101.65084959045464,3.3358495752809745],[101.65125023846178,3.336180156048954],[101.65246027171963,3.3359403042713325],[101.65349961894964,3.3355396562641317],[101.65478960199437,3.3345703750649136],[101.65590979929226,3.3341697270577697],[101.65680003098555,3.334009825067028],[101.65735968070243,3.333450174141717],[101.65743963048936,3.3324799938699243],[101.65800017927882,3.331760443370797],[101.65921021132823,3.330950165089689],[101.66089994209915,3.3303896150918035],[101.66178029124472,3.330400394295282],[101.6627396923131,3.330400394295282],[101.66322029010718,3.329999745079647],[101.66378982237177,3.329759896927328],[101.66427042137434,3.329759896927328],[101.6649100208781,3.3302395968572682],[101.66554962038191,3.3306501274121842],[101.66571042023679,3.331369676702934],[101.66662041219178,3.33098969044687],[101.6683101429627,3.330430039521559],[101.66927044189521,3.3299395591797634],[101.67039962387668,3.3288202585375757],[101.6714901795736,3.3278401957180677],[101.67127997423069,3.3291400601021337],[101.67159977458681,3.329709589949857],[101.67208037358932,3.330270139947743],[101.67279992288007,3.3312403214279698],[101.67286999011924,3.332530300847395],[101.6731897916838,3.3334995832550476],[101.67367039068631,3.3339900635969],[101.6747896913285,3.334960243868693],[101.6751903393357,3.335759744154757],[101.67535023890957,3.3365700248526764],[101.67574999026101,3.336889824000366],[101.6767902389804,3.337300354555282],[101.67759962181424,3.337869886819874],[101.6779903884821,3.3386702861785125],[101.6781197449655,3.3395497350430787],[101.67847008962048,3.3395596163823598],[101.679119571672,3.3390799164524196],[101.67991996861383,3.3390799164524196],[101.68072036797247,3.338680165100982],[101.68096021975009,3.337869886819874],[101.68113000066325,3.3364999551966434],[101.68152974959781,3.335050076203288],[101.6815396309371,3.333440292802436],[101.68210018214342,3.332639895860666],[101.68273978164723,3.3327198456475458],[101.68338027901518,3.3328797440129847],[101.68409983193118,3.333450174141717],[101.68497029852904,3.3343098627445897],[101.6858497473936,3.3353599928032622],[101.686889996113,3.3365700248526764],[101.68777034525857,3.33705960491352],[101.68777034525857,3.3375402027076007],[101.68761044689319,3.3380998536329116],[101.68728974746449,3.3385903339747642],[101.68720979767755,3.339229935895389],[101.68761044689319,3.3398003660241216],[101.68840994597082,3.340599865101808],[101.68945019469021,3.3406097476495233],[101.69024969618471,3.3410103956566672],[101.69058027695269,3.341229585683152],[101.69073029397885,3.3413400785605063],[101.69081024376572,3.3420596290596905],[101.69128994490416,3.3424701596146065],[101.69280989355349,3.34310975911842],[101.6936201754599,3.343119640457701],[101.69433972475059,3.343440339886399],[101.6948203237531,3.3444096198771263],[101.69522007389617,3.3456996029219113],[101.69552999412144,3.3468296827675204],[101.69625044127628,3.3481196621870026],[101.69681009099315,3.349169792245732],[101.6985501287416,3.350769690682],[101.69910977845848,3.351170339897635],[101.70000001015177,3.351500022801474],[101.70071955944246,3.351579972588354],[101.70144000901422,3.3518198219491637],[101.7019197101526,3.352069555066066],[101.7019197101526,3.3529499042116413],[101.70166997703564,3.3540799840572504],[101.70182987902638,3.3557795961675083],[101.7020697271787,3.3568198448868998],[101.7023904266074,3.3580298745194455],[101.70255032618121,3.3591599579903573],[101.7031000945588,3.3606996681098735],[101.70358967703652,3.3614102363422944],[101.70454009342126,3.362470247740305],[101.70533959612419,3.3632796293657066],[101.70598009349214,3.363610210133686],[101.70711017333775,3.363610210133686],[101.70774977405,3.3637701097075023],[101.70823037426095,3.364419591759031],[101.70839027383482,3.3661102216025256],[101.70862024064786,3.366839653440991],[101.71022014270943,3.368939914766827],[101.7106998402225,3.369990044825556],[101.71101964178706,3.3708802765188466],[101.71101964178706,3.372490056294396],[101.711099591574,3.373460237774623],[101.71134034121576,3.374179787065316],[101.7118002772587,3.374799623890567],[101.71235992818401,3.375200271897711],[101.71300042555197,3.3753601738884527],[101.7134001769034,3.3760096559399813],[101.71332022711653,3.376410303947125],[101.71315044620337,3.377780233153544],[101.71339029435569,3.378750414633771],[101.71363014613331,3.379479845263745],[101.71442964641938,3.3806898785215935],[101.71475034463964,3.3815001568027014],[101.71467039485276,3.382379608084136],[101.71483029442658,3.382870088425932],[101.71530999556495,3.3836695875035616],[101.71578969549495,3.384319969836099],[101.7163502442844,3.3846397689837886],[101.71690989400128,3.3848104501779517],[101.71738959513965,3.3852101979040867],[101.71763034357298,3.385939629742552],[101.71795014272067,3.3870697132134637],[101.71794026379825,3.388199793059073],[101.71810016216364,3.388519590998328],[101.71922036066996,3.3888402904270265],[101.71988960660855,3.3893199915654577],[101.72075019186707,3.389090023543986],[101.72146974115782,3.388770221979428],[101.72251987242493,3.388610323613989],[101.7234002215705,3.388450421623304],[101.72387992150044,3.387809923046916],[101.72453030141611,3.3870795945527448],[101.72540975269754,3.386200143271367],[101.72613020347774,3.3856395944818587],[101.72710038374947,3.38522996179114],[101.72837958396553,3.3843496126455648],[101.72991031302678,3.383550113567935],[101.73031006316978,3.383230312003377],[101.73062986231747,3.382420033722269],[101.73087959543437,3.3811300518859753],[101.73112034265932,3.3801697529534636],[101.73160004258926,3.3794403211149984],[101.7322504249218,3.378799821330233],[101.73265017385643,3.378799821330233],[101.73336972556399,3.379530152241216],[101.73401022293194,3.379690051815089],[101.73456987385725,3.379690051815089],[101.73530020235137,3.3791304020982125],[101.73642040327456,3.3787297528825775],[101.73713995256531,3.3787297528825775],[101.7380301842586,3.3784899035218245],[101.73874973354935,3.3775996730369684],[101.73904977122686,3.3763896434044227],[101.73940011346497,3.375670090488427],[101.7402598008594,3.3739102924782856],[101.74260979530214,3.374789741342852],[101.74396984316928,3.3749496433335366],[101.74549967436633,3.3748795724690694],[101.74653992308578,3.3748795724690694],[101.7475002208098,3.3744798247428776],[101.74838955463895,3.373589593049587],[101.74895010222002,3.373189842906527],[101.74999035093941,3.3727101417681524],[101.75136028256264,3.371260262774854],[101.75273021539437,3.370539813203095],[101.75393036247914,3.370539813203095],[101.7555302621239,3.371270145322569],[101.75658039218257,3.3718396739618584],[101.75826024282264,3.3715998258095397],[101.75931037408981,3.371519876022603],[101.7600299233805,3.371930406577519],[101.76128037865124,3.373150317549346],[101.76247962787193,3.371619589696536],[101.76352975913903,3.3704203392674685],[101.7640903067201,3.3703403870636635],[101.76514043677878,3.370580238841285],[101.76601988926865,3.369050407644181],[101.76667026797588,3.367920326590138],[101.76738982089188,3.366720177088439],[101.76940024988306,3.366079678512108],[101.77035964853457,3.3655900960343956],[101.77140978221854,3.364549847315004],[101.77285966000346,3.3627801679655818],[101.77445955964816,3.3617300379068524],[101.77541985858068,3.3610095871267163],[101.77591033771404,3.360859570100615],[101.77674038350744,3.3602496134062108],[101.77757042567555,3.3602496134062108],[101.7784597595047,3.3602496134062108],[101.77950988956337,3.360260392609689],[101.78001024882764,3.35965043833221],[101.78078998764357,3.35908988712589],[101.78145024889852,3.3592003800032444],[101.78172962482489,3.3586497137615083],[101.78261985651818,3.357819671593404],[101.78277975488362,3.3572097148990565],[101.78251026029653,3.356040107279398],[101.78261985651818,3.354869601795599],[101.78306991122184,3.35425964751812],[101.78351008700304,3.35354009822737],[101.78406973792835,3.3525402715208656],[101.78422963629379,3.35180994181826],[101.78406973792835,3.3510903901106985],[101.78319028543848,3.349699799153143],[101.78291001164797,3.34836041062033],[101.78281029797404,3.3473102805616577],[101.78259021008347,3.3467497329806406],[101.78230993629296,3.3458603991514906],[101.78220034127969,3.344909982766694],[101.78247971720606,3.3433002017827107],[101.78282018052181,3.342300377493018],[101.78331964433875,3.340860378630566],[101.78371041100667,3.3398003660241216],[101.78432036649258,3.3390799164524196],[101.78493032318693,3.3386397430880947],[101.78597955538146,3.338029785185313],[101.78686978465788,3.337920190172042],[101.78785972881673,3.337809697294688],[101.78824959762045,3.337480016807717],[101.78903023430053,3.336589786322861],[101.78986027646863,3.335979832045325],[101.79073972775001,3.335759744154757],[101.7914601749049,3.335759744154757],[101.79185004370862,3.3355899620331684],[101.79268008708516,3.3354300636677863],[101.79367991258329,3.335650147933052],[101.79440035973812,3.335880118371392],[101.79523040553153,3.335660030480824],[101.7961098543961,3.3347096128875933],[101.79684018651551,3.3341598445099976],[101.79750044777052,3.3341598445099976],[101.79888025831616,3.3338903499229673],[101.8000399833881,3.3341697270577697],[101.80020976550969,3.333559769154988],[101.80081972220404,3.332439571857037],[101.8012697769077,3.3311702505634457],[101.80110987733383,3.3300401707178366],[101.80100028232062,3.3292604319019006],[101.80122037021124,3.3274799721406225],[101.8016102402234,3.326429842081893],[101.80194980204965,3.326260061168796],[101.80228038281763,3.3258198853875456],[101.80228038281763,3.324979960671726],[101.80267025162141,3.324200221855847],[101.80316971422991,3.3233198763355745],[101.80377967092426,3.3229803108839633],[101.80466990261755,3.322370356606484],[101.80587993225015,3.3215996000573114],[101.80731993111254,3.3212097336704005],[101.80815985582836,3.32071026864503],[101.80831975540224,3.3199296331733876],[101.80815985582836,3.318600125979856],[101.80761008745083,3.316649882888612],[101.8078301753414,3.3161001145110163],[101.8082200417283,3.315539566929999],[101.80955044920279,3.314769709453344],[101.8111602289784,3.312659566788227],[101.81204956039068,3.3111000927816576],[101.81257956729809,3.309679857806259],[101.81342038987805,3.3087896261129686],[101.81429984115948,3.3078499889316504],[101.81519006922747,3.3065097025346972],[101.81635967684718,3.3051801953411655],[101.81718971901523,3.3044103390730015],[101.81862971908612,3.302799661433255],[101.8192998616804,3.302019922617319],[101.820069719157,3.3016902421303485],[101.82194989138384,3.300470327533219],[101.82355967236782,3.299139923684038],[101.82422981496211,3.298029606516991],[101.82500955377799,3.2967504038840616],[101.82605968383672,3.2946896715407092],[101.8266696417395,3.294309684076268],[101.82767036268484,3.294309684076268],[101.82850040726981,3.293699726173486],[101.82927026353804,3.2935299452603317],[101.83021978326707,3.2928103959696386],[101.83120972500899,3.291700076385723],[101.83204964972481,3.2912599030213414],[101.83331986767416,3.290209772962669],[101.83465027273178,3.289759718259006],[101.83570040279051,3.2897695971814755],[101.83694007764933,3.2890698105692877],[101.83838007772022,3.2883502612785946],[101.83943020777895,3.2874600307937385],[101.8403698461687,3.287019853804111],[101.84158975714053,3.286910262416143],[101.84280966932079,3.2865796816481634],[101.84358042587002,3.2866901733170835],[101.84452006305133,3.287029736351826],[101.84519020564557,3.2874196051555487],[101.84606965571857,3.2874196051555487],[101.84717997409405,3.286980329655364],[101.84833969674912,3.287039617691107],[101.84972040878426,3.2867099372041366],[101.85016956562373,3.286099980509789],[101.85094031975609,3.285380431219039],[101.85200033236254,3.2842701116351236],[101.85288966619169,3.2828804185417653],[101.85354992744664,3.281269740902019],[101.85355980878592,3.279989640405006],[101.85389038713703,3.2789296277985613],[101.85428025594081,3.277820209704089],[101.85513994454362,3.2761601217425778],[101.85468000729225,3.27526989367459],[101.85444015793149,3.2748099540063436],[101.85424971285033,3.2744497304289553],[101.85363975857285,3.273669991613019],[101.85333972089529,3.2734499061392626],[101.85322024333436,3.273360075013045],[101.85299027652133,3.27320017302236],[101.85226982694957,3.2727195752282228],[101.85097984753014,3.2717601765767768],[101.85066992730486,3.2717898193861856],[101.85011027758799,3.2718500077029944],[101.84889036540773,3.2722497554291294],[101.84870980529115,3.2723000624066003],[101.8480998485968,3.2724500806411925],[101.84732999232858,3.2724698433197545],[101.84725992388098,3.27247972586747],[101.84657989873898,3.2726504046447644],[101.84652959176151,3.2726099826318773],[101.84636969339613,3.2724896072068077],[101.8460202490221,3.272270417180323],[101.845849567828,3.272159924302912],[101.84565014289694,3.271659562621835],[101.84535010521944,3.2708699448834864],[101.84520996711575,3.2705097213060412],[101.84485962487759,3.2692404000124498],[101.84420026148678,3.267980063402433],[101.8438499204571,3.267619839824988],[101.84263988719925,3.266530181992266],[101.84257970129931,3.265509697159871],[101.84163018157028,3.2644101604046796],[101.84086032530206,3.264560178639215],[101.83997997615654,3.263909798723546],[101.83907986674922,3.2634300975851716],[101.83869987928477,3.2632297735815996],[101.8379902089165,3.2622802538525093],[101.83748984602693,3.262200305274064],[101.83732006511377,3.262169760975155],[101.83627981639438,3.262159879635874],[101.8359698973776,3.261549925358395],[101.83556026710369,3.2608402549900575],[101.83505990542255,3.2601997576221606],[101.8346996782198,3.2598404307004216],[101.83381034801596,3.259609563606375],[101.83360014146467,3.259579918380041],[101.83300994865732,3.259079556698964],[101.8326101997227,3.2587399936642214],[101.83212959951175,3.257909951496174],[101.8321700239415,3.2576602183792147],[101.832470061619,3.256469951425288],[101.832470061619,3.256450188746669],[101.83284016774417,3.25363037813014],[101.83284016774417,3.2535504283432033],[101.83293988020966,3.2528200962237293],[101.8316202555639,3.2525101772069434],[101.83131033654706,3.251890340381692],[101.83202988825468,3.250770141875364],[101.83120972500899,3.249020222787692],[101.82959006268572,3.2461501064020695],[101.82846986417934,3.244659801770581],[101.82795962115898,3.24398965917635],[101.82663999530473,3.242549659105464],[101.82592044601404,3.241520190797928],[101.82532037065897,3.2397801530494803],[101.8238902531358,3.2371103606674865],[101.82368992913223,3.236079993287376],[101.82287964722588,3.234949913441767],[101.8206401480773,3.233199994354038],[101.81981998724854,3.232280119851282],[101.81930974422812,3.23084012098883],[101.8179901195823,3.2293004084524455],[101.81800000092164,3.2275603707040545],[101.81860995519912,3.225809553752242],[101.81809971459558,3.2248896804579203],[101.81718971901523,3.223040050113127],[101.81678008994976,3.221399726038669],[101.81352998489132,3.217389647259722],[101.81282031452304,3.216259567414056],[101.81282031452304,3.2152399768205555],[101.81414982050808,3.2124695729004316],[101.81445974073335,3.2094898639184635],[101.81405998938186,3.2063098260991865],[101.81375995170436,3.204779996110517],[101.81335032143045,3.2037496287304066],[101.81183037278106,3.202620446748938],[101.81141984222614,3.2008696297970687],[101.8108098855318,3.1989202869867768],[101.80989989236838,3.1976096433992893],[101.8091902220001,3.1947404260862413],[101.80828023004506,3.1930902206725023],[101.80634975084081,3.1902201030784454],[101.80441028695293,3.1870301851283216],[101.8041102516923,3.1856997800706495],[101.80421984428864,3.1845697002250404],[101.80626980105387,3.18027036297201],[101.804330337166,3.1788303653179923],[101.80730016722555,3.1728799247870256],[101.80883988097037,3.169709770723898],[101.81048020504483,3.166219816304647],[101.81140995967843,3.1631502725711584],[101.81120963567486,3.1618198687219774],[101.81232983418118,3.1607903992060074],[101.81294967342325,3.1583299118858577],[101.81325959002322,3.1570596963534285],[101.81275024607538,3.1553097772656997],[101.81193996537746,3.1532598229173345],[101.81142972356548,3.152330064658429],[101.80968968702547,3.152840308887278],[101.80806014215443,3.1529400213527765],[101.80611978040247,3.1522195717810746],[101.80480015575665,3.1515997361642576],[101.80397999492789,3.1505702666482875],[101.80358024478483,3.1500600224194386],[101.8016300041104,3.1513904274771107],[101.80061041351684,3.1513904274771107],[101.79928989100694,3.1521000978453912],[101.79571010546147,3.1552702519085187],[101.7928399890759,3.1575196336047497],[101.78905987710993,3.1602801549771584],[101.78525012112618,3.154760008888104],[101.77919997054659,3.147659724624532],[101.77589955851062,3.151209866152101],[101.77486020765537,3.1519204343845217],[101.77420982894813,3.1522501148714923],[101.77374989169675,3.1520201480584547],[101.7732396474679,3.1508801856651303],[101.77300968065487,3.1503798239839966],[101.7725398620642,3.150549604897151],[101.77035964853457,3.151989604968037],[101.7696302166961,3.152599559245516],[101.76936970679265,3.1529903283302474],[101.76924034789238,3.153770064729315],[101.7690597877758,3.1548004333178596],[101.76928975700571,3.155440034030107],[101.76881993841505,3.1583299118858577],[101.76873998862811,3.1590503614575596],[101.76701971476672,3.1593503991351213],[101.76479997708839,3.159699843509088],[101.76303029773896,3.160099594860583],[101.76291980486155,3.1611497249192553],[101.76238979674571,3.161449762596817],[101.7618499097074,3.1612799816836628],[101.75992032836729,3.160469699777309],[101.75925018456462,3.160650261102319],[101.75802039225346,3.1608999942192213],[101.75643037515647,3.161079657680091],[101.75556978868951,3.160689787667934],[101.75418997572694,3.1609502987798237],[101.75306977722062,3.160989825345439],[101.75207983306183,3.1598597430829614],[101.75154982857123,3.159689962169807],[101.75021043883004,3.1608398059024694],[101.74939027920965,3.1609502987798237],[101.74866982842946,3.1608901128799403],[101.74858987864258,3.160929637028687],[101.74822965506513,3.1615000671574194],[101.74767988427067,3.1617102725002724],[101.74697021631926,3.161780340947928],[101.74660999274181,3.1619501242779506],[101.74591020492124,3.1619600044087974],[101.74481964922438,3.1620695994220114],[101.74424023803732,3.1622600420863023],[101.74350002457857,3.1623399906648046],[101.7431703440916,3.162400180189991],[101.74221992649842,3.1623902976422755],[101.7414303063432,3.162460366089931],[101.74086975876219,3.163220341018814],[101.74016996973319,3.1638698218619083],[101.73932016367809,3.1640503856037867],[101.73791969138125,3.163900364952326],[101.73681027207834,3.1625097752032616],[101.73599010883265,3.163949771648845],[101.73561012257665,3.1650798551197568],[101.73575026068033,3.1658497113879207],[101.73590027770643,3.167400200710915],[101.73614012948406,3.168029921292259],[101.73616977229352,3.1692803765629947],[101.73674020242225,3.170430220295657],[101.73538015455517,3.170900038886316],[101.73417012250576,3.171309669160223],[101.73357992849003,3.1714902329020447],[101.7333796044864,3.172599650996517],[101.73306968788648,3.1729697571216775],[101.7334595566902,3.173450354915758],[101.73411981794516,3.1740504302708246],[101.73460041694767,3.1749801861128617],[101.73427971751903,3.1762099796324605],[101.73422042948323,3.176800172439755],[101.73475043397383,3.1771199715874445],[101.73575026068033,3.177260109691133],[101.73781009636798,3.1772699922388483],[101.73911983967446,3.1772295666007153],[101.73973967770814,3.177030140461227],[101.74068021396204,3.1769699545613435],[101.74211033148521,3.176899886113688],[101.74356021289537,3.1764201849753135],[101.74454027571488,3.175820110828681],[101.74564969380936,3.174949643022444],[101.75171960948438,3.1749801861128617],[101.75182021981402,3.1760096556288318],[101.7529799460944,3.1759602489323697],[101.75345964602434,3.1766699168838386],[101.75441006361757,3.1775403834816416],[101.75690019374713,3.1784099534237953],[101.75721999168638,3.179939784620899],[101.75767005001535,3.181059983127227],[101.75805003747979,3.1825700504372776],[101.75796020514514,3.1839902866211673],[101.75796020514514,3.1844798690988227],[101.75883965521814,3.1845301760762936],[101.75897979332183,3.1851598930323917],[101.75952956169942,3.1860097002959265],[101.75977031134119,3.1864301121901235],[101.75993020970657,3.1874595817060936],[101.7598799063544,3.187989586196693],[101.75939032387674,3.188649847451643],[101.75921964147415,3.1891996182460502],[101.75928971233861,3.1897996911842483],[101.75962029068978,3.190549783565473],[101.75962029068978,3.190859703790693],[101.75860968719667,3.1916295600589137],[101.7583303112703,3.192190107639931],[101.7583096495191,3.193400139689345],[101.75828000429283,3.194060400944295],[101.75812010471896,3.1944799137659174],[101.75808956162854,3.1950198032210437],[101.7581802906189,3.196539751870432],[101.75741043676754,3.197490169463606],[101.75601984460155,3.198799911561707],[101.75441006361757,3.1992598488130852],[101.75376956624962,3.1996802607072823],[101.7529997099814,3.199910228728754],[101.75274009431678,3.2003504045099476],[101.75224961397493,3.20150024824261],[101.74896986610702,3.202800109001373],[101.74824043547699,3.2052902391309317],[101.74786044801255,3.2091700623539055],[101.7466504147547,3.2107798433379457],[101.74545026766987,3.213110073893688],[101.74355033034766,3.2147998034561738],[101.74248043640193,3.2157996277458665],[101.7418300576947,3.2160098330887195],[101.740429582981,3.215939765849555],[101.74086975876219,3.2165200773175684],[101.74139976325273,3.217369883372669],[101.74146983411725,3.21850984576605],[101.74112038732636,3.2203100682058903],[101.74108984665281,3.2217599496161142],[101.74147971303967,3.222979861796375],[101.7418498215817,3.2235197512515015],[101.74275981353674,3.2241000627195717],[101.74334012500475,3.2248097306709838],[101.74387013191216,3.225809553752242],[101.74415040570267,3.226629716997877],[101.74433006916354,3.227289978252827],[101.7450801615447,3.227810103820957],[101.74572964359623,3.228519771772426],[101.74494990598879,3.230169977186165],[101.74204026303755,3.2327903616632625],[101.73918002799127,3.23207979584771],[101.73827003361936,3.23207979584771],[101.73766996068116,3.232210050195249],[101.73464982364413,3.2317896407179205],[101.73382966281537,3.231849826617804],[101.73327001189006,3.2321804073857834],[101.73264029130866,3.232720293215664],[101.73204021837046,3.2330203308931686],[101.73152997535004,3.2328999566765333],[101.73048972663065,3.232270238512001],[101.73011962050549,3.231539906392584],[101.7294503757754,3.2308598848758834],[101.72894013154655,3.230419709094633],[101.72821968439166,3.229690277256225],[101.72764027078779,3.2287802828843155],[101.72698989087212,3.2281397843079844],[101.72608977783955,3.2278801722686126],[101.72538999001898,3.2274597591659813],[101.72325020333597,3.225189718135425],[101.72233033004164,3.2245797602326434],[101.72185961116998,3.224409979319489],[101.72160988046994,3.2236697682776594],[101.72099992256716,3.2234101562382875],[101.72039985083734,3.2225298070927124],[101.71995967384771,3.2217096438470207],[101.72029025461569,3.2207700054572683],[101.72003962363465,3.220189693989255],[101.71993003103825,3.218149622188605],[101.71925000710473,3.217940313501458],[101.71850979606285,3.2179196517502646],[101.71782977092084,3.218119976962271],[101.71743990090869,3.218030144627619],[101.717299762805,3.217120152672635],[101.71704015076563,3.2168596403522542],[101.71655955176311,3.2169800145689464],[101.71660985632371,3.2154995924851733],[101.71585976394255,3.2149902461204647],[101.71500007533973,3.214559955303855],[101.7141996783979,3.215019891346799],[101.71242999542324,3.2156298468327122],[101.71144993622897,3.216089782875656],[101.70992010503193,3.215709796619649],[101.70912958701257,3.2159002417008082],[101.7078701482667,3.2166395548785545],[101.70721976835102,3.216450010078347],[101.7064301481958,3.2161697362878385],[101.70559022468842,3.2162200396400635],[101.70354027034006,3.2166296723307823],[101.70369028736616,3.2186697453398665],[101.7037702371531,3.2195303330153138],[101.70320968957208,3.221169756808763],[101.70319980823274,3.223739836725258],[101.699990127604,3.2234496803870343],[101.69942958002298,3.2233104425643546],[101.69869026684523,3.224059637081382],[101.69854024619383,3.227749915504205],[101.69807042760317,3.228400295419874],[101.69742004889594,3.2290102521142217],[101.69479966200197,3.2288198094499307],[101.69302998144411,3.229279746701309],[101.68865967908772,3.229039897340556],[101.68484004297306,3.228509890433088],[101.67731036454859,3.228309566429516],[101.67433963541646,3.227960122055549],[101.67359044089943,3.2293201711310644],[101.67371979738283,3.2333401324577267],[101.67362996504818,3.234739706890423],[101.67249988520251,3.237079817577012],[101.66989028113727,3.2401601405139786],[101.66822031183648,3.243459651060448],[101.66770018868522,3.244289696853855],[101.66429018163603,3.244279815514574],[101.66413028206222,3.2442501690798053],[101.66395960328492,3.244279815514574],[101.66354008925487,3.2442699329668585],[101.66255014751295,3.2419100596016506],[101.66125028312888,3.241999890727868],[101.66027022393467,3.2413899340335206],[101.65841969330887,3.2387201404430925],[101.65637961909135,3.2364698620910985],[101.65567983247922,3.235900331034941],[101.65386972749161,3.2350100993416504],[101.65219975819087,3.234400142647303],[101.65098972855833,3.2344899737735204],[101.64861009130607,3.2352795939287375],[101.64806032292853,3.232989787802751],[101.64792018482484,3.232519969212092],[101.64490005020468,3.2322298140822454],[101.64308006266936,3.2321301004083125],[101.64237039230107,3.2321301004083125],[101.64139033189838,3.2315201461308334],[101.64073995077433,3.230629914437543],[101.64050998275286,3.229649851618035],[101.63985960404563,3.2293596964882454],[101.6392101219941,3.229499834591934],[101.63823005917459,3.228940184875057],[101.63809980241018,3.2282799236200503],[101.63829024507447,3.2268803455621082],[101.64025037071349,3.224600421983837],[101.64075971466133,3.2235700546036696],[101.64103998845184,3.222819962222502],[101.64109029542931,3.221839899402994],[101.64067976487439,3.2207403626478595],[101.64012011394908,3.219519551394967],[101.63896038887714,3.2181604013920264],[101.6384097226354,3.2171803385725184],[101.63836031593894,3.216149972400842],[101.63794978538408,3.2160996654233713],[101.63719969300286,3.2165200773175684],[101.6364100728477,3.2169395889307566],[101.63580011494491,3.216699740778438],[101.63557014813182,3.2162802279568155],[101.63566986180581,3.2142203898523007],[101.63549019834494,3.2137101492487545],[101.63422986173492,3.212999581016277],[101.63348964827617,3.212350098964748],[101.63302971102479,3.2116000065835806],[101.6323802301817,3.2100099858612907],[101.63209995518275,3.2093497246063407],[101.63140016977906,3.209119757793303],[101.63073002355952,3.2093398432670597],[101.62930978858407,3.209450336144414],[101.62171992425965,3.209109876454022],[101.61997988651126,3.20890955245045],[101.61855965032737,3.2080696277346306],[101.61563024469757,3.2052902391309317],[101.61472025274259,3.204339822746192],[101.61275024576429,3.202379697107176],[101.61117011000658,3.201030429651894],[101.60955044768326,3.200430354296884],[101.60797030950869,3.20022014774554],[101.60647012474635,3.2004599995231615],[101.60480015786243,3.2009702401267077],[101.60312030601392,3.2017904033723994],[101.6020504120682,3.201870353159336],[101.60039032773199,3.201709554512888],[101.59761992381192,3.201140022248296],[101.5965500298662,3.200980122674423],[101.59488994190468,3.201340346251868],[101.59311038000754,3.2020500166201487],[101.59101011868171,3.202800109001373],[101.58899968969052,3.203310353230165],[101.58768994638405,3.203899646964942],[101.58633977864781,3.204809641336851],[101.58368974894438,3.2061598090730854],[101.58139994402683,3.2070203943316073],[101.578819982771,3.2077300622830194],[101.57778961539088,3.208369662995267],[101.57755964616098,3.208840381866935],[101.57671972144516,3.210029749748344],[101.5734498537081,3.2136903853617014],[101.56993025406251,3.21742019035014],[101.5652500314809,3.223330206451351],[101.5637004400221,3.2254699919259338],[101.56161994258326,3.2302301642944826],[101.55298982712259,3.2259200466295965],[101.54865994677908,3.2186598652090197],[101.53009985630734,3.21844965986611],[101.52970998750362,3.2199696085154983],[101.52937042567737,3.22085983779192],[101.52865985744495,3.2214500305992715],[101.52743006392535,3.221539861725489],[101.52540975238645,3.221489558373321],[101.52461025330882,3.22114999292171],[101.52423026584432,3.2205499199835685],[101.52372990416325,3.2197504184890136],[101.5233903411285,3.2174597144988866],[101.52242016085677,3.2174498331596055],[101.52225037994361,3.2182601150659593],[101.52123977403363,3.2179600773884545],[101.5203100181916,3.218250232518244],[101.51757015736194,3.218920376320966],[101.5163403638424,3.219429719060372],[101.51532975793242,3.2196399256116592],[101.51453025885479,3.220150169840508],[101.51385023371284,3.22085983779192],[101.51329956505424,3.221629694060141],[101.51245964033842,3.2222603125056253],[101.51144005337017,3.222940336439194],[101.51104030201867,3.223020286226131],[101.50964971226955,3.223180185799947],[101.50826001675932,3.222839726109555],[101.5074200920435,3.222459738645057],[101.50577976917742,3.220709819557385],[101.50457962088421,3.220199575328536],[101.50339025179437,3.2204196644275953],[101.50210026995802,3.221880325041184],[101.49804976554088,3.2248995617972014],[101.49639956254401,3.2276600843779875],[101.49534044780171,3.2293102897917834],[101.49441967422644,3.2305697285376596]],[[101.46569964072222,3.3975799984841046],[101.46536995660995,3.397250317997134],[101.464709695355,3.3964903430681943],[101.46382036515115,3.3962495946348668],[101.46339995325695,3.396580175402846],[101.46354009136058,3.397149706459061],[101.46433959043827,3.3980004103783017],[101.46432970909899,3.398700199407301],[101.46414016429878,3.399409867358713],[101.46377005817368,3.3996497191363346],[101.46269028530548,3.399499698484931],[101.4618000536122,3.3992203225585627],[101.46142006614775,3.399359562798111],[101.4616599155085,3.4227103675203807],[101.46179017227291,3.4354996821304553],[101.46194018929901,3.4500703543659483],[101.47151982448878,3.483379881461417],[101.41034006752733,3.547080311642844],[101.35068025921532,3.5992499680959895],[101.34773019304276,3.6348304377114573],[101.34574042459434,3.643539602678061],[101.34303020657416,3.6566199702820654],[101.34310027381332,3.6576197945717013],[101.34337965094812,3.6582701769042387],[101.34398960764247,3.658699569856708],[101.3456595745264,3.6597802442142893],[101.34654980621968,3.660750424486082],[101.34713999902704,3.6619496749152063],[101.34723971270097,3.665029997852116],[101.34666029788866,3.66736022599099],[101.34688038698766,3.668260339023618],[101.34758017239136,3.6717404108950973],[101.34736008450079,3.672810304840823],[101.34724959162338,3.6742404223639937],[101.34728013471386,3.6748899044155223],[101.34757029105208,3.6757199465836266],[101.34806975486907,3.676399971725573],[101.34931032759204,3.67732972756761],[101.34992028549482,3.678050178347803],[101.35019965900437,3.6788101520682517],[101.35018977887347,3.682970249081734],[101.34818024774643,3.6855403314150976],[101.35056976633791,3.6871599913215505],[101.34827996142036,3.689880090681072],[101.34659023064944,3.6917000782163996],[101.3460898689683,3.692530120384504],[101.34138000116036,3.6971402745184605],[101.34145006839958,3.697220224305397],[101.34221992466775,3.697970317894999],[101.34290983235746,3.6992800599930433],[101.34349014382548,3.7004299037257056],[101.34418993164604,3.7007101787246484],[101.34463010501042,3.7014099665452136],[101.34487983571046,3.7020199208226927],[101.34539996248702,3.702890388628987],[101.34617970009452,3.7038102655486114],[101.34637014275881,3.7042297771617996],[101.3467600115626,3.705100244968037],[101.34724959162338,3.706129714484007],[101.34750022260448,3.706550126378204],[101.34799968762985,3.707140319185555],[101.34797004119514,3.7080296505978367],[101.34788021006892,3.7088695777305247],[101.34810029795949,3.7096196701116924],[101.34782002416898,3.7099798936891375],[101.34762957908782,3.7105404412701546],[101.34784966697845,3.7108997681918936],[101.34820989055589,3.7114396564385856],[101.34814970465595,3.7117702347897534],[101.34787032872958,3.712579618831967],[101.34765023963058,3.7128598926224754],[101.34714988036632,3.712939842409412],[101.34617970009452,3.7129901469700144],[101.34568023627753,3.7132102348605827],[101.34547991106552,3.7135201538774254],[101.34545026825606,3.7138300741027024],[101.34567035372982,3.7141902976800907],[101.34592008805521,3.7146098092933357],[101.34589044162044,3.7151101709744125],[101.34569999895615,3.71560963599984],[101.34545026825606,3.716170183580857],[101.34547002972624,3.7169499223967932],[101.34496966804511,3.7174799268873358],[101.34486007544876,3.7177898459041785],[101.3449400252357,3.7182102577983756],[101.34496966804511,3.7185695847200577],[101.34479988713201,3.7187097204069346],[101.34402014831608,3.7189603513879774],[101.34380006284232,3.7192100820880114],[101.34336976840041,3.720020363994422],[101.34281011868353,3.720570132371961],[101.34283976390981,3.7210803753923756],[101.34242024987981,3.7216301437699713],[101.34208967152864,3.7221296063785303],[101.34171956298667,3.723249807301727],[101.34163961319973,3.723859761579206],[101.34183005586402,3.7242199875735196],[101.34213997488087,3.7249000102985974],[101.3418803628415,3.725170403958259],[101.34154978207351,3.7256501050966335],[101.34162973186045,3.7263400091610492],[101.34201960066417,3.7270703412805233],[101.34204026241531,3.727600345771066],[101.34178963385114,3.7277099407843366],[101.34117967594835,3.7276497548843963],[101.3409101825697,3.7277898905712163],[101.34104043812567,3.7286603583775104],[101.34112038791261,3.729270315071858],[101.34069997601841,3.729999746910323],[101.34033975244097,3.73121965788215],[101.34027956654103,3.731979632811033],[101.33988969652887,3.7338202808891197],[101.33965972729897,3.7348497504050897],[101.33965972729897,3.735679792573194],[101.33949982772515,3.73609032312811],[101.33896982081768,3.7367299226318664],[101.3384901196793,3.737419830321585],[101.3384398151187,3.737789935238311],[101.33895993826997,3.739290123625949],[101.33928962238224,3.7401596911512343],[101.33915038335113,3.740969971849154],[101.33839040963068,3.74247015781998],[101.33822960977585,3.7430603506272746],[101.33827991675332,3.7439496844564246],[101.33827991675332,3.744370093933753],[101.33817032174005,3.744839912524469],[101.33799963933751,3.745350156753261],[101.33821972722808,3.745759789444037],[101.33877039709512,3.7463796262692313],[101.33877039709512,3.746829680972894],[101.33827003420555,3.747300399844562],[101.33816043919234,3.7476300803315326],[101.33816043919234,3.7481897312568435],[101.33792957209829,3.7486397859605063],[101.3374902965981,3.748890416941549],[101.3367402030085,3.7490503165154223],[101.33623984132737,3.749249743863288],[101.33437044830401,3.750239688022077],[101.33407041062645,3.750239688022077],[101.33364999873226,3.7495398989930777],[101.33288014125566,3.7497896296931685],[101.33248039352947,3.750459773495834],[101.33231959367464,3.750880185390031],[101.33240044132566,3.7517201101058504],[101.33242020521271,3.7522501170132614],[101.3323097123353,3.7523597096096637],[101.33212016753515,3.752330066800198],[101.33183989374464,3.751770415874887],[101.33139972038032,3.750929592086493],[101.33068016746432,3.7514299537676266],[101.3300603318475,3.7524100165871346],[101.32975041162229,3.753240058755239],[101.32953032614853,3.754019797571118],[101.32900031924106,3.7541096286973357],[101.32825022565146,3.7542704261353492],[101.32781005349557,3.7547698899523425],[101.32758008305723,3.7554400325465735],[101.32772022116092,3.7561703646660476],[101.32825022565146,3.7567300155913586],[101.32873980812917,3.757509750781935],[101.3282098012217,3.7585095774884962],[101.327989715748,3.7591797200827273],[101.32810020862536,3.759849862677015],[101.32840024388605,3.7604696995022096],[101.3290102005804,3.76081016160947],[101.3290102005804,3.7615000692991885],[101.32862033177662,3.762199854702885],[101.32839036496358,3.7637898717998723],[101.32811008754777,3.764290233481006],[101.32721985947978,3.7657095718006985],[101.32672039566279,3.766180288255555],[101.32615984687334,3.7663797156034207],[101.3258301639695,3.7666303465844635],[101.32579962087908,3.7671001651751226],[101.32609965855659,3.767690359190908],[101.32614996553406,3.7680200396778787],[101.32604037052084,3.7681098708040963],[101.32560019715646,3.767990396868413],[101.32499023925368,3.767269946088277],[101.32456982735948,3.766930384262025],[101.32404970420822,3.7672097601883934],[101.32357000427828,3.7676795787790525],[101.32281991068868,3.7681799380433176],[101.32227014231108,3.7682095844780292],[101.3214095570525,3.767899664252809],[101.32096039658774,3.7684296723686543],[101.3211795878226,3.7692399506497054],[101.32129007949158,3.770769781846809],[101.32155957407866,3.7712701435279428],[101.3217302528559,3.7719196255794714],[101.32169971339079,3.7727496677475756],[101.32199974744299,3.772920348941682],[101.32256029864931,3.772870043172645],[101.32327984794006,3.7723696802830773],[101.32364007151745,3.772419987260605],[101.3241098901081,3.772760446950997],[101.32417007963335,3.7732599119764245],[101.3238898046344,3.7742399747959325],[101.32443957422038,3.774830167603227],[101.32524985250149,3.774999948516381],[101.32629998256016,3.775079898303318],[101.32654971688555,3.775950366109555],[101.3263799323471,3.7766501551385545],[101.326210151434,3.7773400592029702],[101.32612032030778,3.778209629145124],[101.32692970314156,3.7782895777236263],[101.32796007052167,3.77852044602605],[101.32854038198974,3.778830365042893],[101.32850983889927,3.779249876656081],[101.32809032728608,3.78028024645306],[101.32791964488348,3.7811102886211643],[101.32835982187316,3.782369724950172],[101.32878023135049,3.7825098642622947],[101.32969022572235,3.7824002680406466],[101.3298600066355,3.782989564192235],[101.32886018355424,3.783819606360339],[101.32782981375726,3.7851302499478265],[101.32780017094785,3.7857402042253057],[101.32816039452524,3.7863600434674254],[101.32871016290284,3.7869196943927363],[101.32913955706374,3.786989761631901],[101.32962015848318,3.787049947531841],[101.33015016297372,3.787149661205774],[101.33053015043816,3.787470359426038],[101.33123981838963,3.787839567687058],[101.33169975805782,3.787839567687058],[101.33213004887449,3.7879401792251315],[101.33311999303328,3.788279741051383],[101.3339796816361,3.7884001152680753],[101.33475043576846,3.788569897389607],[101.33511964282104,3.7888097491672283],[101.3351304232329,3.7890999042970748],[101.33509988014242,3.789709858574554],[101.3351304232329,3.7903800047940877],[101.33525977850786,3.7906396168334595],[101.33605029652722,3.7911399797229706],[101.33682015279538,3.790740228371533],[101.3376097729506,3.7903296978166168],[101.33799963933751,3.790580326380791],[101.33828979567573,3.7910896727454997],[101.33830955956273,3.7917104086433255],[101.33818020307933,3.7924101952554565],[101.33784962231135,3.793269882649838],[101.33812001476258,3.794000214769312],[101.3383598665402,3.79475030715048],[101.33857995080552,3.794959613420758],[101.3389096349178,3.7953297183374843],[101.33947018249881,3.7956504177661827],[101.33976033883704,3.795469857649607],[101.3401798528671,3.794900325385015],[101.34038017687072,3.7946299329337876],[101.34087963947923,3.7950701062981693],[101.34152013926405,3.7952704303017413],[101.34214985742858,3.794760189698195],[101.34275981412293,3.7946200503860723],[101.34325029446472,3.7950395632076948],[101.34394019852914,3.7952901941887376],[101.34435971376763,3.794910206724296],[101.34478012324496,3.7944197263825004],[101.34501009247487,3.794489794830099],[101.34508016092252,3.794910206724296],[101.34501009247487,3.7956099957532956],[101.34521041647844,3.795980100670022],[101.34554010059071,3.7965397515953327],[101.34622012210741,3.7967301942596237],[101.34686960415894,3.7968397892728944],[101.34744003670454,3.79702034938947],[101.3478900914082,3.797320387066975],[101.3483599112073,3.7978198484670997],[101.34880996591096,3.7983803996734196],[101.34940015871825,3.798300449886483],[101.34957982217912,3.798039936357725],[101.34955017695285,3.7976698314409987],[101.34923037780516,3.7974102181931926],[101.34874978001102,3.796919739059774],[101.34874978001102,3.7966897686214907],[101.34904981768858,3.7960600504569584],[101.349059696611,3.795380025314955],[101.3492097172624,3.7949398519506303],[101.34938039603969,3.7943802022337536],[101.3499696909829,3.794399962495447],[101.35067037787604,3.7948904428373],[101.35108988948923,3.7948904428373],[101.35150042004409,3.794809596394657],[101.35213013820862,3.7947898325076608],[101.35268978913393,3.795019801737567],[101.35247958499946,3.7956504177661827],[101.35215978343496,3.7960196260272028],[101.35166031961796,3.796560412138092],[101.35181033906093,3.7972000128502827],[101.35246970366018,3.7973096078635535],[101.35387017595701,3.7972799626372193],[101.354369639774,3.7973500298764407],[101.3544397082216,3.79804981890544],[101.35373991919266,3.798560061925855],[101.35365008806644,3.798910404163962],[101.35426004476079,3.7995203608583097],[101.35442982567389,3.800239911357494],[101.3546903392027,3.80061001627422],[101.3553703607194,3.800910053951725],[101.35585994319706,3.800650441912353],[101.35669986791288,3.800709729948153],[101.35698014412026,3.801079834864879],[101.35714992503341,3.8023204075878425],[101.35726041791077,3.802780347256089],[101.35742031748464,3.803030079164614],[101.35754967396798,3.8031100277430596],[101.35790001862301,3.8031100277430596],[101.35814974932305,3.8028396365002664],[101.35834019198734,3.8024300038095475],[101.3585899251043,3.8020203699103376],[101.35882977446505,3.801829928454481],[101.35924030501997,3.8017796238938786],[101.35940020338535,3.8018595736807583],[101.35964993529382,3.8021102022449895],[101.36004968543688,3.802459649035825],[101.36048986121807,3.8028998224002066],[101.36084020345623,3.8033399981814],[101.36130014070761,3.8037199856458415],[101.36140973572083,3.8037199856458415],[101.36160017838512,3.8038196956945285],[101.36176995929827,3.8038798852197147],[101.36267007233084,3.8043398212626585],[101.36300963415715,3.8044404328007317],[101.36376960908603,3.8045401464746647],[101.36404988287654,3.8045203825876683],[101.36443975168027,3.804470078027009],[101.36478021499596,3.804370364353076],[101.3651997266092,3.804259871475722],[101.36540005061278,3.8041898042365005],[101.3656399023904,3.804049666132812],[101.36570008829028,3.8040200209065347],[101.36578003807722,3.803949952458879],[101.36587975175115,3.8037801715457817],[101.36598036328922,3.8035196616422695],[101.36605043052845,3.8034100654206213],[101.36608007575472,3.80329957254321],[101.36629028230607,3.803020196616842],[101.366370232093,3.80281987261327],[101.36678974370619,3.802519834935765],[101.36690023658355,3.8024102399224944],[101.3673601762518,3.8020203699103376],[101.36773028237695,3.8017203358580787],[101.3679198271771,3.8016098429807244],[101.3680698442032,3.801570315206675],[101.36823962511636,3.80158019775439],[101.36838964576776,3.801619721903137],[101.3686196125808,3.8017796238938786],[101.36869956236774,3.8018703528842366],[101.36889988637131,3.802129966131986],[101.36899960004524,3.8024497664881096],[101.36910021037488,3.802650091700116],[101.36935982603956,3.8028800585131535],[101.36959967540031,3.803020196616842],[101.3697703541776,3.8031297916301128],[101.36989971307781,3.803180096190715],[101.37010991962916,3.8032196239647647],[101.37041983622913,3.803139674177828],[101.37071987390664,3.8029600107169585],[101.3708698933496,3.802829753952551],[101.37107021856161,3.802529716275046],[101.37117980994958,3.802209914710488],[101.37126964228423,3.801829928454481],[101.37130018537465,3.8015101293067914],[101.37125976336182,3.801369991203103],[101.37136037369146,3.800810340277792],[101.37144032347834,3.800600134934882],[101.37153015460456,3.800389928383595],[101.3715903405045,3.8003000972573773],[101.37178976785236,3.8002803357872494],[101.37210956941692,3.800389928383595],[101.37251021742406,3.800450116700347],[101.37275006678487,3.800489642057528],[101.37308962861113,3.800650441912353],[101.37323964926253,3.8007501543779085],[101.37337978494935,3.800939699178059],[101.3739699777567,3.801890116771233],[101.37502010902381,3.802700395052341],[101.37519977127624,3.802580023252517],[101.37535967326698,3.802260221687959],[101.37533990937993,3.8016601463328925],[101.37533990937993,3.8010897174125944],[101.37554023459194,3.8007501543779085],[101.37571989684437,3.8005300664872834],[101.37596962754446,3.800389928383595],[101.37610976685659,3.8002300288097786],[101.37618971543503,3.8000701292359054],[101.3762499025434,3.7998599238930524],[101.37626966522197,3.7996003106452463],[101.37631009086016,3.7993595622119187],[101.37656970289953,3.7991403746023025],[101.3767897907901,3.7990999489641126],[101.37702964015085,3.799220323180805],[101.37716977825454,3.799259848537986],[101.37730991394136,3.7991798987510492],[101.37754976571904,3.799019999177233],[101.37769978395357,3.7986597755997877],[101.37783992205726,3.7982195998185375],[101.3779198718442,3.7978099695446303],[101.37815971999652,3.79752969333731],[101.3782199095217,3.7973500298764407],[101.37826033153459,3.796810142838126],[101.37841035097756,3.7964202740344035],[101.37857025055143,3.7961804246736506],[101.37860977590856,3.7960196260272028],[101.37865020033831,3.79577977666645],[101.3787696778993,3.795619874675765],[101.37892957626468,3.795469857649607],[101.37914966536374,3.795430332292426],[101.3793904113802,3.795430332292426],[101.37960960140668,3.795489620328226],[101.3797901627317,3.7955902318662993],[101.37996982498413,3.7955902318662993],[101.3801899128747,3.795489620328226],[101.38034981244857,3.795350380088678],[101.38046030532593,3.7951895826506643],[101.38068039321655,3.795210244401858],[101.38078010689048,3.7954096705412894],[101.38098043089406,3.795680062992517],[101.38114033046793,3.795939676240266],[101.38122028025481,3.795939676240266],[101.38131011138103,3.795900150883142],[101.3812103977071,3.795489620328226],[101.38117985824192,3.7952497685506046],[101.3812103977071,3.7950997515244467],[101.3814897748419,3.7947898325076608],[101.38192006928381,3.794390081156166],[101.38253990490063,3.794080164556192],[101.38275011145191,3.7938600766656236],[101.38266027911726,3.793739701240497],[101.38214015717443,3.793489970540463],[101.38220034307432,3.793269882649838],[101.38222998830065,3.7928701325068346],[101.38245007377441,3.792500026381674],[101.38258033053881,3.791979903230356],[101.38263961857456,3.7912603515227943],[101.38269980689131,3.7911399797229706],[101.38341037270686,3.7911399797229706],[101.38418022897508,3.7911399797229706],[101.38460962313599,3.7910501473883187],[101.38480006821715,3.790740228371533],[101.38477042178243,3.790130271677185],[101.38488989934336,3.7897502842127437],[101.38495008524325,3.7896002659781516],[101.38545044692438,3.7895400776613997],[101.38576036714966,3.789450246535182],[101.38579000995912,3.7891699727446735],[101.38535971793402,3.78870015294558],[101.3850201536909,3.7882698621289705],[101.38493032135625,3.7877398540130685],[101.3850201536909,3.78745958022256],[101.38545044692438,3.7870598300795564],[101.38576036714966,3.786880166618687],[101.38570017762447,3.7866600811449302],[101.38524024158153,3.7866600811449302],[101.38495996779102,3.786410348028028],[101.38480994713962,3.786069888337579],[101.38487013545637,3.7858902248767663],[101.38500039222077,3.7858201540122423],[101.3854603294721,3.7858902248767663],[101.38557980340778,3.7858003937505487],[101.38557980340778,3.7856395938956666],[101.38520969849105,3.7851796566442886],[101.38515040924688,3.7849002807179204],[101.38520969849105,3.784680192827352],[101.38568041494585,3.7843999178284093],[101.38610981152362,3.7842499008022514],[101.38619964264984,3.784060356002101],[101.38654010234029,3.7836902510853747],[101.38676019023086,3.78334978776968],[101.38713029635602,3.7834198562173356],[101.38744021537286,3.7836300615601886],[101.38770970995995,3.7837297752341215],[101.38786960953377,3.783669589334238],[101.38781032028959,3.78339021340787],[101.38761987883373,3.7829203936087765],[101.38768006473362,3.7827101882658667],[101.38790015262424,3.782429914475358],[101.38814988332427,3.782119994250138],[101.38827025754097,3.7815899897595386],[101.3879702198634,3.781190238408101],[101.38762976017301,3.780570402791284],[101.3875399290468,3.780200294249312],[101.38698027812148,3.779980208775555],[101.38660029065704,3.7796199827812416],[101.38646015255335,3.779399897307485],[101.3865203408701,3.7792301163943876],[101.38676019023086,3.7792202338466154],[101.38733960383479,3.7793702520812076],[101.38761987883373,3.7793702520812076],[101.38778965974683,3.779199573303913],[101.38778965974683,3.779000145956047],[101.3875399290468,3.778770176726141],[101.38714017769536,3.7783497672488124],[101.38701980347867,3.7781000329234757],[101.38701980347867,3.7779203706710405],[101.38722012748224,3.7776796234460903],[101.3875201651598,3.777299635981649],[101.38777977719911,3.7771002098422173],[101.38785972698605,3.776940310268344],[101.38785972698605,3.776730104925491],[101.38766030326349,3.776529779713485],[101.38748962206932,3.7763501174610496],[101.38715994158235,3.776209978148927],[101.3870997532656,3.7760401972357727],[101.38713029635602,3.775859637119197],[101.38743033403358,3.7757203956712146],[101.3879702198634,3.7756099040022946],[101.38845980234112,3.775490428858177],[101.38868977277946,3.7753799359808227],[101.38888021544375,3.7751697306379697],[101.38903023246985,3.774919999937879],[101.38907964158318,3.7746100797126587],[101.38894040134363,3.774360349012568],[101.38871043332216,3.7742498561352136],[101.38851010931859,3.7741896678184617],[101.38807981487668,3.7741303797826617],[101.38780043895031,3.77409983548381],[101.38762976017301,3.7739902440958417],[101.38762976017301,3.7737899188838355],[101.38769982741223,3.773649780780147],[101.38783008417658,3.7735698309932104],[101.38813012185415,3.7735096426764585],[101.3885002279793,3.773540185766933],[101.38851010931859,3.7733102189538954],[101.38819030775403,3.7730101812763337],[101.38815976466356,3.7728404003631795],[101.38819030775403,3.772659836621358],[101.38842027819237,3.7723795628308494],[101.38904011380913,3.7718702188830093],[101.38935003403441,3.771730080779321],[101.38965995305125,3.7717696085533134],[101.39001029528936,3.7719196255794714],[101.39049987776707,3.772170256560514],[101.39076038767053,3.7723301561343874],[101.39132991993512,3.7728098560643275],[101.39199018119012,3.773400050080056],[101.39215996210322,3.773550067106214],[101.39238993254156,3.7736300168931507],[101.39273039464882,3.773649780780147],[101.39314990626207,3.7735599496539294],[101.39349036957776,3.773540185766933],[101.39395030682914,3.7734503546407154],[101.39418027364218,3.773279675863421],[101.39429974999467,3.7730497054250804],[101.39432041174587,3.772739788825106],[101.39441024287208,3.772400223373552],[101.39451983909373,3.7720696426055724],[101.39474980590677,3.7718396757925348],[101.39516033646169,3.7715998240149133],[101.39546037413919,3.7714596883280933],[101.39577029315603,3.771439924441097],[101.39602990640378,3.7715701812054476],[101.39618980476922,3.771720199439983],[101.3962904163073,3.771720199439983],[101.39640001132051,3.7716195879019097],[101.39645031588111,3.7712602621886617],[101.39647996110745,3.7709296814206823],[101.39656979223366,3.7707302576980624],[101.39685006602417,3.770629646159989],[101.39713034102311,3.770559575295522],[101.39746990526623,3.770670068172876],[101.39796038560809,3.7708398490860304],[101.39849039009863,3.7706404253634105],[101.39905992236322,3.7702801993691537],[101.39955040270507,3.769960400221464],[101.39980013340511,3.7696603625439025],[101.39988008319204,3.7691402369757725],[101.3999402715088,3.7686901822721097],[101.40011005242195,3.768370383124477],[101.40034002286029,3.76794997123028],[101.40055022578628,3.767690359190908],[101.40072001032473,3.767490033978902],[101.40084038212456,3.7672097601883934],[101.40093021325077,3.76685043205822],[101.40107035135446,3.7665602757199963],[101.40125989615461,3.7663698330557054],[101.4015796953023,3.766200052142551],[101.40193992129656,3.7661596277127956],[101.40228038219544,3.766079677925859],[101.40256963946109,3.7659000144650463],[101.4028499132516,3.7655595547745975],[101.40293974558625,3.765260414961233],[101.40308976502922,3.765219989323043],[101.40330985050298,3.765270296300514],[101.40359012791879,3.765370009974447],[101.40380033084477,3.7656404024256744],[101.4039701141748,3.7658200646781097],[101.40414977763567,3.765960202781798],[101.40438962699642,3.766059916455731],[101.40466001823921,3.766059916455731],[101.40499958369077,3.7659197783520426],[101.40527985748128,3.765720352212611],[101.40571014950632,3.7655999767874846],[101.40593023739694,3.7654301958743304],[101.40596976154569,3.7652101104006306],[101.40590957564575,3.76494959808025],[101.4056796064159,3.764900191383788],[101.4052996189514,3.765019665319471],[101.40506965213837,3.7650996175232194],[101.40488010733822,3.765050208409889],[101.40473996802609,3.764709748719497],[101.4048702247905,3.764089909477434],[101.4048495642478,3.7636003294165903],[101.40481992143833,3.7633398170962664],[101.40489987001683,3.7631197292056413],[101.40501036289419,3.7629795935188213],[101.4052295505038,3.762809812605667],[101.40557989515878,3.7627801661709555],[101.40589969430647,3.762719980271015],[101.4061000183101,3.7625196562674432],[101.40633987008772,3.7621001410289523],[101.40654019409129,3.76197976681226],[101.40678004345204,3.761829749786159],[101.40731004794264,3.7617596813385603],[101.40782029217144,3.7617497999992224],[101.40786969886796,3.761620441099012],[101.40778974908102,3.7614398797740023],[101.40754001838093,3.7611901490739115],[101.40745018604633,3.761079656196557],[101.40732981182964,3.761020368160814],[101.40740976161658,3.7608299230796547],[101.40746994993333,3.7605604284925676],[101.40772956318108,3.760510123931965],[101.40804038006206,3.7606296014928944],[101.40829999210143,3.76081016160947],[101.40873028654335,3.7611299607571596],[101.40898001724338,3.7611200794178785],[101.40907973091731,3.7609898250703395],[101.4091003926685,3.760679906053497],[101.40918034245544,3.760389749715273],[101.40936000470782,3.760239732689172],[101.40964027849839,3.760130137675958],[101.41011997963676,3.7600995945854834],[101.41057991688814,3.760079830698487],[101.41088983590492,3.760019644798547],[101.41113956660502,3.759919931124614],[101.41126982336937,3.7596998432339888],[101.4113497731563,3.759409686895765],[101.41150967273018,3.7590997702958475],[101.41163004694681,3.758929986965825],[101.41188965898618,3.758929986965825],[101.41218969666369,3.7588796824052224],[101.41246008911492,3.758929986965825],[101.41284995791864,3.7590997702958475],[101.41354974694764,3.7595803692983623],[101.41376983483826,3.7597402676637444],[101.41412017707643,3.7597896743602064],[101.41457023178003,3.7597402676637444],[101.41475977658018,3.7599001672376176],[101.41484960891484,3.7601903235758414],[101.41478043833138,3.7605298878189615],[101.41497986447081,3.760749973292718],[101.4151703071351,3.760859568305932],[101.41548022736038,3.7608398044189357],[101.41580002529963,3.760749973292718],[101.41596980983803,3.7605298878189615],[101.41619977665107,3.76029003604134],[101.4164001006547,3.759929812463895],[101.41648005044158,3.75967020042458],[101.41654023875839,3.7590701250695133],[101.41658964545485,3.7587602048442363],[101.4167001383322,3.758540120578914],[101.41687980179307,3.7583200326883457],[101.41713043277412,3.7582598431631595],[101.41804042472916,3.7583595568370924],[101.41832968320324,3.7584700497144468],[101.418929754933,3.7586497131753163],[101.41915972537134,3.7587602048442363],[101.41968972986189,3.7591797200827273],[101.41989993641323,3.7592300246433297],[101.42014966953013,3.7592300246433297],[101.4203499935337,3.759140192308678],[101.42052965699457,3.7589802939432957],[101.42056019766818,3.758709901492068],[101.42057007900746,3.758440406904981],[101.42043982586836,3.7579903485760724],[101.42032034830743,3.757509750781935],[101.42032034830743,3.7571998341820176],[101.42042994332064,3.756480281265965],[101.42040029809436,3.756110176349239],[101.42033023085514,3.755670002984914],[101.420309569104,3.7555496287682217],[101.42042006198136,3.7552199446559484],[101.42071021711115,3.754900146716693],[101.42090964445902,3.7546701762784096],[101.42111984980193,3.754220121574747],[101.42125998548875,3.7536595739937297],[101.42133005393634,3.7532795865292883],[101.42146031070075,3.752980446715867],[101.42166961938796,3.752690290377643],[101.42188970365328,3.752269878483446],[101.42211967409156,3.752230353126265],[101.42307997302407,3.7524396593966003],[101.42329017957536,3.752470202487018],[101.42347972437557,3.7523004215739206],[101.42362974140167,3.752129742796626],[101.42376987950536,3.7520497930096894],[101.42391001519218,3.7522096925835626],[101.42407979610533,3.7521899286965095],[101.4242001715304,3.752039910461974],[101.4244499046473,3.7519401979964755],[101.42471041455082,3.7519500793357565],[101.42510028456297,3.752330066800198],[101.42527994681541,3.752470202487018],[101.42583959774072,3.752470202487018],[101.42616029596098,3.7524396593966003],[101.42625012829564,3.7522402356739804],[101.42621958520516,3.752059671932102],[101.42595997195741,3.7519204341094223],[101.42579019104426,3.7517596366714656],[101.42572012017979,3.7513598865284052],[101.42570035991804,3.7511299160901217],[101.42574976540607,3.7509700165162485],[101.42595009061813,3.7509700165162485],[101.42620970265745,3.7511901044068736],[101.42644955443507,3.751519784893844],[101.4271502377029,3.7522195739228437],[101.42787967195824,3.7528196468610417],[101.42836027096075,3.7531295658778276],[101.42876001868694,3.7531798728552985],[101.42890015679063,3.7531897541946364],[101.42915977003844,3.75303973475161],[101.42932955095154,3.752700171716924],[101.42946968905522,3.752499847713352],[101.42960982474204,3.7523004215739206],[101.42982991263267,3.7521099789096297],[101.4301200689709,3.75201026523564],[101.43041022410068,3.7519500793357565],[101.43100041811647,3.7519500793357565],[101.431630136281,3.752030029122693],[101.43209007353232,3.7522096925835626],[101.43244041818735,3.752339948139479],[101.43284016833036,3.75245044101689],[101.43315008493033,3.752429780474131],[101.43344024126856,3.7523902527001383],[101.43370973585564,3.7523902527001383],[101.43391005985927,3.7523695909489447],[101.43414003029756,3.7523695909489447],[101.43429004732371,3.7523597096096637],[101.43453978044062,3.752269878483446],[101.43495031099553,3.7520497930096894],[101.43525034625617,3.7519599606750376],[101.43528987403022,3.7520497930096894],[101.43537970515644,3.7524100165871346],[101.43549019803379,3.752579797500289],[101.43586030295052,3.752840307403744],[101.43638042851865,3.7530801591813656],[101.43715028237,3.753360432971874],[101.43747996648227,3.7534197222161083],[101.43799020950269,3.7533298898814564],[101.43818963322525,3.7531295658778276],[101.43876006577091,3.7526103405907065],[101.43901967901866,3.7523695909489447],[101.43951015936051,3.752129742796626],[101.44012011363799,3.751700346218854],[101.4404201513155,3.7514299537676266],[101.44066988201558,3.751369767867743],[101.44091961513249,3.7510598488509004],[101.44117024369666,3.750929592086493],[101.44155023116116,3.7510697301901814],[101.4419499825126,3.75139042961888],[101.4421601878555,3.7515296674415595],[101.44255005786766,3.7518000586843527],[101.44278990601998,3.7520902150225766],[101.4429300453321,3.752289641162008],[101.44307017981049,3.7523498282703827],[101.44330015024883,3.7523103029132017],[101.44336033614871,3.7522195739228437],[101.44339986392276,3.752059671932102],[101.44330015024883,3.7517497553321846],[101.4433297930583,3.751519784893844],[101.44343040701324,3.7512700541937534],[101.44344028593565,3.7508199994901474],[101.44348969504898,3.750679861386459],[101.44364959462285,3.750640336029278],[101.44393974975264,3.7506196754865186],[101.44406012517771,3.7505199618125857],[101.44414995630393,3.7502495669445466],[101.44382027340009,3.7498300553313584],[101.44343040701324,3.7492802869537627],[101.44333967439758,3.749120384963021],[101.44343040701324,3.748890416941549],[101.44351035680018,3.748670329050981],[101.44346993116199,3.7484996502736863],[101.44345016727493,3.7482903415865394],[101.44345016727493,3.748019950343746],[101.44378973272654,3.747710030118469],[101.4439002256039,3.7476399628793047],[101.44415983764327,3.7473596890887393],[101.44452994376837,3.746770392937151],[101.44481021755894,3.7465000004859235],[101.44520008636266,3.7460301818952644],[101.445430056801,3.745749908104756],[101.4455998377141,3.745459751766532],[101.44572021193079,3.745350156753261],[101.44608043550824,3.7453798019795954],[101.44639035573346,3.745449870427251],[101.4466203225465,3.7453995634497232],[101.4467703431979,3.7452504430793283],[101.44689969847286,3.7449504054018234],[101.44690958102063,3.7447402000589136],[101.44679010345965,3.7444401647982772],[101.4467703431979,3.744200313020656],[101.44693024156334,3.7439200392301473],[101.4466796105823,3.7436101202133045],[101.44634993009532,3.7434699845264845],[101.44604001107848,3.7433298452143617],[101.4459798251786,3.7431897071106732],[101.4461298422047,3.7431097573237366],[101.44616038529512,3.7429103336011735],[101.44626998030839,3.742460275272208],[101.44643976242992,3.7421701201424185],[101.44659966079536,3.741770371207849],[101.44678022212037,3.741439790439813],[101.44694012411105,3.7412700095267155],[101.44678022212037,3.740870259383655],[101.44672991755976,3.740400439584562],[101.44692036022406,3.7398102467772105],[101.44707037725016,3.7396099227736386],[101.4473003476885,3.739290123625949],[101.44757972361487,3.7390700357353808],[101.44791030438284,3.738980204609163],[101.44847983423057,3.738980204609163],[101.44889036478548,3.7391499855222605],[101.44953984683701,3.7393098850961337],[101.44995037739193,3.739389833674636],[101.45036989142199,3.739280242286668],[101.45061962212202,3.7390601531876086],[101.45063040132544,3.7390502718483276],[101.45079030089931,3.7387897619448722],[101.45088013323397,3.7384304362315675],[101.450930439003,3.7380297870159325],[101.45098972824718,3.737939955889715],[101.45127988337697,3.7378797663645287],[101.45164998950213,3.737889648912244],[101.4517595845154,3.7378195804646452],[101.45181977041528,3.7376102717774415],[101.45189972261909,3.7370901498346143],[101.45195002717969,3.7365197172890134],[101.45201021549644,3.736190036802043],[101.452209639219,3.735940306101952],[101.45238032041317,3.7357597423601305],[101.4524602702001,3.7353698759732197],[101.45251955944428,3.73519021251235],[101.45269023822158,3.735170448625354],[101.45292020745148,3.7355100116600397],[101.4530100385777,3.735580078899261],[101.45311963479935,3.7355504360897953],[101.45323012646827,3.7354498257601563],[101.45339990858986,3.734970124621782],[101.45368018238037,3.734490424691785],[101.45395955830674,3.7341400824536777],[101.45445003864853,3.7338202808891197],[101.45481026222598,3.733569649908077],[101.4550501140036,3.733319919207986],[101.45528008081664,3.7328402180696116],[101.45531960859068,3.7325204201303563],[101.45522977746447,3.732070361801391],[101.45536991315129,3.7316499523240623],[101.45543010146804,3.7313301507595042],[101.45527019947735,3.731100181529655],[101.45491985723925,3.7305701770390556],[101.45484979000003,3.7303500879399962],[101.45500968836541,3.730170425687618],[101.45534026913344,3.7300599328102066],[101.4556501869418,3.730030290000741],[101.45575978195507,3.729829965997169],[101.45605981963257,3.729779659019698],[101.45631044819675,3.729720370983955],[101.45636973864941,3.7295002818848957],[101.45627002497542,3.7291598221945037],[101.45629966778489,3.729040345841952],[101.45658982412311,3.7289900412813495],[101.45690962568767,3.728999920203762],[101.45701023601731,3.7289199704168823],[101.45707042554255,3.728750189503728],[101.45693028623043,3.7281797593749957],[101.45695993266514,3.727850078888025],[101.45715037532943,3.727509616780708],[101.45693028623043,3.726690353816082],[101.4568799804614,3.7264702659254567],[101.45698957547461,3.7264100800255733],[101.45710006835196,3.7262097560219445],[101.45747017326869,3.726030092561132],[101.45780973872024,3.726030092561132],[101.45801006272387,3.7260004473347976],[101.45813043452364,3.725839649896841],[101.45811965532022,3.7255503914227006],[101.45806036728447,3.7252503537451958],[101.45803970553334,3.724989841424815],[101.45836040496198,3.7246799248248976],[101.45877991657517,3.724440073047276],[101.45902964969213,3.7241696805960487],[101.45912037868248,3.7239298312352958],[101.45906019278254,3.723399824327828],[101.45902964969213,3.7231402110800786],[101.45922009235642,3.7227701061633525],[101.45914014256948,3.722639849398945],[101.45887963024916,3.722390118698854],[101.45859037419189,3.7223002875726934],[101.45839992911073,3.72214038799882],[101.45833974321084,3.721930181447533],[101.45837028630132,3.721729857443904],[101.45849964278466,3.7215996006795535],[101.45862001700135,3.7213399886401817],[101.45867032397882,3.7211702077270274],[101.45855983110147,3.720940237288687],[101.45859037419189,3.720720149398119],[101.45876015510504,3.72051982539449],[101.45907007170501,3.7202395516039815],[101.45922009235642,3.720289857373018],[101.45935034912083,3.7206500809504632],[101.45950036614693,3.7209096941982693],[101.45965038438146,3.7209096941982693],[101.45978962462101,3.720800101601867],[101.45982016771148,3.720490182585081],[101.45986957440795,3.720180262359804],[101.46003037063747,3.7198901072300146],[101.46020015517593,3.7194400513179176],[101.46043012198896,3.71927027040482],[101.46071039577947,3.719200199540296],[101.46103019734403,3.7189603513879774],[101.46097989036656,3.7187501448366334],[101.46063044599254,3.7183099714723085],[101.46044988587596,3.7180997661293986],[101.46038969755921,3.7179704072291884],[101.46039957889849,3.717850031804062],[101.46048042896643,3.7177404392077165],[101.46071039577947,3.717700014777961],[101.46092958701433,3.71764970780049],[101.46107960404049,3.7175302338648066],[101.46106972270121,3.717150246400365],[101.46098977291427,3.716719951958453],[101.46102031600469,3.716260014707075],[101.46114967127966,3.716010284007041],[101.46133023502153,3.7158997911296296],[101.46164015162151,3.716069572042784],[101.46188000339913,3.716170183580857],[101.46211985275988,3.716150419693861],[101.46225010952429,3.716000402667703],[101.46266962355435,3.7154596153484363],[101.46302984713179,3.7153302588650376],[101.46329035824368,3.7152000033090644],[101.46339995325695,3.714989796757777],[101.46347002049612,3.7147903730351572],[101.46367034449969,3.7146699976100876],[101.46402967142143,3.7146996404194965],[101.46433959043827,3.7147795926233016],[101.46463962811578,3.714839778523185],[101.46483995211935,3.7147697112840206],[101.46513998979691,3.714570285144589],[101.46536995660995,3.7144400283801815],[101.46557028182195,3.7144903353576524],[101.46576970796139,3.7146502337230345],[101.46590984606507,3.7149098469708406],[101.46613981408655,3.715079627883995],[101.46640032640693,3.7151002896351315],[101.46642008787705,3.7153697842222186],[101.46617035717702,3.7157704322293625],[101.46613981408655,3.7158602645640144],[101.46640032640693,3.7158800272426333],[101.46680007534155,3.7158503844331676],[101.46708034913206,3.715819841342693],[101.46734984371909,3.7156500604295957],[101.46762023858719,3.7156500604295957],[101.46815024307779,3.715930334220104],[101.46852034799451,3.71595997702957],[101.46879972512926,3.7160803524546395],[101.46905035611036,3.71626989725479],[101.46937015404961,3.7166103593620505],[101.46962976971423,3.71674959718473],[101.4699396863142,3.7167999017453894],[101.47057030475969,3.7168196656323857],[101.47084968189449,3.716830444835807],[101.4710598872374,3.716710070619172],[101.47117038011476,3.716589697610914],[101.47142011081485,3.7165097454071088],[101.47148029671473,3.7164495595072253],[101.47148029671473,3.7163103216845457],[101.47148029671473,3.7160399268164497],[101.47142011081485,3.7157803147771347],[101.4715099431495,3.715519803665188],[101.47178033439229,3.715359905299806],[101.47257983709522,3.715030221187533],[101.47284034699868,3.714839778523185],[101.47309996024649,3.714560402596817],[101.4736299671539,3.714319652955055],[101.47400995461834,3.7142998926933615],[101.47454984165665,3.7142298218288374],[101.4748597606735,3.7140303981062743],[101.47534035846758,3.7137698845775162],[101.47584970241542,3.7135695605738874],[101.47627999685733,3.7134303227512078],[101.47657015198712,3.7133198298738535],[101.47688995113481,3.7130296735356296],[101.47734000946377,3.7124996666281618],[101.47756997627681,3.71216010480191],[101.47750979037687,3.7118995936899637],[101.47738043147666,3.711390247325255],[101.47734989080305,3.7111998058693985],[101.47741007670294,3.7110596701825784],[101.47752955426392,3.7109895993181112],[101.47784037114485,3.710770411708495],[101.47795984508053,3.71055032381787],[101.47784037114485,3.7103401172665826],[101.47774963852925,3.710010436779612],[101.47774963852925,3.7097301629891035],[101.47777030028038,3.709440006650823],[101.47757985761609,3.709110323746984],[101.47750979037687,3.708929763630465],[101.47754033346735,3.708800404730198],[101.47774963852925,3.7085902005957223],[101.47800027071872,3.708370112705154],[101.47788977784137,3.7081697887015252],[101.47762028325428,3.7080197680501215],[101.47725017712912,3.7077700373500875],[101.47717022734219,3.707690087563151],[101.47726005967684,3.7076101389846485],[101.47744960085168,3.707489763559579],[101.47795984508053,3.7075499494594624],[101.47809998318422,3.70754007053705],[101.47826976409738,3.707339746533421],[101.47830030839623,3.7070998947557996],[101.47825000141876,3.7068896882045124],[101.47847008930938,3.706770214268829],[101.4785796843226,3.7065303624912076],[101.4785599204356,3.7060704252398295],[101.47862010633548,3.705899746462535],[101.47894978923932,3.7055098776588125],[101.4791797572608,3.705100244968037],[101.4792902501382,3.7046798354907082],[101.47969000028121,3.7043896791524844],[101.48011041338384,3.7040195706104555],[101.4802397686588,3.7035596345675117],[101.4804095507804,3.7032703785102967],[101.48064041787444,3.7028400840683844],[101.48095033689123,3.7025104011645453],[101.48138961239147,3.7021995867004307],[101.48189985662032,3.701939972244247],[101.4822097756371,3.7018402585702574],[101.48259964202401,3.7017603087833777],[101.48305958169226,3.7018501399095953],[101.48342968781736,3.7019498535835282],[101.48394981096868,3.702099874234932],[101.4844600539891,3.7021501775871],[101.48489034843101,3.702039684709746],[101.4854598806956,3.701809717896708],[101.48599976773392,3.7014000852059326],[101.48640041574106,3.70101021640221],[101.48673009622803,3.7004900932508917],[101.48696006666637,3.7002700053603235],[101.48724034045688,3.7000499174696984],[101.48762032792132,3.699870254008829],[101.48792036559888,3.699870254008829],[101.48858961032897,3.6999699676827618],[101.48918968326717,3.6999097817828783],[101.4894097711578,3.699860372669548],[101.48969992749602,3.6996600474575416],[101.49037007009031,3.6989297189633703],[101.4905802766416,3.69869974852503],[101.49074017621541,3.698490443463129],[101.49091983846785,3.6984203725986617],[101.49114980890619,3.6983296436083037],[101.49140043747042,3.698350304151006],[101.49182983283976,3.698459900372711],[101.49217029373858,3.6986000360595312],[101.49262035085911,3.698759938050216],[101.49302998113302,3.6986296812858086],[101.49348003583663,3.698500324802467],[101.49395973697506,3.698500324802467],[101.49408011119169,3.698650341828568],[101.49410975762646,3.6989899048632537],[101.49396961952277,3.6992899425408154],[101.49393997550487,3.699459723453913],[101.49406034851313,3.6995998615576013],[101.49441967422644,3.6997103544350125],[101.49492003590751,3.6998199494482265],[101.49528026190183,3.699720236982728],[101.49568001083645,3.6996196254446545],[101.49610042273065,3.6994803852051064],[101.49675978612146,3.699330366970514],[101.49710024943715,3.69921987409316],[101.49762037258841,3.699110279079946],[101.49807042729208,3.699100397740665],[101.4987199093436,3.699009668750307],[101.49903971090816,3.6987302916155045],[101.49924003491174,3.6984203725986617],[101.49946012280236,3.698190405785624],[101.49972961738939,3.6978598250176447],[101.49997036340591,3.6976496184663006],[101.50037999609663,3.6973998877662666],[101.50084981589572,3.6971995637626947],[101.50137982038632,3.696990255075491],[101.50165021525441,3.6967701696017343],[101.50174004638063,3.6964000610597623],[101.5019403703842,3.695860175229882],[101.50197001319367,3.6952996264404305],[101.50198977708067,3.694989707423588],[101.50212991518436,3.694699551085364],[101.50232035784865,3.69444982038533],[101.50272998812255,3.694219851155424],[101.50303990834777,3.6940698329208885],[101.50355015136819,3.6938398636909824],[101.50396966298143,3.6936197782172258],[101.50425981931966,3.693559589900474],[101.50452033284841,3.69321014552645],[101.50559022316884,3.692339677720156],[101.50651010008846,3.69183033498075],[101.50748028156869,3.6910200530743964],[101.50809023584617,3.6912203770779684],[101.5083399665462,3.69188962301655],[101.50906041611796,3.6916901956686274],[101.50962006704327,3.691070357634999],[101.5098599188209,3.6908700324229926],[101.51067019710194,3.689850445454738],[101.51180027694761,3.6890401671736868],[101.51220990963833,3.688220003927995],[101.51242011618967,3.6872399435253556],[101.51308037744462,3.686530273157075],[101.51470992231566,3.6857604168888543],[101.5159397158352,3.685359767673276],[101.51700960615563,3.6850004419599713],[101.51782976940132,3.683979957127576],[101.51870023720761,3.682290226356656],[101.51864993023014,3.6813200460848634],[101.51844960622651,3.6800902525652646],[101.5192697694722,3.6788101520682517],[101.52008993030103,3.678040295800031],[101.52146974326354,3.6775803585487097],[101.52228002275308,3.6779495668097297],[101.52341010259869,3.6779495668097297],[101.52457971021835,3.678309790387118],[101.5252399714733,3.678979932981406],[101.52564960416407,3.680260033478419],[101.52624967951914,3.681390113324028],[101.52660990309653,3.681850050575406],[101.5271695528134,3.6817503381099073],[101.5281900376458,3.681700033549305],[101.52874968857111,3.682269565813897],[101.52952044270347,3.68268009274351],[101.53038013009785,3.682629789391342],[101.53151021115195,3.682380058691308],[101.53155962026528,3.681349688894329],[101.5320698632857,3.681150265171709],[101.53370030602088,3.68135957023361],[101.5345195689855,3.6808996341906663],[101.53502980958905,3.6812095532074522],[101.53562000360483,3.6807002068428005],[101.53683991457666,3.6793698029935626],[101.5369396282506,3.6799797596879102],[101.53622996029918,3.6814197597587963],[101.53683991457666,3.6822399205876195],[101.53948994669696,3.6831696752212224],[101.53988969563159,3.6840895497239217],[101.53896982112883,3.685620281202034],[101.53926985880634,3.6869596673179785],[101.54039005731266,3.6875804032157475],[101.54252984520411,3.6885002777185036],[101.54334012348522,3.690760439826647],[101.54446032440842,3.6926100701713835],[101.54608986686259,3.69475974061055],[101.54669982355693,3.6960003133335704],[101.547299898912,3.6972301068531124],[101.54760981551192,3.6990698546501903],[101.54739961258593,3.700199936912668],[101.54750022291557,3.701330016758277],[101.54851981109226,3.7018402585702574],[101.54923037932468,3.702049567257461],[101.55045029029651,3.702259772600314],[101.55168008381611,3.702569692825591],[101.55269967078436,3.7030799334291373],[101.55381986929069,3.7041103032261162],[101.55453043752311,3.7038003830008392],[101.55514039421746,3.7036997726712],[101.55615998239415,3.7041201845653973],[101.55762962406601,3.7037698399104215],[101.55855039884977,3.7041803704653375],[101.5594702721441,3.7038695535843544],[101.56058957278628,3.7041803704653375],[101.56139985469264,3.7046995957524587],[101.56161006003555,3.7057200842101565],[101.5616998923702,3.7071600830726084],[101.56221013297375,3.7078796323633014],[101.56343004757088,3.7085003694695047],[101.56383967784478,3.7093196324341875],[101.56404000184835,3.7099295867116666],[101.5645502460772,3.7104497122797966],[101.56556983304546,3.7109599565086455],[101.56628040127788,3.7110596701825784],[101.56729998824613,3.711480079659907],[101.56790994494048,3.7117899986767497],[101.5687301057693,3.711480079659907],[101.56955026659807,3.7117899986767497],[101.57025993696641,3.7134303227512078],[101.57055997464391,3.7146601162708066],[101.57055997464391,3.715480277099573],[101.57065968831785,3.7171197033098906],[101.57125976125604,3.7186603137104157],[101.57247967464474,3.719590069552453],[101.57340044701164,3.7203096212600713],[101.57411011737992,3.7205099464720774],[101.57575043782907,3.7202099087945726],[101.57615018918057,3.720720149398119],[101.57697035242626,3.7211396634281755],[101.57798993939446,3.7213399886401817],[101.57901042422685,3.7212402749662488],[101.57982968719153,3.7215501939830347],[101.58084029310152,3.722170030808286],[101.58063996909789,3.723089905311042],[101.58063996909789,3.7240097810221755],[101.58134963704936,3.724940434728353],[101.5819595937437,3.7260696167098786],[101.58255966909877,3.7279102647879085],[101.58255966909877,3.7288400206299457],[101.58205032273406,3.7302701393615507],[101.58214015506871,3.732630012726702],[101.58183023846874,3.7355998427862573],[101.58183023846874,3.736829636305856],[101.58253990521172,3.738569674054247],[101.5831498631145,3.739490447629578],[101.58396014139561,3.740619627194178],[101.58527976604137,3.741649996991157],[101.58670988477297,3.7431897071106732],[101.5879297957448,3.744220076907652],[101.58956023727154,3.7450402377364753],[101.59118978214258,3.7457696683664494],[101.59210965906215,3.7461801989213654],[101.59321997502076,3.747509706114897],[101.59379040514955,3.7487098568249735],[101.59450007551783,3.7499396503445723],[101.5958295827113,3.7518898910190046],[101.59673957466634,3.752000383896359],[101.59796038350231,3.7530199708646137],[101.59897997409587,3.7546701762784096],[101.59958992837335,3.7559996834718845],[101.59998967851641,3.7589704113955804],[101.60070024674883,3.7607203304832524],[101.60161023870387,3.762969710971106],[101.60201987260302,3.7648202415968512],[101.60222019660665,3.7664596653903573],[101.60292986455806,3.768099988256381],[101.60364043279048,3.768719827498444],[101.60466001975874,3.769440274653334],[101.60516038143987,3.771079700863652],[101.60638029362013,3.773129655212017],[101.60730016691446,3.774060311335063],[101.60953966847984,3.774779860625756],[101.6117800654925,3.7746801481602574],[101.61372042603608,3.7745903158256056],[101.61575960118097,3.7745903158256056],[101.6182102059534,3.7738797512184874],[101.62056019797927,3.773370404853779],[101.62138036122496,3.773479999866993],[101.62300990367913,3.7737899188838355],[101.62371957404741,3.7737899188838355],[101.62474005887981,3.7737899188838355],[101.62577042746835,3.773279675863421],[101.62648009541977,3.772260087686732],[101.62739996992252,3.7724702918212074],[101.62791021294294,3.771899861692418],[101.62815994364303,3.771190193741006],[101.6279596196394,3.7705703557073775],[101.62746015823927,3.7690899336236043],[101.62700022098795,3.7673400145358755],[101.62654028494501,3.766260240459303],[101.62624024726745,3.765549672226882],[101.62603992205544,3.7647798159587182],[101.62603992205544,3.7642695729383036],[101.62644955232935,3.7636497361130523],[101.62721042753924,3.7637602289904635],[101.62848962775524,3.7630900863961756],[101.62997004983902,3.7624801284933937],[101.63253024962466,3.7611101992870317],[101.63333963125007,3.760849686966651],[101.63415979207883,3.760650259618785],[101.63472034207672,3.760340343018811],[101.63488024165059,3.759980117024554],[101.6350302586767,3.759520179773176],[101.63574981159269,3.7591698387434462],[101.63635976587022,3.7586003064788542],[101.63696972256457,3.7580900622500053],[101.63784019037081,3.7573803942985933],[101.63861004663903,3.757020170721148],[101.63916969756434,3.7563599070493296],[101.63931971459044,3.7557400702240784],[101.63928018923326,3.7551804205072017],[101.63916969756434,3.7545102767045364],[101.63917957890362,3.7540000336841217],[101.6393799029072,3.7533298898814564],[101.64020006373602,3.7531798728552985],[101.64086032499097,3.7528798351777937],[101.64199040483658,3.7522096925835626],[101.64264976822744,3.751860248209539],[101.64346993147308,3.7511397974294027],[101.64407988695899,3.75016961715761],[101.64490005020468,3.748169967369847],[101.64557019279891,3.7469500551895862],[101.64664996566705,3.7448003883757224],[101.6473102305473,3.7437700222039894],[101.64756984258668,3.7432103688618668],[101.64793006616412,3.7423399010555727],[101.64879963610622,3.7418296604520265],[101.64936018368729,3.7416302331041607],[101.65043007763302,3.7406097482717655],[101.65165987115256,3.7391697494093137],[101.65222041994201,3.738099855463588],[101.65255998176826,3.7370003174999624],[101.65357957236182,3.735410297986107],[101.65435032649418,3.7343404064572496],[101.65506987578487,3.733370226185457],[101.65552981303625,3.732450349265889],[101.65552981303625,3.731320269420223],[101.65619995563048,3.730299784587828],[101.65650987464733,3.7294796213421932],[101.6565601816248,3.727990214574845],[101.6566697742212,3.7266104040291452],[101.65753035947972,3.7271799362937372],[101.65815019872178,3.727329953319895],[101.65931980392457,3.7270299156423334],[101.66049030940837,3.7267703036030184],[101.66192042693154,3.7266202853684263],[101.66355985314186,3.7260103286740787],[101.6650402776425,3.7255000844452297],[101.66615957828469,3.724790417702252],[101.66739026846,3.724280173473403],[101.66824995706281,3.724130156447302],[101.66877008021407,3.7233099932016103],[101.6699899948112,3.7226003252501982],[101.67142011233437,3.721829571117837],[101.67294994353148,3.7211199007495566],[101.67493971077153,3.7206599634981785],[101.67596019560392,3.7206096565207076],[101.67682976554602,3.7206698448375164],[101.67770023335231,3.7211800890663085],[101.6784602082812,3.7213399886401817],[101.6789695510206,3.7209797650627365],[101.67932977701491,3.7203096212600713],[101.67994961384011,3.7198496815918247],[101.6809700986725,3.7196996645657237],[101.68132044332754,3.719500237217858],[101.68143003834075,3.718580363923536],[101.68167976904078,3.7180099337947468],[101.6823499128435,3.717709896117242],[101.68341980678923,3.717199653096827],[101.68393004739278,3.717199653096827],[101.68458042972532,3.7171197033098906],[101.6847897359956,3.7165600523845796],[101.68489034632523,3.7157398915558133],[101.68520026655051,3.7151802418389366],[101.68525955458625,3.7142495857158906],[101.68545987858988,3.7130296735356296],[101.68561978058057,3.7120999189020267],[101.68637975550945,3.711230348959873],[101.68729962880377,3.710880006721709],[101.68802007595866,3.710570087704923],[101.68848001562685,3.7102197430498904],[101.68934958315214,3.709350175524662],[101.6902703579359,3.708779745395873],[101.6918999015985,3.7078203443275584],[101.69297967567508,3.7073101013071437],[101.693789956373,3.7073604070761803],[101.69514012410923,3.708200331792],[101.69636003628949,3.7089701880601638],[101.69727991079225,3.7102996952536955],[101.69819978650344,3.710870125382428],[101.69876033529289,3.711070449386],[101.70018955495192,3.7105602051572077],[101.70080040709354,3.710459594827512],[101.70145977048435,3.711030023747867],[101.70233023829064,3.711030023747867],[101.70380976492709,3.710570087704923],[101.70590014370521,3.7100203193273273],[101.70737966792484,3.709299868547191],[101.7083004427086,3.7087402188302576],[101.70895980609941,3.7087402188302576],[101.7095697603769,3.7095603820759493],[101.71002969762827,3.7100796073630704],[101.71068996130009,3.7103904242440535],[101.71141040845498,3.711819643903084],[101.71171044613249,3.7124403785924187],[101.71202036635776,3.7123397670543454],[101.7124803024007,3.7113102987468096],[101.71298964634855,3.71055032381787],[101.7143703571752,3.7096304493151706],[101.71511955290066,3.709430125311542],[101.71638977084996,3.709689738559348],[101.71745966237887,3.709699619898629],[101.71894008687946,3.708880356933946],[101.7200198633729,3.7082200932621276],[101.72046991807656,3.708009889127709],[101.72099004364469,3.707959582150238],[101.7226698918679,3.7083799952528693],[101.72369037670029,3.7084302986050375],[101.72470996729385,3.7092001560816357],[101.72592987826567,3.7100796073630704],[101.72714979044594,3.7106401549440875],[101.72766003467478,3.711049787634863],[101.72821968439166,3.7117702347897534],[101.72933988289799,3.7127502976092615],[101.72994983717552,3.7129596062964083],[101.73077000042116,3.7130602166260473],[101.73115986922494,3.7131599302999803],[101.73152009280233,3.7122903603578834],[101.73228994907055,3.712140340914914],[101.73274988632193,3.711680403663536],[101.73350986125081,3.7115797921254057],[101.73463005975714,3.7123496496020607],[101.73514030277755,3.7127601801569767],[101.73625960341974,3.7123999553710973],[101.73768972215134,3.7118403056542206],[101.73872009073989,3.7110803307253377],[101.73948006566877,3.710620391057091],[101.74100989444901,3.710519780727452],[101.74173034402071,3.710260167479646],[101.74204026303755,3.709449889198595],[101.74189024359458,3.7085704379171602],[101.74147971303967,3.708109602801642],[101.73994988425943,3.707390049885646],[101.73933992756508,3.7068798068652313],[101.73918990933055,3.705899746462535],[101.73924021389115,3.7045702404774943],[101.73940011346497,3.703849789697358],[101.73986005313321,3.7028796094255654],[101.74001007015937,3.7019597349228093],[101.74021039416294,3.701000333854438],[101.74047000741069,3.7000696801482604],[101.74098025163954,3.6995100304313837],[101.74148959437895,3.698900073737036],[101.74165039423383,3.697769992682993],[101.74154978390419,3.6970504433922997],[101.74303020477947,3.696540199163451],[101.74415040570267,3.696240161485889],[101.74486007365414,3.6964000610597623],[101.74537031788299,3.696649795385099],[101.74623988782508,3.6963497577075373],[101.74761969837078,3.695429883204838],[101.74834014794249,3.6950696572105244],[101.74970019580962,3.6938003383338014],[101.74979990948356,3.6928795647584707],[101.74991040115248,3.6920099972331855],[101.75022032137775,3.691400040538838],[101.75169984559739,3.6910901203136177],[101.75291975656921,3.6904801660360818],[101.75414955371406,3.689459678786875],[101.75486011832118,3.688490398796091],[101.75511973156898,3.6872597049954834],[101.75532993691183,3.686390137470255],[101.75599019816684,3.6854702605506304],[101.75706997466028,3.6849097129696133],[101.75859980585739,3.6847004042824096],[101.75931037408981,3.685219631986456],[101.76002004204122,3.6851702228731256],[101.76073959133197,3.6844003666049048],[101.76078989830944,3.6837401053499548],[101.7610001036523,3.6832199821986933],[101.76136032722974,3.6824600084781878],[101.76182026448112,3.682409701500717],[101.76277966554943,3.6828696375436607],[101.76327014589128,3.6833295747950388],[101.76373008314266,3.6832801680985767],[101.76443975351094,3.682109663823212],[101.76479997708839,3.681600319875372],[101.76577015856856,3.681499709545733],[101.76699006954044,3.682269565813897],[101.76770961883113,3.68268009274351],[101.76857020529815,3.682730399720981],[101.76939036854378,3.682319869166065],[101.76934006156631,3.680840344946489],[101.76889000565427,3.67950005975797],[101.76883969988518,3.6777600220095223],[101.7694101312224,3.6755600482181876],[101.7701799850737,3.6739197241437296],[101.77130018599689,3.6729504429445115],[101.77212034682572,3.6724401999240968],[101.77247967253902,3.671620036678462],[101.77177000579599,3.6702402249243278],[101.77055009361573,3.6681803892366815],[101.76896995544115,3.665470171216498],[101.76969040622134,3.664850335599681],[101.77131994988395,3.663420218076567],[101.7731102909845,3.662399729618869],[101.77407957218372,3.6619397935759253],[101.77471019062921,3.6616900616674],[101.77557976057136,3.6598898368106916],[101.77754976513279,3.657149975981042],[101.77925027389875,3.6549697648682695],[101.77942005843715,3.6539304140130184],[101.78012972638862,3.6530500648674433],[101.78208984840234,3.652779672416216],[101.78351008700304,3.652679959950717],[101.78433024783186,3.652070004464804],[101.78586007902896,3.650160187011693],[101.78634966150662,3.6495601116566263],[101.78652034028391,3.648519862937235],[101.7858097720515,3.6471499313139475],[101.7854899729038,3.645990205033627],[101.7855402774644,3.644840363717833],[101.78637032204938,3.6435899072386633],[101.7862598303804,3.6422199780322444],[101.7862598303804,3.641280339642492],[101.78621042005864,3.6405203659220433],[101.7850695610096,3.637829911788856],[101.7850695610096,3.6359704001047817],[101.78530042810365,3.633940207226601],[101.78594991015518,3.6331200427724752],[101.78705034719133,3.6325199710427114],[101.7877600151428,3.631859707370893],[101.78841039505846,3.630169976599973],[101.78906975844927,3.629620208222377],[101.78950993423047,3.628959946967427],[101.79021960218188,3.628749740416083],[101.79233962618633,3.6288602332934943],[101.79321997654034,3.6285898408422668],[101.79430963074776,3.6281002583645545],[101.7955097814579,3.627769677596575],[101.797039612655,3.627669967547945],[101.79775017847055,3.6271201955450465],[101.79779958758388,3.6262398463995282],[101.79784989093605,3.6252301419789887],[101.79817957504832,3.6241898932595404],[101.79894044663297,3.622829842975591],[101.79971030290113,3.620690057501008],[101.79976959214531,3.6193803141945295],[101.79943990803304,3.6186095576453567],[101.7993401979844,3.618059789267761],[101.79965999592366,3.6172899329995403],[101.79966987847138,3.6165299580706574],[101.799889966362,3.616200277583687],[101.80071012719083,3.6152103334248977],[101.8016300041104,3.6144997676092885],[101.802559758744,3.6140703710315165],[101.80382009535401,3.614230273022258],[101.80455042505662,3.61427967971872],[101.8049699366698,3.6142895610580013],[101.80540023111172,3.6142895610580013],[101.80676028139567,3.6135295873375526],[101.80753013766389,3.612870222738252],[101.80861979307974,3.6123797436048903],[101.80955044920279,3.6121704349176866],[101.81042989806735,3.611179592894757],[101.81048020504483,3.6100899374789037],[101.81014962306841,3.6092598953107995],[101.80998972470303,3.608550224942519],[101.81003014671592,3.6073096522194987],[101.8103203018457,3.606249639613054],[101.8108700738486,3.605539971661642],[101.8116399276999,3.605319883771017],[101.81305028375289,3.605269576793546],[101.81436002705942,3.6051599841972006],[101.8156697703659,3.604779996732759],[101.81622043902445,3.6040703263644787],[101.81643962663406,3.602919584767676],[101.8158997395958,3.6008103399666993],[101.81573983760507,3.599109829992301],[101.81580002713025,3.597630305772668],[101.81595992549569,3.596640361613879],[101.81607041837304,3.595549805917017],[101.81590962214352,3.5945598641750394],[101.81532032599188,3.593850193806759],[101.81412017769861,3.5929096587613003],[101.81340961067463,3.5921999908098883],[101.81286972363637,3.5905497853960924],[101.81244032705854,3.589399941663487],[101.81232983418118,3.587759617588972],[101.81222023916797,3.587260156188904],[101.81130036466521,3.5864902999206834],[101.8100400280552,3.585609949566674],[101.80960973723859,3.585070061319982],[101.80956032812526,3.5837504354657312],[101.80956032812526,3.5822197076129783],[101.80961961857787,3.580409602625366],[101.80961961857787,3.579590339660683],[101.8091902220001,3.578160220929078],[101.80843024827959,3.5771002095311246],[101.80821016280584,3.5760599608116763],[101.80843024827959,3.5750700166528873],[101.80887042406084,3.574029767933496],[101.80986036580276,3.573269793004556],[101.8102403532672,3.5726104296137464],[101.81062033952321,3.571849556820723],[101.81046044115783,3.570810205965472],[101.80965015925148,3.56900010097786],[101.80948037833832,3.568450332600264],[101.80965015925148,3.5676301693545724],[101.81003014671592,3.5665800392959],[101.8094902596776,3.565870371344488],[101.80798019236755,3.560940418062785],[101.8068402311826,3.555999683160792],[101.80596976337631,3.5534197206965246],[101.80625003716688,3.5528196489667607],[101.80717979300886,3.55210997859848],[101.80729028588627,3.5514595986828112],[101.80729028588627,3.5505801474013765],[101.80695970753516,3.5498102911332126],[101.80653031095738,3.5496503915593394],[101.80461959564008,3.5501300914893363],[101.80346975190747,3.5505702648536612],[101.80282026985594,3.5502899910631527],[101.80217977248799,3.549440185008052],[101.80135960924235,3.5482301553755065],[101.80055022761695,3.5475698941205565],[101.79923958402946,3.547189906656058],[101.79808974271367,3.5466904428391217],[101.79738007234539,3.5468503448298065],[101.79640000952588,3.547289620330048],[101.79497977455048,3.5477801006718437],[101.79427010659901,3.5477801006718437],[101.79361972426648,3.547170142769062],[101.79253006885062,3.546190079949554],[101.79117001977511,3.5456897206852886],[101.79012977105566,3.5458002135627],[101.78932038943032,3.5461200127103893],[101.78866012817537,3.546720088065399],[101.78778966036907,3.5470003618559076],[101.78707999000079,3.5464496956142284],[101.78670000253635,3.5454597514553825],[101.78654010417091,3.5444698072965934],[101.78600021713265,3.543590358432027],[101.78540014177759,3.5429399760994897],[101.78473988052264,3.5427701951863924],[101.78375981770313,3.5424899201874496],[101.7831103356516,3.542160239700479],[101.78251026029653,3.541229583577433],[101.7823503619311,3.5400797398447708],[101.78192006748918,3.538709811846786],[101.78131999455098,3.5376695631273947],[101.78066961221845,3.5368404176149966],[101.77985034925382,3.536349937273201],[101.77904007097271,3.535079719323903],[101.77897988265596,3.5343197443949634],[101.77876967610467,3.5332803935397123],[101.77816960316648,3.532179956503512],[101.77828997496624,3.52891009118332],[101.77823967161407,3.527980335341283],[101.77758030822326,3.5273200716694646],[101.77704042118495,3.5266598104145146],[101.77639003885247,3.5257803615499483],[101.77503987111623,3.5235103168940896],[101.7739897410575,3.521330105781317],[101.7731102909845,3.5200401263618915],[101.77295039261912,3.5185902449517243],[101.77222994183893,3.516729832986641],[101.77151039254824,3.5152000017895375],[101.77063004340266,3.5136602916700213],[101.77015034226429,3.5135003896792796],[101.76775004446932,3.513329710902042],[101.76694964511069,3.5126901113982285],[101.76607019624612,3.5115501490048473],[101.76526979567905,3.5102601671685534],[101.76423044482374,3.5088102881752548],[101.76350999525204,3.5076002561258406],[101.76350999525204,3.5062303269194217],[101.76374984702966,3.504449864741275],[101.76343992680444,3.503159885321793],[101.76359982637825,3.501630054124689],[101.76401035693317,3.5002601225014587],[101.76425020871079,3.498490441943602],[101.76384956070359,3.4972804123110564],[101.76360970892597,3.496630029978519],[101.76402023948089,3.4951001999898494],[101.7637004403332,3.493650320996551],[101.76353964047837,3.4930798908678184],[101.7637004403332,3.492840039090197],[101.76458977053704,3.492600189729444],[101.76594982082099,3.491959689944622],[101.76643041982356,3.4910802410800557],[101.76676010031053,3.489139879328036],[101.76699995087972,3.487450148557116],[101.76700983342744,3.4867997674330127],[101.76789018257301,3.485349888439714],[101.76781023036921,3.4846303355237183],[101.76805996348617,3.483340356104236],[101.76861961441148,3.482210276258627],[101.76926999311871,3.480680445061523],[101.76903014496634,3.479790214576667],[101.7686303936149,3.4788299156441553],[101.76895019155415,3.4776198860116097],[101.76895019155415,3.4773800342339882],[101.770160224812,3.476249954388379],[101.77096960522891,3.475119873334279],[101.77145020423143,3.4739098437017333],[101.77224970572598,3.4732702417811083],[101.77361963493234,3.4723898950524017],[101.77410023272643,3.4711798630029875],[101.77517012788059,3.469090380880573],[101.7769299283076,3.4659696347223417],[101.77872026940821,3.460630048749863],[101.77950000822409,3.4581902255977752],[101.77917032532025,3.455850113702752],[101.77950988956337,3.4513998615594232],[101.78107026143408,3.4473996641197573],[101.78351008700304,3.444069609274379],[101.7850695610096,3.4410701327800552],[101.7850695610096,3.4398097961700387],[101.78463028550937,3.438480290184998],[101.78508034021303,3.4369199183142882],[101.785530398542,3.4350298635397962],[101.78574958615155,3.43413963305494],[101.78609004825887,3.432580156631502],[101.7870898725485,3.430699983196291],[101.78785972881673,3.4297001601150328],[101.78919013266591,3.4290300163123675],[101.78996987148184,3.427810101715238],[101.79274027540191,3.425699959050121],[101.79374009848317,3.4238197868232874],[101.79374998103089,3.4230400480073513],[101.7917602125824,3.42014028881232],[101.78998963536884,3.4186904074021527],[101.78789027190714,3.4171300331146313],[101.78579001058131,3.4154600662307075],[101.78391971727694,3.4135601289084434],[101.78281029797404,3.4122198437199245],[101.78237012460971,3.410440281822787],[101.7817098609379,3.4088799075352085],[101.78049983130535,3.4082097637325433],[101.77861965907852,3.4074300261250414],[101.77739974689825,3.4063197089579944],[101.77674038350744,3.4040900899403823],[101.77532014732355,3.4022099165051145],[101.77116993044092,3.399700022488503],[101.76867980031136,3.3984100430690773],[101.76812014938605,3.397759661944974],[101.7674796520181,3.397759661944974],[101.76667026797588,3.3986400110905493],[101.76563001925649,3.398480111516676],[101.76474967011092,3.3974299814580036],[101.76450982195854,3.396060048626282],[101.76492035130502,3.3946101708414176],[101.76654001483678,3.389450247121374],[101.76685981277603,3.3877596172778794],[101.76711044375708,3.385420404455431],[101.76719039354401,3.384210374822885],[101.766629845963,3.3831602447641558],[101.76599024645918,3.3830003451903394],[101.7658303444685,3.3817903131409253],[101.76510989731361,3.3811399332252563],[101.76439034439761,3.380009853379647],[101.76350999525204,3.3787198715432964],[101.76254969631952,3.3771900403461927],[101.76167024745496,3.376699560004397],[101.76110969987394,3.3749298794465403],[101.76095967922254,3.3737997996008744],[101.76128037865124,3.373150317549346],[101.7600299233805,3.371930406577519],[101.75931037408981,3.371519876022603],[101.75826024282264,3.3715998258095397],[101.75658039218257,3.3718396739618584],[101.7555302621239,3.371270145322569],[101.75393036247914,3.370539813203095],[101.75273021539437,3.370539813203095],[101.75136028256264,3.371260262774854],[101.74999035093941,3.3727101417681524],[101.74895010222002,3.373189842906527],[101.74838955463895,3.373589593049587],[101.7475002208098,3.3744798247428776],[101.74653992308578,3.3748795724690694],[101.74549967436633,3.3748795724690694],[101.74396984316928,3.3749496433335366],[101.74260979530214,3.374789741342852],[101.74173034402071,3.37438999361666],[101.7402598008594,3.3739102924782856],[101.73940011346497,3.375670090488427],[101.73904977122686,3.3763896434044227],[101.73874973354935,3.3775996730369684],[101.7380301842586,3.3784899035218245],[101.73713995256531,3.3787297528825775],[101.73642040327456,3.3787297528825775],[101.73530020235137,3.3791304020982125],[101.73456987385725,3.379690051815089],[101.73401022293194,3.379690051815089],[101.73336972556399,3.379530152241216],[101.73265017385643,3.378799821330233],[101.7322504249218,3.378799821330233],[101.73160004258926,3.3794403211149984],[101.73112034265932,3.3801697529534636],[101.73087959543437,3.3811300518859753],[101.73062986231747,3.382420033722269],[101.73031006316978,3.383230312003377],[101.72991031302678,3.383550113567935],[101.72837958396553,3.3843496126455648],[101.72710038374947,3.38522996179114],[101.72613020347774,3.3856395944818587],[101.72540975269754,3.386200143271367],[101.72453030141611,3.3870795945527448],[101.72387992150044,3.387809923046916],[101.7234002215705,3.388450421623304],[101.72251987242493,3.388610323613989],[101.72146974115782,3.388770221979428],[101.72075019186707,3.389090023543986],[101.71988960660855,3.3893199915654577],[101.71922036066996,3.3888402904270265],[101.71810016216364,3.388519590998328],[101.71794026379825,3.388199793059073],[101.71795014272067,3.3870697132134637],[101.71763034357298,3.385939629742552],[101.71738959513965,3.3852101979040867],[101.71690989400128,3.3848104501779517],[101.7163502442844,3.3846397689837886],[101.71578969549495,3.384319969836099],[101.71530999556495,3.3836695875035616],[101.71483029442658,3.382870088425932],[101.71467039485276,3.382379608084136],[101.71475034463964,3.3815001568027014],[101.71442964641938,3.3806898785215935],[101.71363014613331,3.379479845263745],[101.71339029435569,3.378750414633771],[101.71315044620337,3.377780233153544],[101.71332022711653,3.376410303947125],[101.7134001769034,3.3760096559399813],[101.71300042555197,3.3753601738884527],[101.71235992818401,3.375200271897711],[101.7118002772587,3.374799623890567],[101.71134034121576,3.374179787065316],[101.711099591574,3.373460237774623],[101.71101964178706,3.372490056294396],[101.71101964178706,3.3708802765188466],[101.7106998402225,3.369990044825556],[101.71022014270943,3.368939914766827],[101.70862024064786,3.366839653440991],[101.70839027383482,3.3661102216025256],[101.70823037426095,3.364419591759031],[101.70774977405,3.3637701097075023],[101.70711017333775,3.363610210133686],[101.70598009349214,3.363610210133686],[101.70533959612419,3.3632796293657066],[101.70454009342126,3.362470247740305],[101.70358967703652,3.3614102363422944],[101.7031000945588,3.3606996681098735],[101.70255032618121,3.3591599579903573],[101.7023904266074,3.3580298745194455],[101.7020697271787,3.3568198448868998],[101.70182987902638,3.3557795961675083],[101.70166997703564,3.3540799840572504],[101.7019197101526,3.3529499042116413],[101.7019197101526,3.352069555066066],[101.70144000901422,3.3518198219491637],[101.70071955944246,3.351579972588354],[101.70000001015177,3.351500022801474],[101.69910977845848,3.351170339897635],[101.6985501287416,3.350769690682],[101.69681009099315,3.349169792245732],[101.69625044127628,3.3481196621870026],[101.69552999412144,3.3468296827675204],[101.69522007389617,3.3456996029219113],[101.6948203237531,3.3444096198771263],[101.69433972475059,3.343440339886399],[101.6936201754599,3.343119640457701],[101.69280989355349,3.34310975911842],[101.69128994490416,3.3424701596146065],[101.69081024376572,3.3420596290596905],[101.69073029397885,3.3413400785605063],[101.69058027695269,3.341229585683152],[101.69024969618471,3.3410103956566672],[101.68945019469021,3.3406097476495233],[101.68840994597082,3.340599865101808],[101.68761044689319,3.3398003660241216],[101.68720979767755,3.339229935895389],[101.68728974746449,3.3385903339747642],[101.68761044689319,3.3380998536329116],[101.68777034525857,3.3375402027076007],[101.68777034525857,3.33705960491352],[101.686889996113,3.3365700248526764],[101.6858497473936,3.3353599928032622],[101.68497029852904,3.3343098627445897],[101.68409983193118,3.333450174141717],[101.68338027901518,3.3328797440129847],[101.68273978164723,3.3327198456475458],[101.68210018214342,3.332639895860666],[101.6815396309371,3.333440292802436],[101.68152974959781,3.335050076203288],[101.68113000066325,3.3364999551966434],[101.68096021975009,3.337869886819874],[101.68072036797247,3.338680165100982],[101.67991996861383,3.3390799164524196],[101.679119571672,3.3390799164524196],[101.67847008962048,3.3395596163823598],[101.6781197449655,3.3395497350430787],[101.6779903884821,3.3386702861785125],[101.67759962181424,3.337869886819874],[101.6767902389804,3.337300354555282],[101.67574999026101,3.336889824000366],[101.67535023890957,3.3365700248526764],[101.6751903393357,3.335759744154757],[101.6747896913285,3.334960243868693],[101.67367039068631,3.3339900635969],[101.6731897916838,3.3334995832550476],[101.67286999011924,3.332530300847395],[101.67279992288007,3.3312403214279698],[101.67208037358932,3.330270139947743],[101.67159977458681,3.329709589949857],[101.67127997423069,3.3291400601021337],[101.6714901795736,3.3278401957180677],[101.67039962387668,3.3288202585375757],[101.66927044189521,3.3299395591797634],[101.6683101429627,3.330430039521559],[101.66662041219178,3.33098969044687],[101.66571042023679,3.331369676702934],[101.66554962038191,3.3306501274121842],[101.6649100208781,3.3302395968572682],[101.66427042137434,3.329759896927328],[101.66378982237177,3.329759896927328],[101.66322029010718,3.329999745079647],[101.6627396923131,3.330400394295282],[101.66178029124472,3.330400394295282],[101.66089994209915,3.3303896150918035],[101.65921021132823,3.330950165089689],[101.65800017927882,3.331760443370797],[101.65743963048936,3.3324799938699243],[101.65735968070243,3.333450174141717],[101.65680003098555,3.334009825067028],[101.65590979929226,3.3341697270577697],[101.65478960199437,3.3345703750649136],[101.65349961894964,3.3355396562641317],[101.65246027171963,3.3359403042713325],[101.65125023846178,3.336180156048954],[101.65084959045464,3.3358495752809745],[101.6502099897424,3.334640443512569],[101.64974017115173,3.3337502118192788],[101.64892989287063,3.333109714451325],[101.64822022250235,3.332220380622175],[101.64725004102212,3.3311702505634457],[101.64636969187654,3.330200070291653],[101.64565014258585,3.329549690375984],[101.64444999429259,3.328740308750639],[101.6438103923719,3.3277701284788463],[101.64341962570404,3.326160347494863],[101.64285997477873,3.3251102174361336],[101.64222037527492,3.3241400359559066],[101.64165982648547,3.3235696070356084],[101.64118012655553,3.3221197256254413],[101.64078037520403,3.3215600747001304],[101.63997997584539,3.3217199742739467],[101.63900979799047,3.321959826051568],[101.6381303455006,3.3226802732064584],[101.63708021544193,3.323399826122454],[101.63619986629635,3.3239603737034713],[101.63548031700566,3.3242801752680293],[101.6344301857385,3.324520023420348],[101.6333099848153,3.324679922994221],[101.6325904355246,3.3243601238465317],[101.63194993815665,3.3241903429333775],[101.63106958901108,3.323549843148612],[101.62994040702961,3.3229003610970835],[101.62929990603635,3.3229003610970835],[101.6289801080971,3.3234600120223945],[101.62850040695872,3.3241903429333775],[101.62777995738696,3.3241795613130876],[101.62656992775442,3.3241795613130876],[101.62577042746835,3.3243403611679696],[101.62465022654516,3.3243403611679696],[101.62360009648648,3.32400978039999],[101.62263979755397,3.3236899812523006],[101.62151959904764,3.3235202003391464],[101.62019009306255,3.323130331535424],[101.61875009299166,3.3229704295446822],[101.61746999491152,3.3233701796877426],[101.61554041357141,3.3236800999129628],[101.61425043415193,3.3246502801847555],[101.61337008500635,3.3250500291193816],[101.61264963422622,3.32512998132313],[101.61168035181856,3.3256896310400634],[101.61087995487674,3.326410078194897],[101.61032030395143,3.32656997776877],[101.60903032211513,3.3262501786210805],[101.60822992517336,3.3260004479209897],[101.60710972425017,3.325919597853101],[101.60662014177245,3.3261396857436694],[101.60534004490074,3.3269598465724926],[101.60365031412977,3.3275203977788124],[101.60237021363275,3.327600347565749],[101.60069036540955,3.3274296651631516],[101.5991596363483,3.3278303143787866],[101.59747978570823,3.3278303143787866],[101.59539030358582,3.3277395853884286],[101.59419015650099,3.327659635601492],[101.59306007544694,3.327659635601492],[101.5922596760883,3.3283001329694457],[101.59233962587524,3.329909913953429],[101.59256959631352,3.3313597953635963],[101.59208989517515,3.3316903761315757],[101.59192999560133,3.332489875209262],[101.59184016447512,3.3339397566194293],[101.59194975707146,3.3345003042004464],[101.59081967722585,3.33603013539755],[101.58994022473598,3.337480016807717],[101.58952969780637,3.338530148074824],[101.58936979581568,3.3398102473634594],[101.58944974560256,3.340539679201868],[101.59088974446502,3.34182965862135],[101.59169014382371,3.342240189176266],[101.59208989517515,3.3429696210147313],[101.59185004339753,3.34377002037337],[101.59103976511648,3.3441697717248076],[101.59040016440423,3.344249721511744],[101.5892000136941,3.3444096198771263],[101.58846968519993,3.3447303193058247],[101.58767018370543,3.345210020444256],[101.58615023384766,3.3450501208703827],[101.58486025442818,3.3443997385378452],[101.5843796566341,3.3443997385378452],[101.5839799052826,3.3438302062732532],[101.5831804037881,3.342540226853771],[101.58295043576663,3.3414900967950985],[101.5823000570594,3.3413301972212253],[101.58149965770076,3.3412502474343455],[101.58070015499783,3.340759767092493],[101.579899758056,3.340190234827901],[101.57942005812606,3.3397895868207],[101.57845975919355,3.3397895868207],[101.57708982636188,3.340190234827901],[101.57653017664501,3.3403501344017172],[101.57604957885093,3.339939603846801],[101.57525007856486,3.3396997544860483],[101.57439039117043,3.3396198022823],[101.57318035912101,3.3401004037016833],[101.57190026104087,3.340089624498262],[101.57093996210835,3.33992972250752],[101.56997966317584,3.339520092233613],[101.5690903293467,3.340330370514721],[101.56933018112437,3.341459553704624],[101.56917027913363,3.342100053489446],[101.56804019928802,3.342339902850199],[101.56676010120782,3.3424998024240153],[101.56571985007156,3.342819602780139],[101.56474967221664,3.3429804002181527],[101.5638702209352,3.3431403022088375],[101.56338962193269,3.3433002017827107],[101.56258024151578,3.344750083192878],[101.56217959230014,3.345149830919013],[101.56138009080564,3.3448201504320423],[101.55961041024779,3.3441697717248076],[101.55849020932459,3.343929919947186],[101.55792966174357,3.3440098697341227],[101.5569702606752,3.343999989603276],[101.55600008282028,3.3444096198771263],[101.55535958182708,3.345529818383511],[101.55519968346164,3.3462601505029284],[101.5549499491363,3.347139601784363],[101.55279039977472,3.34770014936538],[101.55174026971599,3.347780099152317],[101.54949987270334,3.3480199485130697],[101.54765024115011,3.348499649651444],[101.54636026173063,3.348809568668287],[101.54465974933942,3.349130268096985],[101.54329970147234,3.3492901664623673],[101.54072962155584,3.3492802851230863],[101.53920967290645,3.3492802851230863],[101.53801042006046,3.3487898047812905],[101.53672044064098,3.3483801745073833],[101.53479984277601,3.3483801745073833],[101.53358981314346,3.348699973655073],[101.53222976285952,3.3488598756457577],[101.53085983123628,3.349009892671859],[101.52990043016791,3.3488499930980424],[101.52878023166159,3.34836041062033],[101.52781993272907,3.3481196621870026],[101.52660990309653,3.3479498812738484],[101.52589035018053,3.3476300821262157],[101.52540975238645,3.347139601784363],[101.52477015288264,3.346819800219805],[101.52404970572775,3.3465799520674864],[101.52349005480244,3.3468997500067417],[101.52317025323794,3.34770014936538],[101.52324032168553,3.3481097796392874],[101.5225198745307,3.3488302304194235],[101.52172037182777,3.3491500307755473],[101.5202695925534,3.3493898801363002],[101.51931019148509,3.349789631487795],[101.51866969411714,3.3501902794949956],[101.51818011163948,3.350030377504254],[101.5172997624939,3.349459948583956],[101.51626041405547,3.3493000490100826],[101.51553996448376,3.3487296188813502],[101.51465961533819,3.348970368523112],[101.51401013328666,3.3494500660362405],[101.51320973392802,3.3505801495071523],[101.5125602518765,3.3521899292827015],[101.51191975450854,3.3527495802080125],[101.51088040365329,3.3529903262245284],[101.51038992331144,3.3529903262245284],[101.5095904242338,3.3529903262245284],[101.50910982281442,3.3520201459527357],[101.50839027352367,3.3512098676716278],[101.50742997459122,3.3507301665332534],[101.50630977608489,3.3508002337724747],[101.50544020614274,3.351030204210815],[101.50470987764857,3.351030204210815],[101.50404961276831,3.351640158488294],[101.50371993228134,3.3523399475172937],[101.503109975587,3.353140346875932],[101.50203020271886,3.353049617885574],[101.50082016946101,3.3544896143311576],[101.50007007707984,3.35558017002802],[101.49974039659287,3.3572195962383375],[101.49936040912843,3.3583999830614744],[101.49884028356024,3.360520004649004],[101.49850970520913,3.3612296750172845],[101.49742992992412,3.3625403161879603],[101.49597016596624,3.3641402146242285],[101.49512035991114,3.3652199911176695],[101.49536021168876,3.3656996910476096],[101.49562970627579,3.366500091614739],[101.49498022422426,3.367529559922275],[101.49399028006547,3.3684700961761678],[101.49225024352552,3.368990218118995],[101.49008979629974,3.369360326661024],[101.48910973348023,3.369259712706082],[101.48808026396426,3.368690184066793],[101.48699959081512,3.3684997389856335],[101.48502958625369,3.3691501201097367],[101.48451036096657,3.3695804121347805],[101.48441962955934,3.3700502307254396],[101.4840396420949,3.370089758499489],[101.48310988625286,3.36961993990883],[101.4822600801977,3.36976007559565],[101.48217024907149,3.370229894186309],[101.48234991132392,3.370750019754439],[101.4822600801977,3.3711300072188806],[101.48168965006897,3.3716402502392953],[101.48121983147831,3.3716402502392953],[101.4809898622484,3.372400225168178],[101.48075001288765,3.3726796010945463],[101.4802397686588,3.3729095691160182],[101.48019036196234,3.373189842906527],[101.48037002542321,3.3737602718268818],[101.4805101635269,3.3741896684046537],[101.48079043731741,3.374660384859453],[101.4812602571165,3.375270342762235],[101.48144980191665,3.3756503302266765],[101.48129978126525,3.3765899674079947],[101.4811102364651,3.377529604589313],[101.4811102364651,3.378240170404922],[101.4810599319045,3.3789498407732026],[101.48059011331384,3.379789765489022],[101.480280194297,3.3810797449085044],[101.480280194297,3.381880144267143],[101.47994961352902,3.3826302366483105],[101.47952021936811,3.383380332654781],[101.4792399455776,3.384140307583664],[101.47891026267376,3.38451041250039],[101.47853027520927,3.385220080451859],[101.47839013952245,3.385689899042518],[101.47819969685816,3.386110310936715],[101.47819969685816,3.387149661791966],[101.47787001395432,3.387860230024387],[101.47711992036471,3.387899755381568],[101.47627011430961,3.387850348685106],[101.47505020333779,3.387850348685106],[101.47383029115747,3.3881701478327955],[101.47308019635943,3.3886004410662736],[101.47195011651382,3.3897197417084612],[101.47158001038866,3.390900128531541],[101.47142999336256,3.39212992205114],[101.47100958025993,3.3933004251180705],[101.47035021686912,3.3943900829507925],[101.46977978794877,3.395559689362017],[101.46936027512714,3.3958902677131846],[101.4685598757685,3.395559689362017],[101.46800022605163,3.3954195512583283],[101.46733996479668,3.3958399643609596],[101.4665395642296,3.3966403613027865],[101.4658802008388,3.39748028722704],[101.46569964072222,3.3975799984841046]],[[101.70574024413139,2.9833497877336868],[101.70929038445053,2.983750436949265],[101.71052017797012,2.983819606324346],[101.71550043702081,2.984220255539924],[101.7148204130873,2.986110310314473],[101.71455002063607,2.9875098871640375],[101.71518962013988,2.9876796680771918],[101.7163295825332,2.9877596178640715],[101.71710033666557,2.9881602670797065],[101.7184001998412,2.988480065018962],[101.71886013709258,2.988749559606049],[101.71972970703467,2.9897601655159747],[101.71972970703467,2.9904096475675033],[101.720150116512,2.9923203628847546],[101.7205498678635,2.993160287600574],[101.72061993510266,2.9938897218559077],[101.72075019186707,2.9951401771266433],[101.72082026031472,2.9967598394499078],[101.72053998652422,2.999080185041066],[101.72032977997287,3.000600134898889],[101.7200000994859,3.0015101292707413],[101.72003962363465,3.002270104199681],[101.71993991358602,3.002969889603378],[101.7200000994859,3.003640033406043],[101.72023994884665,3.0042203448741134],[101.72007016672512,3.005339645516301],[101.72007016672512,3.007550398511057],[101.71944044856059,3.0075899262851067],[101.71857986330201,3.007950149862552],[101.7191700573178,3.0091197574822104],[101.71977012904756,3.010269601214816],[101.72053998652422,3.0112703221602146],[101.72106999343163,3.0117904477283446],[101.72164042356036,3.012120128215315],[101.72205005383427,3.012280030206057],[101.72403982107431,3.0088996695915853],[101.72483033909367,3.007449788181418],[101.72612032092997,3.005080032268495],[101.72684975276843,3.004010140739638],[101.7282798702916,3.0022898680866774],[101.72910003112037,3.0016296032064247],[101.73054991253053,3.000389928347545],[101.73112034265932,2.9998895690833365],[101.7316997562632,2.999629953418662],[101.73395991595447,2.997850391521524],[101.7350495737872,2.99702034935342],[101.73615989095424,2.995670181617186],[101.7371803782035,2.994269709320349],[101.7384496958718,2.9918002409419273],[101.73974956025586,2.989479891725466],[101.74001007015937,2.9887297993442985],[101.74142042500392,2.9863196190016197],[101.74206990584702,2.9851904358117167],[101.74313980100118,2.9829302761204985],[101.74341019224397,2.982090351404679],[101.74347038176916,2.9816304117364325],[101.7435296698049,2.9811300524721673],[101.74357009423466,2.9805299771171008],[101.74363028013454,2.9796199827452483],[101.74368956937877,2.979049552616459],[101.74378030078594,2.9782698174258257],[101.74379017970841,2.9779598972006056],[101.74383958882174,2.9775897922838794],[101.74388001083463,2.977100209806167],[101.74387013191216,2.9756898561700496],[101.74387013191216,2.9743801104467025],[101.74378030078594,2.9733596256143073],[101.74374975769553,2.972930231453404],[101.7437596390348,2.972320273550622],[101.74377041823823,2.9717300807432707],[101.74387013191216,2.9708497315976956],[101.7440003862597,2.969869671195056],[101.74413962649925,2.9691501194874945],[101.74427976218607,2.9683398399979524],[101.74464986831123,2.966960027035441],[101.74479000641492,2.9664300225448414],[101.74498044907921,2.9658703716195305],[101.74533977479251,2.9648804274607414],[101.74570987970924,2.964119554667718],[101.74623988782508,2.963119729169591],[101.74658034751553,2.962380415991845],[101.74700974167644,2.9616599676285773],[101.7480095671745,2.959949576314898],[101.74867971097723,2.9588796823691723],[101.74934985357146,2.9578699767402554],[101.74999035093941,2.956759658364774],[101.75062007272919,2.9557499527358004],[101.75100994153297,2.955219944619955],[101.751259672233,2.9548696035902253],[101.7513800464497,2.9546602949030785],[101.75182021981402,2.9536398100706833],[101.75221997116552,2.9524198978904224],[101.75273021539437,2.951159561280406],[101.75289011375975,2.9508298783765667],[101.75306977722062,2.9502298054383687],[101.75320003398502,2.9495803245952743],[101.75321979424672,2.9484197004507564],[101.75320003398502,2.9473902321432206],[101.75314972700755,2.9467802742404388],[101.75311020165037,2.945769668330456],[101.75305989588134,2.9452603255910503],[101.75305989588134,2.944789609136251],[101.75310032031109,2.944169769894188],[101.75333028712413,2.942939976374589],[101.75350006924566,2.94233002209711],[101.7539797691756,2.940679816683371],[101.75446037059504,2.9390996785087964],[101.75477028719496,2.9381501611965746],[101.75552037957618,2.936349936339866],[101.7558302998014,2.935459707063387],[101.75621028605741,2.9343898131177184],[101.75636030670881,2.9339801804269428],[101.75676993698272,2.932920167820498],[101.75728018121157,2.9317604451654233],[101.75760986169854,2.9307498392554407],[101.75792966205466,2.929730252287243],[101.75820005450589,2.928910089041551],[101.7584803282964,2.9279497901090394],[101.75866987309655,2.927179936257744],[101.7587399415442,2.926540333128628],[101.75871029873474,2.9257695789963236],[101.75866987309655,2.9253401860437975],[101.75849021084412,2.9245299041374437],[101.75797996661527,2.923019836827393],[101.75772035457595,2.9219903673113663],[101.75759010022841,2.9211199007135633],[101.75753979325094,2.920749794588403],[101.757479607351,2.9200598881071187],[101.75746972601172,2.919469694091333],[101.757479607351,2.9184096826933796],[101.75754967579866,2.9175499965073755],[101.75760986169854,2.9171295846131784],[101.75789013548905,2.9161998287711413],[101.75841026105724,2.9150203398122017],[101.75893038662537,2.9142199428704316],[101.75974964958999,2.9130000282732453],[101.76011975450672,2.912470023782703],[101.7607099485225,2.911920255405107],[101.76139985500379,2.911380365949981],[101.76259012074928,2.9107704116725017],[101.76319019610435,2.9102996952176454],[101.76372020180338,2.9098397555494557],[101.76463019617523,2.9091399689373247],[101.76509013342661,2.9086000831074443],[101.76567044489462,2.907799683748806],[101.76608995650781,2.9071600830365583],[101.76640975807237,2.9066399574684283],[101.76667026797588,2.9061899027647655],[101.7669801882011,2.905550302052518],[101.76715985045354,2.9048603955712906],[101.76743024290477,2.9037303157256247],[101.76760002623479,2.90277001679317],[101.76772039924299,2.9020801103118856],[101.76785963948254,2.901179997279314],[101.76791982538248,2.9006302289017185],[101.76796024981223,2.899630404612026],[101.76802043692055,2.898130216224388],[101.7681596771601,2.8953903553947384],[101.76821986305998,2.892890343925899],[101.76829981284692,2.891170070064504],[101.76828004895987,2.8900103474094294],[101.76834023727667,2.889209948050791],[101.76841030572427,2.8885703485469776],[101.76851990073754,2.8881598179920616],[101.76871034340184,2.8877403027535706],[101.76896007410187,2.88711956927267],[101.76921968614124,2.886520391781744],[101.76957991334393,2.885920318843546],[101.76999044389885,2.8854999069493488],[101.77053032972873,2.885090273050139],[101.77078994297648,2.884919594272901],[101.77213022937343,2.883880243417593],[101.77321000465844,2.883200219484081],[101.77410023272643,2.8827196204815095],[101.775680370901,2.881990188643101],[101.77646998863935,2.8817296763227205],[101.77766025680177,2.881209553171459],[101.7785100640653,2.8808196843677365],[101.78065973087917,2.879720147612545],[101.78209973095005,2.8790796466192887],[101.78374005381608,2.878180433867726],[101.78450002874501,2.8776899547343078],[101.78480006642252,2.8774698656353053],[101.78601997860278,2.8765697538111112],[101.78693985431397,2.875840321972703],[101.78756957247845,2.8752195872833113],[101.78850022618468,2.874299711572178],[101.78903023430053,2.8736699934076455],[101.78957012013035,2.8729198998180436],[101.78996987148184,2.8722201119974784],[101.79039028337604,2.8713496441911843],[101.7907801497629,2.8703102933359332],[101.79095981322376,2.869700339058454],[101.79108018744046,2.869229620186786],[101.77992041770142,2.8695700822940466],[101.77819026491761,2.8697704062976186],[101.77653017695616,2.8701198506716423],[101.76793958926947,2.870620212352776],[101.75268978975618,2.8705896692623014],[101.75351983192428,2.8625003411208922],[101.7540597213794,2.85834024410741],[101.75427980685316,2.851039635840209],[101.75588958783715,2.8232295942910355],[101.75630999973134,2.820220238874356],[101.75643037515647,2.8153100458543463],[101.757060093321,2.806110401754381],[101.7577095741641,2.7917499324449295],[101.75929959488639,2.7731000120554086],[101.76132978413926,2.7420704085382113],[101.76282009118762,2.7228698182817084],[101.76314977167459,2.71081981684938],[101.76333033179117,2.7035596366372374],[101.76238979674571,2.702920033508178],[101.7615597545776,2.7020801087923587],[101.76114023933911,2.7013497802981874],[101.76114023933911,2.700509855582368],[101.76139985500379,2.7000301556524278],[101.76146004090367,2.6995603358532776],[101.76078001576167,2.6992504168364917],[101.76040991084494,2.698980024385264],[101.75952956169942,2.6989297186162275],[101.75821981839289,2.698450017477853],[101.75707985599956,2.697559785784563],[101.7566603419695,2.6970297812939634],[101.75618962551471,2.695879937561358],[101.75556978868951,2.6947202124894147],[101.75567040022759,2.694299803012086],[101.756399832066,2.6942000893380964],[101.75608991184077,2.693670081222251],[101.75620040471813,2.6926199511635787],[101.75532005557255,2.69191028321211],[101.75421962095328,2.691359614553562],[101.75411002594001,2.690690372240283],[101.753529714472,2.68868982458838],[101.75319015143725,2.687910085772444],[101.75348030777553,2.6870800436043965],[101.75433011383063,2.685180103865264],[101.75426992551388,2.684289875797276],[101.75343000079806,2.6816299647545634],[101.75290987764674,2.681140382276851],[101.7501502529301,2.6816596075639723],[101.74935973611917,2.681700033202162],[101.74744991745763,2.680780158699406],[101.74615005549043,2.6795800079893297],[101.74568023689977,2.6787203205948913],[101.7437596390348,2.6767898401822094],[101.74326017521781,2.676470042242954],[101.74329969936656,2.675959798014105],[101.7437596390348,2.675480096875731],[101.743100275644,2.675589693097379],[101.74287030641409,2.6755196246497235],[101.74243013304971,2.6746500547076266],[101.74196031325062,2.673360072871276],[101.74186958184339,2.671590392313419],[101.7419297701602,2.6705797900287394],[101.74249031894965,2.6695997272092313],[101.74335000634403,2.6685702576932613],[101.74559040577356,2.6673799895309003],[101.74587966062239,2.667029647292736],[101.7469495557765,2.6666802029187693],[101.74741038968358,2.666240027137519],[101.74682019929315,2.6663002166627052],[101.74660999274181,2.666090010111418],[101.74669982507646,2.6658501583337966],[101.74737984901003,2.6653399177302504],[101.74762957971006,2.6646095856107763],[101.74790985470901,2.6623898479324453],[101.74855035449383,2.6597901252064844],[101.74904981589395,2.6581399197926885],[101.74939027920965,2.655750399992769],[101.749300446875,2.655150327054571],[101.74910012287143,2.654630201486441],[101.74852969274264,2.6538899916529886],[101.74689026653232,2.652430227695106],[101.74569999836996,2.651960409104447],[101.74450973262441,2.651750202553103],[101.74213997671148,2.650770139733595],[101.74102965712757,2.6499203336784944],[101.74002983404637,2.6495403474224872],[101.73945042044244,2.649439735884414],[101.73767983960363,2.6485800484899755],[101.7360799411673,2.6477598876611523],[101.7344800415226,2.6467995887286975],[101.73312987378637,2.6455796765484365],[101.73053014864354,2.642410419141015],[101.72852960099164,2.6392501464171687],[101.72811997071773,2.638659952401383],[101.7275001326841,2.6379502856584054],[101.72677968432077,2.6362102479100145],[101.7268802958589,2.6355302227680113],[101.72738963980674,2.6346696375094893],[101.7285799079691,2.633519793776827],[101.72940995013721,2.63259003793479],[101.73036036773038,2.630699983160241],[101.73112034265932,2.6289698279595655],[101.73197014871442,2.6260503036690466],[101.73228994907055,2.623860211216993],[101.73230971295754,2.623040047971358],[101.73243008838267,2.6216099304481872],[101.73213993204445,2.6189203765960087],[101.73177970605013,2.617660039985992],[101.73115986922494,2.616559602949849],[101.73069005063422,2.6161697341460695],[101.72993995825306,2.6159298847853165],[101.7294297140242,2.61584993499838],[101.72886018175961,2.6160403776627277],[101.7280499010617,2.616529960140383],[101.727050076772,2.6179196532337983],[101.72586968994892,2.6192204142735704],[101.72485010298067,2.619819589347628],[101.72379009037422,2.619850132438046],[101.72211024215102,2.619600401738012],[101.72048968196356,2.6190596144186884],[101.71758991914322,2.6179304324372197],[101.71554984734257,2.6168003525916106],[101.71525969100435,2.6165101962533868],[101.7152201632303,2.6160996656984707],[101.7149201255528,2.616329636136811],[101.71444042562285,2.6160700204721365],[101.71169966692906,2.6140398300108245],[101.70846034228242,2.611490411845466],[101.70637984484364,2.6096201173326676],[101.70527042554073,2.6082304254476867],[101.70470987554285,2.607020395815141],[101.70425981963075,2.605730412770356],[101.70444038095576,2.604649739621209],[101.7047502999726,2.6040200214567335],[101.70550039235377,2.60338042195292],[101.70833008551801,2.6022602210297237],[101.71188022704564,2.600189604930165],[101.71315044620337,2.5983103305675286],[101.7125701347353,2.5978503933161505],[101.71329956536533,2.5970401114097967],[101.71343970467746,2.5964795638287796],[101.71331034577719,2.596060049798723],[101.71300042555197,2.5957896573474954],[101.7123698095233,2.595609993886626],[101.7122000286102,2.5954303316341907],[101.71173021001948,2.594479914041017],[101.71128015169057,2.5940100954503578],[101.71091004677385,2.5938699573466693],[101.71036027839625,2.5938304319894883],[101.70892027832537,2.593940027002702],[101.70780008102747,2.5940496195991045],[101.70671042319475,2.594240064680264],[101.70606992461836,2.594279590037388],[101.70507998045957,2.5940999265765754],[101.70412956407478,2.593940027002702],[101.70370016991387,2.594039740676635],[101.70328963935896,2.594370319027746],[101.70258985274683,2.5947898330578028],[101.70207960972641,2.594929968744623],[101.70145977048435,2.5950099185315594],[101.70121003978431,2.5950898707353645],[101.70074022119366,2.595130293956686],[101.7003701150685,2.5950602255090303],[101.69991017902555,2.5947799517185217],[101.69919961079307,2.594380200367084],[101.69880974078092,2.5943002505801473],[101.69795993472582,2.5944197281410766],[101.69728979213153,2.5947700703792407],[101.69648041050618,2.5949703943828126],[101.69566024726055,2.5952901959473706],[101.69545992325692,2.5955399266474046],[101.69536020958299,2.5958399643249663],[101.6950898183402,2.596270255141576],[101.69462988108882,2.5966601239453553],[101.69363993693003,2.5971101798573955],[101.69287008307867,2.597770443529214],[101.69188013771145,2.5986597749414955],[101.69138965857809,2.5990900681750304],[101.69061980110143,2.599639836552626],[101.69024969618471,2.6000602496552006],[101.69000984682395,2.600600135485081],[101.68998020159768,2.6010699552841743],[101.69022993229771,2.6015397738748334],[101.69037995294912,2.601870354642813],[101.69032964597164,2.6020904401165694],[101.68981042068452,2.6026204470239804],[101.68951038300696,2.603110027084824],[101.68939989012961,2.603679559349416],[101.68932982168201,2.6044503134817774],[101.68933970422972,2.605269578863272],[101.68910973379138,2.605859771670623],[101.68899025743883,2.6065999827125097],[101.68890042631261,2.6075000933282126],[101.68860038863511,2.6081495753797412],[101.68827969162328,2.6092302485288883],[101.68792036590997,2.609820442544674],[101.6871702699035,2.6106298265868872],[101.68664026541296,2.61122001697737],[101.68625039660918,2.6121497752362757],[101.68562965950298,2.611849737558771],[101.68595035893168,2.610980167616617],[101.68605995394489,2.6105399942522354],[101.68603030871861,2.6099695617066345],[101.6859198158412,2.609820442544674],[101.68553982837676,2.609750374097075],[101.68507989112538,2.609869849241136],[101.68469002232166,2.6102695993841962],[101.68392016847031,2.6111301858511524],[101.6822196560791,2.6126402555781283],[101.68125037487988,2.6132600911948884],[101.67908992644573,2.614859990839591],[101.6786102253073,2.6151196028789627],[101.67801014995229,2.615280402733788],[101.677719993614,2.6154600661946574],[101.67637970842554,2.616229922462878],[101.6750403223096,2.616980014844046],[101.6739398852734,2.617689682795458],[101.67320955557079,2.6179304324372197],[101.67244958064191,2.618059791337487],[101.67159977458681,2.6179996018123006],[101.67105000379235,2.618110094689655],[101.6707104419661,2.618369707937461],[101.67020019773724,2.6186904073661026],[101.66860029930098,2.6190003263829453],[101.66768042479822,2.619139564205625],[101.66673000720499,2.61949978778307],[101.6655702821331,2.619750418764113],[101.66408985763246,2.6201501701156076],[101.66324993291664,2.6202498837895405],[101.66208032892229,2.6201699315857354],[101.66124040420647,2.620269644051234],[101.66060978576093,2.620530157580049],[101.66004025349633,2.620900262496775],[101.65905030933754,2.6216800013127113],[101.65803970584443,2.6223896692641233],[101.65734979936315,2.6227202500321027],[101.65674972400808,2.6228100811583204],[101.65498992599794,2.6229600981844214],[101.65405028881662,2.623139761645291],[101.65364963960104,2.623400275174106],[101.6530801073364,2.623860211216993],[101.65313041431386,2.623359849535916],[101.65300015754951,2.62312988030601],[101.65275042684942,2.623040047971358],[101.65042019629368,2.623879975104046],[101.64798037314159,2.624799849606802],[101.6452899190084,2.6255301781009166],[101.64232008774042,2.626469816490669],[101.63950027833232,2.6273896922018594],[101.63671999186448,2.6282403961211003],[101.6335803796834,2.629579784653913],[101.63204965183058,2.6304197093697326],[101.63073990610724,2.6306101520340235],[101.62949035111751,2.631159920411619],[101.62825965731696,2.631569553102395],[101.62701998245808,2.631890251322659],[101.62619982162926,2.632229814357345],[101.6260695648649,2.632480442921576],[101.62610999050304,2.6330697390731643],[101.62589978395175,2.6325496122966],[101.62522964135752,2.6320501508964753],[101.62436007141537,2.6320402695571943],[101.62269998587072,2.6324597811703825],[101.62244037383141,2.6325603951253242],[101.62209991051566,2.632490324260857],[101.62109020609518,2.6323600711217523],[101.62027004284948,2.632580156595509],[101.61928998002998,2.6329295997610416],[101.61844017397488,2.6330796204124454],[101.6176397770331,2.632960142851516],[101.61709000865551,2.632950261512235],[101.61641986485279,2.633209877176853],[101.61586021513591,2.6331802307421412],[101.61504005189028,2.632960142851516],[101.61460975986523,2.6329403825897657],[101.61166957261509,2.632950261512235],[101.61064010309912,2.632919720838629],[101.61022957254426,2.6331802307421412],[101.60930969924993,2.633679695767512],[101.6086099126378,2.6344100242616832],[101.60811044882081,2.6346597561701515],[101.60730016691446,2.6347801303868437],[101.60664978699879,2.634749587296369],[101.60614044425938,2.6348304373643145],[101.60566972538771,2.635029863503746],[101.60361977103935,2.6360099239063857],[101.60299993179723,2.6365201669268004],[101.60225972075534,2.636810323265024],[101.60168030715147,2.637130124829582],[101.60120959069667,2.6375604156462487],[101.60038044518427,2.638040116784623],[101.5999097299379,2.638299728823938],[101.59921982224819,2.638759666075316],[101.59882995344446,2.6388899228397236],[101.59808974240258,2.6391001293910676],[101.59796038350231,2.6394396912173193],[101.5976100412642,2.6397002047460774],[101.59703961234385,2.640160140789021],[101.5966802866306,2.6403200403628944],[101.59604966818506,2.6403101590236133],[101.5957002238111,2.6405302469141816],[101.59503008000837,2.6410503724823116],[101.59392964297223,2.6417798043207767],[101.59320021113376,2.6420097711338144],[101.59291005600397,2.641890295989697],[101.5924303548656,2.641619902330092],[101.591900350375,2.6414600027562187],[101.5916703811451,2.6415498338824364],[101.59159043135816,2.6417798043207767],[101.59168026248437,2.6420304316765737],[101.5917296715977,2.642309808811376],[101.59155988826774,2.642560439792419],[101.5966802866306,2.6445798510503096],[101.59761992381192,2.6447900563932194],[101.59835025230609,2.6451098579577774],[101.59851015429678,2.645479964082938],[101.59823975942868,2.6460602755509512],[101.59798014738936,2.6466899937154835],[101.59813016804077,2.647529917222869],[101.59859998663143,2.6480500427909988],[101.5993303151256,2.648260249342286],[101.59937972182206,2.6490498670806346],[101.59896021020887,2.650470105681393],[101.59864040864431,2.651280383962444],[101.59796038350231,2.6694497065578275],[101.59775018057633,2.678140009126878],[101.59730012224736,2.710439830593373],[101.59705039154733,2.7285103397958324],[101.63264972356035,2.72808004535392],[101.63300006821532,2.755200182838678],[101.64740994059599,2.772049880788302],[101.67348982936136,2.801929640572837],[101.68456965052184,2.814620139373119],[101.68311976911167,2.8158598154403762],[101.68044009418196,2.817519902193453],[101.6789902127718,2.8185502695735636],[101.67640036896825,2.821350318719965],[101.67413032672926,2.823209830404039],[101.67155036547348,2.823829669646102],[101.66876020129166,2.8238197870983868],[101.66720970834342,2.823199947856324],[101.65004020882924,2.8407997418123614],[101.64787975918665,2.844780175365031],[101.6467397980017,2.8467501799264596],[101.64489016765697,2.8509003980175294],[101.64249975120129,2.854010363763905],[101.63574981159269,2.8672102089288387],[101.61586021513591,2.9044902906545644],[101.60072000821896,2.9336199568494976],[101.58521958014148,2.9644501354356976],[101.57695957080591,2.9798598345228697],[101.57793963362542,2.980379957674131],[101.57887028854003,2.9800700398657227],[101.58025998163345,2.979970327400224],[101.58227041062463,2.9803898390134123],[101.58505968177604,2.9805003318907666],[101.59503996255609,2.9806296907910337],[101.60072000821896,2.9803898390134123],[101.60958009049273,2.9807698264778537],[101.62474994021909,2.9803404323169502],[101.63456044008603,2.9803098892264757],[101.63512997235063,2.9799496656490874],[101.65419042450344,2.9803601962039465],[101.69287996200114,2.981969977187987],[101.69910977845848,2.982589812804747],[101.70574024413139,2.9833497877336868]],[[101.49521019224574,3.183949863399846],[101.49454993099079,3.2121704355039356],[101.49472959324322,3.213460414923361],[101.49462988077772,3.216849757804539],[101.49431996296931,3.2172099837988526],[101.49442955556572,3.226919873336101],[101.49441967422644,3.2305697285376596],[101.49534044780171,3.2293102897917834],[101.49639956254401,3.2276600843779875],[101.49804976554088,3.2248995617972014],[101.50210026995802,3.221880325041184],[101.50339025179437,3.2204196644275953],[101.50457962088421,3.220199575328536],[101.50577976917742,3.220709819557385],[101.5074200920435,3.222459738645057],[101.50826001675932,3.222839726109555],[101.50964971226955,3.223180185799947],[101.51104030201867,3.223020286226131],[101.51144005337017,3.222940336439194],[101.51245964033842,3.2222603125056253],[101.51329956505424,3.221629694060141],[101.51385023371284,3.22085983779192],[101.51453025885479,3.220150169840508],[101.51532975793242,3.2196399256116592],[101.5163403638424,3.219429719060372],[101.51757015736194,3.218920376320966],[101.5203100181916,3.218250232518244],[101.52123977403363,3.2179600773884545],[101.52225037994361,3.2182601150659593],[101.52242016085677,3.2174498331596055],[101.5233903411285,3.2174597144988866],[101.52372990416325,3.2197504184890136],[101.52423026584432,3.2205499199835685],[101.52461025330882,3.22114999292171],[101.52540975238645,3.221489558373321],[101.52743006392535,3.221539861725489],[101.52865985744495,3.2214500305992715],[101.52937042567737,3.22085983779192],[101.52970998750362,3.2199696085154983],[101.53009985630734,3.21844965986611],[101.54865994677908,3.2186598652090197],[101.55298982712259,3.2259200466295965],[101.56161994258326,3.2302301642944826],[101.5637004400221,3.2254699919259338],[101.5652500314809,3.223330206451351],[101.56993025406251,3.21742019035014],[101.5734498537081,3.2136903853617014],[101.57671972144516,3.210029749748344],[101.57755964616098,3.208840381866935],[101.57778961539088,3.208369662995267],[101.578819982771,3.2077300622830194],[101.58139994402683,3.2070203943316073],[101.58368974894438,3.2061598090730854],[101.58633977864781,3.204809641336851],[101.58768994638405,3.203899646964942],[101.58899968969052,3.203310353230165],[101.59101011868171,3.202800109001373],[101.59311038000754,3.2020500166201487],[101.59488994190468,3.201340346251868],[101.5965500298662,3.200980122674423],[101.59761992381192,3.201140022248296],[101.60039032773199,3.201709554512888],[101.6020504120682,3.201870353159336],[101.60312030601392,3.2017904033723994],[101.60480015786243,3.2009702401267077],[101.60647012474635,3.2004599995231615],[101.60797030950869,3.20022014774554],[101.60955044768326,3.200430354296884],[101.61117011000658,3.201030429651894],[101.61275024576429,3.202379697107176],[101.61472025274259,3.204339822746192],[101.61563024469757,3.2052902391309317],[101.61855965032737,3.2080696277346306],[101.61997988651126,3.20890955245045],[101.62171992425965,3.209109876454022],[101.62930978858407,3.209450336144414],[101.63073002355952,3.2093398432670597],[101.63140016977906,3.209119757793303],[101.63103006123703,3.2087397703288616],[101.63080009442399,3.207850437708146],[101.63042998950726,3.2069602060148554],[101.6297903863782,3.2047602322235207],[101.62956041956511,3.2036400337171926],[101.62881032597551,3.2025602608489976],[101.62678013309733,3.199099949239212],[101.625659934591,3.1982501431841115],[101.62464034520588,3.1978800382673853],[101.62384982960339,3.1974102196767262],[101.62306020944817,3.197219774595567],[101.62212955695043,3.1975395749516906],[101.62151959904764,3.1976797142638134],[101.62115039199506,3.197500050802944],[101.62096983067005,3.196929618257343],[101.62101025630824,3.196190305079597],[101.62119979748309,3.1953000770115523],[101.62102013523065,3.194830257212459],[101.62068955687954,3.193990331288205],[101.62082969256636,3.1932303563593223],[101.62140012269509,3.191730170388553],[101.62168039890247,3.1906099718822247],[101.62178011015959,3.1887396785778606],[101.62183041592863,3.1869196922509673],[101.62169027782494,3.1860797675351478],[101.62141000403443,3.184859856563264],[101.621230341782,3.183320142818445],[101.62127975089533,3.18248021931106],[101.6211396115832,3.181169578140441],[101.62156990602512,3.1793397092658324],[101.62171004171194,3.178639920236833],[101.62162021058572,3.1778503037069186],[101.62142976792143,3.1768199339099397],[101.62110996635687,3.176069841528772],[101.62102013523065,3.1745696555579457],[101.62102013523065,3.173680324145664],[101.62050989341867,3.1728403982214104],[101.61949030403355,3.172320275070149],[101.61869978843106,3.170829968021792],[101.61852012617862,3.170169706766842],[101.61860995730484,3.1690504061246543],[101.61843029384403,3.1677397661624696],[101.61787962518542,3.166800127772717],[101.6176397770331,3.166100339952152],[101.61797035417578,3.164789698781533],[101.6182102059534,3.163809635962025],[101.6179299321629,3.161880054621861],[101.61742957048176,3.160759856115533],[101.61709988757792,3.159960357037903],[101.61678008843023,3.1592596701447633],[101.61655011920033,3.1562700761982114],[101.61646028686567,3.154910025914262],[101.61647016941345,3.1529903283302474],[101.6166597142136,3.15219981031089],[101.61745023223295,3.1510796093876934],[101.61893963779187,3.150340296209947],[101.61973015581117,3.14861014342614],[101.6200598362982,3.147209668712435],[101.62052965488886,3.145989757740608],[101.6211800372214,3.1452396641510063],[101.62393966193804,3.142630057668896],[101.62482000866675,3.1417901329530764],[101.62617017640298,3.1415601637231703],[101.62681965845451,3.141749708523321],[101.62785002704305,3.1410103953455746],[101.62961970760091,3.137920192277818],[101.6303599186428,3.1370003153581933],[101.63081985589417,3.1358801180602995],[101.63082973723346,3.1349997689147244],[101.63068960154664,3.1337798567344635],[101.63068960154664,3.1326596582281354],[101.63068960154664,3.1316697140693464],[101.63093034877153,3.13106963871428],[101.63157983323993,3.1307004304532597],[101.63307013666298,3.1311199456917507],[101.6347401035469,3.1316400712598806],[101.63682958446088,3.132160194411142],[101.63767040945771,3.1323497392112927],[101.63855973966156,3.1313696763917847],[101.64008957085866,3.1302997848629275],[101.64157987790696,3.129599995833928],[101.64255993710123,3.129790438498219],[101.64353999992073,3.1293197220434195],[101.64428021096262,3.1284402707619847],[101.64550012555975,3.127499735716526],[101.64740006167352,3.127509617055807],[101.64907990989678,3.1268502536649976],[101.65004020882924,3.126279823536265],[101.65000966573882,3.1256096809419773],[101.64845019173225,3.124040321970881],[101.64811961096427,3.1233396362861754],[101.6470101928698,3.1223200493179206],[101.64581004215967,3.121129782363937],[101.64556031145963,3.120560250099345],[101.64505994857006,3.119790393831181],[101.64502042442132,3.1192002010238298],[101.64535010490829,3.118999877020258],[101.64634004906713,3.119009758359539],[101.64723027834356,3.1189199272333212],[101.64800013461172,3.118900163346268],[101.64896043354423,3.1189199272333212],[101.64980036067692,3.118769908998786],[101.6503600103938,3.118440226094947],[101.65073999785824,3.11801981420075],[101.65142990192265,3.117160125597877],[101.65187995904319,3.1164801040811767],[101.65264981289448,3.1148496613459997],[101.65285013810654,3.1138103104907486],[101.6530603434494,3.112840130218956],[101.65362987571399,3.1116804039385784],[101.65394967727855,3.111000378796632],[101.65438985064293,3.1108198186800564],[101.6550303504277,3.110899768466993],[101.65586039380423,3.1114297729575355],[101.65640027963411,3.11198044161614],[101.65810977429203,3.1131302853488023],[101.65935034701505,3.1137402396262814],[101.65958031624496,3.113880378938404],[101.65980040413558,3.1140303959645053],[101.65989023647023,3.1140303959645053],[101.65910959979016,3.111860067399448],[101.65907007322454,3.1111099750182802],[101.65876015299926,3.1102700503024607],[101.65853018618623,3.1098496384082637],[101.66031963063114,3.1094903114865247],[101.66050019074771,3.1088004050052973],[101.66057025798688,3.1079299371990032],[101.66074004252533,3.1067100262271765],[101.66110026610278,3.104539697662119],[101.66133023533263,3.103559634842611],[101.66185035848395,3.1008296553522996],[101.66180005513178,3.1001801745092052],[101.6613598781421,3.099309706702911],[101.66110026610278,3.098839888112252],[101.66111014744206,3.096780048799303],[101.66102031631584,3.096150330634771],[101.6603896978703,3.0956104448048904],[101.66029986674408,3.0953104071273856],[101.66035017372155,3.0923297966559744],[101.66118021588966,3.092360339746449],[101.66165991581965,3.091620126287694],[101.661790172584,3.0914503453745397],[101.66202013939704,3.0906499484327696],[101.66334964659058,3.089250371583205],[101.66394972194564,3.08870958668075],[101.66430006418375,3.088500277993603],[101.6653304327723,3.0869803293442146],[101.6653403129032,3.0869704467964993],[101.66575982693325,3.0858197051996967],[101.6650402776425,3.084309637889646],[101.66547955314275,3.0835802072596152],[101.66629971397151,3.082580380553111],[101.66792027415897,3.08203959685909],[101.66738038712066,3.0810999584693377],[101.66666981888824,3.0801603212880195],[101.66598979737154,3.0791901398077925],[101.66481030720416,3.077880397709748],[101.66284030264273,3.0760002218576687],[101.6627396923131,3.075930153410013],[101.66168956225437,3.0750596868121534],[101.66000971040586,3.0740400986354643],[101.65990011539265,3.0739799103187124],[101.65922009266751,3.073249581824541],[101.65904043041508,3.072939661599321],[101.65886974922097,3.0726396239217593],[101.65838016674326,3.0717296319667753],[101.65764983704071,3.07036958289126],[101.65736956325014,3.0699698315397654],[101.65708030477606,3.0695700826051393],[101.65611012450427,3.0689502445715107],[101.65589991795298,3.0688101088846906],[101.65424971495605,3.0679800630912837],[101.65273964522913,3.0673602274745235],[101.65033036516746,3.0646401269066246],[101.65005009137695,3.064310446419654],[101.64983000348639,3.0640301726291455],[101.64915985968366,3.0635001657216776],[101.64884994066688,3.062870447557202],[101.64879963610622,3.0621598793247244],[101.64973028981245,3.0623799672153496],[101.64983988482567,3.062300017428413],[101.65037977186392,3.061859844064088],[101.65022975362939,3.0614996180697744],[101.65018034693293,3.061370261586376],[101.65021987229011,3.061070223908871],[101.65128976623583,3.0599796682120086],[101.65116040733557,3.059729937511918],[101.65094032186181,3.059320304821142],[101.64983000348639,3.058420194205439],[101.65002044494224,3.0574401325943654],[101.6502396361771,3.0575901496204665],[101.65063040284502,3.057849765285141],[101.65078041987113,3.057720406384874],[101.65134007079644,3.057229926043078],[101.65217999430382,3.057309875829958],[101.65225006516835,3.058449837014905],[101.65340978782342,3.059160405247326],[101.65414011994284,3.0578201188503726],[101.65445003895968,3.0572595712693555],[101.65512018276235,3.0575497276075794],[101.65554957571482,3.057999782311242],[101.65556035612673,3.058009663650523],[101.65724020434993,3.0590400310306336],[101.65745041090122,3.0589996053925006],[101.65815019872178,3.058640279679196],[101.65894969779941,3.058410312866158],[101.65947970591532,3.0582198702018673],[101.66036993640017,3.0586304007567833],[101.66063044751206,3.0579297150720777],[101.66067985420858,3.0575200811728678],[101.66075980278703,3.0569298883655165],[101.6606403288514,3.0552599214815928],[101.66074004252533,3.0542196727622013],[101.66088017821215,3.0532297286034122],[101.6607696853348,3.0524598723351914],[101.66059990442164,3.0516900160670275],[101.66058014053459,3.051380098258619],[101.66051995463471,3.050279661222419],[101.66031963063114,3.049610416492328],[101.65978962251529,3.049059750250592],[101.65892005499,3.0489896818029933],[101.65822026716944,3.0494496190543714],[101.65770014401818,3.0500595733318505],[101.65703000021546,3.050189830096201],[101.65694016908924,3.050199711435539],[101.65639039829483,3.0501296441963177],[101.65566006859223,3.0501296441963177],[101.65543009936232,3.050690191777335],[101.65512018276235,3.0509399224774256],[101.65462970242055,3.0513396738288634],[101.65453987129433,3.0512498427026458],[101.65423983361677,3.050949805025141],[101.65382031837828,3.0498700285317],[101.65370982550093,3.049679585867409],[101.65361011182699,3.049499923614974],[101.65330019522702,3.049209767276693],[101.65313041431386,3.049059750250592],[101.65285013810654,3.0486195744693987],[101.65283037663636,3.048599812999214],[101.65239020085517,3.0479898563048664],[101.65227970797775,3.047660175817896],[101.65215035149436,3.0472801883534544],[101.65195002749078,3.0469603867888964],[101.65160956538352,3.0464097205471603],[101.65160956538352,3.0463001255339464],[101.6533603811269,3.046169868769539],[101.65348974002717,3.046159987430258],[101.65432966474299,3.046169868769539],[101.65516958945881,3.046230057086291],[101.65574001837916,3.0462102944077287],[101.65658982443426,3.046179751317254],[101.65778009380506,3.046230057086291],[101.65879968077331,3.0463504300945488],[101.66139042123257,3.0462201757470098],[101.66196983604488,3.0463504300945488],[101.66205966717109,3.046370192773111],[101.6630199661036,3.0460800376433212],[101.66368022735855,3.0461501048825426],[101.66590984395935,3.046169868769539],[101.66665993996583,3.0460503948339124],[101.66765976304703,3.046060273756325],[101.66840985663663,3.046140225960073],[101.67081015443159,3.046070155095606],[101.67074996853171,3.045400012501375],[101.67058018520169,3.0443597637819266],[101.67044993085415,3.0439097090783207],[101.67042028562787,3.0412300341485548],[101.67122966725321,3.0414698835093077],[101.67173991027363,3.0418301095036213],[101.67257983498945,3.0421903330810665],[101.67378986703886,3.042689796898003],[101.67454984196775,3.0424598276680968],[101.67552002223954,3.0422999280942804],[101.67617040215521,3.042379877881217],[101.67659979631611,3.042329570903746],[101.67663033940659,3.0420304335071933],[101.6781197449655,3.041660328590467],[101.67876024595876,3.041440240699899],[101.67970976447936,3.0414303581521267],[101.6802703132688,3.0417501597166847],[101.68182978727538,3.042529894907318],[101.68232026640874,3.0427598653456585],[101.6829401056508,3.042880239562294],[101.68393004739278,3.043389583510134],[101.68441962987043,3.0437803501780536],[101.6861704468223,3.0446795653464847],[101.68690976000005,3.044790058223839],[101.68787994027178,3.0448996508202413],[101.68848989575775,3.045059552810926],[101.68915015942957,3.044739751246368],[101.68961997802023,3.0443498824426456],[101.68989037047146,3.043829759291384],[101.690440138849,3.0434497718269427],[101.69123964034355,3.043359940700725],[101.69225024383661,3.043410244052893],[101.69273982631432,3.044429832229582],[101.693770192486,3.044289696542762],[101.6941995866469,3.044749632585706],[101.69426965751143,3.045209569837084],[101.6950197498926,3.045209569837084],[101.69522007389617,3.0445097844333304],[101.69606987995127,3.044369646329642],[101.69698975445402,3.0443399998949303],[101.69759971114837,3.0451296200501474],[101.70017967240415,3.0450900959014007],[101.70050037183285,3.0456802862918835],[101.70040964042562,3.04628036164695],[101.70033957197802,3.048500099325281],[101.7019700147132,3.048539624682462],[101.70247037639433,3.048810019550558],[101.70453021208198,3.048930391350325],[101.70497038786317,3.0488198984729706],[101.70583007646604,3.048850441563445],[101.70736978658556,3.04911005360276],[101.70770036735354,3.0490804107933513],[101.7076797056024,3.0475299190534884],[101.7081504220572,3.046269582443472],[101.70874959954807,3.0464699064471006],[101.70963983124142,3.0467798266723207],[101.70952035368043,3.047769768414298],[101.70992010503193,3.0478497169927437],[101.71055970453568,3.047759885866526],[101.7105695870834,3.049209767276693],[101.71065043352604,3.050439560796292],[101.71076002974775,3.050659648686917],[101.7113798653645,3.0517097787455896],[101.7118200411457,3.052720384655572],[101.71242999542324,3.053730090284489],[101.71447007084913,3.05326027169383],[101.71515997733042,3.0535001210546397],[101.71564955739126,3.053720208945208],[101.71631969998549,3.053480359584455],[101.71637000696296,3.0530303012554896],[101.71581035724608,3.0519999350838134],[101.7163295825332,3.051619947619372],[101.716619737663,3.0510099909250243],[101.71687036985253,3.049829606518813],[101.71705003210496,3.0495897547411914],[101.71796990660766,3.049720011505542],[101.71833013018511,3.049369669267435],[101.71876042462702,3.048749830025372],[101.71894008687946,3.0481102305215586],[101.71895985076651,3.047520036505773],[101.71941978801783,3.047040336575833],[101.72079959856353,3.0472801883534544],[101.72101968645416,3.0470699818021103],[101.7212703174352,3.0462102944077287],[101.72147962370553,3.0454898436275926],[101.72168983025682,3.0449903822274678],[101.72184972862226,3.0435800261744816],[101.72179044058646,3.0426700330110066],[101.72198986793438,3.0419298231775542],[101.72220995582495,3.040380228093454],[101.72253963631192,3.040499704445949],[101.72453030141611,3.04092999647105],[101.72506030953201,3.0401295971124114],[101.72554989200967,3.0393103341477286],[101.72561007790955,3.0388800421226847],[101.72561995924889,3.0364303340059564],[101.7250998336807,3.0362497738893808],[101.72432997741254,3.0360602290892302],[101.7236301908004,3.035850022537943],[101.72380985426128,3.033819832076574],[101.72458959307716,3.033149689482343],[101.72544029578802,3.033689576520601],[101.7262200346039,3.0345600431184607],[101.727749865801,3.0358697864249393],[101.72837958396553,3.0362497738893808],[101.72903984522048,3.03671959248004],[101.72946025711468,3.03729990394811],[101.73019957029243,3.037859554873421],[101.73091013852485,3.0369495629183803],[101.73128024465001,3.0362901995275706],[101.73174018069295,3.035549988485684],[101.73215969351457,3.035179879943655],[101.73211028681811,3.0313997703946143],[101.73185965583707,3.030450250665581],[101.73132965013804,3.029579784067721],[101.73102961366897,3.0288602335685937],[101.7311302239986,3.027110314480865],[101.73063974365675,3.025890403509038],[101.73010973916621,3.0245896412608317],[101.72977017371466,3.02418989353464],[101.72927969458124,3.0240003487344893],[101.72802025825223,3.0214500327049905],[101.72782981558794,3.020869721236977],[101.7267698029815,3.019109919601533],[101.72606013261321,3.0175504468034546],[101.72531004023205,3.015660388403603],[101.72531004023205,3.015000127148653],[101.7254995850322,3.0142500347674854],[101.72528039742258,3.013920354280515],[101.72454018275545,3.013620316602953],[101.72365983360987,3.0132304477992307],[101.72260970355114,3.012490236757344],[101.72205005383427,3.012280030206057],[101.72164042356036,3.012120128215315],[101.72106999343163,3.0117904477283446],[101.72053998652422,3.0112703221602146],[101.71977012904756,3.010269601214816],[101.7191700573178,3.0091197574822104],[101.71857986330201,3.007950149862552],[101.71944044856059,3.0075899262851067],[101.72007016672512,3.007550398511057],[101.72007016672512,3.005339645516301],[101.72023994884665,3.0042203448741134],[101.7200000994859,3.003640033406043],[101.71993991358602,3.002969889603378],[101.72003962363465,3.002270104199681],[101.7200000994859,3.0015101292707413],[101.72032977997287,3.000600134898889],[101.72053998652422,2.999080185041066],[101.72082026031472,2.9967598394499078],[101.72075019186707,2.9951401771266433],[101.72061993510266,2.9938897218559077],[101.7205498678635,2.993160287600574],[101.720150116512,2.9923203628847546],[101.71972970703467,2.9904096475675033],[101.71972970703467,2.9897601655159747],[101.71886013709258,2.988749559606049],[101.7184001998412,2.988480065018962],[101.71710033666557,2.9881602670797065],[101.7163295825332,2.9877596178640715],[101.71518962013988,2.9876796680771918],[101.71455002063607,2.9875098871640375],[101.7148204130873,2.986110310314473],[101.71550043702081,2.984220255539924],[101.71052017797012,2.983819606324346],[101.70929038445053,2.983750436949265],[101.70574024413139,2.9833497877336868],[101.69910977845848,2.982589812804747],[101.69287996200114,2.981969977187987],[101.65419042450344,2.9803601962039465],[101.63512997235063,2.9799496656490874],[101.63456044008603,2.9803098892264757],[101.62474994021909,2.9803404323169502],[101.60958009049273,2.9807698264778537],[101.60072000821896,2.9803898390134123],[101.59503996255609,2.9806296907910337],[101.58505968177604,2.9805003318907666],[101.58227041062463,2.9803898390134123],[101.58025998163345,2.979970327400224],[101.57887028854003,2.9800700398657227],[101.57793963362542,2.980379957674131],[101.57695957080591,2.9798598345228697],[101.57598040826741,2.979440319284379],[101.57510994046118,2.9784602600901735],[101.57357022792479,2.9773104163575113],[101.56793958895838,2.9763096917868097],[101.56581956374549,2.9768199360156586],[101.56463019586414,2.9774397716324756],[101.56353964016722,2.977909591431569],[101.56236015362515,2.9779598972006056],[101.56138009080564,2.978320121986485],[101.56095967891144,2.978780058029429],[101.56002992306941,2.979460083171375],[101.55946039080482,2.980079922413438],[101.55873994364993,2.9808497762647903],[101.55842014208537,2.981650175623429],[101.55852973709864,2.982679645139399],[101.55671963211103,2.985890224840716],[101.55578987626899,2.9881099601022356],[101.5538001078205,2.99166998417752],[101.55264038274856,2.9935402750650155],[101.55262960354514,2.994709882684674],[101.5534398818262,2.9962298313340625],[101.55540988880455,2.998809793798273],[101.55576023104265,3.0000898930869084],[101.55546019336515,3.001549653419488],[101.55464991387561,3.002369817873614],[101.55155970959942,3.0038196956584784],[101.55109977234804,3.0045796705873613],[101.55050957833231,3.0054600197329364],[101.54993016472838,3.006099620445184],[101.54993016472838,3.006979969590759],[101.55072966622288,3.0100800564146653],[101.550850041648,3.0107196559184786],[101.55055988530978,3.0117096000772676],[101.54973972206409,3.0124695750062074],[101.54921959891283,3.012759731344431],[101.54817036671824,3.013519706273314],[101.54706004713438,3.0145096480152347],[101.54642044763057,3.0154403041382807],[101.54642044763057,3.0157295589871183],[101.54676989200453,3.01597030862888],[101.5473502034726,3.01578974730387],[101.54810029585377,3.01597030862888],[101.54792961707648,3.016559603572034],[101.54774995482404,3.017319578500974],[101.54804010995389,3.0178397016522354],[101.5484497426446,3.01773010905589],[101.54873989898283,3.0167302823493287],[101.54915042591244,3.0159200040682776],[101.54956005981165,3.015619966390716],[101.55024996629294,3.015740340607408],[101.55060030732267,3.0162101604065015],[101.55100994122182,3.016099667529147],[101.55118960347426,3.015510371377502],[101.55123990803486,3.015099840822586],[101.55176991494233,3.0149300599094886],[101.55241041231022,3.015510371377502],[101.5528703495616,3.0156900348383715],[101.55367973360387,3.01592988299069],[101.55390970041691,3.0168003507969843],[101.55426004507189,3.017449832848513],[101.55461038731005,3.0175702070651482],[101.55502002000077,3.017219866035475],[101.55502002000077,3.0163404135456062],[101.55466967534579,3.015750220738255],[101.55462026864933,3.0153998785001477],[101.55485023908767,3.0149399412487696],[101.55537036223893,3.015050434126124],[101.55624981352037,3.0147602789963344],[101.55706009180142,3.014070371306616],[101.55769969493053,3.013720030276886],[101.55792966174357,3.013720030276886],[101.55817041138533,3.0140101854067325],[101.55815963218191,3.0144198156806397],[101.5580500359602,3.0151797906095226],[101.55815963218191,3.0154097598394287],[101.55891960590236,3.0157097975169336],[101.559320255118,3.0160601397550977],[101.559320255118,3.0164697724458733],[101.55890972456308,3.0169297096971945],[101.55861956822486,3.017930433059462],[101.55820993553408,3.01839037031084],[101.55757033603027,3.01839037031084],[101.557050212879,3.017979839755924],[101.55669986822397,3.0176896846261343],[101.55600008282028,3.017979839755924],[101.55367973360387,3.019610282491101],[101.5532701009131,3.020249881994914],[101.55262960354514,3.02060022664989],[101.55232956586764,3.021009856923797],[101.55291975867493,3.021360201578773],[101.55436963766823,3.021660235631032],[101.55465979400651,3.0220698695302417],[101.55477028688387,3.023119999588914],[101.55523022655211,3.0237595990927275],[101.55547007470443,3.0237595990927275],[101.55558955226542,3.0228298432506904],[101.55553026422962,3.021660235631032],[101.55600008282028,3.0199696082044056],[101.55663968232409,3.0193803120527605],[101.55734036921723,3.0199696082044056],[101.55785959450435,3.020440324659205],[101.55860968688552,3.020789769033172],[101.55931037257022,3.0206801764368265],[101.55959963104436,3.021259587623831],[101.55931037257022,3.021670118178747],[101.55855039884977,3.022190243746877],[101.55813986829486,3.0225998740207842],[101.55832042841143,3.0237101923962655],[101.55779042392089,3.024649830786018],[101.55714992413607,3.0254295683935197],[101.55563985561758,3.026709666473664],[101.555290412452,3.026650378437921],[101.55477028688387,3.026009879861533],[101.553020370213,3.025360399018439],[101.55221008830665,3.025070242680215],[101.55185974727692,3.025360399018439],[101.55185974727692,3.026239847883005],[101.55289999478794,3.027169603725042],[101.5541199069682,3.02788017195752],[101.5543498761981,3.0282296151230526],[101.55424028118489,3.028809926591123],[101.5534201215645,3.0290497783687442],[101.55260983965815,3.0291602712460985],[101.55173038837671,3.0296300898367576],[101.55050957833231,3.0303801834263595],[101.54858987833143,3.0313099392683966],[101.54707981102138,3.0318399461758077],[101.54591020340172,3.0324804435437613],[101.54555986237199,3.032829887917785],[101.54568023658868,3.033229639269223],[101.54654980653078,3.03365005116342],[101.54789009292773,3.034000393401584],[101.54828984065392,3.0345896895531723],[101.54776971750266,3.034930149243621],[101.54723971059519,3.034930149243621],[101.54671958744393,3.034579807005457],[101.54607998794012,3.0351098114960564],[101.54526970603376,3.036210249740634],[101.54521041799802,3.036919917692103],[101.54491038032046,3.037149886921952],[101.5442698829525,3.0373196678351064],[101.54351978694609,3.037149886921952],[101.54236006429102,3.0363198423370363],[101.54160008936208,3.035799719185718],[101.54130993423229,3.035799719185718],[101.54031998886506,3.0365498115669425],[101.53926985880634,3.0375397557257315],[101.53926985880634,3.0380697614247083],[101.5396202010445,3.0385395800153674],[101.5405499593034,3.0391198914834376],[101.54136023758446,3.039359743261059],[101.5415902080228,3.0397702701906724],[101.54100989655478,3.0403496850029796],[101.54025980296512,3.0401197169815077],[101.53926985880634,3.0396498983908486],[101.53821972874766,3.0390597055834974],[101.53769960317953,3.0384201048713066],[101.53689022155413,3.0384102235320256],[101.53590027739534,3.0391100089357224],[101.53468036521508,3.0395196428348754],[101.53388984840416,3.0395699461871004],[101.53231959398573,3.0397397307255005],[101.53122005481373,3.0396202531645713],[101.53034958700744,3.0387497853582772],[101.53000014384185,3.038389561780832],[101.53017980609428,3.0379799290900564],[101.53187043714621,3.036939680370665],[101.53261963166324,3.0365300476798893],[101.53314963736227,3.0360602290892302],[101.53286037888819,3.035189761282936],[101.53175006292958,3.0349499131306175],[101.53106015523986,3.0348897236054313],[101.52960039490728,3.0357601914117254],[101.5284397719712,3.0363997945407846],[101.52790976385529,3.0362803169798553],[101.52733035025142,3.0355203420509724],[101.52705007646091,3.034760368330467],[101.52688029554776,3.033180232572761],[101.52705007646091,3.032019609636677],[101.52665032752628,3.0311401583552424],[101.52623979697142,3.0309595970302894],[101.5256603833675,3.031249753368513],[101.52536034568999,3.0334703889109846],[101.52536034568999,3.035750312489256],[101.52494981513507,3.037149886921952],[101.52431021563126,3.0375002291601163],[101.52349005480244,3.0375002291601163],[101.523090303451,3.0363899119930693],[101.52291962225684,3.034279769327952],[101.52281002966049,3.0331101617082936],[101.52205005473161,3.031479720181551],[101.52152992916342,3.030360419539363],[101.52113017902042,3.0297199221714095],[101.52001986185337,3.030010077301199],[101.5185699804432,3.0310602085683627],[101.51688025088072,3.0326295639141563],[101.5164697203258,3.0338602552978955],[101.51622987096505,3.0350900488174375],[101.5153603010229,3.036370148106073],[101.51435957766068,3.0379404049413097],[101.51417003286048,3.0383599165545547],[101.5136597910485,3.039460353590698],[101.51302018912787,3.041159965700956],[101.51296000322793,3.0421499074428766],[101.51260966098982,3.0430796669102165],[101.5120302473859,3.0434901938398298],[101.51127027245701,3.0431398528101],[101.51115977957966,3.0422002144203475],[101.51045999055066,3.041029710144983],[101.50947993135645,3.040150257655114],[101.50888973734067,3.0400900717552304],[101.5081396449595,3.0400900717552304],[101.50623970522037,3.0400900717552304],[101.50523988213916,3.040060426528896],[101.50355015136819,3.0400999543029457],[101.50212991518436,3.0400999543029457],[101.50101959680887,3.040279616555381],[101.50022997907053,3.0404502953326187],[101.49907025399858,3.040320042193514],[101.49779015350157,3.040620076245773],[101.4972098420335,3.041159965700956],[101.49697987401203,3.041910059290558],[101.49756018668853,3.0432099200493212],[101.49853036696032,3.044640037572435],[101.49896964246051,3.0451700456883373],[101.49853036696032,3.0457997638528127],[101.49639956254401,3.0453398266014347],[101.49351956361068,3.045249995475217],[101.49213975064816,3.0452401129275017],[101.49204991831351,3.046140225960073],[101.49174000171354,3.046849893911542],[101.49120011225835,3.0479997376441474],[101.49120011225835,3.0493400240411006],[101.49154955904925,3.0504099179868263],[101.49172023782654,3.0526601963387634],[101.49175976318367,3.0533303389330513],[101.49184959430988,3.055109900830189],[101.49193044437783,3.058009663650523],[101.49196996852658,3.0599302615155466],[101.49213975064816,3.063180366573988],[101.49213975064816,3.0632701977002057],[101.49084977122868,3.0636699490517003],[101.49037007009031,3.0632701977002057],[101.48164024337251,3.060610286657493],[101.48145968083907,3.061590349477001],[101.48107969337462,3.070100088304173],[101.4809395576878,3.074320373634407],[101.47743972192927,3.074219762096334],[101.47713968425171,3.085710110186483],[101.47397042684435,3.0882002403160413],[101.4715297070365,3.090190008764523],[101.47019031729525,3.0915302951614763],[101.46997022940468,3.092859801146517],[101.46247019741492,3.0930197031372586],[101.46203002163367,3.0926199529941982],[101.44565014227476,3.0927502085501715],[101.44546958094975,3.0927403272108904],[101.44407000651705,3.102629879000574],[101.44343040701324,3.1100598437511735],[101.44599958544029,3.110379642898863],[101.44589987539166,3.112740416545023],[101.45157992105453,3.1123999544377625],[101.45152961407706,3.113559679509706],[101.45406016984481,3.1140501598515016],[101.45453986977475,3.11725983927181],[101.45404040595781,3.1197598507407065],[101.45617031250993,3.1197598507407065],[101.45607958351957,3.134309861225006],[101.45288966436101,3.1343404043154806],[101.45271000090014,3.136480193415366],[101.45354992561596,3.137949835087227],[101.45541033758104,3.1380899731909153],[101.45686021899121,3.1418000155007917],[101.45937999193023,3.1469302927860667],[101.46365956529627,3.153019971139713],[101.47006994307861,3.158070299846486],[101.47228968075694,3.1584799325372614],[101.47476992954728,3.1608496872417504],[101.46375029428663,3.168569808330574],[101.42934033015496,3.1922502959566827],[101.4525303386477,3.19218022630065],[101.46306039022221,3.1924703814304394],[101.46704980845846,3.1925700951043723],[101.4685598757685,3.1925700951043723],[101.46930996814967,3.193380375802292],[101.47094041088485,3.195339601160299],[101.47191957342335,3.196009744963021],[101.47341976060261,3.1962397141929273],[101.47489030376391,3.1958399628414327],[101.47608955419304,3.1951302948900207],[101.47621980854058,3.1943802000919845],[101.47711003902543,3.1935798031502145],[101.47822035860935,3.193129744821249],[101.47893002535233,3.1930497950343124],[101.48013017606246,3.1924703814304394],[101.48123959536531,3.1920697334232386],[101.48248016808833,3.1923401282913346],[101.4843603415236,3.1927398760175265],[101.48498017955723,3.1931504065723857],[101.48649024686728,3.1925700951043723],[101.48716039067,3.19230958520086],[101.48800031538582,3.192170346169746],[101.48960021382209,3.19218022630065],[101.48991013283893,3.192090393965998],[101.49016974608668,3.1914696604850405],[101.48991013283893,3.1908004145465156],[101.49045001987719,3.1898203517270076],[101.49101955214178,3.1895104351270334],[101.49146960684544,3.189060378006559],[101.4914300826967,3.188219555426599],[101.49125041923583,3.187729972948887],[101.49129982593234,3.186969999228438],[101.49174000171354,3.1861201919648465],[101.49272006211618,3.184920044880073],[101.49392021282631,3.1842597812082545],[101.49521019224574,3.183949863399846]],[[101.81142972356548,3.152330064658429],[101.81193996537746,3.1532598229173345],[101.81275024607538,3.1553097772656997],[101.81325959002322,3.1570596963534285],[101.81294967342325,3.1583299118858577],[101.81232983418118,3.1607903992060074],[101.81120963567486,3.1618198687219774],[101.81140995967843,3.1631502725711584],[101.81048020504483,3.166219816304647],[101.80883988097037,3.169709770723898],[101.80730016722555,3.1728799247870256],[101.804330337166,3.1788303653179923],[101.80626980105387,3.18027036297201],[101.80421984428864,3.1845697002250404],[101.8041102516923,3.1856997800706495],[101.80441028695293,3.1870301851283216],[101.80634975084081,3.1902201030784454],[101.80828023004506,3.1930902206725023],[101.8091902220001,3.1947404260862413],[101.80989989236838,3.1976096433992893],[101.8108098855318,3.1989202869867768],[101.81141984222614,3.2008696297970687],[101.81183037278106,3.202620446748938],[101.81335032143045,3.2037496287304066],[101.81375995170436,3.204779996110517],[101.81405998938186,3.2063098260991865],[101.81445974073335,3.2094898639184635],[101.81414982050808,3.2124695729004316],[101.81282031452304,3.2152399768205555],[101.81282031452304,3.216259567414056],[101.81352998489132,3.217389647259722],[101.81678008994976,3.221399726038669],[101.81718971901523,3.223040050113127],[101.81809971459558,3.2248896804579203],[101.81860995519912,3.225809553752242],[101.81800000092164,3.2275603707040545],[101.8179901195823,3.2293004084524455],[101.81930974422812,3.23084012098883],[101.81981998724854,3.232280119851282],[101.8206401480773,3.233199994354038],[101.82287964722588,3.234949913441767],[101.82368992913223,3.236079993287376],[101.8238902531358,3.2371103606674865],[101.82532037065897,3.2397801530494803],[101.82592044601404,3.241520190797928],[101.82663999530473,3.242549659105464],[101.82795962115898,3.24398965917635],[101.82846986417934,3.244659801770581],[101.82959006268572,3.2461501064020695],[101.83120972500899,3.249020222787692],[101.83202988825468,3.250770141875364],[101.83131033654706,3.251890340381692],[101.8316202555639,3.2525101772069434],[101.83293988020966,3.2528200962237293],[101.83284016774417,3.2535504283432033],[101.83284016774417,3.25363037813014],[101.832470061619,3.256450188746669],[101.832470061619,3.256469951425288],[101.8321700239415,3.2576602183792147],[101.83212959951175,3.257909951496174],[101.8326101997227,3.2587399936642214],[101.83300994865732,3.259079556698964],[101.83360014146467,3.259579918380041],[101.83381034801596,3.259609563606375],[101.8346996782198,3.2598404307004216],[101.83505990542255,3.2601997576221606],[101.83556026710369,3.2608402549900575],[101.8359698973776,3.261549925358395],[101.83627981639438,3.262159879635874],[101.83732006511377,3.262169760975155],[101.83748984602693,3.262200305274064],[101.8379902089165,3.2622802538525093],[101.83869987928477,3.2632297735815996],[101.83907986674922,3.2634300975851716],[101.83997997615654,3.263909798723546],[101.84086032530206,3.264560178639215],[101.84163018157028,3.2644101604046796],[101.84257970129931,3.265509697159871],[101.84263988719925,3.266530181992266],[101.8438499204571,3.267619839824988],[101.84420026148678,3.267980063402433],[101.84485962487759,3.2692404000124498],[101.84520996711575,3.2705097213060412],[101.84535010521944,3.2708699448834864],[101.84565014289694,3.271659562621835],[101.845849567828,3.272159924302912],[101.8460202490221,3.272270417180323],[101.84636969339613,3.2724896072068077],[101.84652959176151,3.2726099826318773],[101.84657989873898,3.2726504046447644],[101.84725992388098,3.27247972586747],[101.84732999232858,3.2724698433197545],[101.8480998485968,3.2724500806411925],[101.84870980529115,3.2723000624066003],[101.84889036540773,3.2722497554291294],[101.85011027758799,3.2718500077029944],[101.85066992730486,3.2717898193861856],[101.85097984753014,3.2717601765767768],[101.85226982694957,3.2727195752282228],[101.85299027652133,3.27320017302236],[101.85322024333436,3.273360075013045],[101.85333972089529,3.2734499061392626],[101.85363975857285,3.273669991613019],[101.85424971285033,3.2744497304289553],[101.85444015793149,3.2748099540063436],[101.85468000729225,3.27526989367459],[101.85513994454362,3.2761601217425778],[101.85428025594081,3.277820209704089],[101.85862989775444,3.2747803111969347],[101.85907007353563,3.2743401354156845],[101.86011032225508,3.2733995991617917],[101.86044000515892,3.2732495821356906],[101.86059002339346,3.273169632348754],[101.86121974155799,3.272869594671249],[101.86129969013643,3.272839949444915],[101.86221956705606,3.2720197886160918],[101.86230041470714,3.271939838829212],[101.86242977360735,3.2717997007255235],[101.86256990929422,3.271659562621835],[101.86278011463708,3.271419713261082],[101.86289959219806,3.2712903567776834],[101.86294001421095,3.271259813687209],[101.86316998464923,3.2711295581312356],[101.86346013977908,3.2709804377608407],[101.86400002681734,3.270680400083336],[101.86401979070439,3.270680400083336],[101.86437013173406,3.2706498569928613],[101.86469981584634,3.270620211766527],[101.86489025730219,3.270589671092978],[101.86519029497975,3.2705600258666436],[101.86553973935372,3.2705097213060412],[101.86650992083395,3.2703695832023527],[101.86659975196017,3.2703498193153564],[101.8670004011758,3.2703498193153564],[101.86746033721874,3.2703498193153564],[101.86823019348691,3.2703498193153564],[101.8688203875027,3.2703498193153564],[101.86901981122526,3.2703695832023527],[101.86992980680554,3.2704701935319918],[101.87091975096439,3.2703004126188944],[101.87264002361735,3.270749570666794],[101.87278015930417,3.2708097565667344],[101.87296970410432,3.2708995876928952],[101.87317002931633,3.2709804377608407],[101.8739201216975,3.2713101182478113],[101.87435041613941,3.271499663047962],[101.87464955353596,3.2716299198123693],[101.87470974185271,3.271659562621835],[101.87491006585628,3.2717898193861856],[101.87557032711129,3.2722003487326674],[101.87560985246841,3.2722102312804395],[101.87689983430477,3.2721500429636308],[101.87750978858224,3.27159039203832],[101.87817005225406,3.270429769102236],[101.87855991864097,3.269209856921975],[101.87894978865313,3.268100438827503],[101.87899021308289,3.268069895737085],[101.87932977611757,3.2678300463762753],[101.8796998810343,3.2675704343369603],[101.88001968259886,3.267350345237901],[101.8801202929285,3.2672802779987364],[101.88014005681555,3.267259616247543],[101.88024965182876,3.267140139895048],[101.88037002362859,3.2670000017913594],[101.88064041849663,3.266699966530666],[101.88127013666116,3.2659902961623857],[101.88135996899581,3.2658798032850314],[101.8813797328828,3.2658699207372592],[101.88143991878275,3.265809734837376],[101.88149022455178,3.2657800896110984],[101.8816501241256,3.2656399539242216],[101.88174983779953,3.265550122798061],[101.88202023025076,3.2653201523597204],[101.88244962682853,3.2649599287822753],[101.88278020397121,3.2646796549917667],[101.88279996785826,3.2646598911047136],[101.88287003630586,3.264620364539155],[101.88299041052255,3.264560178639215],[101.8835204186384,3.2642996675273253],[101.88392016636459,3.2640903588401216],[101.88425973181614,3.263909798723546],[101.88452024171966,3.2637696606198574],[101.8854095719235,3.262720427216891],[101.88618032968111,3.261660418235749],[101.88667979108124,3.2614196685939874],[101.8870202531885,3.261249887680833],[101.88710020297543,3.2612202424545558],[101.88823028282104,3.2612202424545558],[101.88906032619758,3.261450211684462],[101.89044013916015,3.261450211684462],[101.89072041295066,3.2610001545639307],[101.89199961316666,3.260450386186335],[101.89256016437298,3.260980393093746],[101.89265987442167,3.261140292667619],[101.89292038795043,3.2616702971581617],[101.89347015632802,3.262820140890824],[101.89446998182609,3.2650201146821587],[101.89614983125773,3.2663397405364094],[101.89729967499039,3.2666002528567333],[101.89896964066588,3.266620014326918],[101.90025962371067,3.266719728000851],[101.90077974686193,3.266719728000851],[101.90153972058238,3.2667996765792964],[101.90164033212045,3.2667601524306065],[101.90251978340189,3.266360401079112],[101.90273987129251,3.266279554636469],[101.90330041887353,3.2658303965885693],[101.90407027635013,3.265199778143028],[101.90489043597051,3.2644496857618606],[101.90568993867345,3.26426014096171],[101.90583995569955,3.2641801911747734],[101.90739044864785,3.2641298841973025],[101.90874960106765,3.2636699469459245],[101.90941974366189,3.263439980132887],[101.90965959302264,3.2633097233684794],[101.90990034145602,3.2630501113291643],[101.91021025926437,3.2626997666741318],[101.91047975385146,3.2623997314134954],[101.9106603163849,3.2615598042808074],[101.9107303848325,3.2602797074090404],[101.91093969351971,3.259240355345355],[101.91093969351971,3.259149626354997],[101.91106006531948,3.259079556698964],[101.91139962956265,3.2589304363285123],[101.91169966724016,3.2588998932380946],[101.91238957130457,3.258860369089348],[101.91320973455026,3.2592502378930703],[101.91386011446593,3.2596697495062585],[101.9146299707341,3.260119807835224],[101.91493988975094,3.260269824861325],[101.91544025264045,3.260259943522044],[101.91606008825727,3.2607998293519245],[101.91626041346927,3.261230123793837],[101.91734018875428,3.2607504238638967],[101.91864004951304,3.260579745086602],[101.91909998676442,3.260690236755522],[101.91941978832898,3.260739643451984],[101.91979977579342,3.2610001545639307],[101.92015011803159,3.261240006341552],[101.92021030634834,3.261259769020114],[101.9209603987295,3.261380140819938],[101.92109963655219,3.261380140819938],[101.92122001197731,3.2613397188070508],[101.9227004328526,3.2611699378938965],[101.92308042031709,3.2611501740069],[101.92366971646868,3.261230123793837],[101.92412965372006,3.2612903096937202],[101.92576997779452,3.261649635407025],[101.92605025158502,3.261690061045215],[101.9266099013019,3.2615301614713417],[101.92696024595693,3.261399904706991],[101.92784957736922,3.2612202424545558],[101.92806966525984,3.26061028817702],[101.92842988883723,3.2603901990780173],[101.92864009418014,3.260259943522044],[101.92919974510545,3.259649989244565],[101.92934976575685,3.259480204706108],[101.92956985002218,3.2591702881061906],[101.92979982046052,3.2587804193024112],[101.93001990835108,3.2579503735090043],[101.9298797702474,3.2571400952279532],[101.92984024489027,3.256910124789613],[101.92995972003433,3.2562804066251374],[101.9307098124155,3.255690213817786],[101.93122993798363,3.2556497881795963],[101.93182013199942,3.2558195727180532],[101.93192972459576,3.2558501133916025],[101.93298973599377,3.2556695520665926],[101.93312987409746,3.255499771153495],[101.93358981134884,3.2548898144591476],[101.93508999731961,3.252909927349947],[101.9367797305074,3.251789730052053],[101.93514030429708,3.2497397732868194],[101.93407041035135,3.2473502571122026],[101.93299961854149,3.2461896329676847],[101.93564964703648,3.24156959749439],[101.93984028955731,3.2393804016980425],[101.94180041277946,3.2378002671487707],[101.9427301686215,3.236179706961309],[101.94431030558763,3.2321399817475935],[101.94595961192886,3.2293596964882454],[101.9465102805874,3.2278199839518606],[101.94761969868188,3.22569996115584],[101.9489303398525,3.2237802611550137],[101.94924025886934,3.2226699427795324],[101.94909024184324,3.219739639285592],[101.95070990174969,3.2168803008950135],[101.95078985395344,3.2161104446267927],[101.95086980374037,3.2151097236814508],[101.94995980936852,3.2115595809454476],[101.95203042667646,3.2085601080764263],[101.95141957211797,3.2080202186213],[101.94736008664256,3.2061598090730854],[101.9491396485397,3.199060422673597],[101.94976038443747,3.194429609205315],[101.94976038443747,3.193429782498754],[101.943710231441,3.18717032323201],[101.94203038200936,3.1855497630445484],[101.94571976256805,3.1830901760054076],[101.94678965651377,3.181849603282444],[101.94694955608765,3.17885012678812],[101.94795027944986,3.1748104051997643],[101.94895998507883,3.1712602624637043],[101.94903993486577,3.1693297832594567],[101.94972984134705,3.1674100832586305],[101.95150041976905,3.1653295858197907],[101.95258019505405,3.1625501972161487],[101.95327998408305,3.1610095868155668],[101.95434987561191,3.1603996325380876],[101.95697026250588,3.1596297762699237],[101.95766016898716,3.1585499997764828],[101.95812010623854,3.1567003706401238],[101.96082044171101,3.153000207252717],[101.9595897479104,3.15029987419706],[101.95920976044596,3.1485301912223917],[101.95944961222358,3.1476004353803546],[101.96037038459048,3.146219724553646],[101.96290004128565,3.1452199014723874],[101.96420978459213,3.1439901079528454],[101.9660603140095,3.1422204273949887],[101.96644030147394,3.1415996914972197],[101.96775004478042,3.141529623049564],[101.9682099820318,3.1406798169944636],[101.96683016786085,3.1400599777524008],[101.96599024435346,3.139280240144899],[101.96515031963764,3.136429886437895],[101.9651404382983,3.1364002436284295],[101.96399957804084,3.134110437502443],[101.96384956101474,3.1329498145663592],[101.96363037098826,3.1290996341527944],[101.96440022725642,3.1264801487482714],[101.96440022725642,3.1250895553738474],[101.96255957917839,3.12180980750594],[101.96033984029157,3.1181599523044383],[101.95888007995899,3.116080352729739],[101.95625969427346,3.114749947672067],[101.95350006955681,3.112740416545023],[101.95212025901111,3.1131204040094644],[101.95150041976905,3.1131204040094644],[101.95057964740215,3.112339768537879],[101.95035955951153,3.1090303754436377],[101.95052035936635,3.10494034566932],[101.95206006948592,3.101700123158537],[101.95529041307424,3.099089618812286],[101.95522034341815,3.097230107128212],[101.95744996243582,3.0954604241534867],[101.95775987903579,3.094309682556741],[101.95744996243582,3.0929999404586397],[101.95745984498353,3.092150134403539],[101.9586896372947,3.086900379557278],[101.96000027846532,3.084279992663312],[101.95962029100087,3.0826603303400475],[101.96024013024294,3.081279621930207],[101.96108993629804,3.08034986608817],[101.96355042120132,3.078430166087344],[101.96398969670156,3.0773099651641473],[101.96414959627538,3.0749896183645546],[101.9633896213465,3.073299888802012],[101.9633896213465,3.0719802605309496],[101.96355042120132,3.0713703062534705],[101.96323960311196,3.070669620568765],[101.96331955289884,3.068669969572568],[101.96279044627244,3.067280277687587],[101.96147980268495,3.065809734526283],[101.96117976742426,3.0650398782580623],[101.96117976742426,3.063490285590831],[101.96079977995981,3.0624895622285635],[101.96164958722335,3.061339718495958],[101.96265030816875,3.0611097480576177],[101.96387021914057,3.0611897014698],[101.96426008915279,3.0604899124408576],[101.96479997739948,3.0595700379381014],[101.96656965795734,3.0580303254017167],[101.96910021251665,3.0573404189204325],[101.96818033680552,3.0557998085199074],[101.96572973324152,3.0529395722651316],[101.96595970126299,3.051629830167087],[101.96674033673463,3.048700423328853],[101.96820009948408,3.046849893911542],[101.96881993630927,3.0456901688395988],[101.96881993630927,3.04438042553312],[101.96851001970936,3.0430302565884517],[101.96912985532612,3.04140969640099],[101.96951972533827,3.04017002154211],[101.9694397755514,3.03848029077119],[101.96928975489999,3.0370896986052003],[101.97052044870054,3.035549988485684],[101.97007039158001,3.0319198959627442],[101.97007039158001,3.0313000567206814],[101.97146008588186,3.029530377371259],[101.9703102421492,3.0275199471716405],[101.96970028545485,3.0255903658314764],[101.96762967056378,3.0263602220996972],[101.96555995232836,3.026200322525824],[101.96333033331075,3.024349793108513],[101.96186967148867,3.0251897166158983],[101.96002992369165,3.025809555857961],[101.95857016094214,3.026029641331718],[101.95688043017122,3.02579967451868],[101.95611955858664,3.0254098045065234],[101.95527963145395,3.0237101923962655],[101.95391958358681,3.0235098683926935],[101.95207983337292,3.0218003749431546],[101.94948010823009,3.0179403131903086],[101.94771042767223,3.016239803215967],[101.94648961883627,3.0161598534290306],[101.94418005003166,3.016699739258911],[101.94288018806452,3.0163898226589367],[101.94196031235333,3.0156900348383715],[101.94142042531502,3.0153801146130945],[101.94104043785057,3.0142203919580197],[101.94182017666651,3.01114006902111],[101.94281999974771,3.0091296388214914],[101.94365992446353,3.0083696651010428],[101.94442978073175,3.008289715314106],[101.94488971798313,3.0070599193776957],[101.94412974305419,3.00411973333604],[101.94343983898978,3.003039960467845],[101.94229987659645,3.00119032770624],[101.94191988913201,2.999799737957119],[101.9416899199021,2.998719961463678],[101.94062002595638,2.998250142872962],[101.93854042638168,2.99871008012434],[101.93608982281773,2.9988600995673664],[101.93417012281691,2.998930168014965],[101.93348021633562,2.9983902809766505],[101.9327103600674,2.9973096078275034],[101.93279031227121,2.995380025278962],[101.93295021184503,2.993450443938798],[101.93288014339743,2.991989785742078],[101.9318803178993,2.9911399796869773],[101.93142038064798,2.9899802534066],[101.93120029275735,2.9869699977088544],[101.93128024254429,2.984760144995107],[101.93166023000873,2.983220431250288],[101.93174018221248,2.9824999816785294],[101.9316799926873,2.981200120919766],[101.93130988777057,2.9790800957069337],[101.93053014895463,2.978080272625675],[101.92926981234461,2.9769699530418166],[101.92805978271207,2.9764902531118196],[101.92727016255691,2.976169553683178],[101.92607001547208,2.974740336441016],[101.92564960236945,2.9736803238345715],[101.92560019567298,2.9724702917851573],[101.92544029730755,2.9708299701275678],[101.92523997209554,2.9696100567388726],[101.92481956020134,2.9677604263940793],[101.92366971646868,2.965280178812236],[101.9224102777228,2.962100140992902],[101.92146974267735,2.959779792984932],[101.92106011240344,2.958380218552236],[101.9201096923934,2.9575897005328784],[101.92006028569693,2.9563203816560986],[101.91917005521208,2.9545201592162584],[101.91838043747373,2.9542497643481624],[101.91823041682227,2.953140345045256],[101.91786031190554,2.951819822535356],[101.91775970036747,2.9509798990279705],[101.91719016810288,2.9492802869177126],[101.91619034502168,2.9471198372751246],[101.9147799877602,2.944420400875231],[101.91388975969221,2.9419895599898496],[101.91304983618483,2.939870435057969],[101.9113798656756,2.9373803049284106],[101.91129003454938,2.9363903607696216],[101.91085974010747,2.935379754859639],[101.90991022400374,2.9334196328459257],[101.90892027984489,2.931669713758197],[101.90840015427676,2.9299296784266744],[101.90756022956094,2.926860134693186],[101.90605016225089,2.922610206553486],[101.90453021239307,2.918380039883914],[101.90302014508302,2.914790372999164],[101.90150019643363,2.9115600294108503],[101.90082017129168,2.9092298012719198],[101.90008984158908,2.9070100635935887],[101.89804976737156,2.90224989122504],[101.89680020996497,2.898759938014223],[101.89470983118684,2.894030306319223],[101.89303986188611,2.8898001420665196],[101.89090007641153,2.8843599445560244],[101.88749995432693,2.8764799214764594],[101.88483016073644,2.8693401130641405],[101.88332997355724,2.866199603018913],[101.88332997355724,2.866189721679632],[101.87212978059694,2.8666999646999898],[101.87100958209061,2.8666397788001063],[101.86928032475407,2.8663199772355483],[101.86612005082179,2.8667897970346417],[101.84232008926,2.868009708006525],[101.79656979406434,2.8690598380651977],[101.79108018744046,2.869229620186786],[101.79095981322376,2.869700339058454],[101.7907801497629,2.8703102933359332],[101.79039028337604,2.8713496441911843],[101.78996987148184,2.8722201119974784],[101.78957012013035,2.8729198998180436],[101.78903023430053,2.8736699934076455],[101.78850022618468,2.874299711572178],[101.78756957247845,2.8752195872833113],[101.78693985431397,2.875840321972703],[101.78601997860278,2.8765697538111112],[101.78480006642252,2.8774698656353053],[101.78450002874501,2.8776899547343078],[101.78374005381608,2.878180433867726],[101.78209973095005,2.8790796466192887],[101.78065973087917,2.879720147612545],[101.7785100640653,2.8808196843677365],[101.77766025680177,2.881209553171459],[101.77646998863935,2.8817296763227205],[101.775680370901,2.881990188643101],[101.77410023272643,2.8827196204815095],[101.77321000465844,2.883200219484081],[101.77213022937343,2.883880243417593],[101.77078994297648,2.884919594272901],[101.77053032972873,2.885090273050139],[101.76999044389885,2.8854999069493488],[101.76957991334393,2.885920318843546],[101.76921968614124,2.886520391781744],[101.76896007410187,2.88711956927267],[101.76871034340184,2.8877403027535706],[101.76851990073754,2.8881598179920616],[101.76841030572427,2.8885703485469776],[101.76834023727667,2.889209948050791],[101.76828004895987,2.8900103474094294],[101.76829981284692,2.891170070064504],[101.76821986305998,2.892890343925899],[101.7681596771601,2.8953903553947384],[101.76802043692055,2.898130216224388],[101.76796024981223,2.899630404612026],[101.76791982538248,2.9006302289017185],[101.76785963948254,2.901179997279314],[101.76772039924299,2.9020801103118856],[101.76760002623479,2.90277001679317],[101.76743024290477,2.9037303157256247],[101.76715985045354,2.9048603955712906],[101.7669801882011,2.905550302052518],[101.76667026797588,2.9061899027647655],[101.76640975807237,2.9066399574684283],[101.76608995650781,2.9071600830365583],[101.76567044489462,2.907799683748806],[101.76509013342661,2.9086000831074443],[101.76463019617523,2.9091399689373247],[101.76372020180338,2.9098397555494557],[101.76319019610435,2.9102996952176454],[101.76259012074928,2.9107704116725017],[101.76139985500379,2.911380365949981],[101.7607099485225,2.911920255405107],[101.76011975450672,2.912470023782703],[101.75974964958999,2.9130000282732453],[101.75893038662537,2.9142199428704316],[101.75841026105724,2.9150203398122017],[101.75789013548905,2.9161998287711413],[101.75760986169854,2.9171295846131784],[101.75754967579866,2.9175499965073755],[101.757479607351,2.9184096826933796],[101.75746972601172,2.919469694091333],[101.757479607351,2.9200598881071187],[101.75753979325094,2.920749794588403],[101.75759010022841,2.9211199007135633],[101.75772035457595,2.9219903673113663],[101.75797996661527,2.923019836827393],[101.75849021084412,2.9245299041374437],[101.75866987309655,2.9253401860437975],[101.75871029873474,2.9257695789963236],[101.7587399415442,2.926540333128628],[101.75866987309655,2.927179936257744],[101.7584803282964,2.9279497901090394],[101.75820005450589,2.928910089041551],[101.75792966205466,2.929730252287243],[101.75760986169854,2.9307498392554407],[101.75728018121157,2.9317604451654233],[101.75676993698272,2.932920167820498],[101.75636030670881,2.9339801804269428],[101.75621028605741,2.9343898131177184],[101.7558302998014,2.935459707063387],[101.75552037957618,2.936349936339866],[101.75477028719496,2.9381501611965746],[101.75446037059504,2.9390996785087964],[101.7539797691756,2.940679816683371],[101.75350006924566,2.94233002209711],[101.75333028712413,2.942939976374589],[101.75310032031109,2.944169769894188],[101.75305989588134,2.944789609136251],[101.75305989588134,2.9452603255910503],[101.75311020165037,2.945769668330456],[101.75314972700755,2.9467802742404388],[101.75320003398502,2.9473902321432206],[101.75321979424672,2.9484197004507564],[101.75320003398502,2.9495803245952743],[101.75306977722062,2.9502298054383687],[101.75289011375975,2.9508298783765667],[101.75273021539437,2.951159561280406],[101.75221997116552,2.9524198978904224],[101.75182021981402,2.9536398100706833],[101.7513800464497,2.9546602949030785],[101.751259672233,2.9548696035902253],[101.75100994153297,2.955219944619955],[101.75062007272919,2.9557499527358004],[101.74999035093941,2.956759658364774],[101.74934985357146,2.9578699767402554],[101.74867971097723,2.9588796823691723],[101.7480095671745,2.959949576314898],[101.74700974167644,2.9616599676285773],[101.74658034751553,2.962380415991845],[101.74623988782508,2.963119729169591],[101.74570987970924,2.964119554667718],[101.74533977479251,2.9648804274607414],[101.74498044907921,2.9658703716195305],[101.74479000641492,2.9664300225448414],[101.74464986831123,2.966960027035441],[101.74427976218607,2.9683398399979524],[101.74413962649925,2.9691501194874945],[101.7440003862597,2.969869671195056],[101.74387013191216,2.9708497315976956],[101.74377041823823,2.9717300807432707],[101.7437596390348,2.972320273550622],[101.74374975769553,2.972930231453404],[101.74378030078594,2.9733596256143073],[101.74387013191216,2.9743801104467025],[101.74387013191216,2.9756898561700496],[101.74388001083463,2.977100209806167],[101.74383958882174,2.9775897922838794],[101.74379017970841,2.9779598972006056],[101.74378030078594,2.9782698174258257],[101.74368956937877,2.979049552616459],[101.74363028013454,2.9796199827452483],[101.74357009423466,2.9805299771171008],[101.7435296698049,2.9811300524721673],[101.74347038176916,2.9816304117364325],[101.74341019224397,2.982090351404679],[101.74313980100118,2.9829302761204985],[101.74206990584702,2.9851904358117167],[101.74142042500392,2.9863196190016197],[101.74001007015937,2.9887297993442985],[101.73974956025586,2.989479891725466],[101.7384496958718,2.9918002409419273],[101.7371803782035,2.994269709320349],[101.73615989095424,2.995670181617186],[101.7350495737872,2.99702034935342],[101.73395991595447,2.997850391521524],[101.7316997562632,2.999629953418662],[101.73112034265932,2.9998895690833365],[101.73054991253053,3.000389928347545],[101.72910003112037,3.0016296032064247],[101.7282798702916,3.0022898680866774],[101.72684975276843,3.004010140739638],[101.72612032092997,3.005080032268495],[101.72483033909367,3.007449788181418],[101.72403982107431,3.0088996695915853],[101.72205005383427,3.012280030206057],[101.72260970355114,3.012490236757344],[101.72365983360987,3.0132304477992307],[101.72454018275545,3.013620316602953],[101.72528039742258,3.013920354280515],[101.7254995850322,3.0142500347674854],[101.72531004023205,3.015000127148653],[101.72531004023205,3.015660388403603],[101.72606013261321,3.0175504468034546],[101.7267698029815,3.019109919601533],[101.72782981558794,3.020869721236977],[101.72802025825223,3.0214500327049905],[101.72927969458124,3.0240003487344893],[101.72977017371466,3.02418989353464],[101.73010973916621,3.0245896412608317],[101.73063974365675,3.025890403509038],[101.7311302239986,3.027110314480865],[101.73102961366897,3.0288602335685937],[101.73132965013804,3.029579784067721],[101.73185965583707,3.030450250665581],[101.73211028681811,3.0313997703946143],[101.73215969351457,3.035179879943655],[101.73201955782775,3.0379898116378286],[101.73207974372764,3.0396498983908486],[101.73204021837046,3.042260400320231],[101.73206986117992,3.0432296839363175],[101.7319800300537,3.0440902691948963],[101.73193960804082,3.046370192773111],[101.7318497769146,3.048850441563445],[101.7318300130276,3.0520601209837537],[101.73180036659284,3.0529395722651316],[101.73182013047989,3.0550200697039713],[101.7324004419479,3.0550398335910245],[101.7333796044864,3.0550003082338435],[101.73403986815822,3.055109900830189],[101.73614012948406,3.055129664717242],[101.73696029031288,3.054950002464807],[101.73774002792038,3.0549302385777537],[101.73845957841951,3.0551000219077764],[101.7406999766406,3.055059597478021],[101.74138988191345,3.054969765143369],[101.74238970741158,3.054920359655341],[101.74303020477947,3.0551000219077764],[101.74511968690189,3.055109900830189],[101.74577994815684,3.0548996979041476],[101.74663963555128,3.0548996979041476],[101.74730977935394,3.0550497149303055],[101.7496103646834,3.0551000219077764],[101.7504296300649,3.054920359655341],[101.75135040122336,3.054979647691084],[101.75133962201994,3.055869875759072],[101.7513099767936,3.057229926043078],[101.7514303510103,3.0587903003305996],[101.75146987878429,3.06066957590167],[101.7514303510103,3.0634804042515498],[101.7514096892591,3.0644496842423337],[101.75137016511036,3.065540239939196],[101.7514303510103,3.068689733459621],[101.75146987878429,3.07033993887336],[101.7516001319234,3.071499662736869],[101.75153994602351,3.0723099434347887],[101.75147976012363,3.073130104263612],[101.75055000186472,3.073810129405615],[101.75098029630664,3.0751099937896242],[101.75123002700667,3.075499860176535],[101.75130009666276,3.075979560106475],[101.75121026553654,3.076279597784037],[101.75044040926832,3.076269716444699],[101.74940016054893,3.0760801716445485],[101.74936961745846,3.077130301703278],[101.74933997223218,3.0789197485649993],[101.74924025855825,3.07930961495191],[101.74838955463895,3.080279795223646],[101.74784966880912,3.080959820365649],[101.74766012400897,3.081160144369221],[101.74779037714808,3.0826199083271604],[101.74759993448379,3.083040317804489],[101.7473502037837,3.0835002574726786],[101.74674024708935,3.084030261963278],[101.74666029730241,3.084759693801743],[101.74659022885481,3.085480143373445],[101.74652016161559,3.0862203544153317],[101.74713999723241,3.0867997680192047],[101.74880996774158,3.0884203282066665],[101.74999035093941,3.089720190173864],[101.75092011040675,3.090720015671934],[101.75156959124985,3.091220378561502],[101.7522999209524,3.0918500967260343],[101.75288023242047,3.092600189107202],[101.7529799460944,3.0936098947361756],[101.75327010122419,3.094669906134129],[101.75370039324923,3.0955502564881385],[101.75417021425676,3.0964395891088543],[101.75413967116634,3.097239986050681],[101.7522801570654,3.100739824226082],[101.75214002137858,3.101610292032319],[101.75408038071373,3.102750253217266],[101.7546597943176,3.1029496781482635],[101.75517003854645,3.103539870955615],[101.75470021874736,3.104480409626376],[101.75534970079889,3.1048603958823833],[101.75413967116634,3.10663007644024],[101.75345964602434,3.107419696595457],[101.75279040129425,3.1082596213112765],[101.75203042636537,3.1087195573542203],[101.7514303510103,3.1090501381221998],[101.75067037608136,3.1091597307185452],[101.75004964260046,3.10942024424736],[101.74933997223218,3.109819991973552],[101.74855035449383,3.110340117541682],[101.74775983647447,3.1104901357762174],[101.7463800235119,3.110790173453722],[101.74544038512215,3.110860243109812],[101.74443966175994,3.110379642898863],[101.74403003148603,3.109909824308147],[101.74334012500475,3.109919705647485],[101.74283976332362,3.109819991973552],[101.74257026873653,3.1099502487379027],[101.74207978839473,3.1105997307894313],[101.74112038732636,3.11229036184136],[101.7402795647464,3.1130296750191064],[101.7392797416652,3.1142801290814077],[101.73881980199695,3.1155898723878863],[101.7388799903137,3.115839603087977],[101.73936957279142,3.117359552945743],[101.7398501705855,3.1179596283008095],[101.74044036460128,3.1187303824331707],[101.74063978832385,3.119899988844395],[101.7411096069145,3.120609656795807],[101.74127040676939,3.121279800598529],[101.74127040676939,3.12194994319276],[101.74142042500392,3.123159972825306],[101.74181029380765,3.1242101040924126],[101.74188036104687,3.124660161212944],[101.7418300576947,3.125129979803603],[101.7414500702302,3.125710291271673],[101.74021039416294,3.127840195406918],[101.73949982713896,3.1290502274563323],[101.7385799526362,3.1302198326591224],[101.73809037015849,3.130989688927343],[101.73751005869048,3.1323596205505737],[101.73714983511303,3.1332696125056145],[101.73684979743553,3.133699906947527],[101.73680039073906,3.134580256093102],[101.73682015462606,3.1354201808089215],[101.7368596787748,3.136470310867651],[101.73698993553921,3.137059607019239],[101.73738968447378,3.1381402777515746],[101.7377499104681,3.138750234445922],[101.73819008383242,3.139500328035524],[101.7386500210838,3.140019553322645],[101.73994988425943,3.1410103953455746],[101.74090030185266,3.1415404022529856],[101.74150037358243,3.1425195647915416],[101.74201960249485,3.1433100828108422],[101.74185970292098,3.143719715501618],[101.74033975064634,3.144570419420859],[101.74100001431816,3.1453501570283606],[101.74175010790776,3.145969993853612],[101.74204026303755,3.1468799882254643],[101.7422298078377,3.147840287157976],[101.74195043191133,3.1486397862356057],[101.74181029380765,3.1493503544680266],[101.74196031325062,3.1508298786876594],[101.74292959444983,3.150640333887509],[101.74371022992148,3.150640333887509],[101.74540984203168,3.1498004103801236],[101.74631983761202,3.149420422915682],[101.74700974167644,3.149339575264605],[101.74752986724457,3.1493997611644886],[101.74775983647447,3.149500372702562],[101.74798980449594,3.1500303796100297],[101.74789009082201,3.1513095798260338],[101.74774995513519,3.1524998479884516],[101.7481802459518,3.153310127477937],[101.7498502152526,3.1530298536874284],[101.75052035905526,3.1541401720629096],[101.75214002137858,3.1577496004177874],[101.75138992899741,3.158109826412101],[101.7504601707385,3.1585904254146158],[101.75154982857123,3.159689962169807],[101.75207983306183,3.1598597430829614],[101.75306977722062,3.160989825345439],[101.75418997572694,3.1609502987798237],[101.75556978868951,3.160689787667934],[101.75643037515647,3.161079657680091],[101.75802039225346,3.1608999942192213],[101.75925018456462,3.160650261102319],[101.75992032836729,3.160469699777309],[101.7618499097074,3.1612799816836628],[101.76238979674571,3.161449762596817],[101.76291980486155,3.1611497249192553],[101.76303029773896,3.160099594860583],[101.76479997708839,3.159699843509088],[101.76701971476672,3.1593503991351213],[101.76873998862811,3.1590503614575596],[101.76881993841505,3.1583299118858577],[101.76928975700571,3.155440034030107],[101.7690597877758,3.1548004333178596],[101.76924034789238,3.153770064729315],[101.76936970679265,3.1529903283302474],[101.7696302166961,3.152599559245516],[101.77035964853457,3.151989604968037],[101.7725398620642,3.150549604897151],[101.77300968065487,3.1503798239839966],[101.7732396474679,3.1508801856651303],[101.77374989169675,3.1520201480584547],[101.77420982894813,3.1522501148714923],[101.77486020765537,3.1519204343845217],[101.77589955851062,3.151209866152101],[101.77919997054659,3.147659724624532],[101.78525012112618,3.154760008888104],[101.78905987710993,3.1602801549771584],[101.7928399890759,3.1575196336047497],[101.79571010546147,3.1552702519085187],[101.79928989100694,3.1521000978453912],[101.80061041351684,3.1513904274771107],[101.8016300041104,3.1513904274771107],[101.80358024478483,3.1500600224194386],[101.80397999492789,3.1505702666482875],[101.80480015575665,3.1515997361642576],[101.80611978040247,3.1522195717810746],[101.80806014215443,3.1529400213527765],[101.80968968702547,3.152840308887278],[101.81138031445215,3.152349828545482],[101.81142972356548,3.152330064658429]],[[101.37479014100234,2.9038803327517826],[101.37230001087278,2.9042001343162838],[101.36981976329093,2.9053095536191904],[101.36752995716495,2.906680383106618],[101.36504970958305,2.908839931259763],[101.36209964220211,2.911199805833405],[101.35961040993669,2.913950445866476],[101.35849021143031,2.915509922289857],[101.35684988735585,2.9182596644587875],[101.3597604269628,2.9196799006426772],[101.35919987938178,2.9212303935909176],[101.35905974369496,2.922489832336794],[101.35901033458163,2.924599975001911],[101.35925018635925,2.926410079989523],[101.35969035972357,2.927939911186627],[101.36024012810117,2.92928019758358],[101.36102974825639,2.930870214680567],[101.36154987140765,2.931899682988103],[101.36277966734406,2.9338301634008417],[101.3633303335858,2.934980007133447],[101.36372020238957,2.935889999088488],[101.36410018985401,2.9369302478078794],[101.36474967190554,2.9384897242313173],[101.36503982703533,2.939290123589956],[101.36527967639609,2.9399297230937123],[101.36552042603785,2.9404004395485686],[101.36564978252125,2.9405702216701],[101.36595970153809,2.9408001909000063],[101.3661303827322,2.940880140686943],[101.36622021385841,2.9411101074999806],[101.36593993765104,2.9408397162571873],[101.365670443064,2.9407498839225354],[101.36557971407365,2.9408397162571873],[101.36560037582478,2.9410400402607593],[101.36578992062493,2.9416203517288295],[101.36586987041187,2.9418799637681445],[101.36656965823244,2.9439901064333185],[101.3669397643576,2.9451902571433948],[101.3672398020351,2.9463598623462417],[101.36759014306483,2.9471198372751246],[101.3682099823069,2.949159911492643],[101.36840042497118,2.950130092972813],[101.3684695955547,2.9507104044408834],[101.36883970047143,2.9515503279482687],[101.36889988637131,2.9520596718961087],[101.369059788362,2.9525303907677767],[101.36941013060016,2.952710054228646],[101.36964998237778,2.952930139702403],[101.36954038736457,2.953150227592971],[101.36942989448715,2.9530199708286204],[101.3692996377228,2.952930139702403],[101.3691702812394,2.952949903589399],[101.36910021037488,2.9530801591453724],[101.36916039990007,2.953509553306276],[101.36942989448715,2.954750126029296],[101.36974969242641,2.9558604456131548],[101.37010003708144,2.957279783932904],[101.37079982369357,2.9587799686952394],[101.37117980994958,2.9595399436241223],[101.37125976336182,2.9596899606502802],[101.37134959448798,2.9596998431979955],[101.37146008736539,2.959580369262312],[101.37166041136896,2.9594096868597717],[101.37187959897858,2.9593000942633694],[101.37207992298215,2.959319855733554],[101.37228024819416,2.9594303486109084],[101.3720403988334,2.9593899265980212],[101.37177000396537,2.959469876384958],[101.37154991849161,2.95967020038853],[101.37134959448798,2.9599603555183194],[101.37132983060098,2.9602298501054065],[101.37147984762709,2.9604696994661595],[101.37202961600468,2.961490186715423],[101.37258028587172,2.9622699231144907],[101.37311029036226,2.9629400657087785],[101.37351992305304,2.963600329380597],[101.37401040339489,2.9642201662057914],[101.37471019121546,2.9650502083738957],[101.37530038281432,2.965849709868394],[101.37609000296953,2.966730060222403],[101.37692992647692,2.9675798662775037],[101.37796029385703,2.968850081809933],[101.37864031899903,2.9694699210520525],[101.37927991850285,2.9700897566688127],[101.37985035104845,2.9707095959108756],[101.38069027576427,2.9713402119395482],[101.38132987526808,2.971999575330358],[101.38183023694916,2.972419987224555],[101.38208985019696,2.972739788789113],[101.38230993808759,2.972760446914947],[101.38260009321738,2.9726499576628953],[101.3827599927912,2.972560122911375],[101.38261985468756,2.9727999746889964],[101.38267016166503,2.972979638149866],[101.38280041842938,2.973199726040491],[101.38403021194898,2.9740899541084787],[101.38478030433015,2.9744304174241734],[101.3855699220685,2.9749199999018856],[101.38587984108528,2.975290104818612],[101.38633977833666,2.975650328396],[101.38679971800491,2.9759395868700835],[101.38730995860845,2.976319574334582],[101.3876396415123,2.976469591360683],[101.3878202028373,2.9765001344511575],[101.38806005219806,2.976430067211936],[101.38812024051481,2.9764803705641043],[101.38826037620169,2.9766501551025613],[101.38822983552808,2.9768998858025952],[101.38829990276724,2.976989716928813],[101.38860982299252,2.9769600717024787],[101.38869965411874,2.977080445919171],[101.38889009678303,2.9776095537540073],[101.39020972142879,2.978589615365081],[101.3908699826838,2.979119623480983],[101.39119966317077,2.9794097786107727],[101.39129039578643,2.9794304403619094],[101.39139998717434,2.9793397089547398],[101.39167038204243,2.9790800957069337],[101.39179973852583,2.9788097044641404],[101.39192999529018,2.9789498401509604],[101.39172967128661,2.9792301163583375],[101.39163983895196,2.9794996109454246],[101.39157965063521,2.9797403569618837],[101.39170990739962,2.979970327400224],[101.39192999529018,2.980190415290849],[101.39216984465094,2.980450027330164],[101.39237016865457,2.980740183668445],[101.39247976366778,2.981009678255475],[101.39314002492273,2.9824002680045965],[101.3937904048384,2.983719893858847],[101.39548013802619,2.9867499122351546],[101.39553044137841,2.9878000435022614],[101.39519986061043,2.989719741086219],[101.3949698937974,2.9931899328269083],[101.3945899063329,2.9946200515585133],[101.39365026915158,2.9970401132404163],[101.39292981837144,2.9981899569730786],[101.39321009337039,2.9986903162373437],[101.39205036950688,2.9996703790568517],[101.39107030668737,3.0002201474344474],[101.38937967684387,3.0012100915932365],[101.38874995867934,3.0005902523511736],[101.38834032840543,2.999939873643939],[101.38783008417658,2.999629953418662],[101.386349659676,2.9990101178019017],[101.38465004756574,2.9983103287729023],[101.38443984101445,2.998160311746801],[101.38218956266246,2.9980201736431127],[101.38149965618118,2.9978998006348547],[101.37968955119362,2.9979096807657015],[101.37912001892897,2.9976797127442296],[101.37736022091889,2.9978198484310496],[101.37422959100445,2.997599762957293],[101.36869956236774,2.997790205621641],[101.36670979391926,2.997809969508637],[101.366370232093,2.9978899192955737],[101.36585998786416,3.0006504418763598],[101.36548000039971,3.0011301418063],[101.36503982703533,3.0019197595446485],[101.36450982012792,3.003039960467845],[101.36412983266348,3.0038897665229456],[101.36388998330267,3.004150276426458],[101.36390974718972,3.004269753987444],[101.36393040894086,3.004370364317083],[101.36391962973744,3.004460196651735],[101.36376960908603,3.0045697916649488],[101.36365013515035,3.0046901634647725],[101.36360970951216,3.0049003700160597],[101.36348035061195,3.0050198463686115],[101.36328002660832,3.005150103133019],[101.36305005979528,3.005740293523445],[101.36280032546995,3.0064302012131634],[101.36262964669265,3.006970087043044],[101.36238979854033,3.0074201453719525],[101.36198016584956,3.0085601065568994],[101.36184990908521,3.009109874934495],[101.36162982361145,3.009869849863378],[101.36149956684704,3.010089937754003],[101.3613100220469,3.010339668454037],[101.36116000502079,3.010680131769732],[101.36099022048234,3.011149950360391],[101.3608896101527,3.0116700735117092],[101.36093003458245,3.012009635337961],[101.36126959761714,3.0124004056311264],[101.36121030837296,3.012490236757344],[101.36110969804332,3.0124596936668695],[101.36095968101716,3.012430048440592],[101.36079977902648,3.0125198795668098],[101.36078989647876,3.012839681131368],[101.36075037233002,3.013390347373047],[101.36060035409548,3.0137397905386365],[101.36052040189168,3.0140299468768603],[101.36043955544903,3.014739617245141],[101.36040003009185,3.015259740396459],[101.3603398417751,3.0156702709513183],[101.36025989198816,3.0159397655384055],[101.36022036663104,3.0161598534290306],[101.36009011107507,3.0177597518652988],[101.36005956798459,3.0179501945295897],[101.36007034718801,3.0184200131202488],[101.36007034718801,3.019070395452786],[101.36010987496206,3.019680349730322],[101.36002992154988,3.02003967544357],[101.3599104476142,3.0208203121236465],[101.35988978586306,3.0216000497311484],[101.3599302115012,3.0222701935338137],[101.35992032895348,3.023170306566385],[101.35994997297138,3.0242204366251144],[101.35994009042366,3.0247297805729545],[101.35988978586306,3.025220259706316],[101.35994997297138,3.0256002471708143],[101.36000027874042,3.02579967451868],[101.36007034718801,3.0268596859166905],[101.36007034718801,3.027650203936048],[101.35992032895348,3.028209854861359],[101.3599104476142,3.028550314551751],[101.3599104476142,3.0291899140555643],[101.35988978586306,3.0296202084974766],[101.35984038037498,3.0298897030845637],[101.35981971862384,3.030109790975132],[101.3597604269628,3.0302104025132053],[101.35966969797244,3.030579609565791],[101.35966969797244,3.0307996950395477],[101.35964005516297,3.030980258781426],[101.3595897481855,3.0312102255944637],[101.35956998550694,3.0316396221722357],[101.35964005516297,3.0317896391983368],[101.36010987496206,3.032110338627035],[101.35987990452372,3.032340305440073],[101.35972988749762,3.0325298502402234],[101.35970024106285,3.0325900397654664],[101.35959963073321,3.0330499758083533],[101.35951968094633,3.033159570821624],[101.35941996727234,3.033439845820567],[101.35940020338535,3.0336204059371426],[101.35938044070679,3.0339698503111094],[101.35942984982012,3.034349837775551],[101.35949991705928,3.034519618688705],[101.35956998550694,3.0347998924792137],[101.3594397311594,3.0350702873473097],[101.35936966029487,3.035240068260464],[101.3593597789556,3.0354197317212765],[101.35939032204607,3.0355598674080966],[101.35944961008181,3.035750312489256],[101.35961040993669,3.0361895879894973],[101.35966969797244,3.036569575453939],[101.35969035972357,3.0367501355705144],[101.35964005516297,3.0370097488183205],[101.35956010295922,3.037249600595942],[101.35944961008181,3.0376700100732705],[101.35952956228562,3.0380302360675273],[101.35949991705928,3.0391603159131932],[101.359470271833,3.0397298481777852],[101.359470271833,3.0403999919804505],[101.35939032204607,3.0420403148464743],[101.35929959305571,3.042360113994164],[101.35929959305571,3.042679915558722],[101.35931037225913,3.0430302565884517],[101.35938044070679,3.0433500581530097],[101.35941996727234,3.0435997888530437],[101.35957986684622,3.0441998642081103],[101.35973976642003,3.044599615559548],[101.35981971862384,3.0448601254630603],[101.35986014063673,3.045300298827442],[101.35979995473684,3.045499726175308],[101.35977030951051,3.046590280663736],[101.35967958052015,3.047510155166492],[101.35964005516297,3.0476799360796463],[101.35963017382369,3.049279838141217],[101.35965981663315,3.049499923614974],[101.35977030951051,3.0497999612924787],[101.3599104476142,3.050170066209205],[101.36016017831423,3.050439560796292],[101.36052040189168,3.0507800229035524],[101.36072971057888,3.0509300411380877],[101.36087972760498,3.050969568912137],[101.36102974825639,3.050969568912137],[101.36117976528249,3.050949805025141],[101.36130014070761,3.050850091351208],[101.36146004028143,3.050600360651117],[101.36155975274693,3.050499749113044],[101.3617403164888,3.0503596110093554],[101.36185979042449,3.050070352535272],[101.36194962275914,3.04972989284488],[101.36202957254602,3.049499923614974],[101.36221013507947,3.0493903310185715],[101.36247962966655,3.049250192914883],[101.36317043401198,3.0488702054504415],[101.3645197014672,3.050709955664388],[101.36432027774464,3.0509201585903725],[101.36410018985401,3.0511303651417165],[101.36388010196339,3.051220196267934],[101.36305994113462,3.0519900537445324],[101.36290003914388,3.0519999350838134],[101.36266018978313,3.051970289857536],[101.36247962966655,3.0520295803101476],[101.36135044768508,3.053069829029539],[101.36123007225996,3.053250390354549],[101.36122019092068,3.053630376610556],[101.3611698839432,3.053829803958479],[101.36123995480767,3.0540202466227697],[101.36138009049455,3.054180144988152],[101.36185979042449,3.0545798963396464],[101.3618903335149,3.054959883804088],[101.36185979042449,3.055470128032937],[101.3618696729722,3.055949827962877],[101.36173043514952,3.0562399843011008],[101.36171965473767,3.0564304269653917],[101.36176995929827,3.056750224904647],[101.36196040196256,3.0572398073823592],[101.36191997994968,3.0575901496204665],[101.36193974021143,3.058200106314814],[101.36191997994968,3.0588397070270616],[101.3620196899983,3.059229575830784],[101.36193974021143,3.0618203162900386],[101.36187955431149,3.0621401178545966],[101.36171965473767,3.062469798341567],[101.36162982361145,3.0627096501191886],[101.36161994227217,3.0628902102357642],[101.36169000951134,3.063280080247921],[101.36183014761502,3.06398974819939],[101.36184002653744,3.0645700596674033],[101.36177984063755,3.0653695611619014],[101.36171965473767,3.065639953613129],[101.36146992162071,3.066010058529855],[101.36123007225996,3.066510421419423],[101.36106029134686,3.067339565723387],[101.36093003458245,3.0675901967044297],[101.36086984868257,3.0682702194295643],[101.36095968101716,3.0688199902239717],[101.36095968101716,3.069349994714571],[101.36085996734323,3.0698296958529454],[101.36071982923954,3.070139614869788],[101.36049974134897,3.070359700343488],[101.36018982354057,3.0707001636592395],[101.36009999241435,3.071099913802243],[101.36010987496206,3.0713999490629362],[101.36022036663104,3.0717296319667753],[101.36053028443939,3.0720602127347547],[101.3608896101527,3.072329707321842],[101.36123007225996,3.0725201499861328],[101.36184002653744,3.0727501167991704],[101.3620196899983,3.07278964457322],[101.36222001400193,3.072670167012234],[101.36193974021143,3.073330428267184],[101.36130014070761,3.0731696320376614],[101.36099022048234,3.073249581824541],[101.36050962268826,3.073500212805641],[101.35972988749762,3.074120048422401],[101.35962029248441,3.074209880757053],[101.35952956228562,3.07463029265125],[101.35946039291053,3.074800073564404],[101.35926994782938,3.0749797370252736],[101.35841026164343,3.075230365589448],[101.35752991249785,3.075770255044631],[101.35694960102978,3.0759597998447816],[101.35684000601657,3.0761098168708827],[101.35684988735585,3.076230191087518],[101.35694960102978,3.07632002342217],[101.35738977439416,3.076579635461542],[101.35767993073239,3.0766002972126785],[101.35782995017536,3.076639821361425],[101.35783983030626,3.0767799594651137],[101.35800961363623,3.0768599092520503],[101.35919987938178,3.077300086241678],[101.35873006079112,3.0778902766321607],[101.35852973678749,3.0777896650940875],[101.35826024220046,3.07769983396787],[101.35806979953611,3.077680072497742],[101.35782006883608,3.077709715307151],[101.35762962617179,3.0777600222846218],[101.35755955530732,3.077900157971442],[101.35752991249785,3.0780995853193645],[101.35743020003235,3.0783196732099327],[101.35729006072023,3.0784202835395718],[101.35709961926437,3.0785002333265084],[101.35689031057717,3.078539761100558],[101.35670974925216,3.078689778126659],[101.35669986791288,3.078790389664732],[101.35675017489035,3.079009579691217],[101.35679958158681,3.0792503269161102],[101.35676993877735,3.0794201078292645],[101.35656961356534,3.079570127272234],[101.35635042353891,3.0796401957198896],[101.35616986342234,3.079800095293706],[101.3560899136354,3.0799501147366755],[101.35601984277093,3.080279795223646],[101.35590036883525,3.0804199333273345],[101.35562997638402,3.0804603589655244],[101.35529041093247,3.0804603589655244],[101.35512961470289,3.0805699515619267],[101.3548601201158,3.0808295636012417],[101.35463014967752,3.0810999584693377],[101.35449989412155,3.0813398078300906],[101.35394024319623,3.0818895762076863],[101.35350006983185,3.082380056549482],[101.3532395599284,3.082600144440107],[101.35244005722546,3.0831903372474585],[101.35198012118252,3.0836502744988366],[101.35175015074418,3.083769752059766],[101.35146987695367,3.0839000051988705],[101.3513099773798,3.0839997188728034],[101.35123002759292,3.084129975637211],[101.35118960316316,3.084330299640783],[101.35123002759292,3.084500080553937],[101.35139980971445,3.0846896253540876],[101.35167020095724,3.084829763457776],[101.35160013371808,3.085160341808887],[101.35131985992751,3.085020206122067],[101.35101982225001,3.0848800680183786],[101.35077009154998,3.0848800680183786],[101.35045028998542,3.0849797816923115],[101.35018977887347,3.0851001559090037],[101.34997957353062,3.0853400052697566],[101.34977026484341,3.0856400429472615],[101.34951963627924,3.0858700121771676],[101.34919983471468,3.0860002665247066],[101.3487902020239,3.0862203544153317],[101.34842009710718,3.0864799664547036],[101.34671958713284,3.0879801548423416],[101.34620036184572,3.088559566029346],[101.3459398483169,3.0889296721545065],[101.34556974340018,3.0893096620358165],[101.34515023057855,3.0897695992871945],[101.34498044724859,3.0900301091907068],[101.34440013578052,3.0908996791328036],[101.34415040508048,3.091170071584031],[101.34400038684589,3.091429683623403],[101.3438602487422,3.09163989017469],[101.34347037993848,3.0920297589784695],[101.34299966348368,3.092389982555858],[101.34287030700028,3.0925202393202653],[101.342860425661,3.092830158337108],[101.34284964645758,3.0929999404586397],[101.3427301688966,3.0930897715848573],[101.34245977644537,3.093169721371794],[101.34216962131558,3.0933098594754824],[101.34205014375465,3.0934598765015835],[101.34200971932489,3.0936503191658744],[101.3418597010903,3.093839863966025],[101.34163961319973,3.09405995185665],[101.34123986547354,3.094730095659372],[101.3409901311482,3.094989707698687],[101.34067033320895,3.095390356914322],[101.34052031255754,3.0955502564881385],[101.34047989054466,3.095840411617928],[101.34057960180172,3.0959302427441457],[101.34075028299588,3.0960200750787976],[101.34094970913532,3.0961799770695393],[101.3408401141221,3.0963398754349214],[101.34072962124469,3.0962203990824264],[101.3406101448922,3.096150330634771],[101.34051043121826,3.096059601644413],[101.34047000920538,3.096100024865734],[101.34047989054466,3.0964395891088543],[101.34039993834085,3.0965797247956743],[101.3402903457445,3.0966497956601984],[101.34010978200263,3.096669555921892],[101.33992024082778,3.0967899313470184],[101.33932016547271,3.0973100569151484],[101.33927973983452,3.0974304311318406],[101.33918002616059,3.0976496187414],[101.33908031369509,3.097799636975992],[101.33830955956273,3.0985003226606977],[101.33827003420555,3.0986503433121015],[101.33824038897927,3.0988596483739457],[101.3382098458888,3.098970141251357],[101.33804994631498,3.0990500910382366],[101.33791968955057,3.099229754499106],[101.33774990863742,3.09941031703255],[101.33766995885054,3.099599863041135],[101.33759989161132,3.099699573089765],[101.33750017793739,3.099749880067236],[101.33734027836351,3.099710354710055],[101.33720014025982,3.0997804231577106],[101.3371103091336,3.0998702542839283],[101.33714983328235,3.099999610767327],[101.33726032615976,3.100110103644681],[101.33729985393381,3.1002798845578354],[101.33738968505997,3.100460448299714],[101.33757024638498,3.1006095674616745],[101.33748041405033,3.1007497067737972],[101.33735015849442,3.100669753361558],[101.33722978548616,3.100529617674738],[101.33708964738247,3.1003903774351897],[101.33699981625625,3.1003499554223026],[101.33693963035637,3.1003795982317683],[101.33685967815256,3.100529617674738],[101.33675008555622,3.100640110552092],[101.33658030464306,3.100729942886744],[101.33644016533094,3.1008197740129617],[101.33624972387508,3.1011395731606513],[101.33562000571055,3.101639934841785],[101.33546010371987,3.101850141393072],[101.33531008548533,3.101969617745624],[101.33524001824611,3.102259774083848],[101.33516994738164,3.102370266961259],[101.33504957316495,3.102409791109949],[101.33475043576846,3.10238014830054],[101.3344503980909,3.1024196724492867],[101.33427971931366,3.1025400478743563],[101.33363023726213,3.103140123229423],[101.33306968605581,3.1036800090593033],[101.33301039802006,3.1038201447461233],[101.3329897374773,3.10406987907146],[101.33290978769037,3.104200132210565],[101.3327103603425,3.104229777436899],[101.33252980022593,3.1043097272237787],[101.33244985043899,3.1044597478751825],[101.332410322665,3.104749904213463],[101.3323097123353,3.104839735339681],[101.33203033520056,3.104880157352568],[101.33178958918404,3.1050104141169186],[101.331730297523,3.105090363903855],[101.33176982529704,3.1051298904694704],[101.33196026796134,3.105100245243136],[101.33205998163527,3.1051703136907918],[101.33198003184833,3.1052897900432868],[101.33178958918404,3.1053796211695044],[101.3311598686027,3.10596981518529],[101.33100985036816,3.1060003582757076],[101.33076011966807,3.105979696524571],[101.33064962679072,3.1060497649722265],[101.33062986290366,3.1061899006590465],[101.3306900488036,3.1063498026497314],[101.33084006945501,3.1066696005889867],[101.33107003626804,3.1070199452439624],[101.33130988804567,3.107460118608344],[101.33161980464564,3.1077700388335643],[101.33136019260627,3.1080503126241297],[101.3311598686027,3.1077996840598985],[101.33096044367164,3.1076703251596314],[101.33085983092514,3.1076604438203503],[101.33071969523832,3.1076999703859656],[101.33066040599414,3.107760156285849],[101.3306900488036,3.1080000080634704],[101.33061998156438,3.108029650872936],[101.33053015043816,3.107920055859722],[101.33039001233448,3.107809562982311],[101.33030017999982,3.107779920172902],[101.33023011276066,3.1078302247335046],[101.33023011276066,3.10800988698594],[101.3304097750131,3.10883993277929],[101.33039989367376,3.10919027380902],[101.33033970777387,3.1094903114865247],[101.33029030107741,3.1096196679699233],[101.33024987664766,3.110850361770531],[101.33016992686072,3.1112501107051003],[101.33011961988325,3.111419894035123],[101.33001990620932,3.1116804039385784],[101.32980969965803,3.112210409637612],[101.32978993939628,3.1124601427545144],[101.32980969965803,3.1126703493058585],[101.32998038206057,3.1129703833580606],[101.32969022572235,3.1131895745929796],[101.32952044480925,3.1128697730284216],[101.32934976361508,3.1126002784413345],[101.32923028847097,3.112370311628297],[101.3290299644674,3.1117495745220936],[101.3288898263637,3.1114297729575355],[101.32878023135049,3.111219570031494],[101.32855026332902,3.111129737696899],[101.32831041275983,3.111150399448036],[101.327989715748,3.1112599920443813],[101.3277597465181,3.111419894035123],[101.32772022116092,3.111560029721943],[101.32769956061816,3.111819641761315],[101.32728004537967,3.1121897478864184],[101.32713990727603,3.112220290976893],[101.32690994046294,3.1121196794388197],[101.32669973391165,3.112080155290073],[101.3265101891115,3.1121502225292943],[101.32612032030778,3.1123101221031106],[101.32584992785655,3.11234964987716],[101.32554000883971,3.1122795814295046],[101.3251896666016,3.1122795814295046],[101.32481956047644,3.1123900718900472],[101.3240101776426,3.112649687554665],[101.32347029060435,3.112750297884304],[101.32303011723997,3.1128796543677026],[101.32242016054562,3.1129497252322267],[101.3215999997168,3.1131302853488023],[101.32136014793917,3.113210235135682],[101.32116970527488,3.1133898985965516],[101.32100980570107,3.113719579083522],[101.3208597862581,3.113989973951618],[101.32071965057128,3.1142603651944114],[101.32061993689729,3.1144103834289467],[101.32053010577113,3.11495027288413],[101.32047979879366,3.1151802396971675],[101.32037020619725,3.115350020610265],[101.32028037507104,3.1155898723878863],[101.3203100178805,3.1159698598523846],[101.32018964245538,3.1161701838559566],[101.32008992998988,3.1161603025166755],[101.31970994252544,3.1159195528749137],[101.31958957072561,3.116039927091549],[101.31829958768088,3.1190501827892945],[101.31692965847446,3.122269744757318],[101.31667992535756,3.122959648821734],[101.31651014444441,3.123220162350492],[101.31568998361564,3.1250599125644385],[101.31522016502498,3.126049854306359],[101.31478987058301,3.126979610148396],[101.31465961381866,3.12733983614271],[101.31452037599598,3.127949790420189],[101.3145599013531,3.128130351745199],[101.31457966524016,3.128249828097694],[101.31463985355691,3.128310013997634],[101.31492012734742,3.1285103392096403],[101.31556960939895,3.1288499034527604],[101.31551032015477,3.129069988926517],[101.31537018205108,3.129539807517176],[101.31515009416046,3.1303204441972525],[101.31480963447007,3.131330152243038],[101.31437035896982,3.1321197687729523],[101.31432005199235,3.1323802823017672],[101.31432993333163,3.132739608015072],[101.31431017065307,3.1330100004662427],[101.314189795228,3.133150138569931],[101.31411972798878,3.1333396833700817],[101.3140802026316,3.1335301260343726],[101.31415027107926,3.1336702617212495],[101.31459044444358,3.1339702993987544],[101.31477998924373,3.134149962859624],[101.31478987058301,3.1344302366501324],[101.31473956360554,3.134629662789564],[101.3145500224307,3.1347302743276373],[101.3140002504278,3.134849750680189],[101.31348012727653,3.1351300244706977],[101.31341993895978,3.1352701601575177],[101.3133597530599,3.1358801180602995],[101.31320973603374,3.1360400164256816],[101.31306959672162,3.1361100872902057],[101.31266984657861,3.1361397300996714],[101.31253959223108,3.136260105524741],[101.31243987855714,3.136499956093928],[101.31229974045345,3.1366104489713393],[101.31207965256283,3.1366499743284635],[101.31195029607943,3.1367002813059344],[101.3118999903104,3.1367999913546214],[101.31189011017955,3.1369095863678353],[101.31198982143661,3.137029961792962],[101.31215960476663,3.137160217348878],[101.31253959223108,3.1373398808097477],[101.31280010334302,3.1375402048133765],[101.31301030868588,3.137709986934908],[101.31310014102053,3.137869885300347],[101.31341006003737,3.1384304340897984],[101.31363014551107,3.13862986022923],[101.31388975755044,3.138729573903163],[101.31403977820185,3.138799641142384],[101.31403977820185,3.1389999663543904],[101.31395982841491,3.139190407810247],[101.31381969031128,3.13929012148418],[101.31358972349824,3.13929012148418],[101.31333010783356,3.1393296492582294],[101.31318008959903,3.1394500234749216],[101.3131504443727,3.1395901591617417],[101.31317020825975,3.1396799902879593],[101.3132303965765,3.139709636722671],[101.31336963439918,3.1397204159260923],[101.3134298215075,3.139759940074839],[101.31339029615032,3.13987043295225],[101.31326992193368,3.1399396035357086],[101.3129600017084,3.139960265286902],[101.31275967770483,3.139980027965464],[101.31227997656646,3.140439965216842],[101.31212007820102,3.140640289220414],[101.31203024586637,3.140940326897976],[101.3118999903104,3.1413301969101326],[101.3117796173022,3.141529623049564],[101.31156042727571,3.142070407952019],[101.31116966060785,3.1431196401465513],[101.31104030412445,3.1440098718398417],[101.310859741591,3.144339552326869],[101.31066031666,3.145299851259324],[101.31063965611725,3.145679837515331],[101.3105803644562,3.1461397747667093],[101.31044022876938,3.146340098770338],[101.31039980433962,3.1465601866609063],[101.31036028019088,3.1470704308897552],[101.31030009066569,3.1474504183541967],[101.31031985455269,3.14761031792807],[101.31045999265638,3.147889693854438],[101.31046987157885,3.14809001785801],[101.31036028019088,3.148329867218763],[101.31027044785623,3.148620023556987],[101.31013030975254,3.1487898068870095],[101.31012042841326,3.149019773700047],[101.31015995497887,3.1492398615906723],[101.31024978731352,3.1495497818158924],[101.31036028019088,3.149769867289649],[101.31041956822662,3.1499396482028033],[101.31038004045263,3.150089667645773],[101.3099596309753,3.150549604897151],[101.30987968118836,3.1507301662221607],[101.31001981687518,3.1520003841714583],[101.30998029272644,3.152310303188301],[101.31006024251337,3.152649866222987],[101.31007012385265,3.152819647136141],[101.30994974963596,3.153000207252717],[101.30993986708825,3.1531996346005826],[101.30997041017872,3.1534403842423444],[101.31008988532278,3.153649691721057],[101.31005035996566,3.153900320285288],[101.31021025953947,3.15446985254988],[101.31012042841326,3.1547501263403888],[101.30990034052263,3.154869603901375],[101.30970989785834,3.1552001822524858],[101.30969013638821,3.1555702895860804],[101.30953023439747,3.155749953046893],[101.30939998125842,3.156009566294699],[101.30939009871065,3.156659945001934],[101.3093299103939,3.156979746566492],[101.30923019671997,3.157369612953346],[101.30923019671997,3.157739721495375],[101.30933979173318,3.1580801811858237],[101.30942962406783,3.1583299118858577],[101.30937033482365,3.1584898138765425],[101.3092796058333,3.15876020632777],[101.30926972449402,3.159019818367142],[101.30931014892377,3.159799557183021],[101.3090298727164,3.160219969077218],[101.30903975405568,3.1603699873118103],[101.30901011124621,3.1607302108891986],[101.30891039878071,3.160989825345439],[101.30886009180324,3.1612799816836628],[101.30895980426874,3.1615395937230346],[101.30900022990693,3.161739918935041],[101.30896968681645,3.1620201927255494],[101.30886997314252,3.1621998549779846],[101.30884033033311,3.1624298229994565],[101.30887985448186,3.1628601162329346],[101.30869030968165,3.1634197671582456],[101.30848998567808,3.1638302977131616],[101.30839027200415,3.1641797420871285],[101.30844956124832,3.164430373068228],[101.30854029265555,3.1646001539813255],[101.30855017399483,3.164709746577728],[101.30846034286861,3.1648400033421353],[101.30826989778745,3.164990022785105],[101.30901999379392,3.1657796405234535],[101.31009976666212,3.1666501083297476],[101.31091004856847,3.1670103343240044],[101.31176973596286,3.167509795724129],[101.31266984657861,3.1676104072622024],[101.31329956715996,3.1675601027016],[101.31379992642422,3.1675601027016],[101.31442964700562,3.16770023838842],[101.31532975762133,3.1684296702268853],[101.31609961388949,3.1687503684471494],[101.31664040120882,3.1688402007818013],[101.3173096459389,3.16879977756048],[101.31741025747704,3.1683398378922334],[101.31767975206407,3.1679400901660415],[101.32652007045078,3.1592596701447633],[101.32976029417,3.163029898354523],[101.34456991911054,3.1624801299769274],[101.34448996690674,3.1754598860428587],[101.37113040446155,3.175350291029588],[101.37115016714012,3.1864696363388703],[101.39915963603715,3.186549586125807],[101.40087990989855,3.1865603653292283],[101.40155005249284,3.1867795565641472],[101.40155005249284,3.1871496614808734],[101.40158957664158,3.1915900347017327],[101.40203963497049,3.192049971953111],[101.40279960989943,3.1921398030793284],[101.42934033015496,3.1922502959566827],[101.46375029428663,3.168569808330574],[101.47476992954728,3.1608496872417504],[101.47228968075694,3.1584799325372614],[101.47006994307861,3.158070299846486],[101.46365956529627,3.153019971139713],[101.45937999193023,3.1469302927860667],[101.45686021899121,3.1418000155007917],[101.45541033758104,3.1380899731909153],[101.45354992561596,3.137949835087227],[101.45271000090014,3.136480193415366],[101.45288966436101,3.1343404043154806],[101.45607958351957,3.134309861225006],[101.45617031250993,3.1197598507407065],[101.45404040595781,3.1197598507407065],[101.45453986977475,3.11725983927181],[101.45406016984481,3.1140501598515016],[101.45152961407706,3.113559679509706],[101.45157992105453,3.1123999544377625],[101.44589987539166,3.112740416545023],[101.44599958544029,3.110379642898863],[101.44343040701324,3.1100598437511735],[101.44407000651705,3.102629879000574],[101.44546958094975,3.0927403272108904],[101.44565014227476,3.0927502085501715],[101.46203002163367,3.0926199529941982],[101.46247019741492,3.0930197031372586],[101.46997022940468,3.092859801146517],[101.47019031729525,3.0915302951614763],[101.4715297070365,3.090190008764523],[101.47397042684435,3.0882002403160413],[101.47713968425171,3.085710110186483],[101.47743972192927,3.074219762096334],[101.4809395576878,3.074320373634407],[101.48107969337462,3.070100088304173],[101.48145968083907,3.061590349477001],[101.48164024337251,3.060610286657493],[101.49037007009031,3.0632701977002057],[101.49084977122868,3.0636699490517003],[101.49213975064816,3.0632701977002057],[101.49213975064816,3.063180366573988],[101.49196996852658,3.0599302615155466],[101.49193044437783,3.058009663650523],[101.49184959430988,3.055109900830189],[101.49175976318367,3.0533303389330513],[101.49172023782654,3.0526601963387634],[101.49154955904925,3.0504099179868263],[101.49120011225835,3.0493400240411006],[101.49120011225835,3.0479997376441474],[101.49174000171354,3.046849893911542],[101.49204991831351,3.046140225960073],[101.49213975064816,3.0452401129275017],[101.49351956361068,3.045249995475217],[101.49639956254401,3.0453398266014347],[101.49853036696032,3.0457997638528127],[101.49896964246051,3.0451700456883373],[101.49853036696032,3.044640037572435],[101.49756018668853,3.0432099200493212],[101.49697987401203,3.041910059290558],[101.4972098420335,3.041159965700956],[101.49779015350157,3.040620076245773],[101.49907025399858,3.040320042193514],[101.50022997907053,3.0404502953326187],[101.50101959680887,3.040279616555381],[101.50212991518436,3.0400999543029457],[101.50355015136819,3.0400999543029457],[101.50523988213916,3.040060426528896],[101.50623970522037,3.0400900717552304],[101.5081396449595,3.0400900717552304],[101.50888973734067,3.0400900717552304],[101.50947993135645,3.040150257655114],[101.51045999055066,3.041029710144983],[101.51115977957966,3.0422002144203475],[101.51127027245701,3.0431398528101],[101.5120302473859,3.0434901938398298],[101.51260966098982,3.0430796669102165],[101.51296000322793,3.0421499074428766],[101.51302018912787,3.041159965700956],[101.5136597910485,3.039460353590698],[101.51417003286048,3.0383599165545547],[101.51435957766068,3.0379404049413097],[101.5153603010229,3.036370148106073],[101.51622987096505,3.0350900488174375],[101.5164697203258,3.0338602552978955],[101.51688025088072,3.0326295639141563],[101.5185699804432,3.0310602085683627],[101.52001986185337,3.030010077301199],[101.52113017902042,3.0297199221714095],[101.52152992916342,3.030360419539363],[101.52205005473161,3.031479720181551],[101.52281002966049,3.0331101617082936],[101.52291962225684,3.034279769327952],[101.523090303451,3.0363899119930693],[101.52349005480244,3.0375002291601163],[101.52431021563126,3.0375002291601163],[101.52494981513507,3.037149886921952],[101.52536034568999,3.035750312489256],[101.52536034568999,3.0334703889109846],[101.5256603833675,3.031249753368513],[101.52623979697142,3.0309595970302894],[101.52665032752628,3.0311401583552424],[101.52705007646091,3.032019609636677],[101.52688029554776,3.033180232572761],[101.52705007646091,3.034760368330467],[101.52733035025142,3.0355203420509724],[101.52790976385529,3.0362803169798553],[101.5284397719712,3.0363997945407846],[101.52960039490728,3.0357601914117254],[101.53106015523986,3.0348897236054313],[101.53175006292958,3.0349499131306175],[101.53286037888819,3.035189761282936],[101.53314963736227,3.0360602290892302],[101.53261963166324,3.0365300476798893],[101.53187043714621,3.036939680370665],[101.53017980609428,3.0379799290900564],[101.53000014384185,3.038389561780832],[101.53034958700744,3.0387497853582772],[101.53122005481373,3.0396202531645713],[101.53231959398573,3.0397397307255005],[101.53388984840416,3.0395699461871004],[101.53468036521508,3.0395196428348754],[101.53590027739534,3.0391100089357224],[101.53689022155413,3.0384102235320256],[101.53769960317953,3.0384201048713066],[101.53821972874766,3.0390597055834974],[101.53926985880634,3.0396498983908486],[101.54025980296512,3.0401197169815077],[101.54100989655478,3.0403496850029796],[101.5415902080228,3.0397702701906724],[101.54136023758446,3.039359743261059],[101.5405499593034,3.0391198914834376],[101.5396202010445,3.0385395800153674],[101.53926985880634,3.0380697614247083],[101.53926985880634,3.0375397557257315],[101.54031998886506,3.0365498115669425],[101.54130993423229,3.035799719185718],[101.54160008936208,3.035799719185718],[101.54236006429102,3.0363198423370363],[101.54351978694609,3.037149886921952],[101.5442698829525,3.0373196678351064],[101.54491038032046,3.037149886921952],[101.54521041799802,3.036919917692103],[101.54526970603376,3.036210249740634],[101.54607998794012,3.0351098114960564],[101.54671958744393,3.034579807005457],[101.54723971059519,3.034930149243621],[101.54776971750266,3.034930149243621],[101.54828984065392,3.0345896895531723],[101.54789009292773,3.034000393401584],[101.54654980653078,3.03365005116342],[101.54568023658868,3.033229639269223],[101.54555986237199,3.032829887917785],[101.54591020340172,3.0324804435437613],[101.54707981102138,3.0318399461758077],[101.54858987833143,3.0313099392683966],[101.55050957833231,3.0303801834263595],[101.55173038837671,3.0296300898367576],[101.55260983965815,3.0291602712460985],[101.5534201215645,3.0290497783687442],[101.55424028118489,3.028809926591123],[101.5543498761981,3.0282296151230526],[101.5541199069682,3.02788017195752],[101.55289999478794,3.027169603725042],[101.55185974727692,3.026239847883005],[101.55185974727692,3.025360399018439],[101.55221008830665,3.025070242680215],[101.553020370213,3.025360399018439],[101.55477028688387,3.026009879861533],[101.555290412452,3.026650378437921],[101.55563985561758,3.026709666473664],[101.55714992413607,3.0254295683935197],[101.55779042392089,3.024649830786018],[101.55832042841143,3.0237101923962655],[101.55813986829486,3.0225998740207842],[101.55855039884977,3.022190243746877],[101.55931037257022,3.021670118178747],[101.55959963104436,3.021259587623831],[101.55931037257022,3.0206801764368265],[101.55860968688552,3.020789769033172],[101.55785959450435,3.020440324659205],[101.55734036921723,3.0199696082044056],[101.55663968232409,3.0193803120527605],[101.55600008282028,3.0199696082044056],[101.55553026422962,3.021660235631032],[101.55558955226542,3.0228298432506904],[101.55547007470443,3.0237595990927275],[101.55523022655211,3.0237595990927275],[101.55477028688387,3.023119999588914],[101.55465979400651,3.0220698695302417],[101.55436963766823,3.021660235631032],[101.55291975867493,3.021360201578773],[101.55232956586764,3.021009856923797],[101.55262960354514,3.02060022664989],[101.5532701009131,3.020249881994914],[101.55367973360387,3.019610282491101],[101.55600008282028,3.017979839755924],[101.55669986822397,3.0176896846261343],[101.557050212879,3.017979839755924],[101.55757033603027,3.01839037031084],[101.55820993553408,3.01839037031084],[101.55861956822486,3.017930433059462],[101.55890972456308,3.0169297096971945],[101.559320255118,3.0164697724458733],[101.559320255118,3.0160601397550977],[101.55891960590236,3.0157097975169336],[101.55815963218191,3.0154097598394287],[101.5580500359602,3.0151797906095226],[101.55815963218191,3.0144198156806397],[101.55817041138533,3.0140101854067325],[101.55792966174357,3.013720030276886],[101.55769969493053,3.013720030276886],[101.55706009180142,3.014070371306616],[101.55624981352037,3.0147602789963344],[101.55537036223893,3.015050434126124],[101.55485023908767,3.0149399412487696],[101.55462026864933,3.0153998785001477],[101.55466967534579,3.015750220738255],[101.55502002000077,3.0163404135456062],[101.55502002000077,3.017219866035475],[101.55461038731005,3.0175702070651482],[101.55426004507189,3.017449832848513],[101.55390970041691,3.0168003507969843],[101.55367973360387,3.01592988299069],[101.5528703495616,3.0156900348383715],[101.55241041231022,3.015510371377502],[101.55176991494233,3.0149300599094886],[101.55123990803486,3.015099840822586],[101.55118960347426,3.015510371377502],[101.55100994122182,3.016099667529147],[101.55060030732267,3.0162101604065015],[101.55024996629294,3.015740340607408],[101.54956005981165,3.015619966390716],[101.54915042591244,3.0159200040682776],[101.54873989898283,3.0167302823493287],[101.5484497426446,3.01773010905589],[101.54804010995389,3.0178397016522354],[101.54774995482404,3.017319578500974],[101.54792961707648,3.016559603572034],[101.54810029585377,3.01597030862888],[101.5473502034726,3.01578974730387],[101.54676989200453,3.01597030862888],[101.54642044763057,3.0157295589871183],[101.54642044763057,3.0154403041382807],[101.54706004713438,3.0145096480152347],[101.54817036671824,3.013519706273314],[101.54921959891283,3.012759731344431],[101.54973972206409,3.0124695750062074],[101.55055988530978,3.0117096000772676],[101.550850041648,3.0107196559184786],[101.55072966622288,3.0100800564146653],[101.54993016472838,3.006979969590759],[101.54993016472838,3.006099620445184],[101.55050957833231,3.0054600197329364],[101.55109977234804,3.0045796705873613],[101.55155970959942,3.0038196956584784],[101.55464991387561,3.002369817873614],[101.55546019336515,3.001549653419488],[101.55576023104265,3.0000898930869084],[101.55540988880455,2.998809793798273],[101.5534398818262,2.9962298313340625],[101.55262960354514,2.994709882684674],[101.55264038274856,2.9935402750650155],[101.5538001078205,2.99166998417752],[101.55578987626899,2.9881099601022356],[101.55671963211103,2.985890224840716],[101.55852973709864,2.982679645139399],[101.55842014208537,2.981650175623429],[101.55873994364993,2.9808497762647903],[101.55946039080482,2.980079922413438],[101.56002992306941,2.979460083171375],[101.56095967891144,2.978780058029429],[101.56138009080564,2.978320121986485],[101.56236015362515,2.9779598972006056],[101.56353964016722,2.977909591431569],[101.56463019586414,2.9774397716324756],[101.56581956374549,2.9768199360156586],[101.56793958895838,2.9763096917868097],[101.57357022792479,2.9773104163575113],[101.57229012984459,2.9763501174249996],[101.5707504173082,2.975099662154264],[101.56848037506921,2.9733299791795957],[101.5622900851775,2.970200249546167],[101.56447029629027,2.965120279238363],[101.55159025268989,2.958140369191426],[101.55146987726476,2.96436030430948],[101.55137016479927,2.9646801034571695],[101.55075032797407,2.964670220909454],[101.52560019505074,2.9499800723214094],[101.5064696756587,2.950360059785851],[101.47122966935899,2.9518997723222355],[101.45228958900594,2.9521198602128607],[101.4502297533183,2.951359886492412],[101.44527015481026,2.950289991338252],[101.4440295820873,2.95008966733468],[101.43355971762111,2.950330416976442],[101.423179686698,2.950110329085817],[101.42435019097337,2.9518800084352392],[101.42663011576008,2.953729641196901],[101.42905017502517,2.9551804204712084],[101.43094023221659,2.9561002937655303],[101.43301983179123,2.9568997964684627],[101.43530963670884,2.95769031448782],[101.4374296595048,2.958590423895089],[101.43853997788028,2.9592497884943327],[101.43952004069979,2.9603699857922265],[101.44068964590258,2.962150447970373],[101.44081990145855,2.9634601912769085],[101.44028989455114,2.965099617487226],[101.43950027681274,2.9663401902101896],[101.43747008393456,2.968310194771675],[101.43439964233693,2.970989869701384],[101.43132021968103,2.9732796758273707],[101.42799016483559,2.975299986157893],[101.42471041455082,2.976999598268094],[101.4217702297176,2.9777802349481703],[101.42001042929058,2.978170103751893],[101.41810959531261,2.978160222412612],[101.41582967052591,2.9773697043932543],[101.4142001268633,2.9763096917868097],[101.41290026489611,2.975259561728137],[101.41140008013377,2.972760446914947],[101.41022957464997,2.970200249546167],[101.40931958027812,2.967700240494196],[101.40860991232665,2.965270296264464],[101.40745018604633,2.9598902858622864],[101.40693006047815,2.957519632085223],[101.40589969430647,2.9547600085770114],[101.40518014501578,2.9531196845025534],[101.40400963953198,2.9518099411960748],[101.40160035705344,2.9493099297271783],[101.39926024636685,2.947719912630191],[101.39716986758873,2.946340100876057],[101.39533999871412,2.9452899708173845],[101.39358020070398,2.944169769894188],[101.39235040718438,2.943240014052151],[101.39117990290902,2.941819777868261],[101.3900695833251,2.9403797790058093],[101.38928984450922,2.9385400275834854],[101.38877960390568,2.9367595690305848],[101.3883196666543,2.934660205568889],[101.38833044585772,2.9317101381879525],[101.3886700088924,2.9286199327033273],[101.38887033289603,2.9243601232242895],[101.38854963467577,2.921930181411483],[101.3879702198634,2.9192397272782955],[101.38725965525629,2.9170702965774353],[101.38609004763663,2.913910023853589],[101.38468957533979,2.911259994150157],[101.38320016615558,2.908890238237234],[101.38124004414186,2.9068501640197155],[101.3787696778993,2.905069701841569],[101.37654993901248,2.9040195717828965],[101.37479014100234,2.9038803327517826]],[[101.27749990751806,2.8958197495556988],[101.27749990751806,2.8958601751938318],[101.2772798220443,2.896029956106986],[101.27690971350228,2.896240161449896],[101.27657015167603,2.896450368001183],[101.2763500637854,2.896780050905022],[101.27608955388195,2.8970998500527116],[101.27604014718543,2.897169917291933],[101.27611021442465,2.897269630965866],[101.27633030231527,2.897329819282618],[101.27687018935353,2.897530144494624],[101.27754033194782,2.8977196892947745],[101.27794008329926,2.89804038509817],[101.27817993266001,2.898469781675942],[101.27861022710198,2.8987401741271697],[101.27908992703192,2.898880312230858],[101.27947979341877,2.8991498068179453],[101.27958040737371,2.8993501308215173],[101.27944026927003,2.899679811308488],[101.27946003315708,2.8998603726334977],[101.27964957795723,2.9002700053242734],[101.27975018828687,2.900790128475535],[101.28038978899912,2.90153034193429],[101.28050028187647,2.9018303796118516],[101.28065029890263,2.9023397223512575],[101.28077965780284,2.902670303119237],[101.2812297125065,2.902980223344457],[101.28156029327448,2.9032901399444313],[101.2817004289613,2.903549751983803],[101.28180014263523,2.9039701650864345],[101.28191961898779,2.904319608251967],[101.28211006165208,2.9045001719938455],[101.2824002179903,2.904389679116491],[101.28276044156775,2.904100420642351],[101.28295986770718,2.903999810312712],[101.28353029783591,2.903580295074221],[101.28383033551347,2.9033099038314276],[101.28408994876122,2.903140121709896],[101.28511043601048,2.902690067006233],[101.28531974107239,2.9025400463548294],[101.28552994762367,2.9023100771249233],[101.28568984719755,2.9020801103118856],[101.28581022141418,2.901809717860658],[101.28593958031445,2.9016102917212265],[101.28604019185252,2.901540223273571],[101.2862998038919,2.9014297303962167],[101.28653965325265,2.9013003714959495],[101.28672021699452,2.9010802836053813],[101.28688999790762,2.9009599118055576],[101.28721967839465,2.9008601981316247],[101.28748019071497,2.900720060027936],[101.28778022839248,2.9004299036897123],[101.28820962255344,2.900139748559866],[101.288429710444,2.8999699676467685],[101.28852043943436,2.8999304422895875],[101.28848989634395,2.900010392076524],[101.28816021585698,2.900260122776558],[101.28793024662707,2.9004397862374276],[101.28779998986266,2.9005898032635287],[101.28754037661486,2.90082965504115],[101.28725022148507,2.90096979072797],[101.2870498974815,2.9010003338184447],[101.28683969093015,2.901170114731599],[101.28663038465987,2.901370439943605],[101.28638963622655,2.901480034956819],[101.28619020887862,2.9016004091735113],[101.2860096487621,2.9017603087473276],[101.28585962811064,2.9020199207866995],[101.2857500355143,2.9023001982025107],[101.28555959285,2.9025104011284952],[101.2853098597331,2.902709828476418],[101.28501970460326,2.9028796093895153],[101.28431003665185,2.903169764519305],[101.28327966927174,2.9039602825386623],[101.28286015524168,2.9042396596734648],[101.28264006735105,2.9044399836770936],[101.28242986321663,2.9046897143771275],[101.28239033544259,2.904870278119006],[101.28264994869033,2.9051604332487955],[101.28327966927174,2.905950050987144],[101.28355994306224,2.9065600076814917],[101.28357970453237,2.9069597590329863],[101.283780028536,2.907690087527101],[101.28413037319098,2.9083503487821076],[101.28454000346488,2.9089504241371174],[101.28514007881995,2.909609788736418],[101.28538980951998,2.9101200317568328],[101.2858201039619,2.9108503614593815],[101.28627015866556,2.911910372857392],[101.28656031500378,2.912489787669699],[101.28683969093015,2.9129802680115517],[101.28711008579825,2.9132596415210514],[101.28728974925912,2.9133800157377436],[101.28751971607215,2.9134303227152145],[101.28778022839248,2.9133701343984058],[101.28813955531422,2.913150048924706],[101.28890042689886,2.912629923356519],[101.28909985424673,2.9123397670182953],[101.28944031393712,2.9114800796239138],[101.28970980852421,2.910379645004582],[101.28981041885385,2.9098496368887368],[101.28981041885385,2.9094202439362675],[101.28975023295396,2.908980070571886],[101.289600213511,2.9083503487821076],[101.28955979028967,2.9080799575393144],[101.28956967283739,2.9075203066140034],[101.28968016571474,2.9069597590329863],[101.28982030140156,2.9066004333196815],[101.28997032084459,2.906369565017201],[101.29030000133156,2.9062402061169337],[101.290679988796,2.9061997841040466],[101.29092971949603,2.9062896164386984],[101.29104021237345,2.906409988238522],[101.29113004349966,2.9066300761291473],[101.29131958950825,2.9067998570422446],[101.29150014962477,2.9068896881684623],[101.29166993295479,2.9068896881684623],[101.29196996821548,2.9067998570422446],[101.29231043153118,2.9066399574684283],[101.29316023758628,2.9058799825395454],[101.29326983259949,2.9057703875262746],[101.29335966372571,2.905809915300324],[101.29337044292919,2.9058701012002075],[101.29335966372571,2.9059204081776784],[101.29309016913868,2.9061997841040466],[101.29218017476677,2.907140319149562],[101.29202027519295,2.907499646071244],[101.29196008929301,2.9077898012010905],[101.2919798507632,2.908009889091659],[101.29204992041923,2.9080997214263107],[101.29217029221905,2.9081302608914825],[101.29224036308352,2.9081096027655917],[101.2925502796835,2.907949700774907],[101.29273982448365,2.907939819435626],[101.2929096090221,2.9080000077523778],[101.2930596260482,2.90812038196907],[101.29324018737321,2.9082901628821674],[101.29348992049012,2.9084401811167595],[101.29364982006393,2.9085497761299735],[101.29385014406756,2.9086000831074443],[101.29454992947126,2.908670150346609],[101.29475025468327,2.90870967570379],[101.29498022391317,2.90862972591691],[101.29524971850026,2.9085596574692545],[101.29545004250383,2.9085596574692545],[101.29557041792896,2.9086602690073278],[101.29573031629434,2.908839931259763],[101.29578960553852,2.9090097133813515],[101.295800384742,2.90914985148504],[101.29578960553852,2.9093196323981374],[101.2955596375171,2.909650213166117],[101.2955596375171,2.9098002301922747],[101.29559018060752,2.909960129766091],[101.2956099420777,2.910219743013897],[101.29559018060752,2.9107704116725017],[101.29567013039446,2.9108800066857157],[101.2957797229908,2.9109096494951814],[101.29588033694574,2.9108800066857157],[101.29604023651962,2.910739868582027],[101.29614983153283,2.9106599187950906],[101.29626032441024,2.9105997304783386],[101.29638968089358,2.910589850347492],[101.29649029122328,2.9106500374558095],[101.29664031187468,2.910829699708245],[101.29675978581031,2.9111000921594723],[101.29686039734838,2.9114800796239138],[101.2969502284746,2.9120100865313248],[101.29683973559725,2.9116300990668833],[101.2968002114485,2.9115402679406657],[101.29674002192331,2.9112797544119076],[101.29661965012349,2.9110201423725357],[101.29651993644956,2.9108997681558435],[101.2963501555364,2.910790175559498],[101.29619025354572,2.9108000544819106],[101.29606000040661,2.9108602427986625],[101.29590009841593,2.9110102610332547],[101.29575996272911,2.9110704493500066],[101.29566024905517,2.9110300237118167],[101.2955596375171,2.9108997681558435],[101.29551022840377,2.9106599187950906],[101.29551022840377,2.910309574140115],[101.29548956786101,2.9101002678697796],[101.2953700927169,2.9098900625269266],[101.29535033003833,2.9097400442923345],[101.29540961807407,2.909560382039899],[101.29557041792896,2.9092801046241448],[101.2956297059647,2.9090699016981034],[101.29552011095149,2.9088596951467593],[101.29530002547773,2.9087402187942644],[101.29499998780017,2.9087501001335454],[101.29477001736188,2.908880356897953],[101.29451040532251,2.908880356897953],[101.29363993751622,2.908680032894381],[101.29342973217337,2.908609962029857],[101.2932500687125,2.9084401811167595],[101.29304974470892,2.9082497384524117],[101.29278025012184,2.9081895525525283],[101.29262035054796,2.908179670004813],[101.29218017476677,2.908360231329823],[101.2919798507632,2.9083395695786294],[101.2918298325286,2.9082704002036053],[101.29174000140245,2.9081302608914825],[101.29174000140245,2.9078697509879703],[101.29175976528944,2.9076101389486553],[101.29183971507638,2.9073397464974278],[101.2918702581668,2.9072103875971607],[101.2918298325286,2.9070702519103406],[101.29171035617611,2.9070001810458734],[101.29156033794158,2.9070100635935887],[101.29134025005095,2.9070900133805253],[101.29121987583426,2.9070702519103406],[101.29107974014744,2.906930113806652],[101.29098990902122,2.906719907255365],[101.29083000703054,2.9064899404423272],[101.29072041443419,2.9063803454290564],[101.29047966479237,2.9063399197908666],[101.29029011999222,2.9063803454290564],[101.29009967732793,2.9064504126682777],[101.289980199767,2.906569890229207],[101.28987958943736,2.906719907255365],[101.28976999684096,2.906939995145933],[101.28970980852421,2.907189725846024],[101.28966040182775,2.9075795958581807],[101.28967028316703,2.9080000077523778],[101.28979963965043,2.908370112669104],[101.28992001386706,2.9087896254907264],[101.28992989641483,2.9095397202887625],[101.29004038929219,2.9096600920885862],[101.29021017020534,2.9097696871018],[101.29021017020534,2.9098702986398735],[101.2901302204184,2.90995024842681],[101.28997032084459,2.910049962100743],[101.28987958943736,2.910279931330649],[101.28978975831114,2.9108898856081282],[101.2895795517598,2.9117899986406997],[101.28941965218598,2.9122903603218333],[101.28911961450842,2.912719754482737],[101.28831023409151,2.91339977962474],[101.28784041429242,2.913750121862904],[101.28764997283656,2.914089686106024],[101.28754037661486,2.9144400283441314],[101.28758978331138,2.9146601162347565],[101.28786017817941,2.9150095606087802],[101.28823028430457,2.91529971573857],[101.28832999677007,2.9154398538422583],[101.28834975824026,2.9157901960803656],[101.28826980845332,2.916279778558078],[101.28838030133068,2.9164702212223688],[101.2888797663561,2.9167603763521583],[101.28906032647268,2.91706041402972],[101.28910973316914,2.9172400774905327],[101.28910973316914,2.917499690738339],[101.28914027625962,2.9175598766382222],[101.28906032647268,2.917770081981132],[101.28908997169901,2.9179398641026637],[101.2892804143633,2.918189597219623],[101.28934958494676,2.9184501071230784],[101.28949960197286,2.919670019303396],[101.28966040182775,2.920400350214379],[101.2898301827409,2.9209797650267433],[101.29001972754105,2.921429819730349],[101.29023981543162,2.9217999258555096],[101.29040959634477,2.922140387962827],[101.29052997176984,2.922240098011457],[101.29087043146029,2.92212960634248],[101.29134025005095,2.921930181411483],[101.29193044406674,2.921770279420798],[101.291379777825,2.922070317098303],[101.2904500195661,2.9224601871104596],[101.29030988387927,2.9226802750010847],[101.29038983366621,2.923169857478797],[101.29050032654357,2.9235803844084103],[101.29081024556041,2.924079849433781],[101.29111028323791,2.9247095675983132],[101.29131958950825,2.925270117596199],[101.29168969442497,2.9259097183083895],[101.29214963409316,2.9268798985801823],[101.29286019990877,2.9282902522163567],[101.29354022384229,2.9295002818489024],[101.29379983709009,2.9298596087705846],[101.29400016109366,2.9299197970873934],[101.29445021942263,2.9298596087705846],[101.29401992498066,2.9300698141134944],[101.29410975610688,2.930449801577936],[101.29446997968432,2.9311998951675378],[101.29517965126104,2.93220960321338],[101.29596028673268,2.9333899864111572],[101.29658012234944,2.9342802181044476],[101.29764013495588,2.9362699865529294],[101.29823032897167,2.937129673947311],[101.2998095656568,2.939759942180615],[101.30008984065574,2.9400797413283044],[101.30027040318919,2.940149808567469],[101.30048959079875,2.9401803516579434],[101.30068003346304,2.9400402159711234],[101.30123968438835,2.9391598668255483],[101.30148043282173,2.9389002547861764],[101.30128999015744,2.939290123589956],[101.30088035746667,2.93990996041515],[101.30061984756315,2.9402396409021208],[101.30052013388922,2.940420203435565],[101.30060008367616,2.9407103597737887],[101.30127022747882,2.9418799637681445],[101.30188018417317,2.9431798281522106],[101.30212003353392,2.9437295965298063],[101.30248025711137,2.944169769894188],[101.30280994001521,2.9449099833528862],[101.3034800826095,2.94591968898186],[101.3042499400861,2.947230330152479],[101.30472964001603,2.9481403245243882],[101.30605016252599,2.950330416976442],[101.30644991387743,2.951049966267135],[101.3067598304774,2.9518800084352392],[101.30732038168372,2.9527603575808143],[101.30767970739703,2.9533002470359406],[101.30809023432664,2.954159933221945],[101.30839027200415,2.9549001466807],[101.30877025946859,2.9554499150582956],[101.30950957264633,2.9566599446908413],[101.30980961032384,2.9573696150591218],[101.31013030975254,2.957940045187854],[101.31053006110403,2.958390099891517],[101.31093969137794,2.959080006372801],[101.31132956018166,2.9597995568719284],[101.31179039771405,2.9605703110042896],[101.31236980890105,2.96142011705939],[101.31275967770483,2.9622196185538883],[101.3131504443727,2.9627801661349054],[101.31393018318863,2.9636703978281957],[101.31477998924373,2.964769934583387],[101.31553996417261,2.9656502837289622],[101.31575016951552,2.9657904218326507],[101.31600978276333,2.965779640212304],[101.31646971880622,2.9656799289552396],[101.31674011367431,2.9656404023896243],[101.31711021979947,2.965430195838337],[101.31743001773873,2.965229871834765],[101.31756027450314,2.965120279238363],[101.317739937964,2.9648400018225516],[101.3180300930938,2.9643297612190054],[101.31838043774877,2.9632598672732797],[101.31938026203846,2.9611398420604473],[101.31958957072561,2.9604795808054973],[101.31968029971597,2.9600995945494333],[101.31953027906457,2.959469876384958],[101.31939014337775,2.9590296993953302],[101.31925000527406,2.9584197451177943],[101.31904968127049,2.9579598090748505],[101.31859962535839,2.957219594407718],[101.31849991289289,2.9569195567301563],[101.31808040007127,2.9560904124261924],[101.3173096459389,2.9553502013843627],[101.31696019914807,2.954910028019981],[101.31673023233503,2.9544500883517344],[101.31639965156705,2.9525600335772424],[101.31589030761921,2.951379649170974],[101.31558038860237,2.9509996617065326],[101.31538994593808,2.950699625237462],[101.31518962193451,2.9502298054383687],[101.31507014437352,2.949469831717863],[101.31490036346042,2.9485400722505233],[101.31475034643427,2.9478304055075455],[101.31456978269244,2.9473102799394155],[101.31437035896982,2.9470704305786626],[101.31404965954113,2.9467802742404388],[101.313710095298,2.9465197643369265],[101.31355019572419,2.946470355223596],[101.31336963439918,2.9464398121331214],[101.31331034636344,2.9464002867759405],[101.31329956715996,2.9463095577855825],[101.31316032692041,2.9461604386236218],[101.31271027100837,2.9458801612078105],[101.31230962300117,2.945549584065134],[101.31207965256283,2.945299849739797],[101.31198982143661,2.9450501190397063],[101.3119799425142,2.944789609136251],[101.31189011017955,2.9443395508072854],[101.3117796173022,2.94370983264281],[101.31197005996648,2.9440601772977857],[101.31206977364042,2.9445299958884448],[101.31212007820102,2.944989933139823],[101.31232040220459,2.945340275377987],[101.31264020376915,2.945640313055492],[101.31316032692041,2.94591968898186],[101.31372985797663,2.946170317546091],[101.31417991388867,2.9465098829976455],[101.3146299710092,2.946950055153536],[101.31475034643427,2.9469599377012514],[101.31485993903067,2.9468799879143717],[101.31494977015689,2.946630257214281],[101.3150396012831,2.946260148672252],[101.31506026303424,2.945909807642579],[101.31502971994382,2.945469634278197],[101.31507014437352,2.94503035515271],[101.31515009416046,2.9448201522266686],[101.31540970982513,2.9446000643361003],[101.31553996417261,2.9443898577847563],[101.31558038860237,2.9441904316453247],[101.31575016951552,2.9442101943238868],[101.31582023796312,2.9440799387679704],[101.31621998810618,2.9435400517296557],[101.31647960135399,2.943349609065365],[101.31674999622203,2.9432103688258167],[101.31704015135188,2.9430199261615257],[101.31723957628287,2.9429597402616423],[101.31751985007338,2.942939976374589],[101.31772017407695,2.943000164691341],[101.31804985698079,2.9431600642652143],[101.31829958768088,2.9432202501650977],[101.31867957514532,2.943269659278428],[101.31903979872277,2.9434196775129635],[101.31940990726474,2.9435301703903747],[101.31993991175534,2.9436200015165923],[101.32026959224231,2.94370983264281],[101.32081037956164,2.9440502959585046],[101.32114994138789,2.9440502959585046],[101.32142033625598,2.943920039194097],[101.32168983084301,2.9436101201772544],[101.32208957977764,2.9432103688258167],[101.32242016054562,2.942939976374589],[101.32270043433613,2.9426498212447996],[101.32250011033256,2.943000164691341],[101.32230966766826,2.943280439690284],[101.32205005442046,2.943460101942719],[101.32146974295244,2.9439999889810338],[101.3211400600486,2.9442101943238868],[101.32083014344863,2.94422995821094],[101.32063970078434,2.944179651233469],[101.320409730346,2.9439901064333185],[101.32015011830663,2.9438104441808832],[101.31993991175534,2.9437403757332277],[101.31948985705168,2.9436496467428697],[101.31859962535839,2.9433199638390306],[101.31817023240592,2.9432903210296217],[101.31796002585457,2.9432202501650977],[101.31766986951635,2.9431097572877434],[101.31742013881632,2.943029807500807],[101.31714974394822,2.943089997025993],[101.31688024936113,2.9432103688258167],[101.31650026310513,2.943450220603438],[101.31627029508365,2.943670308494063],[101.31603044330603,2.943970346171568],[101.31585976452874,2.9443000266585386],[101.31560015248942,2.9445201145491637],[101.3153998284858,2.9448497950361343],[101.31521028368564,2.9450797642660405],[101.31517973938679,2.945299849739797],[101.31515009416046,2.9463697436855227],[101.31500007713436,2.946770392901101],[101.3149300086867,2.94716026170488],[101.3149300086867,2.9474396376312484],[101.31515997670817,2.94847988635064],[101.31524980783439,2.949130266266309],[101.31543036795097,2.949609967404683],[101.31564955918589,2.9503501808634383],[101.31583011930246,2.9508298783765667],[101.31635024487059,2.9516203963958674],[101.31651014444441,2.9519896046568874],[101.31682006346125,2.9526597472511753],[101.31704015135188,2.953879658223002],[101.3173096459389,2.9547303657675457],[101.31752973141266,2.955050163706801],[101.3180300930938,2.9554597963975766],[101.31851967557145,2.9558496664097333],[101.3187101182358,2.9558900884226205],[101.31881971324901,2.9558496664097333],[101.31899039202631,2.955609814632112],[101.31929042970381,2.9553600827236437],[101.31967041716825,2.9552397085069515],[101.32023994943285,2.9551301134937376],[101.32071965057128,2.9549603325805833],[101.32134038405218,2.954650412355363],[101.32192968020382,2.95438002111257],[101.32284955349809,2.954019797535125],[101.32355024039123,2.9538095909837807],[101.32403982286894,2.95371975985762],[101.32443957422038,2.95371975985762],[101.3246596584857,2.953680234500439],[101.3246596584857,2.9538598979612516],[101.32471984801089,2.9539497290874692],[101.32488962892404,2.9540898647742893],[101.32528039559196,2.9542102389909815],[101.3256999108304,2.9543000713256333],[101.326229915321,2.954389902451851],[101.32650030656379,2.9545498020256673],[101.32722974081906,2.9549998591461986],[101.32729980926672,2.955050163706801],[101.32729980926672,2.955079808933135],[101.32713990727603,2.955169641267787],[101.32706983882838,2.9551903018104895],[101.32697012636288,2.955110352023553],[101.32680034424129,2.9549396708294466],[101.32652007045078,2.95471958535569],[101.326229915321,2.9545201592162584],[101.3257798594089,2.954440209429322],[101.32521032835274,2.9543099526649144],[101.32471984801089,2.954150053091098],[101.32431021532017,2.9540000336481285],[101.32374966653072,2.9539901511003563],[101.32319001681384,2.9540898647742893],[101.3226896551327,2.9543000713256333],[101.32175001674295,2.9547303657675457],[101.32099004181401,2.9550303998198046],[101.32053010577113,2.9552397085069515],[101.32009981132916,2.955410387284246],[101.31950961731343,2.95556040793565],[101.31924012393478,2.9558200199750218],[101.31912963105742,2.95604010786559],[101.31905956260977,2.956400331443035],[101.31915029160012,2.956749775817059],[101.31938026203846,2.9570902391327536],[101.31967041716825,2.9574001581495395],[101.31947997450396,2.9573498511720686],[101.31939014337775,2.9574495648460584],[101.31940990726474,2.957680431940105],[101.31961023126837,2.9581098261010084],[101.31988960477787,2.958750323468962],[101.32006028718041,2.9594896366466514],[101.32014023575891,2.9600097622148382],[101.32006028718041,2.960609837569848],[101.31993003041606,2.9611299607211663],[101.3197602495029,2.9615000692631384],[101.3195796881779,2.961979766776267],[101.31960034992909,2.9622097372146072],[101.31985008062912,2.96241994255746],[101.32021030420657,2.9628403556600915],[101.31994979430306,2.9625798421313334],[101.31958957072561,2.962400178670464],[101.31940990726474,2.9624397064445134],[101.31917005548712,2.962910422899313],[101.31862028710958,2.9643297612190054],[101.31812980676773,2.9652101103645805],[101.31776958319028,2.9655703339420256],[101.31721981481269,2.9660203886456884],[101.31679041823492,2.966309647119772],[101.31637000875759,2.9665701582316615],[101.3163601274183,2.9668998411355005],[101.31659997557063,2.967439726965381],[101.31714974394822,2.968409908445608],[101.31887001780962,2.970350270197571],[101.32030013533279,2.9719196255434213],[101.32279026546234,2.9743702303158557],[101.32390956610453,2.975040374118521],[101.32460037044996,2.9755901424961166],[101.3259604207339,2.9769097671418763],[101.32624967920799,2.977100209806167],[101.32653983433784,2.9771199736932203],[101.32673027700213,2.9770499028286963],[101.32752977607976,2.976430067211936],[101.32782981375726,2.976169553683178],[101.32821968256104,2.975750042069933],[101.32964980129259,2.974840050114949],[101.3299300750831,2.974269617569348],[101.3302103488736,2.9731601982664415],[101.32998038206057,2.9709198024622196],[101.32961027593541,2.9699702827331294],[101.32925993128043,2.9693603248303475],[101.32881975791611,2.969080051039839],[101.32922040713169,2.9692201891435275],[101.32946025649244,2.9694196140745817],[101.3296300374056,2.9698400259687787],[101.32991031361297,2.970459862793973],[101.33015016297372,2.9711201264657916],[101.33016992686072,2.971640249617053],[101.33030017999982,2.972620311228127],[101.33034958911315,2.9733802861570666],[101.32996960164871,2.974569655246853],[101.32963991874487,2.9750098310281032],[101.32903984580668,2.9753296289673017],[101.32829963234792,2.9758497545354885],[101.32786035684774,2.97636987768675],[101.32708960271538,2.9769699530418166],[101.32691982180228,2.977110091145505],[101.32675991981154,2.977340059166977],[101.32676980115087,2.9775897922838794],[101.32689017657594,2.977819759096917],[101.32720009559279,2.9780901515481446],[101.32781993241798,2.9785096667866355],[101.32842988911233,2.978869890364024],[101.32895001468046,2.979210352471341],[101.32918986404121,2.9793397089547398],[101.33007021318679,2.979980208739505],[101.33094966205135,2.9803404323169502],[101.33187043683512,2.9805102132301045],[101.33249027245188,2.9805200957778197],[101.33305980471653,2.9803898390134123],[101.33370030450129,2.9801499896526593],[101.33457975457429,2.980029615435967],[101.33537027138522,2.9800601585264417],[101.33613024631416,2.9802901253394793],[101.33690010258232,2.980549741004097],[101.33748041405033,2.980650352542227],[101.33865990421776,2.980730302329107],[101.33930040158572,2.980789590364907],[101.33963996341197,2.9808201334553246],[101.34000018940628,2.980670112803921],[101.34025980265403,2.9804096029004086],[101.34031010721463,2.9800700398657227],[101.34031010721463,2.9798104278264077],[101.33998042672766,2.9794097786107727],[101.33948994638587,2.9788600078163086],[101.3390596519439,2.978289577687576],[101.33880003990458,2.977860184735107],[101.33857007188311,2.9774604333836123],[101.3384901196793,2.9768100534679434],[101.3383598665402,2.9760599610867757],[101.33834998399249,2.975430240505432],[101.33830955956273,2.975140084167151],[101.3382098458888,2.9749496427112945],[101.33796011518876,2.9747196746898226],[101.33728997138604,2.9744196370123177],[101.33661982879181,2.9741402610859495],[101.3360799417535,2.973859987295441],[101.33570983683677,2.9734602359439464],[101.33555981618537,2.973129655175967],[101.33557958007242,2.9722403249721197],[101.33621019610104,2.968780013362334],[101.33646981176571,2.9674603887165745],[101.33657042209535,2.966979790922437],[101.33653987900487,2.9666797532449323],[101.33640962224052,2.9664399038841793],[101.33492021668155,2.9650403270346146],[101.3340901745135,2.964189623115317],[101.33325024738082,2.9631502722600658],[101.33301039802006,2.9629499470480596],[101.3329897374773,2.9628798798088383],[101.33304004324634,2.962860115921842],[101.33319994282022,2.962860115921842],[101.3332798926071,2.9628897611481193],[101.33354040251061,2.963380241489972],[101.33402998498826,2.9639201285282866],[101.33426983676594,2.9642695729022535],[101.33491033534227,2.9649100726870756],[101.3363898595619,2.966200052106501],[101.33658030464306,2.966309647119772],[101.33666025322157,2.966309647119772],[101.3367599668955,2.9662701205541566],[101.3376097729506,2.9655002667028043],[101.33766995885054,2.9655002667028043],[101.33771038448867,2.9655703339420256],[101.33686955949184,2.9664497852234604],[101.33658030464306,2.968109870768046],[101.33644016533094,2.9696298194174346],[101.33637009809178,2.9701499449855646],[101.33620031717862,2.9707095959108756],[101.33589039695335,2.9727999746889964],[101.33589039695335,2.973049705389087],[101.33599011062728,2.9732697932796555],[101.33630002722725,2.9735895948442135],[101.33708964738247,2.974060311299013],[101.33765019617192,2.974230092212167],[101.33816043919234,2.974520248550391],[101.33859971469258,2.9748499290373616],[101.33871020756993,2.9748795742636958],[101.33877039709512,2.974769979250425],[101.33889975237008,2.974300160659766],[101.33900036390816,2.973819561657251],[101.33903000913449,2.9735096426404084],[101.33893029546056,2.972589768137709],[101.33887998848309,2.9718199118694884],[101.33894017800827,2.971420161726485],[101.339310282925,2.9708003249012336],[101.34064967145775,2.9691402369397792],[101.34097037088645,2.968559925471709],[101.34124974439595,2.9678601400680122],[101.34136023727336,2.9673400144998823],[101.3413503583509,2.966969908374722],[101.34113027046033,2.9656799289552396],[101.34113027046033,2.965420314499056],[101.34117967594835,2.9651598033871096],[101.34132969659976,2.9649100726870756],[101.34181029439384,2.9644303727570787],[101.34197019396771,2.964290233444956],[101.34208967152864,2.9642300475450725],[101.34214985742858,2.964259690354538],[101.34228999553227,2.964309997332009],[101.34256038798344,2.9643198798797243],[101.34266998299671,2.9643396425582864],[101.34269962580618,2.9643800657796078],[101.34267986191912,2.9644698969058254],[101.34264033777038,2.9645202038832963],[101.34251008100597,2.9645902711225176],[101.34224957110251,2.964549846692762],[101.34208967152864,2.964610035009514],[101.34181029439384,2.964830122900139],[101.34152013926405,2.9651598033871096],[101.34142042559012,2.96538977382545],[101.34142042559012,2.965759878742176],[101.34145006839958,2.966309647119772],[101.34160997039027,2.9670597407093737],[101.34160008905098,2.9675699837297884],[101.34150037537705,2.967959853741945],[101.34131981526048,2.968460215423079],[101.34108984482214,2.9689102701267416],[101.34079968969235,2.9693800887174007],[101.33986993385031,2.970660186797545],[101.33935968962146,2.971289907378946],[101.33915038335113,2.971630367069338],[101.33912972280842,2.971860337507678],[101.33912972280842,2.972320273550622],[101.33927973983452,2.9729203489056886],[101.33932016547271,2.9734701184916617],[101.33930040158572,2.974160024972946],[101.3391899087083,2.9745597726991377],[101.33898958470473,2.975140084167151],[101.33889975237008,2.975559599405642],[101.33885034567362,2.976459710021402],[101.33897970215702,2.977139733954914],[101.33923033313806,2.9776302142967666],[101.33940999659893,2.9780596108745385],[101.33976033883704,2.978589615365081],[101.34009990308022,2.9789004334544984],[101.34047000920538,2.97928042091894],[101.34057960180172,2.9793801333844385],[101.34063979011847,2.9793801333844385],[101.34071973990541,2.979290302258221],[101.34071973990541,2.9790702143676526],[101.34069009347064,2.978649804890324],[101.34075028299588,2.9781799826743622],[101.34090030002199,2.977860184735107],[101.34106020201267,2.977679623410097],[101.34148959617357,2.9775197214193554],[101.34191988699024,2.97741012882301],[101.34213009354153,2.977250226832325],[101.34236006397987,2.9770202600192874],[101.34251008100597,2.976589965577375],[101.34250019966669,2.9760500797474947],[101.34236006397987,2.9752703409315586],[101.34234030009287,2.9748795742636958],[101.34235018143215,2.9743702303158557],[101.34251008100597,2.9739399370823776],[101.34257026932278,2.973349743066592],[101.3425801518705,2.9731197762535544],[101.34266010165743,2.9728296199153306],[101.34314968050978,2.9719196255434213],[101.3434299579256,2.9714902313825178],[101.34367968862568,2.9708102062405146],[101.34372011305538,2.9704095582333707],[101.34367968862568,2.9699801640724672],[101.3435602110647,2.9694995638614614],[101.34352966797422,2.96932978173993],[101.34355032972542,2.969179764713772],[101.34362040058988,2.969029744062368],[101.3438602487422,2.968889608375548],[101.34401026939366,2.968760249475281],[101.34433006733292,2.968620114996895],[101.34486007544876,2.968419789784889],[101.34451961213307,2.968600351109899],[101.34415040508048,2.968770132023053],[101.34393031718986,2.968889608375548],[101.34379018150304,2.9690198651399555],[101.34367968862568,2.969179764713772],[101.34366980607791,2.969430393278003],[101.34374975586485,2.9698103807424445],[101.3438395881995,2.97022001343322],[101.3438395881995,2.9704904058844477],[101.34380994539003,2.970890156027451],[101.34342007537788,2.9718199118694884],[101.3431595630575,2.9723400374376183],[101.34289006847047,2.9728197385759927],[101.3427104050096,2.973179962153438],[101.34265021910966,2.9734898811702806],[101.3425900307929,2.974050429959732],[101.34256038798344,2.9745400124373873],[101.34254960878002,2.9750601343802714],[101.34262955735852,2.9758802988343405],[101.34266998299671,2.9763501174249996],[101.34266998299671,2.9767103410024447],[101.3425801518705,2.9770696667157495],[101.34236006397987,2.9774200089538567],[101.34209955045111,2.9776095537540073],[101.34184981975102,2.9777002851612338],[101.34153990073423,2.9776904038219527],[101.34139976504741,2.977710164083703],[101.34127040614715,2.9777802349481703],[101.34101977758291,2.9780299656482043],[101.34093982779603,2.978310239438713],[101.34092994524826,2.9786596838127366],[101.3408904186827,2.9791501641545324],[101.34095958805773,2.9796002212750636],[101.3410098950352,2.979799646206061],[101.34109972736985,2.9798903776132875],[101.34122010158654,2.979929901762034],[101.34133957552217,2.979929901762034],[101.34148959617357,2.9798203067488203],[101.34197019396771,2.979269640507084],[101.34325029446472,2.9778503021873917],[101.34458968058067,2.9767498651511914],[101.34579971263008,2.975950366073562],[101.34667018043638,2.9754796496187623],[101.34713999902704,2.9750502530409335],[101.3477903789427,2.9743998731253214],[101.34820989055589,2.973799798978689],[101.34842009710718,2.9733102189178453],[101.34838955401676,2.9725996506854244],[101.34830960422983,2.9720597636471098],[101.34829972168211,2.9713896210528787],[101.34838955401676,2.9710698194883207],[101.34853957345973,2.9705703556713274],[101.3486401849978,2.970200249546167],[101.34871025223703,2.969230069274431],[101.34872013478474,2.9687198274624507],[101.34865006633709,2.968189820554983],[101.34870037089769,2.967599626539254],[101.3487902020239,2.9673202530296976],[101.34909023970147,2.9670202153521927],[101.34941004126603,2.966860313361508],[101.35015025230786,2.96671029633535],[101.35092998991536,2.966650106810164],[101.35163965786677,2.9665800395709994],[101.35198012118252,2.9663698330196553],[101.35231968300877,2.965989845555214],[101.3527095518125,2.9656601650682433],[101.35235022609925,2.96619017076722],[101.35216966598267,2.9663599516803743],[101.35219032652537,2.9664902084447817],[101.35223973322184,2.9665998034579957],[101.35213013820862,2.9666797532449323],[101.35196035729547,2.966669870697217],[101.35166031961796,2.96676958437115],[101.35123002759292,2.966819891348621],[101.35055000245092,2.96685043202217],[101.34972983920522,2.966989672261718],[101.34934985294922,2.9671495718355914],[101.34894022267531,2.967499916490567],[101.34885039034071,2.9677703077333604],[101.34882972979796,2.9680299209811665],[101.34888991569784,2.968300313432394],[101.34895998656236,2.9689803385743403],[101.34898962937183,2.9693504434910665],[101.34888991569784,2.96999004299488],[101.34872013478474,2.9705703556713274],[101.34867970914655,2.970979988362103],[101.34868959169427,2.971289907378946],[101.3486599488848,2.971860337507678],[101.34859975935962,2.9724604128627448],[101.3486599488848,2.973179962153438],[101.34880008457162,2.9733299791795957],[101.34900040857525,2.9733704048177287],[101.34928966704933,2.973170080814157],[101.34966965330534,2.9730398240497493],[101.35118960316316,2.9730595879368025],[101.35179955985751,2.973179962153438],[101.3521804451861,2.973140438004691],[101.35275985878997,2.973140438004691],[101.35390970252263,2.972940112792685],[101.35593001164472,2.972320273550622],[101.35654985088678,2.9721495947733274],[101.35699990559038,2.9719196255434213],[101.35739965694188,2.9713896210528787],[101.35794044305277,2.9703601515369087],[101.35808956342316,2.9700196894295914],[101.3579799684099,2.9695103454817513],[101.3577697618586,2.968869845696986],[101.3574104361453,2.9682500088717347],[101.35726041791077,2.9674603887165745],[101.3574104361453,2.9666797532449323],[101.35753979504557,2.9657697612898914],[101.35764040537521,2.9653700099384537],[101.35768981207167,2.965099617487226],[101.35760986228479,2.9649900224739554],[101.35729006072023,2.9649001913477377],[101.35677982011669,2.9648400018225516],[101.35660015423895,2.9648400018225516],[101.35684000601657,2.9646998661357316],[101.35698014412026,2.9644797782451633],[101.35689031057717,2.964300115992728],[101.3566603425557,2.9640997919890992],[101.35692983714279,2.964150097758136],[101.35714992503341,2.9643899471189457],[101.35732958849428,2.9646603395701163],[101.35751014981923,2.9648103590131427],[101.35768981207167,2.9647896984703834],[101.35790001862301,2.964610035009514],[101.35800961363623,2.9640099596544474],[101.35837971855295,2.9634503099375706],[101.35906962261737,2.9622303977573097],[101.35927982916866,2.9617102721891797],[101.35932025480685,2.961069774821226],[101.35929959305571,2.96061972011762],[101.35913969348184,2.9602199687661255],[101.35868963636136,2.959949576314898],[101.35845966833989,2.95967020038853],[101.3582099376398,2.959510298397845],[101.35807968087545,2.9594896366466514],[101.35792966143242,2.95973038628847],[101.35774011904914,2.959939694975617],[101.35743020003235,2.9598902858622864],[101.35721011214173,2.959619893411059],[101.35683012467729,2.959520179737126],[101.35729006072023,2.9595597075111755],[101.35747960552038,2.95973038628847],[101.35766016684539,2.959740267627751],[101.35781018628836,2.9596504365015335],[101.35790001862301,2.959639657298112],[101.35791978251001,2.9592902129240883],[101.35787037339668,2.958750323468962],[101.35794044305277,2.958380218552236],[101.35805991819683,2.9588698010298913],[101.35812998543605,2.9592695511729517],[101.35829976876602,2.9594599938372426],[101.35850997290049,2.9596001295240626],[101.35866987489118,2.9598202174146877],[101.35918011549472,2.9600699481147217],[101.35928971171643,2.960060069192309],[101.35932025480685,2.9599100497492827],[101.35938044070679,2.9593998055204906],[101.3593597789556,2.9589299869297747],[101.3594397311594,2.9585697633523864],[101.3594397311594,2.9582796070141057],[101.35928971171643,2.957879855662668],[101.35928971171643,2.957719957297229],[101.35959963073321,2.957260020045908],[101.35957986684622,2.95717018891969],[101.35941996727234,2.9570300496075674],[101.35910016570784,2.9568997964684627],[101.358810010578,2.9569303395588804],[101.3582099376398,2.957219594407718],[101.35843002311356,2.956969863707627],[101.35865011100418,2.9568396081517108],[101.3586599935519,2.956720133007593],[101.3585899251043,2.956550352094439],[101.358810010578,2.956700369120597],[101.3589402673424,2.956720133007593],[101.35911992959484,2.956539570474149],[101.3594397311594,2.955989800888119],[101.35939032204607,2.9557598340750815],[101.35910016570784,2.9553600827236437],[101.3590804054461,2.9549001466807],[101.35888996036493,2.9547600085770114],[101.35849021143031,2.954539919477952],[101.35790001862301,2.9543701385648546],[101.35811022396587,2.9543602572255168],[101.35837971855295,2.9544698522387876],[101.3587399421304,2.954590226455423],[101.3590902843685,2.954590226455423],[101.35918011549472,2.9545003953292053],[101.35925018635925,2.954270426099299],[101.35911992959484,2.953920083861192],[101.35925018635925,2.953600282296634],[101.35931037225913,2.9532301773799077],[101.35928971171643,2.95295978492868],[101.3588701988948,2.9525797974642387],[101.35883965580433,2.952380371324807],[101.35896991256874,2.9521099788735796],[101.35911004825556,2.951839586422352],[101.3590804054461,2.9516895669793826],[101.358810010578,2.9514200723922954],[101.3586599935519,2.9514200723922954],[101.35836983721367,2.9516203963958674],[101.35797008586218,2.951579974383037],[101.35781018628836,2.9515296674055094],[101.35774011904914,2.9515997346447307],[101.35767004818467,2.9516895669793826],[101.35760986228479,2.951829705083071],[101.35758021705846,2.952049792973696],[101.35750026727152,2.952289641126015],[101.35731970715494,2.952489966338021],[101.35714004369407,2.9526103405547133],[101.35691007446422,2.9527199355679272],[101.35656961356534,2.953060395258319],[101.35633964433543,2.9533298898454063],[101.35615009953528,2.953680234500439],[101.35585006185778,2.9539497290874692],[101.35575034818385,2.954130290412479],[101.35570004362324,2.9543198352126296],[101.35571980751024,2.9545300405555395],[101.35580963984489,2.954709704016409],[101.35592013272225,2.9547896538032887],[101.35615998087457,2.9550303998198046],[101.35635042353891,2.9552801341451413],[101.35644025466513,2.9554202698319614],[101.35646990109984,2.955580171822646],[101.35651032311273,2.956270075887062],[101.35641959412237,2.955829902522737],[101.3563603048782,2.955570289274931],[101.35630999910916,2.9553897291583553],[101.35613033564829,2.9552001843582048],[101.35594977553171,2.9549702139198644],[101.35578987595784,2.9548399571555137],[101.35568028094463,2.954629751812604],[101.3555401452578,2.9544204455423255],[101.35532005736718,2.954389902451851],[101.35494006990274,2.954440209429322],[101.3545798463253,2.9543997849995662],[101.35426004476079,2.954489616125784],[101.3534596454021,2.9548803827936467],[101.35411002773463,2.954440209429322],[101.35426004476079,2.954270426099299],[101.35426992610007,2.9540997473220614],[101.35409026384764,2.9538302527349742],[101.35396988842251,2.9536999959705668],[101.35397977097028,2.9535203325096973],[101.35408038129992,2.95362004618363],[101.3542196191226,2.9538302527349742],[101.35456996377758,2.9542497643481624],[101.35479004925133,2.9543099526649144],[101.35511973215517,2.954290188777918],[101.35547995573262,2.9542201215386967],[101.3561896261009,2.9533801968228772],[101.35681036079023,2.9525896788035197],[101.35716968650354,2.9524100165510845],[101.35739965694188,2.952170164773463],[101.35743020003235,2.9518701295128267],[101.3574104361453,2.9516895669793826],[101.35731970715494,2.9516203963958674],[101.35720022959401,2.9516302777352053],[101.35700978692972,2.9516895669793826],[101.35688043165476,2.951829705083071],[101.35679958158681,2.951839586422352],[101.35677982011669,2.9518099411960748],[101.35684988735585,2.951710227522085],[101.3568696512429,2.9515404466089876],[101.35671963179988,2.9514200723922954],[101.35651032311273,2.951260172818479],[101.3563603048782,2.9511802230315425],[101.35633964433543,2.9511397973933526],[101.35635042353891,2.9510302023801387],[101.35641959412237,2.951040084927854],[101.35692983714279,2.9514497176186296],[101.35719034825473,2.9514901420483852],[101.35749038593224,2.9514595989579107],[101.35774011904914,2.951369767831693],[101.35787037339668,2.9514003109221676],[101.35813986677533,2.951359886492412],[101.35826024220046,2.9512296297280045],[101.35825035965269,2.951049966267135],[101.35815963066233,2.9509601351409174],[101.35791978251001,2.9504903165502583],[101.35773023770986,2.9497797483178374],[101.35764040537521,2.9492200973925264],[101.35768981207167,2.9487799240281447],[101.35783983030626,2.948279562347068],[101.35788025473596,2.9479903038729844],[101.35785959298482,2.947770218399228],[101.35770957595872,2.9475896558657837],[101.35715980758113,2.947000362131007],[101.35683012467729,2.9464002867759405],[101.35677982011669,2.946129895533204],[101.35667022510341,2.9458801612078105],[101.35653008699973,2.945459751730482],[101.35661991812594,2.9454399878434856],[101.35676005622963,2.945769668330456],[101.35684000601657,2.945819975307927],[101.35715980758113,2.9453699206042643],[101.3574104361453,2.9450797642660405],[101.35744996271092,2.9447698452491977],[101.35743020003235,2.9443898577847563],[101.35688043165476,2.942680364335274],[101.35561021249703,2.939029610061141],[101.35524998891958,2.938029786979939],[101.3548601201158,2.937139556495083],[101.35429956890954,2.9362897492314914],[101.35342012004497,2.9350698382596647],[101.35290987702456,2.9341796065663743],[101.35250024675065,2.9336199568494976],[101.35229992153864,2.9333998689588725],[101.35221009041243,2.9333603436016915],[101.35229992153864,2.9340295895402733],[101.35229992153864,2.9342900994437286],[101.35236010864696,2.934980007133447],[101.35242029454685,2.9355001290762743],[101.35244993977318,2.935860356279022],[101.352609839347,2.9361801542182775],[101.35276974133774,2.9366400914696555],[101.35282992723762,2.937049724160431],[101.35288023421509,2.937540204502227],[101.35299970815078,2.9380800915405416],[101.35307965793766,2.9381699226667592],[101.35318026826735,2.9381402798572935],[101.35322967738068,2.938029786979939],[101.35330962716756,2.9377701749405674],[101.35337969561522,2.937139556495083],[101.35325033913182,2.936729922595873],[101.35321979604134,2.9364397674660836],[101.35329974582828,2.9360498986623043],[101.35334017025804,2.9360301371921764],[101.35337969561522,2.9360301371921764],[101.35340035615792,2.936100204431341],[101.35335993172816,2.936420005995899],[101.35335005280575,2.936649974017371],[101.3534596454021,2.937230285485441],[101.3534596454021,2.9374198302855916],[101.35343988393197,2.937809699089314],[101.35340035615792,2.9380800915405416],[101.35343000259269,2.938319943318163],[101.35350006983185,2.9385103847740197],[101.35362044404854,2.938719691044355],[101.35387017595701,2.9389496614826385],[101.35403995687017,2.9390601543600496],[101.35431035173826,2.9392101713861507],[101.3545600824383,2.939440140616057],[101.35476040644187,2.9396099227376453],[101.35494006990274,2.9398102467412173],[101.35530029348018,2.940169572454522],[101.35464003222523,2.9396395679639227],[101.35439030152514,2.9393997161863012],[101.35400043151299,2.9391796307125446],[101.35367973329272,2.938920015047927],[101.3533895769545,2.938729572383636],[101.35319015081507,2.9384196557836617],[101.35299970815078,2.93830017943111],[101.3528398085769,2.938060330070357],[101.35267002766375,2.937320116611602],[101.35261972068628,2.9369401291471604],[101.35257031398982,2.9367496864828695],[101.35245982111246,2.9367002797864075],[101.35239963279571,2.9366903984471264],[101.35244993977318,2.936620329999471],[101.35250024675065,2.9364703105565013],[101.35242029454685,2.936209800653046],[101.35227027631231,2.9358801165407726],[101.35227027631231,2.9354695859858566],[101.35224961576955,2.9351497880466013],[101.35216966598267,2.934309863330782],[101.3521804451861,2.933890349300725],[101.35196035729547,2.933430412049347],[101.35163965786677,2.93286986446833],[101.35122014625358,2.9321997206656647],[101.35076020900226,2.931690374300956],[101.35031015188173,2.931310388044892],[101.34979991006975,2.931119945380601],[101.3491899533754,2.9310301130459493],[101.34851980957268,2.931010350367387],[101.34768976740463,2.9308297890423773],[101.34673036633626,2.9306797720162763],[101.34585001719068,2.9303303276422525],[101.34512957003585,2.9302800206647817],[101.3444100171198,2.9300599327742134],[101.34335988706113,2.929640421161025],[101.34254960878002,2.9293799076322102],[101.34160997039027,2.928779834694012],[101.34031998855392,2.928050404063981],[101.33941987793821,2.9274099030707816],[101.33880003990458,2.926899660050367],[101.33773014475042,2.9255899167438884],[101.33766995885054,2.92506979359257],[101.33719025892054,2.9241202738635366],[101.33707976604319,2.9231896177404906],[101.33700969759553,2.9217801619685133],[101.33697017102998,2.9212896816266607],[101.33688033869532,2.9210902579040976],[101.33660006490481,2.920969882478971],[101.3363395550013,2.9208099804882863],[101.33607006041422,2.9205701323359676],[101.33595956753686,2.9204201141014323],[101.3357897866237,2.92029973988474],[101.33534961084251,2.920170380984473],[101.33560024182356,2.9201497192333363],[101.33582032971418,2.9202503307714096],[101.33605029652722,2.9203895710109578],[101.33617965542743,2.920529706697778],[101.3363395550013,2.9207300307013497],[101.33645004787866,2.9208099804882863],[101.3367402030085,2.9208701700134725],[101.33693963035637,2.920860287465757],[101.33705012323372,2.9208001015658738],[101.33710042658589,2.9206797273491816],[101.3371103091336,2.9204201141014323],[101.33699981625625,2.9201497192333363],[101.33705012323372,2.9199404141714353],[101.33769960528525,2.917770081981132],[101.33812989610186,2.916400152774713],[101.33851976490564,2.915720128841201],[101.33903989047377,2.9148999655955095],[101.34052031255754,2.913130285037653],[101.34105032067339,2.912629923356519],[101.34144018947711,2.9121403408788638],[101.34214985742858,2.9116399816145986],[101.34295025678722,2.9107704116725017],[101.34365992473863,2.9101299106792453],[101.3445600377712,2.909130087597987],[101.34552033670371,2.908050311104546],[101.34640966690756,2.9069902997065356],[101.34777959853085,2.905069701841569],[101.34804010964274,2.9044498650163746],[101.34857011655015,2.9036701274088728],[101.34903993514087,2.9027897782632976],[101.34942980515302,2.9019696174345313],[101.34981967153988,2.9008799596017525],[101.35012959055672,2.899890017859832],[101.35023020209479,2.899100397704615],[101.35019965900437,2.8987895808236317],[101.34994992830428,2.8983296435722536],[101.34955017695285,2.897799639081711],[101.34919983471468,2.8974996014042063],[101.34851980957268,2.897230106817119],[101.34719030358764,2.8966003862357184],[101.3463800240981,2.8962796892238885],[101.34549967495258,2.896029956106986],[101.3445402738842,2.8959796515463836],[101.34388989396854,2.8960703805367416],[101.34342007537788,2.896230280110558],[101.34282000002281,2.896669558027668],[101.34167015629015,2.8978795888686477],[101.34078980714463,2.899030329257016],[101.33983040849313,2.900359836450491],[101.33925997594753,2.901370439943605],[101.33841016989237,2.902929916366986],[101.33799963933751,2.903549751983803],[101.3375900090636,2.9040303534031864],[101.33706988349547,2.904880159458287],[101.33673032166917,2.9053598569713586],[101.33601975343674,2.9061899027647655],[101.33553017337596,2.9068501640197155],[101.33412969866225,2.908590200559729],[101.33374971119775,2.909050137811107],[101.3318102497268,2.910729986034312],[101.33086971226447,2.911509724850191],[101.32993995642244,2.912070272431208],[101.32869039901584,2.9128500112471443],[101.3280597841956,2.9130296734995795],[101.32674015834141,2.9134599655246234],[101.32511959815395,2.913810310179656],[101.3242796722297,2.913769884541466],[101.32407036595941,2.913820191518937],[101.32370025983425,2.9139396666630546],[101.32356012173057,2.914089686106024],[101.32349993583063,2.914069922218971],[101.32319989815312,2.914019618866803],[101.32157035449052,2.914069922218971],[101.32055974858054,2.9140402769926936],[101.31947009316468,2.913839952989065],[101.31852955811922,2.913650410605783],[101.3181801137452,2.913450086602211],[101.31765998817707,2.913150048924706],[101.31721981481269,2.9129101971470845],[101.31689013190885,2.9126595685828534],[101.31652990833146,2.9125302096825862],[101.31623975199318,2.9123999553350473],[101.31591995042868,2.9122104105348967],[101.3154797770643,2.911809762527753],[101.31477998924373,2.911259994150157],[101.31440000177929,2.911059670146585],[101.31411972798878,2.9108000544819106],[101.31386011474098,2.9106698001343716],[101.31343970284678,2.9104497122438033],[101.31298964814317,2.9100400795530277],[101.31233028354393,2.9093097510588564],[101.31200958532366,2.908880356897953],[101.31115977926851,2.9080000077523778],[101.31089028468148,2.9075499494234123],[101.31059024700392,2.9073496254198403],[101.31039980433962,2.9069498776936484],[101.31000005298819,2.9061997841040466],[101.30923019671997,2.9051703157965107],[101.30891039878071,2.9047597852415947],[101.30839027200415,2.9040599962125953],[101.3076500621707,2.9032003076097794],[101.30668976323818,2.901900446851016],[101.30584983852236,2.900700296140883],[101.30477994457664,2.8996196254086044],[101.30439007577291,2.899020447917678],[101.3038501887346,2.8983197610245384],[101.30318992747965,2.897699925407778],[101.30230957833408,2.897029781605113],[101.30154960340519,2.896300350975082],[101.30101959649778,2.8957002756200154],[101.30045994557247,2.895269981178103],[101.29991017719487,2.8950202504780123],[101.29810995354654,2.8937401499809994],[101.29675978581031,2.893009821486828],[101.29607976066836,2.892670258452142],[101.29582014862899,2.8926001887960524],[101.29569977320392,2.8926100701353903],[101.29557041792896,2.8926801409998575],[101.29553987483848,2.8927798510484877],[101.29558029926824,2.892960414790366],[101.29570965575164,2.893120314364239],[101.29598992954215,2.893420352041744],[101.29641034143634,2.893570369067845],[101.29701041679141,2.8938003382977513],[101.29737962505243,2.8940698328848384],[101.29779015319042,2.8944300564622836],[101.29809019086798,2.8947902800397287],[101.29853036664917,2.89517026750417],[101.2991600848137,2.895620325833079],[101.29982034606866,2.89605960133332],[101.30021021487238,2.896300350975082],[101.30059020233688,2.896550081675116],[101.3007501019107,2.896709981248989],[101.30139958275379,2.897540025833905],[101.30174992740876,2.8978697063209324],[101.30278029478893,2.898759938014223],[101.3030003826795,2.8990500931440124],[101.30317016359265,2.899369892291702],[101.30318992747965,2.8997103543989624],[101.30328964115358,2.9000499174336483],[101.30333006316647,2.9003903795409656],[101.30346031993088,2.9006302289017185],[101.30392025597382,2.9008997234888056],[101.30349984407962,2.90082965504115],[101.30330042035706,2.900720060027936],[101.30315039970566,2.900480210667183],[101.30308033246644,2.9001900555373368],[101.30297972092836,2.8994696047572006],[101.30289977114143,2.899239637944163],[101.30272010888899,2.8989503794700795],[101.30250002099842,2.89866022434029],[101.30150019670873,2.8978697063209324],[101.30093964671084,2.8973603623730924],[101.3005596592464,2.8969399504788953],[101.30030992854631,2.8966300314620526],[101.29999012698181,2.8963398751238287],[101.29961013951737,2.896129669780919],[101.29922027313046,2.8959598876593873],[101.29892023545295,2.8957999892939483],[101.29878997868855,2.8957999892939483],[101.2986004338884,2.8959500063200494],[101.29836956679435,2.8961197872332036],[101.29810995354654,2.8961395511202],[101.29780003452976,2.896080263084457],[101.29757006771672,2.896080263084457],[101.29728979392621,2.8961197872332036],[101.29674990447103,2.8964297074584806],[101.29641034143634,2.8969803724917824],[101.29598004699443,2.8969902550394977],[101.29552999229077,2.8969399504788953],[101.2952003118038,2.896969593288304],[101.29498022391317,2.8970603246955307],[101.29487961358353,2.8971995637266446],[101.29482032433936,2.897370242503939],[101.29484996714876,2.8976298569601227],[101.29493979948342,2.8977601113076616],[101.29517965126104,2.8980197233470335],[101.29535033003833,2.8983098796852573],[101.29536021137761,2.8984904434271357],[101.29531978573942,2.898709631036752],[101.29531978573942,2.8989602620177948],[101.29547968773016,2.8992001113785477],[101.29572043495506,2.899439961947735],[101.2961004224195,2.899630404612026],[101.29637979834587,2.8998702539728356],[101.29613006764583,2.8997301182859587],[101.29586955532545,2.899640287159798],[101.29568001294217,2.8995396732047993],[101.29540961807407,2.8992602996952996],[101.29523983716098,2.8989997861665415],[101.29524971850026,2.8984302539019495],[101.29516976871332,2.8982200485590397],[101.29504040981305,2.8980197233470335],[101.29483020688707,2.8978301821721857],[101.29475025468327,2.897670280181444],[101.29470983146194,2.897440312159972],[101.29470983146194,2.897269630965866],[101.29478978124888,2.8970800861657153],[101.29497034257389,2.8969498330266106],[101.29523983716098,2.8968501193526777],[101.29559018060752,2.8968303554656245],[101.29591986109449,2.896869883239674],[101.29611030375878,2.8968600006919587],[101.29623966265905,2.896789931035869],[101.29643998666262,2.8965896058238627],[101.29661965012349,2.8963102298974945],[101.29674990447103,2.8961700942106745],[101.29691968538418,2.896029956106986],[101.29712000938775,2.8959095806819164],[101.29785034150723,2.8959095806819164],[101.29803000375966,2.8959598876593873],[101.29817013944648,2.895930242433053],[101.29828961700741,2.8957999892939483],[101.2983102787586,2.895669732529541],[101.29827973566813,2.895490069068728],[101.29803000375966,2.8951397280389983],[101.29743981095231,2.894550431887353],[101.29698975624865,2.894200089649246],[101.29663042932697,2.8939503565322866],[101.2963303916494,2.8938102208454666],[101.29595040418496,2.893689846628831],[101.29563958730398,2.8935398259774274],[101.29547968773016,2.8933799264035542],[101.29537997526467,2.893239790716734],[101.29522995461326,2.8928301580259586],[101.2950799375871,2.8923801033223526],[101.29492003801329,2.8920603017577946],[101.29421036764501,2.8914503474803155],[101.29355010639,2.890959867138463],[101.29264999335743,2.8904100963439987],[101.29224036308352,2.890240314222467],[101.29193044406674,2.8902501967701824],[101.2915495587381,2.8902798419965166],[101.29130970696048,2.8903795556704495],[101.29116957127366,2.8904999274702163],[101.29005027063147,2.891059577187093],[101.28975023295396,2.8913703952765104],[101.2891699214859,2.8921097084542566],[101.28892019078586,2.8922696104449415],[101.28894983359532,2.8921600154317275],[101.28923010738583,2.8918797404327847],[101.28979963965043,2.8910802389382866],[101.28979963965043,2.89086015346453],[101.28969004463721,2.890649948121677],[101.28996043950525,2.890630184234624],[101.29059015766978,2.890630184234624],[101.29115968993437,2.8902699606571787],[101.29146960895122,2.88998968686667],[101.29144984506416,2.8896896491891653],[101.29119023302485,2.8894399148638286],[101.29067010745672,2.889200066711453],[101.29022005154462,2.8889602173507],[101.28976011550168,2.8885999913564433],[101.28908009035968,2.888249649118279],[101.28796977077582,2.887460028963062],[101.28742988494594,2.8870297369380182],[101.28710020445897,2.886789886368831],[101.28671033444681,2.8866398681342957],[101.28635998979178,2.8864602058818605],[101.2862000914264,2.886380256094924],[101.28618032753934,2.886390137434205],[101.2857500355143,2.886220354104239],[101.2853296236201,2.8859301977659584],[101.2849002294592,2.885560092849232],[101.28434956080059,2.8852402937015427],[101.28400011642657,2.8851199194849073],[101.28373960652311,2.8852402937015427],[101.28357970453237,2.885429838501693],[101.28330033102287,2.885679569201784],[101.28295986770718,2.8859301977659584],[101.2823301495427,2.8862095736923266],[101.2816698882877,2.8866003415686805],[101.28067006278962,2.8873899617238976],[101.27978971364405,2.8880097973406578],[101.27902973871517,2.8885002776825104],[101.278279646334,2.8892602526113933],[101.27709027724416,2.8902097711319925],[101.2764704380021,2.890599641144206],[101.2753502407042,2.8911898339515005],[101.27461002966231,2.891760264080233],[101.2739704265332,2.8928598032522927],[101.2728798732532,2.8941803257621928],[101.27284034668759,2.8945701957744063],[101.27294006036152,2.8949897073875945],[101.27299036613056,2.895780225406952],[101.27317002959143,2.896230280110558],[101.27359043906876,2.8965204364488386],[101.27388957888212,2.8966300314620526],[101.27424980245956,2.8966201489143373],[101.27464955381106,2.8965303177881196],[101.27496037069199,2.896799812375207],[101.27534035815648,2.8969498330266106],[101.27566015972099,2.8969399504788953],[101.27611021442465,2.8967297439275512],[101.27649020188909,2.8964198249107653],[101.27681000345365,2.896220398771277],[101.27738043358238,2.8958799378724507],[101.27749990751806,2.8958197495556988]],[[101.2386495725824,3.048079687431084],[101.2386495725824,3.0482503662083786],[101.23870975848229,3.0483698425608736],[101.2389900322728,3.0486501175598164],[101.23922000271114,3.0488198984729706],[101.23955956453739,3.0489196121469035],[101.23972036439227,3.049049867702877],[101.23989014530537,3.049170243128003],[101.24042014979597,3.049380448470856],[101.24068964438305,3.049470280805508],[101.2408603267856,3.0495798734018535],[101.24111005748568,3.049679585867409],[101.24129960228584,3.049739775392595],[101.24156011218929,3.0497002476185457],[101.24172001418003,3.0495996360804725],[101.24182960677638,3.04951968750197],[101.242049694667,3.0497002476185457],[101.24194009965379,3.0497900787447634],[101.24172001418003,3.049949980735448],[101.24156011218929,3.0501098803093214],[101.241369669525,3.050370390212777],[101.24133014537625,3.0504701038867097],[101.24132026282854,3.0505698175606994],[101.24134002671559,3.0507198345868005],[101.2413903312762,3.050850091351208],[101.24143974038952,3.0509201585903725],[101.24158975741562,3.0510899431288294],[101.24194009965379,3.0514097410680847],[101.24245034388258,3.051830154170716],[101.24278990570889,3.052140073187502],[101.2433702171769,3.052549703461409],[101.24359030506753,3.0526601963387634],[101.2440700062059,3.052849741138971],[101.24432961824527,3.0528901655686695],[101.2444697575574,3.0528901655686695],[101.24459013177403,3.0528704028901075],[101.24474014880019,3.0528200959126366],[101.24467996290025,3.052960234016325],[101.24468984182272,3.0530500651425427],[101.24478955549665,3.053209964716359],[101.24505006902541,3.0534399351546995],[101.2451704432421,3.053480359584455],[101.24535010670297,3.0535998335201384],[101.24575973697682,3.05397982098458],[101.24626997999724,3.0543795723360176],[101.24651971069733,3.0545295893621756],[101.24679010556542,3.054669727465864],[101.24710990471306,3.0548197457003994],[101.24749977351684,3.055070376681442],[101.24791030407175,3.0552203937075433],[101.24843042722301,3.055380295698285],[101.2486496172495,3.0555599591591545],[101.24890024581367,3.0557099761852555],[101.24916974040076,3.0558501154973783],[101.24955960920448,3.0559597068852895],[101.24981024018552,3.0560603208402313],[101.25005997088562,3.056130389287887],[101.25036989111084,3.056259744562851],[101.25071035080128,3.056339694349788],[101.25110021960501,3.0563702374402055],[101.25147032573017,3.0564995963404726],[101.25197967209488,3.0567996340179775],[101.25224018199839,3.0569900766822684],[101.25245038854968,3.057109551826386],[101.25268035777958,3.057169740143138],[101.2530298021536,3.057210162156025],[101.25359034973462,3.057220043495306],[101.2540197463124,3.0572595712693555],[101.25431978157303,3.057179621482419],[101.254469801016,3.0569999592300405],[101.25451022665419,3.0568903630083355],[101.25466024368035,3.0569397697047975],[101.25463958313759,3.057009838152453],[101.25462970058987,3.0571499762561416],[101.25465036234101,3.0572999932822427],[101.25472042958023,3.0573898256168945],[101.25481026191488,3.0575703881503387],[101.25513994481872,3.0578102375110916],[101.25572025628674,3.0579602581624954],[101.25591968242622,3.057999782311242],[101.25616042965112,3.058149799337343],[101.25649011255496,3.0583303630792216],[101.25675960714204,3.05845971956262],[101.25697969503261,3.058519907879372],[101.25750969952321,3.0585297868018415],[101.25772978862221,3.058549550688838],[101.25793999396512,3.0586196191364365],[101.25852030543314,3.0590103882212247],[101.25997018442649,3.05978024207252],[101.26021003620411,3.059870073198738],[101.26059002366856,3.059870073198738],[101.2608199904816,3.0598000059595734],[101.26089994026853,3.059759582738252],[101.26099965394246,3.059739820059633],[101.26242977146558,3.0597002922856404],[101.2626498593562,3.0596904097378683],[101.26283041947278,3.059630223837985],[101.2630702712504,3.0595700379381014],[101.26336042758862,3.059480206811884],[101.26390031462694,3.059279882808312],[101.26425964034024,3.059219694491503],[101.264500389982,3.059229575830784],[101.26466028834739,3.0592897617307244],[101.26471957759162,3.05933018616048],[101.26488037623801,3.0593598325951916],[101.26509956384763,3.059379592856942],[101.2654301446156,3.059480206811884],[101.26590984575398,3.0596598702727533],[101.26626018799215,3.059729937511918],[101.26672012403509,3.0596401063857],[101.26705968948664,3.0595601565988204],[101.2674297956118,3.059420018495132],[101.26819965187997,3.059079558804683],[101.26862994269658,3.058870250117536],[101.26893986292185,3.058769638579463],[101.26908988236482,3.0586798074532453],[101.2695300557292,3.0586896887925263],[101.26991004319365,3.0585998576663087],[101.27028014811037,3.0583501245494062],[101.27074008536175,3.058009663650523],[101.27090986627485,3.057830001398088],[101.27098981968709,3.057769813081336],[101.27105988692631,3.0576898632943994],[101.27111019148691,3.0576099135075197],[101.27113983671319,3.057529963720583],[101.27113983671319,3.0574697778206996],[101.27111019148691,3.0573898256168945],[101.2710796508133,3.057329639717011],[101.27104012303926,3.0572999932822427],[101.27090986627485,3.0572999932822427],[101.27067989946181,3.057329639717011],[101.27053976135812,3.0573700641467667],[101.27041040487478,3.0573799454860477],[101.27023972368062,3.0573799454860477],[101.27001963820686,3.0573997069561756],[101.26961988685542,3.057479656743112],[101.2694195628518,3.0576197948468007],[101.26930996783858,3.057639558733797],[101.26923990059942,3.057629677394516],[101.26917971469948,3.0575901496204665],[101.26916983215176,3.057529963720583],[101.26918959362189,3.0574401325943654],[101.26930996783858,3.0573503002597135],[101.26945010594227,3.0572496899300745],[101.26961000551609,3.057190400685897],[101.26981032951971,3.057179621482419],[101.27000975686758,3.0571203310298074],[101.2701696564414,3.057009838152453],[101.27029991199737,3.056869702465633],[101.27038974433202,3.0567996340179775],[101.27051011854871,3.0567897526786965],[101.27067001812253,3.056840057239299],[101.2708299176964,3.056840057239299],[101.27094040936532,3.0568301746915836],[101.27109043001673,3.0567996340179775],[101.27119014369066,3.05670980289176],[101.271379686074,3.0565903253308306],[101.27280980359711,3.056280406313988],[101.27331016527825,3.0560603208402313],[101.27359043906876,3.0559597068852895],[101.27387969754284,3.055830351610325],[101.27463967247172,3.0550901405684954],[101.27485976036235,3.054749677252744],[101.27493971014928,3.0545700150003086],[101.27496037069199,3.0542295553099166],[101.27501965993622,3.054040010509766],[101.27507984825297,3.0539097537453586],[101.2751795619269,3.053730090284489],[101.27528017225654,3.0535701907106727],[101.27537988593048,3.0533698667071008],[101.27551013906958,3.0531704405676123],[101.27557032859477,3.052960234016325],[101.27576975231739,3.0525703652126026],[101.27612009697236,3.0521203093005056],[101.27683964626311,3.0512300788156494],[101.27705973415368,3.0510701792417763],[101.27724029427026,3.050850091351208],[101.27749990751806,3.0504701038867097],[101.27771011406935,3.050290440425897],[101.27785025217304,3.0501296441963177],[101.2781502898506,3.049949980735448],[101.27834971357316,3.0498700285317],[101.27850961556385,3.0497900787447634],[101.27869017568042,3.049679585867409],[101.27883031136724,3.049620297831609],[101.2789803320187,3.049529568841251],[101.27909980595433,3.049419973828037],[101.27915999547952,3.0493400240411006],[101.27917975936657,3.0492196498244653],[101.27916987681886,3.04901034355413],[101.27918963828898,3.0489196121469035],[101.27923994526645,3.048749830025372],[101.27937020082243,3.0485701677729367],[101.27946003315708,3.048500099325281],[101.27947979341877,3.0483698425608736],[101.27953998294402,3.0482395870049572],[101.27970976385711,3.047929670404983],[101.27975018828687,3.0477904289570006],[101.27976007083458,3.0477203617177793],[101.2798301380738,3.047619750179706],[101.28012029441203,3.047299948615148],[101.28027031143813,3.0471202863627695],[101.28037002511206,3.0469801506758927],[101.28047962012533,3.0467600627853244],[101.28050028187647,3.046610044550789],[101.28058023045497,3.0463998392078793],[101.28065029890263,3.046339649682693],[101.28075989391584,3.0462596998957565],[101.28080031955403,3.0461501048825426],[101.28080031955403,3.0459902065171036],[101.28081020089331,3.045920138069505],[101.2808703867932,3.045869831092034],[101.28097998180647,3.0457395779529293],[101.28111023857082,3.0456497456182774],[101.28112011749329,3.0455500331527787],[101.28111023857082,3.045460200818127],[101.28099974569346,3.0453200627144383],[101.28105993159335,3.0452796382846827],[101.2810796954804,3.0451799270276183],[101.28115964526728,3.0450101436975956],[101.28117042447076,3.044949957797712],[101.28121983116722,3.0448897718978287],[101.28132044149686,3.044749632585706],[101.28134020538386,3.0446598014594883],[101.28132044149686,3.0445097844333304],[101.28128990203169,3.044390306872401],[101.28119018835775,3.044279813995047],[101.28120006969704,3.0442097467558256],[101.28127013814469,3.0441495572306394],[101.28134020538386,3.044020201955675],[101.28135996927091,3.0439195904176017],[101.2813797331579,3.0432395652755986],[101.28143991905779,3.0430095960456924],[101.28143991905779,3.042890122110066],[101.28150998629701,3.042629608581251],[101.28150998629701,3.042350232654883],[101.28156029327448,3.0422100969680628],[101.28158005716148,3.0420403148464743],[101.28144980039713,3.041660328590467],[101.28143003651007,3.0415597146355253],[101.28132044149686,3.041290220048438],[101.2812997809541,3.041150084361618],[101.28127013814469,3.0410000637102144],[101.28121983116722,3.040900353661584],[101.28119018835775,3.0408096222543577],[101.28100962461588,3.04069014711024],[101.28091979348966,3.04069014711024],[101.28084972504206,3.040729672467421],[101.28076977525512,3.040739553806759],[101.2807203697671,3.0407997397066424],[101.28026043009885,3.041039591484264],[101.28015981856078,3.041109658723485],[101.28005022596443,3.041109658723485],[101.27993973308702,3.0410800159140194],[101.27967023849993,3.0408796919104475],[101.27963969540951,3.0408796919104475],[101.27959028629618,3.040900353661584],[101.27953010039624,3.041039591484264],[101.27928036969621,3.0415498357131128],[101.27923994526645,3.0416800888522175],[101.27923006271874,3.041810345616625],[101.27923994526645,3.0419998904167755],[101.27908992703192,3.042179553877588],[101.2790000959057,3.0423196919812767],[101.2789201437019,3.0423996417682133],[101.27879977190213,3.0423996417682133],[101.27862010844126,3.0423699953335017],[101.27854015623745,3.042379877881217],[101.27832995210304,3.042379877881217],[101.27803979697319,3.0422900467549994],[101.27794996584697,3.042260400320231],[101.27785025217304,3.042260400320231],[101.27777030238616,3.042270282867946],[101.27771011406935,3.0423098094335614],[101.27764992816947,3.0423699953335017],[101.27756009583482,3.0424903707585713],[101.27743972161818,3.042699679445775],[101.27741995773113,3.042749982797943],[101.27744960295746,3.042839815132595],[101.27749002617878,3.042900003449347],[101.27751967140506,3.0431802772398555],[101.27741995773113,3.043389583510134],[101.2771495652799,3.043519839066107],[101.27693037525347,3.0435899075137627],[101.27667974668924,3.04361955274004],[101.2764704380021,3.0436500958305146],[101.27622969198563,3.0436402144912336],[101.27576975231739,3.04361955274004],[101.27559008885652,3.0436402144912336],[101.2754499531697,3.0436303319435183],[101.27534035815648,3.0435899075137627],[101.27522986527907,3.043570146043578],[101.27515979803991,3.043519839066107],[101.27514991549214,3.0434596531662237],[101.27513015160514,3.043340176813672],[101.27513015160514,3.0432799909137884],[101.27529993372673,3.043309633723254],[101.27554966684363,3.043309633723254],[101.27588024519474,3.0433204129266755],[101.27636982767245,3.043389583510134],[101.27668962923696,3.043359940700725],[101.27676957902389,3.043359940700725],[101.27698966691452,3.043389583510134],[101.27710015979187,3.0433797009624186],[101.2771998698405,3.043309633723254],[101.27724029427026,3.0432503456874542],[101.27728970096672,3.0430796669102165],[101.2772798220443,3.0430095960456924],[101.27725017681797,3.0429503080099494],[101.27723041293098,3.042890122110066],[101.27723041293098,3.0427598653456585],[101.2772798220443,3.0426601516717255],[101.27733012660491,3.042580201884789],[101.27749002617878,3.042089721542993],[101.277579857305,3.0419998904167755],[101.27771011406935,3.0419801265297224],[101.27784036962532,3.0419900090774377],[101.27794996584697,3.0420403148464743],[101.27818981399935,3.042219978307344],[101.27829042553742,3.042260400320231],[101.27844044498039,3.0422496211168095],[101.27858956535079,3.0421903330810665],[101.27876024412808,3.0421499074428766],[101.27893990758895,3.042050194977378],[101.27908992703192,3.0417896838654315],[101.27914023159252,3.0416702075129365],[101.27915999547952,3.0415103079390633],[101.27941960751889,3.0408096222543577],[101.27944026927003,3.040680265770959],[101.27953998294402,3.0405598903458895],[101.27963969540951,3.040499704445949],[101.2796998813094,3.0405203661971427],[101.27982025673452,3.0406497226805413],[101.27999003764762,3.0407700968971767],[101.28009963266089,3.0408401653448323],[101.28020024419897,3.0408698105711096],[101.28035026122507,3.0408500466841133],[101.28050028187647,3.0407700968971767],[101.28073024868951,3.0406003159840793],[101.28074013002879,3.0406003159840793],[101.28085960758978,3.040419752242201],[101.2808703867932,3.0401197169815077],[101.28090003201953,3.0398601025253242],[101.28081020089331,3.039460353590698],[101.28077965780284,3.039240265700073],[101.28060987688974,3.038919567479809],[101.28045985623828,3.0387300226796583],[101.28031972055146,3.0385000546581864],[101.2801499372215,3.0382898493153334],[101.27973042439987,3.037710434503026],[101.27953010039624,3.03729990394811],[101.27920041990927,3.0364500978930096],[101.27890038223177,3.036009924528628],[101.27867041300186,3.0355796312951497],[101.27835959491244,3.035189761282936],[101.27795984476944,3.034790013556801],[101.27765980950875,3.034470211992243],[101.2771998698405,3.0338899005242297],[101.27683964626311,3.033340132146634],[101.27632042097599,3.032679870891684],[101.27603026463771,3.032340305440073],[101.27567004106032,3.0319702005233466],[101.27557032859477,3.031910014623463],[101.275329578953,3.0317599939720594],[101.27509960851467,3.0316198582852394],[101.27491006733982,3.0315201446113065],[101.27468997944919,3.0313898890553332],[101.27452019732766,3.0313000567206814],[101.27425968500728,3.0312003442551827],[101.27401983564653,3.0310898513777715],[101.27373956185602,3.0310404446813095],[101.27359043906876,3.0310700899076437],[101.27346018592965,3.0310997327171094],[101.27323021549131,3.0312704139112157],[101.2728798732532,3.0316396221722357],[101.27277027823993,3.0317303511625937],[101.27236963023279,3.031999845749681],[101.2721198995327,3.031999845749681],[101.27191957552913,3.0319800818626845],[101.27163031705504,3.0319800818626845],[101.2714003466167,3.0320402701794364],[101.27120990395241,3.032149862775782],[101.27106976826559,3.0323304265176603],[101.27081015622622,3.0328900774429712],[101.27062959248434,3.033240418472701],[101.27044993023196,3.0335000317204504],[101.27029003065809,3.0340201572885803],[101.27011036719722,3.034569925666176],[101.27004029995805,3.034940030582902],[101.26993968841998,3.0353703250248145],[101.26971960052936,3.035850022537943],[101.26947974875173,3.036210249740634],[101.26917971469948,3.036569575453939],[101.26893986292185,3.0367501355705144],[101.26870989248351,3.0369001538050497],[101.26853023023108,3.0370600557957914],[101.2683595502454,3.037190311351708],[101.26822031242273,3.0373403295863],[101.26814036263579,3.037650248603086],[101.26811970209303,3.037800266837621],[101.2681295810155,3.037909861850892],[101.26822031242273,3.0380796427639893],[101.26826971911919,3.038320392405808],[101.26824007389285,3.0385000546581864],[101.26818976933225,3.0386599542320596],[101.26821043108339,3.038780328448752],[101.26826971911919,3.0388503968963505],[101.2684502804442,3.038930346683287],[101.2685499929097,3.039010296470167],[101.26859041854789,3.0390803661262566],[101.26859041854789,3.0391504345738554],[101.2685697567967,3.039260029587126],[101.26848980700976,3.039359743261059],[101.26823019497044,3.0391603159131932],[101.26815024276664,3.0391701984609085],[101.26809005686675,3.039189958722602],[101.26803974988928,3.0394298105002235],[101.2680199884191,3.0395699461871004],[101.2680702929797,3.039930172181357],[101.2680702929797,3.0402104471803],[101.26803974988928,3.0405401276672706],[101.26803974988928,3.040719789919706],[101.26796968144163,3.0409102325839967],[101.26779990052853,3.0413099839354913],[101.2677702553022,3.0415004265997823],[101.26774959355106,3.041719616626267],[101.26764988350237,3.042060076316659],[101.26758969397719,3.0422100969680628],[101.2675798126379,3.042389759220498],[101.26761035572838,3.0425604379977926],[101.26761035572838,3.0427095583681876],[101.26756993129862,3.0429098823717595],[101.26749986285097,3.043069784362501],[101.26751962673802,3.042919764919475],[101.26744955829037,3.042679915558722],[101.2673201993901,3.0424104209716347],[101.26728965629968,3.0423196919812767],[101.26731031805082,3.0422397397775285],[101.26741003172475,3.042159789990592],[101.26749986285097,3.04211038329413],[101.26756005116772,3.041939702099967],[101.26761035572838,3.041660328590467],[101.26763011961538,3.041389933722428],[101.26772983328931,3.041150084361618],[101.267850207506,3.040939877810331],[101.26792027474517,3.0406497226805413],[101.26791039340588,3.0403496850029796],[101.26784032495823,3.039920290842076],[101.26787985031541,3.039349860713344],[101.26787985031541,3.0390597055834974],[101.26794003863222,3.038839617692929],[101.2680199884191,3.038679718119056],[101.26806041043199,3.0384901733189054],[101.2680702929797,3.0383096119938955],[101.2680199884191,3.038159592550926],[101.26795980010235,3.0380095743163906],[101.2678699677677,3.0378802154161235],[101.2677702553022,3.03782002951624],[101.26764000095466,3.037790384289906],[101.26749986285097,3.037810148176959],[101.26736960608656,3.0378802154161235],[101.26718006370328,3.0379996929771096],[101.2667497704698,3.038219780867678],[101.2662997145577,3.0383599165545547],[101.2659996768802,3.0383599165545547],[101.26579036940143,3.0383697978938358],[101.26557028392773,3.038389561780832],[101.26518041391552,3.0385395800153674],[101.26489025878573,3.0387497853582772],[101.26453991413075,3.0390201778095047],[101.26438989710459,3.0391100089357224],[101.26410962210565,3.0391998412703742],[101.26384012872705,3.039400165273946],[101.26365956498518,3.039499878947879],[101.26348978407202,3.0396498983908486],[101.26339995173737,3.039710084290732],[101.26333976583749,3.039809797964722],[101.26321040693722,3.0401295971124114],[101.26312956049458,3.0404098733197316],[101.26309991405986,3.0407503330101804],[101.26306038991112,3.0409803034485208],[101.2630702712504,3.0411698482486713],[101.26301996427293,3.041380051174656],[101.26292025180743,3.0416297855000494],[101.26289959005624,3.041810345616625],[101.26291036925971,3.0419801265297224],[101.26298044012418,3.0422100969680628],[101.26300020159437,3.0423699953335017],[101.26308015379811,3.0425900844325042],[101.26316998492433,3.0427697466849395],[101.26322028948493,3.042940425462234],[101.26309003272058,3.042820051245542],[101.26301008293365,3.042720337571609],[101.26294001569443,3.0425999657717853],[101.26287982979454,3.042360113994164],[101.26278011612061,3.042169671329873],[101.26274957303013,3.0419495834393047],[101.26278011612061,3.0417303958296884],[101.2629498970337,3.041150084361618],[101.26301008293365,3.0403002783065176],[101.26308015379811,3.0401295971124114],[101.26322028948493,3.0398996290909395],[101.26324993471127,3.039719966838504],[101.26317986626361,3.0396696598610333],[101.26302984682064,3.03969032161217],[101.26274957303013,3.0397900340776687],[101.26248007844305,3.039930172181357],[101.26226987189176,3.0400801904158925],[101.26209020963933,3.0403299211159833],[101.26172998485345,3.0405302451195553],[101.26143982972366,3.040719789919706],[101.26136975885919,3.04078986078423],[101.26133023471044,3.0409102325839967],[101.2612502849235,3.0410602532354005],[101.26119009660675,3.041259679374889],[101.26115955593315,3.0414303581521267],[101.2611200281591,3.0415201892783443],[101.2610697235985,3.0416396668393304],[101.26104007837222,3.041810345616625],[101.26096012858528,3.0419495834393047],[101.26094036590666,3.041699852739214],[101.26096012858528,3.0415695959748064],[101.26099965394246,3.0414195789487053],[101.26107960372934,3.0413099839354913],[101.26113979204615,3.0412300341485548],[101.26117033513657,3.0409803034485208],[101.26114967338543,3.040949760358046],[101.2611200281591,3.040939877810331],[101.2610697235985,3.040949760358046],[101.26098977139475,3.040990184787802],[101.26089006134606,3.0410099462579296],[101.26065020956844,3.040820401457779],[101.26046964945186,3.0407503330101804],[101.26016961177436,3.0407799782364577],[101.26000971220049,3.040830282797117],[101.25988035330028,3.0408698105711096],[101.25983004873967,3.0408599280233943],[101.25988035330028,3.040820401457779],[101.26006001555271,3.040739553806759],[101.26029986733033,3.04069014711024],[101.26059990500784,3.040670383223244],[101.2606996162649,3.0407000296580122],[101.2607795684687,3.040739553806759],[101.26088017879835,3.0407503330101804],[101.26104996091993,3.0407503330101804],[101.2612502849235,3.040680265770959],[101.26135987993672,3.040590433436307],[101.26157008286276,3.040479941767387],[101.26179017196182,3.0403299211159833],[101.26224022666543,3.039959814990823],[101.26240012865617,3.0397801527383876],[101.26273969048242,3.0395995914133778],[101.26345025871484,3.0393103341477286],[101.26354009104949,3.039260029587126],[101.26387965287574,3.0391603159131932],[101.26413028385684,3.039039941696501],[101.26455967801775,3.038720140131943],[101.26476988336066,3.038529697467652],[101.26504027581183,3.038350035215217],[101.26530977039891,3.038209899528397],[101.2655002130632,3.0381299497414602],[101.26572030095383,3.038100304515183],[101.26609040587056,3.0380697614247083],[101.26642008998283,3.0380203547282463],[101.26677043101256,3.037890097963839],[101.26710011149953,3.037710434503026],[101.26748998151169,3.037549638273447],[101.26784032495823,3.037290022608829],[101.26847004312276,3.036660304444297],[101.2688500305872,3.036360266766792],[101.26912042303843,3.036169824102444],[101.26935039347677,3.035959618759591],[101.26947974875173,3.0358302622761926],[101.26963965074242,3.0355697487474345],[101.26971960052936,3.035390086494999],[101.26975014361977,3.0351196940437717],[101.26980044818043,3.0348403181174035],[101.26993968841998,3.0341899382017345],[101.27013013108427,3.0336698126336046],[101.27029003065809,3.0332503010204164],[101.27074996790947,3.0322298125627185],[101.27081015622622,3.0320600316495643],[101.2708299176964,3.0319198959627442],[101.27104012303926,3.031689926732838],[101.27117037980366,3.0316000943981862],[101.27129973628706,3.031539908498303],[101.2714201105037,3.0315201446113065],[101.27158001007757,3.031539908498303],[101.27171026684198,3.0315695513077685],[101.2719501186196,3.0316297408329547],[101.2721001356457,3.031650401375657],[101.27224027374939,3.0316602839234292],[101.27238040943621,3.031650401375657],[101.27271997126246,3.031420432145808],[101.27284034668759,3.0313099392683966],[101.27297958692714,3.0311096152648247],[101.27299036613056,3.0309398331432362],[101.27294006036152,3.030779934777854],[101.2726696679103,3.030349640335942],[101.27242981613267,3.030000195961918],[101.27188992909436,3.0294100019461325],[101.27147041748117,3.0290300156901253],[101.27115960060024,3.028809926591123],[101.27098981968709,3.0287901663293724],[101.27084968037497,3.028819809138838],[101.27069966334886,3.02887999745559],[101.27066013557481,3.0288898763780026],[101.27030979454508,3.029010251803129],[101.2701696564414,3.0291099642686277],[101.27008970665452,3.0292303396936973],[101.27004029995805,3.0294001206068515],[101.26998011164125,3.0296498513069423],[101.26986961876389,3.029830415048764],[101.26975014361977,3.0299696528714435],[101.26959024162909,3.0300900270881357],[101.2693997989648,3.0301996221013496],[101.26915995081248,3.0303199951096076],[101.26897040601233,3.0304403693263],[101.26863982524435,3.0306002713169846],[101.26839997588354,3.0307502883430857],[101.26824995523214,3.03092006925624],[101.26819965187997,3.031009901590892],[101.26818976933225,3.0311500396945803],[101.26824007389285,3.031239870820798],[101.26832990501907,3.031339584494731],[101.26841973735372,3.031420432145808],[101.26847992567048,3.0315300271590218],[101.26847004312276,3.0316297408329547],[101.26837033065726,3.031910014623463],[101.26818976933225,3.032239695110434],[101.2680702929797,3.0323995971011186],[101.26794991755463,3.0325100899785298],[101.26773971462859,3.0325801572176942],[101.26761035572838,3.03265022566535],[101.2673201993901,3.0327301754522864],[101.26708035123778,3.032860431008203],[101.26695997581271,3.0329502633428547],[101.26696985836043,3.0328002451083194],[101.26709023257706,3.0327104139821017],[101.26738038891534,3.03260980002716],[101.26755016982844,3.032560393330698],[101.26772983328931,3.0325496141272765],[101.26786008642841,3.032459783001059],[101.2680002245321,3.032340305440073],[101.26810981954532,3.032149862775782],[101.26826971911919,3.031910014623463],[101.26833978756679,3.0317402325018747],[101.2683002622096,3.0315695513077685],[101.26808017431904,3.0311599210338613],[101.26808017431904,3.030980258781426],[101.2681295810155,3.0308203567907412],[101.26818976933225,3.0307404070038046],[101.26844039789643,3.0305400830002327],[101.26913030437771,3.0301996221013496],[101.26968007396374,3.0298699391975106],[101.26978966897695,3.0297603441842966],[101.26985973621618,3.029639972384473],[101.26986961876389,3.0295195981678376],[101.26991004319365,3.029339934706968],[101.26998011164125,3.029119846816343],[101.27008970665452,3.0289698285818076],[101.27028014811037,3.028800045251785],[101.27053976135812,3.0286302643386875],[101.27058018578788,3.028599721248213],[101.27060983222265,3.0284398216743966],[101.2705900683356,3.0282996859875198],[101.27049035466166,3.028100259848088],[101.27014001363199,3.0277103898359314],[101.26973037973278,3.027369927728671],[101.2692497819387,3.0268596859166905],[101.26874043557399,3.026200322525824],[101.2682796016669,3.0257601467446307],[101.2680199884191,3.0255499438185893],[101.26791039340588,3.025440347596941],[101.26781966441553,3.025380159280189],[101.26772983328931,3.025349618606583],[101.26758969397719,3.025440347596941],[101.26754028728072,3.025489754293403],[101.26748998151169,3.025579586628055],[101.2674702200415,3.0256604366960005],[101.2674702200415,3.0260197624093053],[101.26748009896397,3.0263997498737467],[101.2674702200415,3.026559648239129],[101.26750974419025,3.0268300406903563],[101.26761035572838,3.0270797713903903],[101.26772983328931,3.0273097418287307],[101.267850207506,3.0276600828584606],[101.26788973165475,3.027870289409748],[101.26786008642841,3.0282197337837715],[101.26779001918919,3.0283796357744563],[101.2675995765249,3.028650028225684],[101.26740014917704,3.0289500659031887],[101.26716030102472,3.029170153793814],[101.26680995636968,3.029439648380901],[101.26655034312193,3.0297100396236942],[101.26630959710548,3.0298699391975106],[101.26604010251839,3.0299804320749217],[101.26566011505395,3.030150212988019],[101.26545979105032,3.0301996221013496],[101.26515975337281,3.0301699768750723],[101.2650501583596,3.0300801457488546],[101.26492978293447,3.0300298387713838],[101.26480042645107,3.030039720110665],[101.26473035679504,3.0300603818618015],[101.26459022110822,3.030010077301199],[101.26444020045682,3.0299103648357004],[101.26422011498306,3.029809753297627],[101.2640296735272,3.0297298035106905],[101.26377993920181,3.0297199221714095],[101.26356973385896,3.02968039439736],[101.26342959817214,3.0296300898367576],[101.26316998492433,3.0296498513069423],[101.26272980914314,3.0295600201807247],[101.26245043321677,3.02954025871054],[101.26227975443948,3.0294998342807844],[101.26215039553921,3.0294998342807844],[101.26204978400114,3.029530377371259],[101.26188988442732,3.0296696151939386],[101.26182969852738,3.0297298035106905],[101.2618000533011,3.0298501753105143],[101.26177040807477,3.0304798971002924],[101.26174974632363,3.0306397954657314],[101.26171022217488,3.030789816117135],[101.26163027238795,3.030879647243353],[101.26157996541048,3.0309595970302894],[101.26143982972366,3.0313000567206814],[101.26141018449732,3.031489601520832],[101.26142006583666,3.0316297408329547],[101.26150989696288,3.0320896768758985],[101.26148025173654,3.032200169753253],[101.2612700488105,3.0327598206785638],[101.26113979204615,3.033180232572761],[101.26101043314588,3.0335197943990693],[101.26083975436859,3.033850376375483],[101.2605702597815,3.034119869754079],[101.26035017189093,3.034240242762337],[101.25963960607532,3.0344495502411064],[101.25923985593232,3.0346301115660594],[101.25891017182005,3.034819656366267],[101.2584502357771,3.0351295753830527],[101.25803970522219,3.0353604436855335],[101.2577702106351,3.035549988485684],[101.25750969952321,3.0357898366380027],[101.25702999959321,3.036140178876167],[101.25688986148953,3.0363198423370363],[101.25670031910624,3.036469861780006],[101.2567497258027,3.0363297236763174],[101.25673984325499,3.0362704356405743],[101.25666977601583,3.036220131079972],[101.2565997051513,3.036210249740634],[101.25637961967755,3.036220131079972],[101.25624037943805,3.0362497738893808],[101.25595022309977,3.036569575453939],[101.25568971319632,3.036680068331293],[101.25556035671292,3.0366998322183463],[101.2557498990962,3.0365102874181957],[101.25591968242622,3.0362901995275706],[101.25606970066076,3.036140178876167],[101.2564703486679,3.036019807076343],[101.25669043655853,3.0359802793022936],[101.25693028591928,3.035900329515414],[101.25773966996155,3.035329900595059],[101.25806036576495,3.0350604060080286],[101.25859037388079,3.0347495879186113],[101.25902964938098,3.0344495502411064],[101.2593000418322,3.0343103124184267],[101.25974021761346,3.0341998195410156],[101.26022979767424,3.0340399175503308],[101.26056037844222,3.033800069398012],[101.26094036590666,3.033340132146634],[101.26104996091993,3.032899956365384],[101.26121974183303,3.0324499004533436],[101.2612502849235,3.032169626662835],[101.26124040237579,3.0319198959627442],[101.26121974183303,3.0313701275851486],[101.26124040237579,3.0312201069337448],[101.26129969161997,3.0310898513777715],[101.26136975885919,3.030980258781426],[101.26142006583666,3.0308203567907412],[101.26144971106294,3.030680221103921],[101.26145959119384,3.0304798971002924],[101.26148025173654,3.0303199951096076],[101.26144971106294,3.0299804320749217],[101.26147037281413,3.0296103271581956],[101.26152966084987,3.029489951733069],[101.26159972929753,3.0293902392675705],[101.26168956042369,3.029330053367687],[101.26177040807477,3.0292599849200315],[101.26190964831432,3.029219560490276],[101.26203990266185,3.0292303396936973],[101.26298044012418,3.0293902392675705],[101.2633496483852,3.0294504275843224],[101.26362992217571,3.029470187846073],[101.26387965287574,3.029489951733069],[101.26422999753078,3.029579784067721],[101.26447972823081,3.0296103271581956],[101.26478964724765,3.0297100396236942],[101.26512022559876,3.029799871958346],[101.26537983884657,3.029830415048764],[101.26553974083726,3.0298402963881017],[101.26572030095383,3.0298196358453424],[101.26592960964098,3.02973968243316],[101.26614969511473,3.029589665407002],[101.266470393335,3.029310289480634],[101.26672012403509,3.029119846816343],[101.26696985836043,3.028899758925718],[101.26723036826388,3.0286302643386875],[101.26738038891534,3.0284200577873435],[101.26751962673802,3.028129902657554],[101.26756993129862,3.027870289409748],[101.26756993129862,3.027679846745457],[101.26755016982844,3.0275199471716405],[101.26746033870222,3.0272800966024533],[101.26739026783775,3.026919873025008],[101.26733008193787,3.026709666473664],[101.26730043671154,3.0265398855605667],[101.26726001349022,3.0260503030828545],[101.26726989603793,3.025890403509038],[101.2673201993901,3.0256002471708143],[101.26740014917704,3.0251897166158983],[101.26739026783775,3.0249597498028606],[101.2673201993901,3.024719898025239],[101.26726989603793,3.0246103030119684],[101.26686026334716,3.024259960773861],[101.26651980003146,3.024029991543955],[101.26620988343149,3.0237200749439808],[101.26600955942791,3.02352963227969],[101.26582001462776,3.0232996618413495],[101.26565023371461,3.023119999588914],[101.26547955131207,3.022960100015098],[101.26527024625017,3.0227903191019436],[101.26512022559876,3.022630417111259],[101.26499985138213,3.0225298055731855],[101.26488037623801,3.022459738333964],[101.26453003279141,3.0223797885470276],[101.26443032153435,3.0223097176825604],[101.2643503693306,3.022239650443339],[101.26428030088294,3.022139936769406],[101.26400990964015,3.021870442182376],[101.26370987196265,3.0215901683918673],[101.2634799015243,3.021420387478713],[101.26323017082427,3.0212497087014185],[101.26265974069548,3.0208499573499807],[101.26235970301798,3.020649633346352],[101.26197971676197,3.02043044211149],[101.26107960372934,3.02003967544357],[101.26091970415553,3.0199103201686057],[101.2607795684687,3.0197998272912514],[101.26054959803037,3.019589620739964],[101.26036005323022,3.0195303327041643],[101.26016961177436,3.0196003999433856],[101.26006989810043,3.0197001136173185],[101.26005013421337,3.019830370381726],[101.26008966198742,3.0199399629780714],[101.26019027231706,3.02008010108176],[101.26028010344328,3.0201600508686965],[101.26044000301715,3.020339713121132],[101.26030974987805,3.020280425085332],[101.26016961177436,3.020280425085332],[101.26001959353982,3.0202103578461674],[101.25985969154908,3.0201196252305067],[101.25968991063598,3.0198501306434196],[101.25946982274536,3.019589620739964],[101.25838016732945,3.018860188901499],[101.25756988663153,3.018609557920456],[101.2571297132672,3.0184604387584386],[101.25658982622889,3.0182996389036134],[101.25619995742517,3.0182403508678703],[101.25584961277013,3.0181604010809338],[101.25553969617016,3.0181100965203314],[101.25522977594494,3.0180696720905758],[101.25462970058987,3.0179097725167026],[101.25447968356377,3.0178900086297062],[101.25417964588621,3.017919651439172],[101.254070050873,3.0180301443165263],[101.25406016832528,3.018170282420215],[101.25413023918975,3.0185098442464664],[101.25422995044681,3.018909595597961],[101.25428025621585,3.0192302950266594],[101.25428025621585,3.0196003999433856],[101.25425959567315,3.0199696082044056],[101.25421018897669,3.020179814755693],[101.25410957743861,3.020339713121132],[101.2540296252348,3.0205202744461417],[101.25386972686942,3.020750243675991],[101.25377989453477,3.0208796001593896],[101.25374037038603,3.0210502813535527],[101.25366042059909,3.0211697564976134],[101.25364963777037,3.0212901307143056],[101.25366042059909,3.02162969616586],[101.25368018206927,3.0221102939599973],[101.25369006340856,3.022660062337536],[101.25362987750862,3.02316042401867],[101.25356968919186,3.0235098683926935],[101.25355980664415,3.024039872883236],[101.25355980664415,3.0243803361989308],[101.25363975884795,3.0248600361289277],[101.25369994474784,3.025169956354148],[101.25378977708249,3.0253900418279045],[101.25397033719906,3.0256496538672764],[101.25419042508963,3.025890403509038],[101.25439973377684,3.0260700657614734],[101.25460993670288,3.026200322525824],[101.25513006347944,3.0263997498737467],[101.25573013762607,3.026769854790473],[101.25592956255707,3.0269396357035703],[101.25605981811304,3.0270797713903903],[101.25613976789992,3.027219909494079],[101.25613976789992,3.0273501662584863],[101.25612000763823,3.027430116045423],[101.25610024375118,3.0275199471716405],[101.25604005543443,3.0275900156192392],[101.25601041262496,3.0275603728098304],[101.25586039197356,3.027130078367861],[101.2557696629832,3.027019585490507],[101.25564030649986,3.026919873025008],[101.25551993228316,3.0268003978808906],[101.25536003270935,3.026699783925949],[101.25499980671503,3.0264895809999643],[101.25422007031597,3.0261598980961253],[101.25407993221228,3.0260503030828545],[101.25394967544787,3.025980234635256],[101.25383020151224,3.0258499778708483],[101.25347985685721,3.0255104160445967],[101.2533496037181,3.0253002094932526],[101.25331007594411,3.0250001718157478],[101.25331007594411,3.024879800015924],[101.25329031205706,3.0246201843513063],[101.25331007594411,3.0242896072085728],[101.25338014439171,3.023679649305791],[101.25342955350504,3.023129880928252],[101.25344033270846,3.0226798262245893],[101.25348973940493,3.0224803988767235],[101.25344033270846,3.0216395750883294],[101.25346997551793,3.021259587623831],[101.25349962074426,3.0211499950274856],[101.25355980664415,3.0210404000142717],[101.25362987750862,3.020920024589145],[101.25369006340856,3.02069993669852],[101.25377989453477,3.020540038333138],[101.25392991518618,3.020349595668847],[101.25404040806353,3.020189696094974],[101.25408981476,3.0199399629780714],[101.25410957743861,3.0197504205947894],[101.254070050873,3.019320126152877],[101.254070050873,3.019100038262252],[101.2540296252348,3.0188197644717434],[101.25392991518618,3.018429895668021],[101.25391015129912,3.01839037031084],[101.25377001319544,3.018229570455958],[101.25348973940493,3.01799960364292],[101.253390025731,3.0179403131903086],[101.25314029503096,3.017930433059462],[101.25278007145351,3.0179501945295897],[101.25142002116957,3.017919651439172],[101.25120981461828,3.017979839755924],[101.25102026981807,3.0181100965203314],[101.25088013413125,3.0183104205239033],[101.25082982836221,3.018429895668021],[101.25081006447522,3.0185601512239373],[101.25083970970155,3.018659864897927],[101.25102026981807,3.019000324588319],[101.25114962871834,3.0192500589136557],[101.25114962871834,3.0196498066398476],[101.25111010215272,3.0199004376208904],[101.25099960927537,3.020249881994914],[101.25081006447522,3.02074036233671],[101.25071035080128,3.0210502813535527],[101.25058009645375,3.0215901683918673],[101.25053967202399,3.021870442182376],[101.25051002679771,3.0222198865563428],[101.25042019446306,3.0229897428245636],[101.25041031554059,3.023310442253205],[101.25042019446306,3.023640125157044],[101.25048038398825,3.023870091970082],[101.25049026532753,3.02410994374776],[101.25044984089777,3.0242698433215764],[101.25036989111084,3.024499810134614],[101.25036000856312,3.024669594673071],[101.25038965499789,3.0249399859158075],[101.25038965499789,3.0252804456062563],[101.25034024588456,3.0255104160445967],[101.25026029609762,3.025740385274503],[101.250040208207,3.0260404229520077],[101.24975993320805,3.0267500909034197],[101.24967998462961,3.027009704151226],[101.24975005186877,3.027239673381132],[101.2498497655427,3.027369927728671],[101.2499503758724,3.027570251732243],[101.250040208207,3.0278002221705833],[101.250040208207,3.0280499528706173],[101.24999978498568,3.0282296151230526],[101.24992971532964,3.0284802461040954],[101.24975993320805,3.0289698285818076],[101.24974017294636,3.0287901663293724],[101.24976981575583,3.028609602587494],[101.24980035884624,3.0284802461040954],[101.24985964688204,3.028349990548179],[101.2499198351988,3.028190090974306],[101.24993959666892,3.0280499528706173],[101.24993959666892,3.0279196985230783],[101.24988030863318,3.02769961063251],[101.24976981575583,3.0275900156192392],[101.24970962985589,3.0275495899811062],[101.24960003484267,3.0273896916156673],[101.24955960920448,3.0272998592810154],[101.24952996639502,3.0271902642678015],[101.24952008505574,3.027110314480865],[101.24953984894279,3.027009704151226],[101.24990007252018,3.0260898296484697],[101.25005997088562,3.025750267822218],[101.25020999153702,3.0253999231671855],[101.25023963434649,3.0251600738064326],[101.2502504135499,3.024799847812119],[101.25028994132396,3.0244198603476775],[101.25035012722384,3.024180012195359],[101.25033036333684,3.0239599230962995],[101.2502701774369,3.023640125157044],[101.25028005998462,3.023379611628286],[101.25026029609762,3.0229403361280447],[101.25026029609762,3.0225100416861324],[101.25030970279408,3.0217599493049647],[101.25041031554059,3.0213997257275196],[101.250519908137,3.0210296208107934],[101.25060974047165,3.020750243675991],[101.25073999602756,3.02043044211149],[101.25089001426215,3.0200100326341612],[101.2509502025789,3.0197998272912514],[101.25098972672765,3.019610282491101],[101.25098972672765,3.01941983982681],[101.25096008391819,3.0192500589136557],[101.25082982836221,3.0189302573490977],[101.25073999602756,3.0186904079883448],[101.2506699287884,3.0185197267942385],[101.25057021511446,3.018330181994088],[101.25048038398825,3.018229570455958],[101.25040043420131,3.018149620669078],[101.24998002230711,3.0180597895428605],[101.24952008505574,3.017989722303639],[101.24922004737823,3.0180202653941137],[101.24907990927454,3.0181100965203314],[101.24892000970067,3.0182601135464324],[101.24891012715295,3.018330181994088],[101.2487996342756,3.0188700714492143],[101.24877987401385,3.0193398900398734],[101.24875022878757,3.0194396037138063],[101.24856966746256,3.019719877504315],[101.24819956254584,3.0204798524332546],[101.2480396605551,3.0209299071368605],[101.24795971076821,3.021259587623831],[101.2479498282205,3.021789594531299],[101.24802977800738,3.022009682421867],[101.24810973021118,3.022229767895624],[101.24818967999812,3.0224803988767235],[101.24818967999812,3.022699586486283],[101.24813039196232,3.023170306566385],[101.24814027088479,3.0236904297177034],[101.24813039196232,3.023879974517854],[101.24807020364557,3.024139586557169],[101.24795971076821,3.024359674447794],[101.24795971076821,3.024129705217888],[101.24800013519797,3.023899737196416],[101.24801001774568,3.0234101547187606],[101.24800013519797,3.0231801854888545],[101.24801989908497,3.0229798614852257],[101.24795971076821,3.0224902814244388],[101.247869879642,3.022229767895624],[101.24772974395518,3.0218497804311824],[101.24770009752041,3.0215003372656497],[101.24771986140746,3.0212802493750246],[101.24777016596806,3.0210502813535527],[101.247869879642,3.020840076010643],[101.24793006795875,3.02060022664989],[101.24806032109785,3.0203702562115495],[101.24817979865878,3.0201196252305067],[101.24833969823266,3.019830370381726],[101.24846007244929,3.019630045169663],[101.24867027900063,3.0192302950266594],[101.24868016033992,3.018800000584747],[101.24877987401385,3.0185098442464664],[101.24877987401385,3.018320299446316],[101.24876999146613,3.018119975442744],[101.24875022878757,3.0180499082035794],[101.24855978612328,3.01787024474271],[101.24839988654941,3.0177399879783025],[101.24769021618113,3.017469596735509],[101.24704971881317,3.017260290465174],[101.24627986254501,3.016890181923202],[101.24518032216452,3.0163700587718836],[101.24445987500968,3.0160403758680445],[101.24413019210584,3.0159002401812245],[101.24383015684515,3.0158202903943447],[101.24345016938071,3.0156801522906562],[101.24308006204711,3.015520252716783],[101.2426704317732,3.01531004737393],[101.24212964445394,3.014859991461833],[101.24190955898018,3.014739617245141],[101.24179996396691,3.0147198533581445],[101.24170025029298,3.01472973590586],[101.24156999473706,3.0147701603356154],[101.2414999262894,3.014840228783271],[101.24142985905019,3.0149201773617165],[101.24131038148926,3.015300164826158],[101.24128971973812,3.01538999716081],[101.2412196524989,3.0159002401812245],[101.24123043170232,3.0166000267933555],[101.24118012472485,3.016890181923202],[101.24119000727256,3.017400426152051],[101.24129960228584,3.0177902949557733],[101.24147028106307,3.017979839755924],[101.24180984530625,3.018289759981201],[101.24194009965379,3.0183499458810843],[101.24208023775748,3.01839037031084],[101.24230032564805,3.018540388545375],[101.24245034388258,3.018659864897927],[101.24253029366952,3.0187802391145624],[101.24253029366952,3.018879950371627],[101.24258958170526,3.0190102071360343],[101.24265965136135,3.0191701067099075],[101.2427701442387,3.0192797017231214],[101.24291027992552,3.019300362265824],[101.24328038605069,3.019400075939757],[101.24344028804143,3.0195402140434453],[101.24354988063777,3.019610282491101],[101.24364959310327,3.019639927717435],[101.24377984986768,3.019620163830382],[101.24391010663209,3.019589620739964],[101.24402958056771,3.019569856852911],[101.24415983733212,3.019610282491101],[101.24436016133569,3.019840251721007],[101.24440956803221,3.0199696082044056],[101.24452994345728,3.020440324659205],[101.24464043633463,3.0206702938891112],[101.24464043633463,3.0208203121236465],[101.2446197745835,3.020869721236977],[101.24447963889668,3.020920024589145],[101.24440956803221,3.0209299071368605],[101.24437004388346,3.020970331566616],[101.24435027999641,3.0210898067107337],[101.24434039865713,3.021360201578773],[101.24429009409653,3.021529982491927],[101.24422002323206,3.0218102562824356],[101.24416971987984,3.0221597006564593],[101.2440700062059,3.0225702312113185],[101.24396041119269,3.0228298432506904],[101.24384003576756,3.0229897428245636],[101.24373044317122,3.023170306566385],[101.24361006895452,3.023320323592543],[101.24347981219017,3.0235404114831113],[101.2433495566342,3.023889855857135],[101.24325972429955,3.0240201126215425],[101.24324984537714,3.0242204366251144],[101.24324984537714,3.0245096926823294],[101.2432202001508,3.024659712125299],[101.24307018191627,3.0250801216026275],[101.24296956916976,3.025230142254088],[101.24285997657336,3.025339737267302],[101.24268031311249,3.025489754293403],[101.24255993889585,3.025579586628055],[101.24242968213144,3.0256999608447472],[101.24218983277069,3.0259595740924965],[101.2419203381836,3.0262299653352898],[101.24194998099307,3.025890403509038],[101.24208023775748,3.0257098421840283],[101.24212964445394,3.0256101297185296],[101.24225990121829,3.0255104160445967],[101.24240003932198,3.0253900418279045],[101.24255993889585,3.0252804456062563],[101.24270995592195,3.025119649376677],[101.24286985791264,3.024840273450309],[101.24294980769957,3.0246399482383026],[101.24299022971246,3.0242896072085728],[101.24299022971246,3.0240201126215425],[101.24303963882579,3.023829667540383],[101.24309982472568,3.0236904297177034],[101.24321031760309,3.023560172953296],[101.24332979516402,3.023270016615072],[101.24346004830312,3.023129880928252],[101.24354000171536,3.0230104045757002],[101.24361995029386,3.0228496071376867],[101.24376008598068,3.022630417111259],[101.24387956354161,3.022400450298221],[101.24402958056771,3.0220599869825264],[101.2440700062059,3.021789594531299],[101.24407988754518,3.0215802870525295],[101.24414995599284,3.021060163901268],[101.2440700062059,3.021019738263078],[101.2439999377583,3.0210296208107934],[101.24392986810221,3.021070045240549],[101.24387956354161,3.021070045240549],[101.24384991831533,3.0210502813535527],[101.24382027550587,3.021009856923797],[101.24382027550587,3.0209299071368605],[101.2437699685284,3.020789769033172],[101.24356964452477,3.020399902646318],[101.24345016938071,3.020189696094974],[101.24336033825449,3.019980387407827],[101.2433199126163,3.019830370381726],[101.2432202001508,3.0197099949565995],[101.24301987614723,3.019639927717435],[101.24286985791264,3.0196003999433856],[101.2426704317732,3.0194997896137465],[101.2424701065612,3.0193398900398734],[101.24222037586111,3.0190398523623685],[101.24214042365736,3.018850307562218],[101.24208023775748,3.018739814684807],[101.24190955898018,3.018589794033403],[101.24174965698944,3.0185098442464664],[101.24142985905019,3.018320299446316],[101.2412699570595,3.0182403508678703],[101.24117024580244,3.018149620669078],[101.2410696318475,3.017989722303639],[101.24098968206056,3.0177597518652988],[101.24096992179886,3.017519902504546],[101.24098968206056,3.0172998146139207],[101.24099956460827,3.0169395910365324],[101.24098968206056,3.0166602151101642],[101.24102022515103,3.016179617316027],[101.24111005748568,3.0156298489384312],[101.24112982137268,3.0153298112609264],[101.24112982137268,3.015300164826158],[101.24111005748568,3.0148698740095483],[101.24101034381175,3.014659667458261],[101.24088996959506,3.0144997654675194],[101.2406698841213,3.014339865893703],[101.24043003234368,3.014189848867602],[101.24017041909593,3.0141098990806654],[101.2399503312053,3.0140101854067325],[101.23947961475051,3.0136903850506087],[101.23937001973724,3.013610435263672],[101.23908974594673,3.0134397564863775],[101.23901967870756,3.013390347373047],[101.23891008248586,3.0133202789254483],[101.23886965805616,3.0133103975861673],[101.2386495725824,3.0133696856219103],[101.23858040199889,3.013419992599381],[101.23851033234286,3.0134397564863775],[101.23847979166925,3.013519706273314],[101.23846990912153,3.013679604638753],[101.23849955313943,3.01384040207671],[101.23851033234286,3.014170084980549],[101.23849955313943,3.0143596297806994],[101.23837019665604,3.0147099720188635],[101.23824982123091,3.0150100096963683],[101.23815010876541,3.015290283486877],[101.23805039509148,3.0157996298515855],[101.23808004031781,3.015980189968161],[101.23815010876541,3.0161499708813153],[101.23825970377862,3.016319753002847],[101.23838007799532,3.01645000855882],[101.23858040199889,3.0165802653232276],[101.23900979615985,3.016980014257854],[101.2392496455206,3.0172701693876434],[101.23937001973724,3.017519902504546],[101.23952004038864,3.018129857990459],[101.2395398042757,3.018490083984773],[101.2395398042757,3.019269819175406],[101.23955956453739,3.0194997896137465],[101.2395496831981,3.0197297588436527],[101.23951015784093,3.019889658417469],[101.23942032671471,3.0201196252305067],[101.23932959772435,3.020549919672419],[101.23928018861102,3.020920024589145],[101.23923976659813,3.021329658488355],[101.23922000271114,3.021539863831208],[101.23915981439438,3.0217500679656837],[101.2391202890372,3.0209299071368605],[101.23916969573366,3.0206101055723593],[101.2392496455206,3.020290307633104],[101.23930983383735,3.019620163830382],[101.23928018861102,3.018850307562218],[101.2392703060633,3.0184200131202488],[101.23920023882414,3.0180499082035794],[101.23917957707295,3.0178199401821075],[101.23902956004684,3.017519902504546],[101.23881037002036,3.0172800519353586],[101.2384402638952,3.0169198283579135],[101.23823005855235,3.016740164897044],[101.23793002087478,3.016420363332543],[101.23784018854019,3.016280227645666],[101.2377997665273,3.0161104467325686],[101.23778000264025,3.0159604260811648],[101.23780964786658,3.0157996298515855],[101.23782042827844,3.0155804386167233],[101.23787971631418,3.015360354351401],[101.23800997307859,3.015119604709639],[101.23823993989163,3.014589596593737],[101.23828036432138,3.0143003417449563],[101.2382902468691,3.0140595921031945],[101.23823993989163,3.0137900975161074],[101.23822017600463,3.0136903850506087],[101.23815010876541,3.0134397564863775],[101.23798032664388,3.0132304477992307],[101.23772969566278,3.012989698157469],[101.23738025249725,3.0128001533573183],[101.23653044523365,3.0125099970190945],[101.23612979722651,3.0123303347666592],[101.23535006203588,3.0118497357640877],[101.23505002435837,3.0117401407508737],[101.23485958169402,3.0116404307022435],[101.23434035399004,3.011510173937836],[101.23424962379124,3.011459866960365],[101.23417955655208,3.0113700358341475],[101.23399001175193,3.011249661617512],[101.23362978575761,3.0110798794959237],[101.23325967963245,3.010869674153014],[101.23288957471573,3.010680131769732],[101.23241975612507,3.0104501613313914],[101.23170020562594,3.010169887540883],[101.23119984394481,3.0099300357632615],[101.23033027400265,3.0094602171726024],[101.22919031281776,3.0088700267821196],[101.22827043831501,3.0083301373269933],[101.22785990776009,3.008209763110301],[101.22747992029565,3.0080804066269025],[101.22708017015265,3.007979795088829],[101.22655016445361,3.0077902502886786],[101.22620970234635,3.0076896399590396],[101.22595008909855,3.0076303507148623],[101.22557998418182,3.0075701623981104],[101.22520987805666,3.0075800449458256],[101.22500955405309,3.0075602810587725],[101.2240196098943,3.0074695520684145],[101.22360009828111,3.0074201453719525],[101.22290030925211,3.0074399092590056],[101.2226200354616,3.0074300267112335],[101.22221040277083,3.007550398511057],[101.22157978674215,3.0077803689493976],[101.2213201734944,3.0079196067720773],[101.22075962349652,3.0083499012139896],[101.22040029778321,3.0087801944474677],[101.22017032976174,3.009209588608428],[101.22005983688439,3.009509626285933],[101.21994036053184,3.009869849863378],[101.21989005597123,3.01047980776616],[101.21982986765448,3.011050236686458],[101.21989005597123,3.0122000804191202],[101.22004995554511,3.013419992599381],[101.22010026252258,3.013850283415991],[101.22019997257121,3.0143003417449563],[101.22036975710961,3.0147800416748964],[101.22050989279643,3.015109722161867],[101.22065991223946,3.015540016603836],[101.22081981181327,3.0158202903943447],[101.22100037313828,3.0161104467325686],[101.2211099681515,3.0163098704551317],[101.22117015405144,3.016539840893472],[101.22128963040393,3.0172396287140373],[101.22148007306822,3.017669920739081],[101.22157978674215,3.0180202653941137],[101.22168039707185,3.018330181994088],[101.22174956765531,3.0186904079883448],[101.22178011074578,3.0189796640455597],[101.221889705759,3.019460261839697],[101.2219400103196,3.0197396377660652],[101.22193012898032,3.0200199151818765],[101.22198043474936,3.0201699322079776],[101.2221699795495,3.0203900200986027],[101.22225981188416,3.0204798524332546],[101.22242959279731,3.02060022664989],[101.22260027157455,3.020770007563044],[101.22274040967824,3.0209595523631947],[101.22285000469151,3.0211904170403727],[101.22297038011658,3.021420387478713],[101.22324975362608,3.02221000763393],[101.22336024650349,3.0223797885470276],[101.22342043482024,3.022459738333964],[101.22358033439406,3.022549569460182],[101.22369981074661,3.022669943676874],[101.22374023396793,3.0227400121244727],[101.22375999664649,3.023079573950781],[101.22375999664649,3.0234999870533557],[101.22383006509415,3.0237595990927275],[101.22397020319784,3.0240201126215425],[101.22406991687177,3.024150365760647],[101.2241498666587,3.02433002922146],[101.22433042677528,3.0250001718157478],[101.2246403470005,3.0255499438185893],[101.22481012791366,3.0258203350613826],[101.22502033325651,3.0260700657614734],[101.22515957228762,3.0261598980961253],[101.2252898278436,3.026210205073596],[101.22540032072095,3.0262299653352898],[101.22534013482107,3.0262703909734796],[101.22525030369485,3.0263997498737467],[101.22521976060443,3.0265003602033858],[101.22525030369485,3.026609952799731],[101.22533025348179,3.0268300406903563],[101.22545960996518,3.0270600111286967],[101.22588002185938,3.027989766970734],[101.22624024543677,3.0285898423258004],[101.22638038354046,3.0289698285818076],[101.22648997613686,3.029310289480634],[101.22671006402749,3.0296696151939386],[101.22683043824412,3.0299696528714435],[101.22695979472752,3.0303999473134127],[101.22760029572078,3.031709689411457],[101.22783026253381,3.032139981436501],[101.22806023176372,3.032660107004631],[101.22817970932465,3.0328900774429712],[101.22831984501147,3.033090401446543],[101.2285399329021,3.033299706508444],[101.22869983247591,3.033449727159848],[101.22884985191888,3.03371023706336],[101.22898010626642,3.033909664411226],[101.22909958261897,3.0340695639850424],[101.22939962029648,3.0343803808660255],[101.22957029907377,3.0346103500959316],[101.22983979366086,3.0350999301567754],[101.23002035740274,3.035450274811751],[101.23022966367301,3.036009924528628],[101.23040034486718,3.0364303340059564],[101.2304901759934,3.036709711140759],[101.23079021125403,3.0374103968254644],[101.2312699123924,3.0380095743163906],[101.23138040406138,3.0381497100032107],[101.23149000028303,3.038379680441551],[101.23157983140925,3.038519816128371],[101.2317900379606,3.038770447109414],[101.23201012585116,3.0390597055834974],[101.23214037899027,3.039269910926407],[101.23223021132492,3.039359743261059],[101.2323703494286,3.0395798287348157],[101.23261019758093,3.039930172181357],[101.23268026844545,3.0400999543029457],[101.23277997970251,3.0402499713290467],[101.23290035391915,3.040470059219672],[101.23294976303248,3.0405302451195553],[101.23301983148014,3.0405697728936047],[101.23318961239329,3.040629958793488],[101.23324979829317,3.04069014711024],[101.23330010527064,3.0410000637102144],[101.23336029117053,3.041249798035551],[101.23351031061355,3.0415695959748064],[101.23358037906115,3.0417896838654315],[101.23373039850412,3.0420097717560566],[101.23404031631253,3.0423699953335017],[101.23415979266503,3.0425496587943144],[101.23465027300688,3.043100327452919],[101.2347203402461,3.0432198025970365],[101.23482993646775,3.0432799909137884],[101.23491976759396,3.043410244052893],[101.2349997173809,3.0434596531662237],[101.23512009159754,3.0434803149173604],[101.23522968661075,3.0435297216138224],[101.23515961695472,3.0436896211876956],[101.23515961695472,3.043839640630665],[101.23520992272375,3.0441001517426116],[101.23527010983207,3.044269932655709],[101.2352997550584,3.0444001894201165],[101.23548031517498,3.044599615559548],[101.23568962386213,3.044799939563177],[101.23593037350389,3.04503978892393],[101.23610015441704,3.045269758153836],[101.23610015441704,3.0453497079407725],[101.23620974701345,3.045470083365842],[101.2364397162433,3.0456901688395988],[101.23678017955905,3.0460800376433212],[101.23720957371995,3.046489670334097],[101.23738025249725,3.0466702304506725],[101.23753027194022,3.0467798266723207],[101.23768028896632,3.046999910937643],[101.23791025940466,3.04724964526298],[101.2379902091916,3.047260424466458],[101.23807015897847,3.047260424466458],[101.2381402262177,3.047210117488987],[101.23821029708216,3.047099624611576],[101.23823993989163,3.046999910937643],[101.23838007799532,3.0466603491113915],[101.23859028454666,3.0464195994696297],[101.23870975848229,3.0462902441946653],[101.23890020114658,3.0462399372171944],[101.23930983383735,3.0459596622182517],[101.23960987151486,3.0457799999658164],[101.23982995940548,3.0456398642789964],[101.23997997764002,3.045460200818127],[101.24013987600546,3.0452904199049726],[101.24045967757002,3.0448897718978287],[101.2406698841213,3.044710108436959],[101.24104987158574,3.044480137998619],[101.2412699570595,3.044369646329642],[101.2415196901764,3.0442600501079937],[101.24190955898018,3.0441396758913584],[101.24217995143141,3.044020201955675],[101.24255993889585,3.0437902315173346],[101.24281955093517,3.0435899075137627],[101.2433199126163,3.0432503456874542],[101.24367025485446,3.0430302565884517],[101.2440502423189,3.04273021891089],[101.24440956803221,3.042360113994164],[101.2446000106965,3.0420798402036553],[101.24482009858707,3.041820226955906],[101.24503030513841,3.0415201892783443],[101.24521984993856,3.0412803411260256],[101.24541029260286,3.041109658723485],[101.24561960129,3.0410602532354005],[101.24544981916847,3.0413198652747724],[101.2452997997255,3.0416199029522772],[101.24469972437043,3.0424499451203815],[101.24415983733212,3.0429799532362836],[101.24360018761524,3.043410244052893],[101.24324984537714,3.0435997888530437],[101.2429399263603,3.0437902315173346],[101.2423901579827,3.044170218981776],[101.24216018754436,3.0443498824426456],[101.2419203381836,3.0445097844333304],[101.24171013284075,3.0445798516725517],[101.24154035071916,3.0446598014594883],[101.24133014537625,3.044739751246368],[101.24090973227362,3.0449203113629437],[101.24087020812487,3.044949957797712],[101.24067976546058,3.0451296200501474],[101.24064023889503,3.045189805950031],[101.24058993433437,3.0452302315882207],[101.24058005178665,3.045259876814555],[101.24061957714383,3.0453200627144383],[101.24081001980812,3.0454898436275926],[101.24088996959506,3.0455796759621876],[101.24093039402482,3.0458797136397493],[101.24088008946421,3.0460998015303744],[101.24058993433437,3.0464699064471006],[101.24033031866975,3.0466702304506725],[101.24013987600546,3.046849893911542],[101.2399700950923,3.046949607585475],[101.23960987151486,3.047079863141448],[101.23930983383735,3.0472298813759835],[101.23911040769792,3.047370019479672],[101.23890020114658,3.047559561862954],[101.238699877143,3.047759885866526],[101.23866035178582,3.0479197878572677],[101.2386495725824,3.048079687431084]],[[101.28971968986349,3.0023599353258987],[101.28941965218598,3.002379699212895],[101.28921034712408,3.0024596489998316],[101.2889597149346,3.0026599730034036],[101.28863991457848,3.003039960467845],[101.2884701324569,3.0033202342583536],[101.288429710444,3.003480133832227],[101.28840006521773,3.003910428274139],[101.28839018387845,3.0045203825516182],[101.28841982910473,3.0046596227911664],[101.2884701324569,3.0050000824815584],[101.28846025111761,3.005169864603147],[101.28840994655701,3.005350427136591],[101.28808026365317,3.0059702639617853],[101.28797965332353,3.0064302012131634],[101.28780987120194,3.0084603940914008],[101.28787006072713,3.0088197198046487],[101.28795989185335,3.0090101624689396],[101.28854020332142,3.0095698121858163],[101.28976999684096,3.010310023227703],[101.29001972754105,3.0103702115445117],[101.29019040631829,3.0103504488658928],[101.29036018723144,3.010179770088598],[101.29051020788285,3.0098500859763817],[101.29065034356967,3.0093802673856658],[101.29090007668657,3.0088502628951233],[101.29095038124723,3.0085601065568994],[101.29097014513422,3.007950149862552],[101.29099979036056,3.007860318736334],[101.29103033103411,3.007860318736334],[101.29105009492116,3.0078800826233305],[101.29118035047713,3.0081998829794543],[101.29125041892473,3.0085897493663083],[101.29120999328654,3.009039807695274],[101.29113992604738,3.0092796570560267],[101.29097014513422,3.0095401693764074],[101.29089019534729,3.009700068950224],[101.29083988836982,3.0100001066277855],[101.29070963402228,3.010430397444395],[101.29063956436624,3.0104896866885724],[101.2904500195661,3.010530111118328],[101.29036018723144,3.010629824792261],[101.2902802374445,3.010690010692201],[101.29021017020534,3.010820267456552],[101.290200288866,3.010949626356819],[101.29021017020534,3.0110601192341733],[101.29036018723144,3.0112299001473275],[101.29065034356967,3.0114697495080804],[101.29087043146029,3.0118299730855256],[101.29096026258651,3.012069824863147],[101.29133036871167,3.012410284553539],[101.29178042583214,3.0126698990097793],[101.29219993865377,3.0128001533573183],[101.292850317361,3.012849562470649],[101.29315035503856,3.0128100346965994],[101.29386990795456,3.0127696102668438],[101.29431996265822,3.012839681131368],[101.29455981201897,3.012930410121726],[101.29483020688707,3.012889984483536],[101.29513024093927,3.0128199172443146],[101.29540961807407,3.012839681131368],[101.2956099420777,3.012979816818188],[101.2957797229908,3.0132403291385117],[101.2959297436422,3.0135601282862012],[101.29599981088143,3.014170084980549],[101.29604023651962,3.014850110122552],[101.2961004224195,3.0151699092702415],[101.2963097311067,3.015779865964589],[101.29653969791974,3.016079903642094],[101.29716043502594,3.0166296720196897],[101.29724038360445,3.016740164897044],[101.29722960440097,3.016890181923202],[101.29721972306169,3.0169297096971945],[101.29717031636523,3.016950371448388],[101.29711013046534,3.0169395910365324],[101.29699963758793,3.016839878570977],[101.29675978581031,3.0165200770064757],[101.29661965012349,3.016420363332543],[101.29651993644956,3.0163700587718836],[101.2963501555364,3.0163601774326025],[101.29614983153283,3.0163898226589367],[101.2961004224195,3.0163601774326025],[101.29606987932908,3.016290110193438],[101.29604023651962,3.0160502584158166],[101.2957797229908,3.0152804009391616],[101.29570965575164,3.0148896342712987],[101.29569977320392,3.013720030276886],[101.29566024905517,3.013529587612595],[101.29557041792896,3.0133400428124446],[101.29537997526467,3.013160379351575],[101.29512036201686,3.013110072374104],[101.29461011899645,3.0131496001481537],[101.29431008131894,3.0130597666050676],[101.2939498577415,3.012960055348003],[101.29371000596387,3.012960055348003],[101.29267963858376,3.0131199549218763],[101.29203015653223,3.013110072374104],[101.29099979036056,3.012689660479907],[101.290679988796,3.0123797438799897],[101.29031976521856,3.0118901614022775],[101.28999008231472,3.0113601532864323],[101.2894097708467,3.010649588679314],[101.28778022839248,3.0093200814857823],[101.28764997283656,3.009300317598786],[101.28746042803641,3.0093299640334976],[101.28731040980182,3.0093802673856658],[101.28719003558518,3.009499744946652],[101.28711008579825,3.0096704237239464],[101.28711008579825,3.0099003929538526],[101.28721967839465,3.010280380418294],[101.28718015303747,3.010750199008953],[101.28705977882078,3.0110098122567024],[101.28691964071709,3.0114796308473615],[101.28690976179467,3.011970111189214],[101.28696006514684,3.012420165892877],[101.287149609947,3.0126600176704983],[101.28742000239822,3.0128998670312512],[101.28769039726632,3.0130597666050676],[101.2883003515438,3.0132996171743116],[101.28856984613088,3.013449635408847],[101.28884023858205,3.013669723299415],[101.28840006521773,3.0135700096254823],[101.28799043252695,3.0133598042826293],[101.28735981649828,3.013199904708756],[101.28711008579825,3.013080427147827],[101.28684957226949,3.0128199172443146],[101.28672021699452,3.012630372444164],[101.28666991001705,3.0123797438799897],[101.28669955524333,3.0119000427415585],[101.2868801153599,3.0110098122567024],[101.28693041992051,3.010380094092227],[101.28687023402063,3.010280380418294],[101.2868001667814,3.0102103131790727],[101.28669955524333,3.0102004306313574],[101.2865001291039,3.010380094092227],[101.28628992255261,3.010580418095799],[101.28612014163946,3.0109199811304848],[101.28590005374883,3.011190372373278],[101.28554971151073,3.0113897997212007],[101.28511043601048,3.0115398167473018],[101.28469002411629,3.01175990463787],[101.28437022255173,3.0121102492929026],[101.28415013707803,3.0125099970190945],[101.28395969199687,3.012889984483536],[101.2839300491874,3.0131397188088727],[101.2839498130744,3.0134397564863775],[101.28408994876122,3.0137496730863518],[101.28423996820419,3.0139401157506427],[101.28456964869122,3.0142697986544817],[101.28494963615566,3.014690210548679],[101.2851203149329,3.0149399412487696],[101.28524967383316,3.0152399789262745],[101.28552994762367,3.0159101227289398],[101.28593958031445,3.0169099458101982],[101.28595035951787,3.017219866035475],[101.28612014163946,3.017669920739081],[101.28651989178246,3.018229570455958],[101.28660972411711,3.0183697097680806],[101.28661960545645,3.0185700337717094],[101.28663038465987,3.018950021236151],[101.28667979135633,3.019199751936185],[101.28681004812074,3.0194899070659744],[101.28697982903384,3.0197504205947894],[101.28726010282435,3.020349595668847],[101.28729962818153,3.0206397507986367],[101.28749995218516,3.020910143249864],[101.28775956784978,3.0210296208107934],[101.287829635089,3.0211203498011514],[101.2878799396496,3.021270369244178],[101.287829635089,3.0213898443882385],[101.28779998986266,3.021670118178747],[101.28781975374966,3.021890206069372],[101.28802995909257,3.022330379433697],[101.2881799773271,3.0225298055731855],[101.2883704199914,3.022950218675817],[101.28862015310835,3.0235799368402922],[101.28875040745584,3.024139586557169],[101.28878993402145,3.0246103030119684],[101.28885011992139,3.0251304285801552],[101.28898037668574,3.0255697040803398],[101.28919956429536,3.025809555857961],[101.2894097708467,3.0258796243056167],[101.28964962262432,3.025830217609098],[101.2897295724112,3.0257700280839117],[101.28992989641483,3.025670315618413],[101.29022005154462,3.0254996368411184],[101.29055961457931,3.025319973380306],[101.29078958380921,3.0250495809290783],[101.29075993858294,3.024789966472838],[101.29063956436624,3.024450403438152],[101.29062968181853,3.0242401980952422],[101.29080036301264,3.0239500417570184],[101.2911004006902,3.02352963227969],[101.29195020795373,3.0225702312113185],[101.29234995809679,3.0217500679656837],[101.29264011443502,3.021220062266707],[101.29267963858376,3.020750243675991],[101.29257992490983,3.0204196629080116],[101.29233019420974,3.0200001512948234],[101.29194032540602,3.0191395660363014],[101.29168969442497,3.0183598272203653],[101.29161962718575,3.018199927646549],[101.29153967739882,3.0181100965203314],[101.29143996372488,3.018090332633278],[101.29126030026401,3.0181397393297402],[101.29097014513422,3.018090332633278],[101.29067010745672,3.0179600758689276],[101.29131958950825,3.0179403131903086],[101.291379777825,3.01787024474271],[101.291379777825,3.0177498705260177],[101.29128994549035,3.0175998522914824],[101.29112016216033,3.0174803759389306],[101.29091983815675,3.0174803759389306],[101.29065034356967,3.017400426152051],[101.29046978224466,3.017309697161693],[101.29024969435409,3.0171497975878196],[101.29047966479237,3.01711026981377],[101.29078958380921,3.0171300337008233],[101.29115968993437,3.017309697161693],[101.2912998256212,3.0173303577043953],[101.29143996372488,3.0172800519353586],[101.2915495587381,3.017260290465174],[101.29165017027623,3.0172899332746397],[101.29166005161551,3.017410307491332],[101.29174000140245,3.0175396639747305],[101.29189001842855,3.0176196161784787],[101.29211998886689,3.0176303953819],[101.29231043153118,3.0175504468034546],[101.29262035054796,3.017360000513861],[101.29289972647433,3.017309697161693],[101.29318000026484,3.017430071378328],[101.29348992049012,3.0175800896128635],[101.2932500687125,3.017650156852085],[101.29308028779934,3.0175998522914824],[101.29278025012184,3.0175800896128635],[101.29243979043139,3.017660038191366],[101.2922295838801,3.0178298203129543],[101.2919798507632,3.018119975442744],[101.29196996821548,3.018320299446316],[101.2922502444228,3.0191898693884696],[101.29260957134454,3.020089982421041],[101.29271018167418,3.019889658417469],[101.29275958837064,3.019620163830382],[101.29287996258734,3.019400075939757],[101.29298955880898,3.0193398900398734],[101.29326983259949,3.019220412478944],[101.29355010639,3.0190398523623685],[101.29369024449369,3.0190299710230306],[101.29380971842937,3.019090156922971],[101.29385014406756,3.0191395660363014],[101.29380971842937,3.019220412478944],[101.29350968075187,3.01941983982681],[101.29324018737321,3.0196003999433856],[101.29297967626127,3.019789944743536],[101.2929302695648,3.019980387407827],[101.29296979492199,3.020189696094974],[101.29297967626127,3.0204600885462014],[101.29292038822553,3.020750243675991],[101.29287008124805,3.0211203498011514],[101.29274970703136,3.0216198136181447],[101.29234995809679,3.022660062337536],[101.29210022497983,3.0230598136890308],[101.29130970696048,3.023829667540383],[101.29104021237345,3.024139586557169],[101.29098990902122,3.02433002922146],[101.2909800264735,3.0245195740216104],[101.29105997626044,3.0248303909025935],[101.29104021237345,3.0251304285801552],[101.29093960204375,3.025329855928021],[101.29074017469588,3.0255202973838777],[101.2902802374445,3.0257700280839117],[101.29012033907912,3.0258796243056167],[101.29004038929219,3.025999998522252],[101.29001972754105,3.026099712196185],[101.29008979598865,3.026190441186543],[101.29022005154462,3.026239847883005],[101.29039971500549,3.026249729222343],[101.2912998256212,3.0261203727389443],[101.2918298325286,3.0260197624093053],[101.29239038010968,3.025809555857961],[101.29392021130673,3.0246201843513063],[101.29416006308435,3.024499810134614],[101.29449962611909,3.024150365760647],[101.2949299169357,3.023079573950781],[101.29505029236083,3.022439974446968],[101.29509970147416,3.0215901683918673],[101.29501974927035,3.021229944814422],[101.2947798999096,3.02069993669852],[101.2945202866618,3.020259763334195],[101.29446997968432,3.019879777078188],[101.29454005054885,3.0194997896137465],[101.29457957590597,3.0197504205947894],[101.2947996637966,3.020240000655633],[101.29514012348704,3.020859838689262],[101.29529014293001,3.021309894601302],[101.2952703802514,3.02176983185268],[101.29524971850026,3.0222603109860984],[101.29519043046452,3.0229295569246233],[101.29506017370011,3.023320323592543],[101.29477001736188,3.0240201126215425],[101.29461011899645,3.024300386412051],[101.29456969335826,3.024540235772804],[101.29467030489633,3.0246803738764925],[101.29489039278695,3.0248600361289277],[101.29530002547773,3.0250396995897972],[101.29568989186458,3.025070242680215],[101.29613006764583,3.0248995614861087],[101.29646963068052,3.024750441115657],[101.2967804475615,3.024659712125299],[101.29702029933912,3.0246300668990216],[101.29728979392621,3.0246902552157735],[101.29779015319042,3.024819611699172],[101.29826985312042,3.0250900041503996],[101.29849982355876,3.0255202973838777],[101.29850970489804,3.0258400989484358],[101.2981297174336,3.025339737267302],[101.29789974820369,3.0251304285801552],[101.29749011792978,3.024879800015924],[101.29699963758793,3.024809730359891],[101.29681009278778,3.024819611699172],[101.29669959991043,3.02491034068953],[101.29668971857114,3.025019935702744],[101.29676966714965,3.025119649376677],[101.29686039734838,3.025310092040968],[101.29687027868772,3.0254098045065234],[101.29684961693653,3.025469991614841],[101.29676966714965,3.0254601114839943],[101.29668971857114,3.025370277940908],[101.296500173771,3.025210378367035],[101.2963303916494,3.0251304285801552],[101.29616959300301,3.0251403111278705],[101.29589021586821,3.025220259706316],[101.29566024905517,3.025339737267302],[101.2953700927169,3.025269666402835],[101.29478978124888,3.0250298182504594],[101.29416006308435,3.024840273450309],[101.29392021130673,3.02491034068953],[101.29301021935174,3.025750267822218],[101.29204003907995,3.026220086412877],[101.29190978231554,3.0263197976699416],[101.29189001842855,3.02645993577363],[101.29198973210248,3.0265901925380376],[101.29217029221905,3.0267204456771424],[101.29256016223121,3.0268596859166905],[101.29288984513505,3.0269396357035703],[101.29322042590303,3.0271597235941954],[101.2934000893639,3.0274103521583697],[101.2933803254769,3.0276097795062924],[101.2931000516864,3.02733040237149],[101.2928296568183,3.0271902642678015],[101.29243979043139,3.0271498422549143],[101.2920795632287,3.02698006134176],[101.29149027070235,3.026420410416449],[101.29128994549035,3.0263799859866936],[101.29076981992222,3.026450053225915],[101.28991013252778,3.026549766899848],[101.28975023295396,3.0265704286509845],[101.28966040182775,3.026660259777202],[101.28961997618956,3.0267500909034197],[101.28964962262432,3.0276600828584606],[101.28978975831114,3.027940360274272],[101.29001972754105,3.0282502768741892],[101.290200288866,3.02854043321247],[101.29027035610522,3.0288395730258344],[101.29030988387927,3.029129728155624],[101.29046978224466,3.029380356719855],[101.29106985759972,3.0299696528714435],[101.29111028323791,3.0301798594227876],[101.29113004349966,3.0308697659040718],[101.29118035047713,3.0310997327171094],[101.29128006415107,3.0312201069337448],[101.29143008117717,3.0320797955366174],[101.29169957576426,3.0325900397654664],[101.29183971507638,3.0329897874916014],[101.29194032540602,3.033350013485915],[101.29206968188942,3.033480267833454],[101.29234995809679,3.0335395582860656],[101.29251973900989,3.0335296769467845],[101.29287996258734,3.0335296769467845],[101.29350968075187,3.033640169824139],[101.29416006308435,3.0335395582860656],[101.29523983716098,3.0333598960336303],[101.29713977327475,3.0327301754522864],[101.29780991586904,3.032459783001059],[101.2984800596717,3.032149862775782],[101.29896964214942,3.031900132075748],[101.29962002085665,3.031670162845842],[101.30007995810803,3.0313997703946143],[101.30039975967253,3.0311698035815766],[101.30069979735009,3.0310898513777715],[101.3009800711406,3.0310000190431765],[101.30107978481453,3.0309398331432362],[101.30111032790501,3.030970376233711],[101.30108966615381,3.0310000190431765],[101.30054977669869,3.0313503636981523],[101.30014014642478,3.0316297408329547],[101.2997098531913,3.0318399461758077],[101.29924991593992,3.031999845749681],[101.29873967171108,3.032210052300968],[101.29769044193336,3.0327903637690383],[101.2969502284746,3.033030211921357],[101.29598004699443,3.033240418472701],[101.29475025468327,3.0335700989596717],[101.293530342503,3.033800069398012],[101.29256016223121,3.0337300009503565],[101.29248021244427,3.0337201196110755],[101.29227000589299,3.033809950737293],[101.29212987020617,3.0339698503111094],[101.29209034243212,3.034119869754079],[101.29228976977998,3.034760368330467],[101.29249009378361,3.035349663273678],[101.29272006422195,3.036210249740634],[101.2929096090221,3.036459980440725],[101.2930596260482,3.0365201663406083],[101.2931997641519,3.0365201663406083],[101.29339020681618,3.0364096758801224],[101.29365970140327,3.0362300100023845],[101.29399027975438,3.0360898743155644],[101.29433972654522,3.035959618759591],[101.29477001736188,3.03592009340241],[101.29540961807407,3.0360997568632797],[101.29573031629434,3.036220131079972],[101.29659988623649,3.0368696131314437],[101.29713977327475,3.037140005582671],[101.2973095541879,3.0372603797993634],[101.29765989884294,3.037290022608829],[101.29808030832027,3.037130123034956],[101.29865972192414,3.036890273674203],[101.2992795611662,3.036680068331293],[101.2996002605949,3.0366297613538222],[101.30009972199502,3.036689949670631],[101.30174004606948,3.0373196678351064],[101.30241018866377,3.037490346612401],[101.30277041224116,3.0374795674089796],[101.30356991494409,3.0375604174768682],[101.30292043289262,3.037660131150801],[101.30250002099842,3.037689773960267],[101.30218021943386,3.0376798914125516],[101.3018298771957,3.037580178947053],[101.30142024450492,3.0374795674089796],[101.30100971636688,3.037249600595942],[101.30030992854631,3.036919917692103],[101.29977992284734,3.036779782005226],[101.29952030839115,3.036779782005226],[101.29921039179118,3.0368597305837284],[101.29887980981476,3.0370196301576016],[101.29795005518116,3.0374301607125176],[101.2974999968522,3.0375101104993973],[101.29706970482715,3.0374103968254644],[101.29656035967088,3.0370896986052003],[101.29601957476842,3.036680068331293],[101.29535033003833,3.0363198423370363],[101.29478978124888,3.036140178876167],[101.2943298439975,3.0362003671929187],[101.2939498577415,3.036360266766792],[101.29357975161633,3.0365300476798893],[101.29340996828631,3.036660304444297],[101.29309016913868,3.0369001538050497],[101.29300033801246,3.0371696508090054],[101.29298955880898,3.0375397557257315],[101.2930596260482,3.0379700477507754],[101.29328959648655,3.038470409431909],[101.29356987027705,3.03898963471903],[101.29417982455453,3.0397801527383876],[101.29422024898429,3.0401403787327013],[101.29444033687486,3.040470059219672],[101.29469995012266,3.0407602155578957],[101.29498022391317,3.0415300718261165],[101.29528026159073,3.0421903330810665],[101.29545992505155,3.0428703582230128],[101.29572043495506,3.043369822040006],[101.29595040418496,3.043930369621023],[101.2963303916494,3.0445097844333304],[101.2964597481328,3.0445600877855554],[101.29656035967088,3.0445403251069365],[101.29666007213638,3.0444199520987354],[101.29689004257472,3.0441899828688292],[101.29714965461409,3.0440103194079597],[101.29740028559513,3.0439097090783207],[101.29771020340354,3.043839640630665],[101.29793029129411,3.043819876743669],[101.29826985312042,3.0440103194079597],[101.29858965468497,3.044170218981776],[101.29871991144933,3.0442196280951066],[101.29888969236248,3.0442501687687127],[101.29917984749227,3.044799939563177],[101.29938017270433,3.044930193910716],[101.29956971750448,3.0449796030240464],[101.29979968431752,3.0451197387108664],[101.30007007918556,3.0452904199049726],[101.30023986009871,3.0453398266014347],[101.30054977669869,3.045370369691909],[101.30095042591427,3.045509607514589],[101.30122980184063,3.045670407369414],[101.30078962847631,3.0456901688395988],[101.30006019784628,3.0455599144920598],[101.29975027762106,3.045300298827442],[101.29953018973043,3.045140399253569],[101.2993298657268,3.0450999748238132],[101.29915020226599,3.0450299075846488],[101.2989597596017,3.0448098184855894],[101.29878997868855,3.044480137998619],[101.2984800596717,3.044299577882043],[101.29810007220726,3.0441001517426116],[101.29778027305957,3.0441001517426116],[101.29734009727838,3.044230407298528],[101.29703017826154,3.044429832229582],[101.2968002114485,3.044640037572435],[101.29674990447103,3.044690344549906],[101.29658012234944,3.0449203113629437],[101.29648040988394,3.0450999748238132],[101.29649029122328,3.045409893840656],[101.29656035967088,3.0457602384956317],[101.29696010981394,3.046479788994816],[101.29735986116538,3.047050217915114],[101.29769044193336,3.0476296327274213],[101.29787010539422,3.0481201118608396],[101.29804976764666,3.0487695939123682],[101.29818990333348,3.0494397377150335],[101.29839022733705,3.0500002852960506],[101.29853036664917,3.050150304739077],[101.29870014756233,3.0502598973354225],[101.29879986123626,3.0502598973354225],[101.29919961137932,3.049949980735448],[101.29961013951737,3.0495699932710068],[101.3001500289725,3.049199885937412],[101.30053989777622,3.0490399863635957],[101.30078962847631,3.0489798004636555],[101.3008300541145,3.048940272689663],[101.30084981437619,3.0489896818029933],[101.30039975967253,3.049260074254164],[101.29986975518199,3.049610416492328],[101.29936040881728,3.0500496919925126],[101.29908013502677,3.050400036647545],[101.2989597596017,3.0505895814476958],[101.29899030269212,3.0507899054512677],[101.29906037113977,3.051140247689432],[101.29983022740794,3.052609891778161],[101.30022997875943,3.05326027169383],[101.3007501019107,3.05397982098458],[101.30144988973126,3.0552302762553154],[101.30164033239555,3.0554997708423457],[101.30186042028618,3.0555896019685633],[101.30214967876026,3.0555797206292823],[101.3023598816863,3.0554997708423457],[101.3025296662247,3.055480009372218],[101.30266980191152,3.0555698404984355],[101.30295007570203,3.0559004188495464],[101.30327975860587,3.056380119987921],[101.30338037014394,3.0566199717655422],[101.3034100129534,3.0571203310298074],[101.3034100129534,3.057319757169296],[101.3035097254189,3.0575497276075794],[101.30362021829632,3.057839882737426],[101.3035097254189,3.0580599682111256],[101.30339025148328,3.0583797697756836],[101.30339025148328,3.058660043566192],[101.30348996515721,3.0590202671436373],[101.30371993197025,3.0597002922856404],[101.30394001986082,3.0600299751894795],[101.30422029365133,3.060189874763296],[101.30455985668607,3.060189874763296],[101.30492996401966,3.060039857737195],[101.30514016815408,3.0599697868726707],[101.30539978381876,3.059879955746453],[101.30583995718308,3.059669749195166],[101.30637984301296,3.059209811943788],[101.30657028567725,3.0589196568139982],[101.30665023788106,3.0587498746924098],[101.3067795943644,3.0586798074532453],[101.30709041124538,3.0586304007567833],[101.30740033026223,3.05845971956262],[101.30773989329691,3.0581300390756496],[101.30821959322685,3.057580270698054],[101.30843968232591,3.05729011435983],[101.30911970384261,3.0566900390047635],[101.3095598796238,3.056409765214255],[101.30987968118836,3.05624986322357],[101.31036028019088,3.0558501154973783],[101.31096035192064,3.0553596351555257],[101.31136010327214,3.054950002464807],[101.31159007250204,3.0548700526778703],[101.31205000975342,3.0544801826657135],[101.31214972342735,3.054240334513338],[101.31214972342735,3.05397982098458],[101.31206977364042,3.0538100400714256],[101.31194041474015,3.0537004450582117],[101.3118299218628,3.0536402591582714],[101.3116799048367,3.0536097160678537],[101.31138974849841,3.0536195974071347],[101.31103042278517,3.053669901967737],[101.31077979180407,3.0536600230453246],[101.3105803644562,3.0535899521808005],[101.31050041466926,3.053480359584455],[101.31053006110403,3.0534498164939805],[101.3106001283432,3.053420171267703],[101.31090016602076,3.0534902385068676],[101.31129003482448,3.053469577964165],[101.311539766733,3.053410288719988],[101.31173020818886,3.053250390354549],[101.31174997207586,3.0529898792426593],[101.31171044792711,3.052640432451767],[101.31167002228892,3.052379922548255],[101.31152988418523,3.05193974918393],[101.31132956018166,3.051719661293305],[101.31106994693391,3.0514896908549645],[101.3108804021337,3.0513495551681444],[101.31068007813013,3.0512399601549305],[101.31038004045263,3.051099822051242],[101.31014019109188,3.0509803481155586],[101.31001981687518,3.05084021001187],[101.30992010320125,3.0505796988999805],[101.30988956011078,3.0503299681998897],[101.30992010320125,3.0497604359352977],[101.30983027207503,3.0495403480446726],[101.30942962406783,3.048950155237378],[101.30884033033311,3.048129994408555],[101.30828966167451,3.047520036505773],[101.3080300484267,3.047299948615148],[101.3079303359612,3.047219998828268],[101.30789979287073,3.047149931589047],[101.30803993097442,3.047149931589047],[101.30830044087793,3.0472002361496493],[101.30893016145933,3.04782995673105],[101.30939009871065,3.048439911008529],[101.31009976666212,3.0494900410672017],[101.3102003782002,3.0498197239710407],[101.3102003782002,3.050189830096201],[101.31022014087876,3.0504701038867097],[101.31033961843974,3.05070007432505],[101.31052017855632,3.0508797365774853],[101.31099987969469,3.051160010367994],[101.31107982948163,3.051150129028713],[101.31139963104613,3.0513495551681444],[101.31167002228892,3.0517097787455896],[101.31188022884027,3.0520196989708666],[101.31192963553673,3.0521697159969676],[101.31205989230114,3.0526197719090646],[101.31206977364042,3.0529799979033214],[101.31219014544024,3.0535001210546397],[101.31237969024039,3.053849567845475],[101.31259977813096,3.054080432522653],[101.31279022079525,3.0541603823095897],[101.31295012036912,3.054180144988152],[101.31312978383,3.0541100777489874],[101.31346036459797,3.0538899898583622],[101.31371997663729,3.0537004450582117],[101.31399037150538,3.0536195974071347],[101.31467039423052,3.0535504280321106],[101.31515997670817,3.0535701907106727],[101.31551032015477,3.0536600230453246],[101.31584000064174,3.0537597330939548],[101.31613015697997,3.0538899898583622],[101.31634036353131,3.0539097537453586],[101.31651014444441,3.05383968529776],[101.3166502825481,3.053669901967737],[101.31669968924456,3.0534596978333184],[101.31669968924456,3.0531497788164756],[101.31649038055741,3.0526799602258166],[101.31650026310513,3.052280208874322],[101.31661973945768,3.052609891778161],[101.31667992535756,3.052720384655572],[101.31676975648378,3.0527401461257],[101.31683982734825,3.052720384655572],[101.3171802870387,3.0524598723351914],[101.31735995049957,3.0523898038875927],[101.3176096811996,3.052379922548255],[101.31796002585457,3.0524598723351914],[101.31825018098442,3.0524796362222446],[101.31851967557145,3.052539822122128],[101.31859962535839,3.0526601963387634],[101.31872000078351,3.0528901655686695],[101.31869035434875,3.0530895904997237],[101.31865981125833,3.0531497788164756],[101.31859962535839,3.0531300149294793],[101.31855021866193,3.0530303012554896],[101.31842984444523,3.0528299772519176],[101.31832024943202,3.052720384655572],[101.31799955000332,3.0526799602258166],[101.31773005541629,3.052699724112813],[101.31744978162573,3.0526503149994824],[101.31732042635082,3.0526799602258166],[101.31713986260894,3.0528299772519176],[101.3170096082614,3.052950352677044],[101.31692965847446,3.0531201335901414],[101.31676975648378,3.053930414288118],[101.3167796390315,3.054090313861934],[101.31688024936113,3.0542295553099166],[101.31712998368653,3.0544604199870946],[101.31779024494148,3.0548296270396804],[101.31819987521538,3.055150326468379],[101.31859962535839,3.0556596728330874],[101.31888978169661,3.0560701997627007],[101.31919970071345,3.0563298154273184],[101.31938026203846,3.0564403083047296],[101.31954016040385,3.0564304269653917],[101.31984019808141,3.0563603561009245],[101.32015999964597,3.0562103390748234],[101.3207501936617,3.056140270627168],[101.32121013091307,3.056080082310416],[101.32150028604286,3.0560001325234794],[101.3215802358298,3.056039660297529],[101.32164042172968,3.056130389287887],[101.32202040919418,3.0561600320973525],[101.32257017998859,3.0562399843011008],[101.32324032379131,3.056199558662911],[101.32339034081741,3.056080082310416],[101.32358976816528,3.055789925972192],[101.3236795992915,3.055520431385105],[101.3238296163176,3.0552302762553154],[101.32390956610453,3.0551000219077764],[101.32397963696906,3.055059597478021],[101.32402994032122,3.055070376681442],[101.3240802472987,3.055109900830189],[101.3240802472987,3.055150326468379],[101.32394010919501,3.055320107381533],[101.3238296163176,3.0555896019685633],[101.32370025983425,3.056140270627168],[101.32372002130438,3.056380119987921],[101.32385027806879,3.0565103767523283],[101.32417007963335,3.0566900390047635],[101.32488962892404,3.056879583804914],[101.32540975449217,3.0569101268953887],[101.32592987764349,3.0569298883655165],[101.32638981489481,3.056820295769171],[101.32677968369859,3.056750224904647],[101.32741030214407,3.056740343565366],[101.32781005349557,3.0567601074523623],[101.3280400203086,3.0566298506880116],[101.32813973398254,3.0565103767523283],[101.32819003975158,3.056280406313988],[101.3282098012217,3.055869875759072],[101.32828975100864,3.0555896019685633],[101.32843977166004,3.0552895642910585],[101.32859967002548,3.0550901405684954],[101.32880987657677,3.054920359655341],[101.32918986404121,3.0546903892170008],[101.32940995193184,3.0545502511133122],[101.32948990171877,3.0543696909967366],[101.32969022572235,3.053730090284489],[101.32979982073562,3.0540696533192317],[101.32979982073562,3.054299622549138],[101.3297396324188,3.05449994655271],[101.32962015848318,3.054739795913463],[101.32946025649244,3.054920359655341],[101.32916021881493,3.055059597478021],[101.32879011268977,3.0552500401423117],[101.32857990613843,3.0554997708423457],[101.32843977166004,3.0557800446328542],[101.32837958213486,3.0561600320973525],[101.32837958213486,3.0565103767523283],[101.32843977166004,3.0566900390047635],[101.32879999523749,3.056960431455991],[101.32897965748992,3.057009838152453],[101.32966956397121,3.0569801953429874],[101.33054991432522,3.057009838152453],[101.33145002373249,3.0571400949168606],[101.33182012985765,3.057319757169296],[101.3322396438877,3.0575596089469173],[101.33269958113908,3.0579602581624954],[101.33319006148088,3.0584803801053226],[101.33349009915844,3.0590597949176868],[101.33374971119775,3.0592897617307244],[101.33412969866225,3.0594604429248307],[101.33451956746597,3.0595996807475103],[101.33493009802089,3.059679630534447],[101.33554993484609,3.0597002922856404],[101.33683991668244,3.0596095632952824],[101.33789992928882,3.059620342498704],[101.33850000222702,3.059749701398971],[101.33887998848309,3.059790123411858],[101.33904977302149,3.0597703631501076],[101.33923033313806,3.059679630534447],[101.339330046812,3.0595197309606306],[101.3393803513726,3.0592403550342624],[101.33939023271188,3.0587498746924098],[101.33954025336334,3.057079907808486],[101.33956001362503,3.056380119987921],[101.33953037081557,3.0559902511841983],[101.33951959161215,3.0550398335910245],[101.33962020315022,3.054490065213429],[101.33964984595968,3.054180144988152],[101.3396103206025,3.054040010509766],[101.33956001362503,3.053999584871576],[101.33946030115953,3.053969939645299],[101.33953037081557,3.0537803948451483],[101.33956001362503,3.0535800708415195],[101.33956001362503,3.0529799979033214],[101.33955013228575,3.0524598723351914],[101.33947018249881,3.052249665783904],[101.33934980828218,3.052130191848221],[101.339330046812,3.0520098164231513],[101.33942976048593,3.0516998974063085],[101.33941987793821,3.051360335580057],[101.33939023271188,3.05105041535478],[101.339310282925,3.0507701415642714],[101.33912972280842,3.050499749113044],[101.33893029546056,3.0503299681998897],[101.33872009011765,3.0502302545259568],[101.3383598665402,3.050150304739077],[101.33807959154126,3.050150304739077],[101.33637997943106,3.05017994875692],[101.33525977850786,3.0502203731866757],[101.33448004331723,3.0502095939832543],[101.33403986753603,3.050160184869924],[101.33370030450129,3.050199711435539],[101.33336972373331,3.050279661222419],[101.33331043569757,3.0503596110093554],[101.3332798926071,3.0505302922035185],[101.333129875581,3.050339847122359],[101.3327301242295,3.0502095939832543],[101.33220999866137,3.0497900787447634],[101.33201955599708,3.049529568841251],[101.33183989374464,3.049250192914883],[101.33168987551011,3.049059750250592],[101.33147966895882,3.04896991791594],[101.33122005691945,3.0490202224765426],[101.33093978312894,3.0491397000375287],[101.33066040599414,3.0493499053803816],[101.33037025086435,3.04951968750197],[101.33001002487003,3.049710128957827],[101.32902008312811,3.05017994875692],[101.32879999523749,3.050509631660759],[101.32831041275983,3.051360335580057],[101.32797983440867,3.051399859728747],[101.32768967807044,3.0514097410680847],[101.32743006240582,3.0513297924895824],[101.32741030214407,3.051300146054814],[101.32743006240582,3.051259724041927],[101.32814961532182,3.051150129028713],[101.32836970321245,3.0510099909250243],[101.32850983889927,3.0507800229035524],[101.32864009566367,3.050370390212777],[101.32879999523749,3.0500200491831038],[101.32900031924106,3.049829606518813],[101.32940995193184,3.0496499430579433],[101.32998038206057,3.049499923614974],[101.33041965756081,3.0492403103671677],[101.33078976247754,3.048810019550558],[101.33099008648111,3.0486896441254316],[101.33124969972891,3.048609694338495],[101.33152997351942,3.048609694338495],[101.33178958918404,3.048759712573087],[101.33197014930062,3.048930391350325],[101.33211028498744,3.0492403103671677],[101.33237977957452,3.049620297831609],[101.33264029310334,3.0497999612924787],[101.33289990514265,3.0498996737579773],[101.33329965649415,3.049969742205633],[101.3352301356984,3.0498897924186963],[101.33600987209746,3.0498403857222343],[101.33713007302066,3.0498098426317597],[101.33781997708508,3.0498601496092306],[101.338630257783,3.0498996737579773],[101.33887998848309,3.0497999612924787],[101.33902012779515,3.0495996360804725],[101.33902012779515,3.0493597879281538],[101.33889975237008,3.0490804107933513],[101.33854042665678,3.0486698802384353],[101.33818020307933,3.0481596372180206],[101.33799963933751,3.0481003491822776],[101.33772026582801,3.0481102305215586],[101.33708964738247,3.048229708082488],[101.33700969759553,3.0482503662083786],[101.33653987900487,3.048270130095375],[101.33581044716647,3.048640235012101],[101.33534961084251,3.048730067346753],[101.33476031710774,3.048800137002843],[101.33412969866225,3.048739948686034],[101.33306968605581,3.048430029669248],[101.33153985606714,3.047870378743937],[101.33010973733553,3.0474302053795554],[101.32919974538055,3.047340374253338],[101.32849007501227,3.0473295950499164],[101.32799959467042,3.0474302053795554],[101.32698000770216,3.0477095813059236],[101.32625956054733,3.047979973757151],[101.3256999108304,3.0481497546703054],[101.32510971681467,3.0481497546703054],[101.3241098901081,3.04797009241787],[101.32370025983425,3.047929670404983],[101.32325020271372,3.047859599540459],[101.32278038412306,3.0476700547403084],[101.32222971788133,3.0473996622891377],[101.32139967571322,3.0467600627853244],[101.320610055558,3.046019851743438],[101.32030013533279,3.0456398642789964],[101.32000998020294,3.045259876814555],[101.31987972585546,3.0450900959014007],[101.31969018105531,3.045000264775183],[101.31947997450396,3.0449697204762742],[101.31866969380604,3.0450900959014007],[101.31839031667124,3.0451197387108664],[101.31817023240592,3.0452302315882207],[101.31796990719391,3.045409893840656],[101.3178800760677,3.0455500331527787],[101.3178800760677,3.045770117418101],[101.3179303806283,3.0460000878563847],[101.31806962086785,3.04628036164695],[101.31813968931544,3.046530092346984],[101.31806962086785,3.047099624611576],[101.31811992542845,3.0473996622891377],[101.31829958768088,3.0475999862927097],[101.31842984444523,3.047660175817896],[101.3184801490059,3.0477095813059236],[101.31844960833229,3.047730243057117],[101.31840019921896,3.047730243057117],[101.31826994487142,3.047660175817896],[101.31808040007127,3.047510155166492],[101.31797978974163,3.0473295950499164],[101.31791960021644,3.047079863141448],[101.31789983753782,3.046840012572261],[101.3179303806283,3.046619924681636],[101.31788995740698,3.0464195994696297],[101.31778036239376,3.046179751317254],[101.31771029515454,3.0459596622182517],[101.317759701851,3.045670407369414],[101.31781000520317,3.0454404369311305],[101.31779024494148,3.045359590488488],[101.31772017407695,3.045269758153836],[101.3176096811996,3.0452203490405054],[101.31740037492926,3.045269758153836],[101.31674999622203,3.0456901688395988],[101.31644995854452,3.0457395779529293],[101.3162101067669,3.0456802862918835],[101.31558038860237,3.0453101813751573],[101.31495965149617,3.0451197387108664],[101.31545013183802,3.0451098561630943],[101.31576005206324,3.0451700456883373],[101.31604032585375,3.0453101813751573],[101.31630982044084,3.045359590488488],[101.31660985811834,3.045370369691909],[101.31691977713518,3.0452796382846827],[101.31788995740698,3.044949957797712],[101.31842984444523,3.044959839136993],[101.31885025633943,3.044930193910716],[101.31905956260977,3.0447801756761237],[101.31915029160012,3.044589734220267],[101.31917005548712,3.0444001894201165],[101.31905956260977,3.0441396758913584],[101.31867957514532,3.0437498095044475],[101.31832024943202,3.0433302942659566],[101.31802021175452,3.0429503080099494],[101.3176896334034,3.04273021891089],[101.31743990028644,3.0426601516717255],[101.31715962649594,3.042609847111123],[101.31679041823492,3.0425999657717853],[101.31628017763137,3.0426601516717255],[101.31584988318946,3.042689796898003],[101.31538994593808,3.0427796292326548],[101.31513033389876,3.042820051245542],[101.31490036346042,3.0429098823717595],[101.31441976566629,3.0432296839363175],[101.3140802026316,3.043389583510134],[101.31336963439918,3.043410244052893],[101.31304983404306,3.0434901938398298],[101.31268961046561,3.04361955274004],[101.31226021630471,3.0435997888530437],[101.3118299218628,3.0434704335780793],[101.31141041024961,3.0433204129266755],[101.31118043981127,3.043159615488719],[101.31134033938508,3.0431299702623846],[101.3115801911627,3.0431200889231036],[101.31226021630471,3.043309633723254],[101.3126599640309,3.0433500581530097],[101.31295012036912,3.0432799909137884],[101.31321961495621,3.0431901585791366],[101.31347024593725,3.0430599030231633],[101.31419967777572,3.042890122110066],[101.3145500224307,3.042820051245542],[101.31478987058301,3.042740101458662],[101.31507014437352,3.0425999657717853],[101.3152300439474,3.0425002520978524],[101.31590018775006,3.0425002520978524],[101.31599990021556,3.0424400637811004],[101.31599990021556,3.0423699953335017],[101.31593971431568,3.042260400320231],[101.31582023796312,3.04211038329413],[101.31564955918589,3.0419801265297224],[101.3152300439474,3.0417995664131467],[101.31490036346042,3.041699852739214],[101.31465961381866,3.041650446042752],[101.31432005199235,3.04140969640099],[101.31394994707563,3.0410000637102144],[101.31359960242065,3.0405500090066084],[101.31308037713353,3.0401098356422267],[101.31264020376915,3.039719966838504],[101.31230962300117,3.039499878947879],[101.31184968574979,3.0392097226096553],[101.31167002228892,3.039090248673972],[101.31159007250204,3.03900041633932],[101.31175985462357,3.039010296470167],[101.3118999903104,3.0390201778095047],[101.3119601786272,3.0389698732489023],[101.3119601786272,3.038870160783347],[101.31181015797574,3.038720140131943],[101.31164037706264,3.0385503592188456],[101.31146969828535,3.038330273745089],[101.31179039771405,3.0384299850021534],[101.31202036452709,3.0385602405581267],[101.31275967770483,3.0394702361384134],[101.31371997663729,3.0404404139933376],[101.31440000177929,3.041039591484264],[101.31465961381866,3.041140203022337],[101.31523992649511,3.041290220048438],[101.31548965961201,3.0414195789487053],[101.3156801022763,3.041650446042752],[101.31585976452874,3.041820226955906],[101.31688024936113,3.0423403501071675],[101.3171802870387,3.042389759220498],[101.31735995049957,3.0422496211168095],[101.31736983183885,3.042089721542993],[101.31710033725176,3.0418399908429024],[101.31683982734825,3.0415803751782846],[101.31667004401828,3.0412803411260256],[101.31643019465753,3.0409201139233346],[101.31632958432783,3.040579654232886],[101.31626041374437,3.0400703078681772],[101.3162298706539,3.0394495743872767],[101.31632958432783,3.0391504345738554],[101.31650026310513,3.038829735145214],[101.31658021168363,3.0385395800153674],[101.31649038055741,3.038159592550926],[101.31635024487059,3.03782002951624],[101.31605020719303,3.0375702988161493],[101.31568998361564,3.03729990394811],[101.31532975762133,3.0369702234611395],[101.31486982036995,3.0363800306537883],[101.31461020833058,3.036140178876167],[101.3142796275626,3.035959618759591],[101.31387987862803,3.0357601914117254],[101.31356007706347,3.0355203420509724],[101.31313966516927,3.0351700010212426],[101.31283962749177,3.035029862917554],[101.31198982143661,3.034910385356568],[101.31166014094964,3.0347998924792137],[101.31121008624598,3.0345600431184607],[101.310859741591,3.0343103124184267],[101.31076002791707,3.0341998195410156],[101.31078967314335,3.034150410427685],[101.31093969137794,3.0341800568624535],[101.3128099846823,3.0348097738184947],[101.31316032692041,3.0348600807959656],[101.31336963439918,3.0350100990305577],[101.3136597907374,3.0353101367080626],[101.31391041930164,3.035479917621217],[101.31410984544107,3.0355598674080966],[101.314209559115,3.035549988485684],[101.31424998475319,3.0354098491735613],[101.314209559115,3.0352697110698728],[101.31371997663729,3.034920266695906],[101.31341993895978,3.0345501617791797],[101.31326992193368,3.0343103124184267],[101.31309025847281,3.034000393401584],[101.31289981580852,3.033449727159848],[101.31293035889894,3.0334101993857985],[101.31296988425612,3.0334200819335138],[101.31324027549891,3.034109988414798],[101.31341006003737,3.034300431079089],[101.31393018318863,3.034690299882868],[101.31440000177929,3.035039744256835],[101.31460032578286,3.0353604436855335],[101.31506026303424,3.035959618759591],[101.31614992086702,3.037030409361023],[101.31658021168363,3.0373798537350467],[101.31705003148272,3.037660131150801],[101.31763034295074,3.037790384289906],[101.31789983753782,3.03782002951624],[101.31812980676773,3.0377203170507414],[101.31840019921896,3.0375002291601163],[101.3187298821228,3.037149886921952],[101.3187801866834,3.0369603421218017],[101.31909998824796,3.03663964269316],[101.31929042970381,3.0363396050155984],[101.319329955061,3.035939854872595],[101.319329955061,3.0356802416247888],[101.31926976916111,3.0355796312951497],[101.31917005548712,3.035549988485684],[101.3190299198003,3.0355598674080966],[101.31886013647033,3.0356299382726206],[101.31864005099658,3.0357601914117254],[101.31841996310595,3.035809600525056],[101.31821963789395,3.0357898366380027],[101.3180300930938,3.0356802416247888],[101.31789983753782,3.0354296130606144],[101.31764022429007,3.0350801686865907],[101.31734018661251,3.0349597944698985],[101.31698984558284,3.034790013556801],[101.31734018661251,3.0347998924792137],[101.31770041260683,3.034940030582902],[101.31806962086785,3.0352203043734107],[101.31835977720607,3.0354197317212765],[101.31856998013211,3.0354296130606144],[101.31909998824796,3.035140354586474],[101.31941978618721,3.0350604060080286],[101.31969018105531,3.0347998924792137],[101.31983031674213,3.03423036263149],[101.31980965499093,3.0338602552978955],[101.31971982386472,3.033579981507387],[101.31947997450396,3.033369774956043],[101.31925988661334,3.033289825169163],[101.3184801490059,3.033299706508444],[101.31826994487142,3.033159570821624],[101.31811004288073,3.033079618617819],[101.31782976909022,3.0330095513786546],[101.31751985007338,3.032860431008203],[101.31703027001254,3.0324499004533436],[101.3164598398838,3.0321902884139718],[101.31585976452874,3.0319702005233466],[101.31538994593808,3.0318695889852734],[101.31475034643427,3.0317797578590557],[101.3145599013531,3.031699808072176],[101.31446019009604,3.0315695513077685],[101.3148302962212,3.03158033051119],[101.31591006908934,3.0317195719591723],[101.31662962079696,3.0318803681886948],[101.3172503554863,3.0321804058662565],[101.31808040007127,3.03260980002716],[101.31846038753571,3.032899956365384],[101.31882959579673,3.033030211921357],[101.31915029160012,3.0330499758083533],[101.31935960028727,3.032929601591718],[101.31963987407784,3.0325900397654664],[101.3199003876066,3.0323897145534033],[101.32020042165885,3.0322900020879047],[101.32033966310678,3.0321902884139718],[101.32035044231026,3.0320303888401554],[101.32031989921978,3.0318300648365266],[101.32020042165885,3.031450077372085],[101.32021030420657,3.030910187916959],[101.32029025399345,3.0307296278003832],[101.320409730346,3.0303801834263595],[101.32047979879366,3.029990314622637],[101.32038008511967,3.0297100396236942],[101.31999021873281,3.029289627729497],[101.31993003041606,3.0291099642686277],[101.31985008062912,3.028899758925718],[101.31983031674213,3.028679673452018],[101.31963987407784,3.028330226661126],[101.31940002592546,3.0282296151230526],[101.31903979872277,3.028309564909989],[101.31882959579673,3.0281604457480285],[101.31864993233586,3.028110141187369],[101.31825018098442,3.028040070322902],[101.31781988775089,3.028100259848088],[101.31758991972941,3.0282799221005234],[101.31747044337692,3.0284398216743966],[101.31734018661251,3.0284901286518675],[101.3170096082614,3.0286401456779686],[101.31668980790528,3.0288898763780026],[101.31647960135399,3.0291503899068175],[101.31624963454095,3.029170153793814],[101.31590018775006,3.029170153793814],[101.3156603383893,3.029080321459162],[101.31548965961201,3.0290003692554137],[101.31623975199318,3.0290596609164595],[101.31641043077047,3.028920419468477],[101.3167598751445,3.028609602587494],[101.31711021979947,3.0284200577873435],[101.31757015705085,3.028090377300373],[101.31778036239376,3.0278604080704667],[101.317759701851,3.0277301537229278],[101.31765998817707,3.0276097795062924],[101.31753961396038,3.0275900156192392],[101.31735995049957,3.027599896958577],[101.31714974394822,3.027630440048995],[101.31683982734825,3.027630440048995],[101.31650026310513,3.027570251732243],[101.31605020719303,3.027539711058637],[101.31583011930246,3.0276196608455734],[101.31559026994171,3.0277499151931124],[101.31538994593808,3.0279502391966844],[101.31528035092487,3.027999648310015],[101.31508990826057,3.0279601205359654],[101.31506026303424,3.027870289409748],[101.31508990826057,3.0278002221705833],[101.31523992649511,3.0277696790801087],[101.31556960939895,3.0275001844930216],[101.3159298329764,3.027449879932419],[101.31582023796312,3.0273600488062016],[101.31505038169496,3.026909990477293],[101.3149300086867,3.026909990477293],[101.31465961381866,3.026919873025008],[101.31432005199235,3.0269899402641727],[101.3140002504278,3.027100433141584],[101.31394006452791,3.0270896539381624],[101.31394006452791,3.0270402472416436],[101.31409008276245,3.026869568464406],[101.31437035896982,3.0268201593510753],[101.31461020833058,3.026759973451135],[101.31429040676608,3.02645993577363],[101.3140604387446,3.0261796619831216],[101.31407032129232,3.025990117182971],[101.31429040676608,3.026239847883005],[101.31467039423052,3.0265398855605667],[101.31507014437352,3.026779737338188],[101.31548965961201,3.0269899402641727],[101.31596037606681,3.027180385345332],[101.3164598398838,3.027369927728671],[101.31715962649594,3.027420234706142],[101.31728000071263,3.0273896916156673],[101.31728988205191,3.0272899779417344],[101.31723957628287,3.0271498422549143],[101.31697996303507,3.026960297454764],[101.31668980790528,3.026709666473664],[101.31643019465753,3.026420410416449],[101.31614992086702,3.0260601844221355],[101.31561991275112,3.0255903658314764],[101.31594959686339,3.025680196957694],[101.31621998810618,3.0258499778708483],[101.31691977713518,3.02667014111654],[101.31750997115097,3.027219909494079],[101.3176896334034,3.0272899779417344],[101.31813968931544,3.0275199471716405],[101.31869035434875,3.02783974631933],[101.31918981937417,3.0279098171837973],[101.31986984451612,3.027890053296801],[101.32002974288156,3.0277499151931124],[101.32013035441963,3.027570251732243],[101.32013035441963,3.0273097418287307],[101.32008004985903,3.0270501285809814],[101.31978001218147,3.0265003602033858],[101.31964975662555,3.026190441186543],[101.31958957072561,3.0258796243056167],[101.31958957072561,3.0254295683935197],[101.31960034992909,3.0250298182504594],[101.31953027906457,3.024879800015924],[101.31939014337775,3.02477020500271],[101.31917993682646,3.0247100166859013],[101.31894008867408,3.0246902552157735],[101.31869035434875,3.0247297805729545],[101.31847027008342,3.024869918676643],[101.3183301307713,3.0250801216026275],[101.31826006353214,3.025440347596941],[101.31819987521538,3.0251097668289617],[101.31826006353214,3.0249597498028606],[101.31834001331907,3.024719898025239],[101.31832024943202,3.0245896412608317],[101.31829958768088,3.024499810134614],[101.31826994487142,3.024429742895393],[101.3181001615414,3.024359674447794],[101.31802021175452,3.0243902175382686],[101.31785043084136,3.0244198603476775],[101.31763034295074,3.024359674447794],[101.3174596641735,3.0244099790083965],[101.31735006916023,3.0244198603476775],[101.3173096459389,3.024359674447794],[101.31736983183885,3.0242896072085728],[101.31758003839013,3.0242204366251144],[101.31791960021644,3.0241701296476435],[101.31811004288073,3.02425007943458],[101.318439726993,3.0244800486644863],[101.31867957514532,3.024540235772804],[101.3189104434478,3.0245303532250887],[101.31915029160012,3.0244701673251484],[101.31924012393478,3.0243695569955094],[101.31926976916111,3.024230315547527],[101.31927965050039,3.024059636770289],[101.31922036246459,3.023889855857135],[101.31879006802268,3.023320323592543],[101.31831036809274,3.0227903191019436],[101.3179303806283,3.0225100416861324],[101.31771029515454,3.0223196002302757],[101.31756027450314,3.022239650443339],[101.31699972692212,3.022229767895624],[101.31653978967074,3.0222603109860984],[101.3162298706539,3.0223699059993123],[101.31590018775006,3.0223797885470276],[101.31561991275112,3.0223097176825604],[101.31546001438574,3.022139936769406],[101.31541958874755,3.0218497804311824],[101.31546989572502,3.0214401513657094],[101.31545013183802,3.0211302311404893],[101.31532975762133,3.020920024589145],[101.3153603007118,3.0207197005855733],[101.31538994593808,3.020450205998486],[101.31537018205108,3.020310070311666],[101.31518962193451,3.020179814755693],[101.31497043190802,3.020109746308094],[101.31410984544107,3.020089982421041],[101.31366967207668,3.0201402869816434],[101.31326992193368,3.020249881994914],[101.31257013290468,3.020569683559472],[101.31202036452709,3.0208796001593896],[101.311539766733,3.021200299588088],[101.3111301364591,3.0216000497311484],[101.31077979180407,3.021999801082586],[101.3105803644562,3.0224202105599147],[101.31053006110403,3.022769657350807],[101.31047975412656,3.0230301684626966],[101.31038004045263,3.022650180998255],[101.31035039764316,3.0224696196732452],[101.31052017855632,3.022180361199162],[101.31046987157885,3.0221004126206594],[101.3104096856789,3.0220599869825264],[101.31030009066569,3.0221201752992783],[101.3102003782002,3.022239650443339],[101.31006024251337,3.0223896698863655],[101.30990034052263,3.02250016276372],[101.30977996751443,3.022539688120901],[101.30970001531063,3.022699586486283],[101.30959042271428,3.0227400121244727],[101.30937033482365,3.022800198024413],[101.30915024693303,3.0229897428245636],[101.30904963660339,3.0231900668281355],[101.30895980426874,3.0232996618413495],[101.30891039878071,3.02316042401867],[101.30888973702957,3.023119999588914],[101.30889961836886,3.0230202859149813],[101.30893016145933,3.0228801502281613],[101.30887985448186,3.022769657350807],[101.30884033033311,3.0227301307851917],[101.3087603781293,3.022689705147002],[101.30857981801273,3.022699586486283],[101.30844956124832,3.0227103668981954],[101.30877025946859,3.0225199242338476],[101.30894992292946,3.0223501433207502],[101.30917001082008,3.022340260773035],[101.3092796058333,3.022299838760148],[101.30950957264633,3.021999801082586],[101.30964971195846,3.021880323521657],[101.31021025953947,3.021730306495499],[101.31067019679085,3.021570404504814],[101.3108804021337,3.0213898443882385],[101.31098999714698,3.0211598763667666],[101.31118043981127,3.0209299071368605],[101.31137986715913,3.020760126223763],[101.31174997207586,3.0205903441021746],[101.31217038517849,3.0203900200986027],[101.31237969024039,3.0202202391854485],[101.31244976110486,3.0200495579912854],[101.31242999721786,3.019760299517202],[101.31237969024039,3.01941983982681],[101.31233028354393,3.0191898693884696],[101.31220990932724,3.0190398523623685],[101.31202036452709,3.0190200884753153],[101.31181015797574,3.0190497337016495],[101.31161971531145,3.0190497337016495],[101.31129003482448,3.018809881924028],[101.31123972905544,3.018790119245409],[101.31122984650773,3.0187496960241447],[101.31127027214592,3.0187101694585294],[101.31135022193286,3.0187200507978105],[101.31157030982342,3.018800000584747],[101.31181015797574,3.0187802391145624],[101.31207965256283,3.018700286910814],[101.31228985911417,3.0187101694585294],[101.31235992997864,3.0188197644717434],[101.31244976110486,3.019109919601533],[101.31256025398221,3.019400075939757],[101.31276955904411,3.0196902322780375],[101.31297976559546,3.019770180856483],[101.31354031317647,3.019789944743536],[101.31417003496625,3.0197099949565995],[101.31545013183802,3.0198195911782477],[101.31585976452874,3.0197099949565995],[101.31608973255021,3.019519553500743],[101.31631970178012,3.019209633275466],[101.31647960135399,3.0188296458110244],[101.31647960135399,3.018149620669078],[101.31639965156705,3.0176995659654153],[101.3162298706539,3.017319578500974],[101.31605020719303,3.017100388474489],[101.31597025740615,3.017100388474489],[101.31582023796312,3.017260290465174],[101.31561003141184,3.017449832848513],[101.31532975762133,3.0176196161784787],[101.31526957172144,3.0176303953819],[101.31523992649511,3.0176097348391977],[101.31528035092487,3.0175396639747305],[101.31546001438574,3.017309697161693],[101.31554984551195,3.017009659484131],[101.31568998361564,3.016789571593506],[101.3156603383893,3.0166602151101642],[101.31561991275112,3.0165802653232276],[101.31555972685123,3.016559603572034],[101.31537018205108,3.0166099081326934],[101.31516985804751,3.016689857919573],[101.3149300086867,3.0169099458101982],[101.31439012044001,3.0174902572782685],[101.3142796275626,3.0175396639747305],[101.314189795228,3.0175001398259838],[101.31403977820185,3.0173896469485726],[101.31379004750181,3.017360000513861],[101.31347024593725,3.0172998146139207],[101.31313966516927,3.0172396287140373],[101.3128602892429,3.0172998146139207],[101.31268961046561,3.017459714187794],[101.3125503714345,3.017660038191366],[101.31235992997864,3.017469596735509],[101.31222967321423,3.017410307491332],[101.3121101956533,3.0172800519353586],[101.3119601786272,3.0170698453840714],[101.3117796173022,3.0168704216614515],[101.31174997207586,3.016689857919573],[101.31189011017955,3.0167302823493287],[101.31218026651777,3.0167796890457907],[101.31251982834408,3.016989895597135],[101.31279022079525,3.016999776936416],[101.31310014102053,3.016989895597135],[101.31339029615032,3.0170402025746057],[101.31364990939812,3.01711026981377],[101.31389964009816,3.0171201523615423],[101.31409008276245,3.0170402025746057],[101.31432993333163,3.0168704216614515],[101.31463985355691,3.0167096218066263],[101.31522016502498,3.01645000855882],[101.31545013183802,3.0161598534290306],[101.31559026994171,3.0159101227289398],[101.31559026994171,3.0156801522906562],[101.31548965961201,3.015419642387144],[101.31533963896061,3.01531004737393],[101.31509979080829,3.01531004737393],[101.31471980334385,3.0153702332738135],[101.31409996410179,3.0156999161776525],[101.31384035085398,3.015769984625308],[101.31341006003737,3.015740340607408],[101.31319985348603,3.0155903211644386],[101.3133597530599,3.015610085051435],[101.31377028361476,3.015559778073964],[101.31412960932806,3.015419642387144],[101.31423022086614,3.01526962173574],[101.31422033831842,3.0151699092702415],[101.3140802026316,3.0150701980131203],[101.31388975755044,3.0149695840581785],[101.31358972349824,3.014850110122552],[101.31339029615032,3.014659667458261],[101.31333998917285,3.014589596593737],[101.31412960932806,3.0147899218058],[101.31447995156623,3.0149300599094886],[101.31472968468313,3.0150198910356494],[101.31492012734742,3.015000127148653],[101.3150800269213,3.0148896342712987],[101.31516985804751,3.014739617245141],[101.31526957172144,3.0143003417449563],[101.31568998361564,3.0138197427424416],[101.31623975199318,3.0134801784992646],[101.3179097188771,3.012930410121726],[101.31809028261898,3.0128001533573183],[101.31812980676773,3.012640253783445],[101.31812980676773,3.0125099970190945],[101.31809028261898,3.012430048440592],[101.31796990719391,3.0123797438799897],[101.31774981930329,3.012369862540652],[101.3174803247162,3.012410284553539],[101.31689013190885,3.0123896228024023],[101.31599990021556,3.012420165892877],[101.31576005206324,3.0123402161059403],[101.31558038860237,3.0122000804191202],[101.31543036795097,3.011919804211743],[101.31532975762133,3.0116000050640537],[101.31522016502498,3.0114302241508994],[101.31511955107004,3.0113700358341475],[101.31500995847364,3.011319731273545],[101.31546989572502,3.010980167030425],[101.31564955918589,3.010690010692201],[101.31568998361564,3.0102597186671005],[101.31556960939895,3.0098303257146313],[101.31535041816403,3.0095302880371264],[101.31507014437352,3.0092697745083115],[101.31476022535674,3.0092302503595647],[101.31447995156623,3.0092697745083115],[101.31419967777572,3.0094395554214657],[101.3140002504278,3.0096300017110593],[101.31371997663729,3.010060292527669],[101.31327980327296,3.010580418095799],[101.31301030868588,3.010849912682886],[101.31276955904411,3.0109397438091037],[101.31236980890105,3.010949626356819],[101.31217038517849,3.010949626356819],[101.31206977364042,3.010999929708987],[101.31198982143661,3.0110798794959237],[101.3119601786272,3.011149950360391],[101.31203024586637,3.011299967386549],[101.3121299595403,3.01161976895105],[101.31219014544024,3.011970111189214],[101.31214972342735,3.0121398921023683],[101.31197005996648,3.0123797438799897],[101.31173020818886,3.0125701865442807],[101.31147958083307,3.0127202035703817],[101.31181015797574,3.012270148866719],[101.3118999903104,3.011970111189214],[101.31188022884027,3.011520055277117],[101.3117796173022,3.011149950360391],[101.31164037706264,3.0109298624698226],[101.31144993439835,3.010740317669672],[101.31121996758532,3.0105498750053243],[101.31099987969469,3.01047980776616],[101.31054982499103,3.0104402799921104],[101.31015995497887,3.0102103131790727],[101.3100099355359,3.0101402423146055],[101.30982039073575,3.0100998203017184],[101.30962994807146,3.0100198680979133],[101.30948981238464,3.0098797324110933],[101.30924007926768,3.0096704237239464],[101.30907029714615,3.00955004829882],[101.30888973702957,3.009499744946652],[101.30871995611642,3.0095698121858163],[101.30843968232591,3.0098797324110933],[101.30823037363876,3.010169887540883],[101.30810011687436,3.010430397444395],[101.30804981231375,3.0107600815566684],[101.3080300484267,3.0110196935960403],[101.30797974265766,3.011149950360391],[101.3078602675136,3.011449985621084],[101.30774977463619,3.0116799548509903],[101.30759975519322,3.011970111189214],[101.30744973695869,3.012319555563181],[101.30739044892289,3.0125998293537464],[101.30735002449319,3.012989698157469],[101.30732038168372,3.013250211686227],[101.30751980540629,3.014329984554422],[101.30767970739703,3.0149004146831544],[101.30772012940992,3.015160029139338],[101.30766982484926,3.0154699469477464],[101.30747039870982,3.0158499332037536],[101.30721976772878,3.0162101604065015],[101.3068802046941,3.0168102321362653],[101.3066098134513,3.017430071378328],[101.30641038610338,3.0178100588427696],[101.30628012933903,3.0181100965203314],[101.30619029821281,3.018490083984773],[101.30604028118671,3.01875957857186],[101.30583995718308,3.0191799880491885],[101.30577977007476,3.0193901946004758],[101.30576988873548,3.01955997551363],[101.30576988873548,3.0199399629780714],[101.30578965020561,3.0206101055723593],[101.30598009528677,3.021360201578773],[101.30594955219635,3.0215497427536775],[101.30582019329609,3.0218003749431546],[101.30566029372221,3.022009682421867],[101.30558034393533,3.02221000763393],[101.30558034393533,3.022539688120901],[101.30569981787096,3.022800198024413],[101.30582019329609,3.023119999588914],[101.30589026295212,3.0235799368402922],[101.30583007463537,3.023879974517854],[101.30573036096143,3.024100062408422],[101.3056297506318,3.02425007943458],[101.30561986808408,3.0240102300737703],[101.3056504111745,3.023780260843921],[101.30573036096143,3.0234595614152227],[101.30560998674474,3.0230598136890308],[101.30551027669611,3.022860386341165],[101.3053800199317,3.0226097553600653],[101.30533959429357,3.022410331637502],[101.30523988182802,3.0222198865563428],[101.3050799822542,3.022139936769406],[101.30441972099925,3.0221004126206594],[101.30500991380654,3.0220501056431885],[101.30530007014482,3.0219099699563685],[101.30566029372221,3.0215497427536775],[101.30571958175801,3.0212901307143056],[101.30570970041867,3.021019738263078],[101.3056504111745,3.020859838689262],[101.30556956473185,3.0205598010117],[101.30553991950558,3.020249881994914],[101.30555968218414,3.019770180856483],[101.3056297506318,3.0193497713791544],[101.30569981787096,3.019059616249365],[101.30568993894855,3.0188700714492143],[101.30563963197108,3.0187299333455258],[101.30540966274117,3.0185799151109904],[101.30568005760927,3.0185296081335196],[101.30582019329609,3.0183795911074185],[101.30596033139977,3.0181397393297402],[101.30618041929034,3.017560325725867],[101.30644991387743,3.0170303200268904],[101.30667988069047,3.0166503337708264],[101.3069502731417,3.0161598534290306],[101.3071802423716,3.015779865964589],[101.30727995604553,3.015460064400031],[101.30729971993259,3.015150147800057],[101.30728983859325,3.0148096856927964],[101.30704010426791,3.013649959412419],[101.30697991836803,3.0131199549218763],[101.30697991836803,3.012630372444164],[101.30705986815491,3.012289912753772],[101.30747039870982,3.011319731273545],[101.30775965718391,3.0106702492220165],[101.3080300484267,3.0100001066277855],[101.30811988076135,3.0094296764989963],[101.30810011687436,3.009049689034555],[101.30787015006132,3.0087801944474677],[101.30762041573598,3.008620292456783],[101.30690985112881,3.0082304236530604],[101.30651009977737,3.0078899639626115],[101.3060600450737,3.007550398511057],[101.30571958175801,3.0073698383944816],[101.30543032328393,3.0072701247205487],[101.3050799822542,3.007250364458855],[101.30480958980297,3.0073303130373006],[101.30462004500282,3.0073303130373006],[101.30422029365133,3.0070698007169767],[101.30392025597382,3.00698985093004],[101.30333994450581,3.0069296650301567],[101.3022502890899,3.0067095771395316],[101.30197989543024,3.006720356342953],[101.30172028218249,3.006750001569287],[101.30145977227897,3.0068703769943568],[101.30136005860504,3.006999732269321],[101.30128999015744,3.0071704110466158],[101.3012801088181,3.007299769946883],[101.30128999015744,3.0075602810587725],[101.30134029471805,3.008160356413839],[101.30135017726576,3.008620292456783],[101.30133041337871,3.009109874934495],[101.3012801088181,3.0094197951597152],[101.30116961594075,3.009750373510826],[101.30116961594075,3.0098896137503743],[101.30131963417529,3.010179770088598],[101.30145977227897,3.01059029943508],[101.30156038260861,3.0109397438091037],[101.30166009628255,3.0115398167473018],[101.30206972655645,3.0121398921023683],[101.30219998332086,3.0123303347666592],[101.3022799331078,3.0128603416740702],[101.30241018866377,3.0132196685958093],[101.30247037456365,3.0134397564863775],[101.30250002099842,3.0135700096254823],[101.30226017163761,3.0132304477992307],[101.30214967876026,3.013049886474221],[101.30203020119927,3.012640253783445],[101.30184964108275,3.012120128215315],[101.3017104008432,3.0119099252893307],[101.30151007563114,3.011609887611769],[101.30144988973126,3.0113897997212007],[101.30141036558251,3.0111598292828603],[101.30138970383138,3.0109199811304848],[101.30130975162757,3.010649588679314],[101.30123968438835,3.0104600438791635],[101.30111032790501,3.0102103131790727],[101.3009998350276,3.009750373510826],[101.30101959649778,3.0094296764989963],[101.30112020924429,3.0091296388214914],[101.30121992050135,3.00867958170096],[101.30118039514417,3.007940268523214],[101.30107978481453,3.007309652494598],[101.3009603072536,3.007050039246792],[101.30071956123709,3.006880255916826],[101.30023986009871,3.0066502891037885],[101.29992005853416,3.006580220656133],[101.29949964663996,3.006520032339381],[101.29893999692308,3.006420318665448],[101.2986004338884,3.006260419091575],[101.2981297174336,3.0060798589749993],[101.29778027305957,3.0059999091881195],[101.29649029122328,3.005399833833053],[101.29582014862899,3.0051599820554316],[101.29552011095149,3.0050899148162102],[101.29538985660395,3.0050899148162102],[101.29530990440014,3.005179745942428],[101.2952003118038,3.0053100027068353],[101.2952003118038,3.0054699022806517],[101.29522995461326,3.005639683193806],[101.29529014293001,3.005810364387969],[101.29544016116455,3.00596038141407],[101.29566024905517,3.0060295519975284],[101.29598992954215,3.006089740314337],[101.29620013609343,3.006179572648989],[101.29666995468409,3.0065002684523847],[101.29694034592688,3.00684971524322],[101.2974999968522,3.0073204316980195],[101.29797969799063,3.0078702000756152],[101.29820966722048,3.008069627423481],[101.29828961700741,3.0082995942365187],[101.29828961700741,3.0084002081914605],[101.29825009285867,3.0084603940914008],[101.29818990333348,3.0085601065568994],[101.29817013944648,3.0085502252176184],[101.29816026052401,3.008509800787863],[101.29809019086798,3.0083103758568086],[101.29782967975603,3.008069627423481],[101.29755030382967,3.007619571511441],[101.29741016572598,3.007449788181418],[101.29663042932697,3.0066996945918163],[101.29620013609343,3.0063897755749736],[101.29597016807196,3.006299944448756],[101.29566024905517,3.0062496398881535],[101.2953296682872,3.006179572648989],[101.29517965126104,3.006089740314337],[101.29507005503939,3.0059496022106487],[101.29499998780017,3.005649564533087],[101.29499010525245,3.0052695770686455],[101.2949496808227,3.005039610255608],[101.29484008580948,3.004869826925642],[101.29448974357138,3.0045500277779524],[101.29348992049012,3.003910428274139],[101.2927003003349,3.003490015171508],[101.29105009492116,3.0027498041296212],[101.29073029577347,3.0026500916641226],[101.29037006977916,3.0026096660259327],[101.29002961008877,3.0024398851127785],[101.28971968986349,3.0023599353258987]],[[101.2847798552425,2.970619764784658],[101.28456964869122,2.970629646123939],[101.28434956080059,2.9707904435619525],[101.28420044163863,2.970999751040665],[101.28418966122672,2.971299788718227],[101.2840800662135,2.971640249617053],[101.28380967376228,2.971960049973177],[101.28246040389018,2.9728296199153306],[101.28150998629701,2.9732203865831934],[101.28119018835775,2.9734198115141908],[101.28106981293263,2.9737396118703145],[101.28113988138028,2.9742597386468788],[101.28135996927091,2.974629843563605],[101.28183967040928,2.975210155031675],[101.28257988145117,2.9758398731961506],[101.28368031848731,2.9764498298904982],[101.28431003665185,2.9766995617990233],[101.28487956891644,2.976989716928813],[101.28544999783679,2.977349940506258],[101.28611025909174,2.977979661087602],[101.28665014613,2.978470139012586],[101.2874496476245,2.97928042091894],[101.28784041429242,2.979910137875038],[101.28838030133068,2.9809297284685954],[101.28826980845332,2.981459732959138],[101.28811979142722,2.9817903137271173],[101.28779010852338,2.982330200765432],[101.28758978331138,2.9826598812524026],[101.28747030937569,2.982950036382192],[101.28747030937569,2.9833003810372247],[101.28758978331138,2.983610301262445],[101.28774968530206,2.983819606324346],[101.28818985866639,2.9840998801148544],[101.28896959748232,2.9844601073175454],[101.28947984050274,2.9846002430043654],[101.29072041443419,2.9852398425081788],[101.29085965225687,2.985430287589338],[101.29093960204375,2.985709661098838],[101.29112016216033,2.9862001414406905],[101.29131958950825,2.986790335456419],[101.29157022048929,2.9874101734901046],[101.29186037561908,2.9879401791890814],[101.29203015653223,2.988189909889172],[101.29327971393883,2.9896002659421583],[101.29343961351265,2.989680215729038],[101.29393997519378,2.98977004806369],[101.29415018174507,2.989929946429129],[101.29431008131894,2.9901697982067503],[101.29447986223204,2.990600090231794],[101.29419958844153,2.99029017363182],[101.29403968886771,2.9900898484198137],[101.29379983709009,2.9899595928638405],[101.29327971393883,2.9898598791899076],[101.29309016913868,2.989789810742309],[101.292850317361,2.989579605399399],[101.29244966935386,2.9890900229217436],[101.2920795632287,2.988550135883429],[101.29174988274173,2.98808031729277],[101.29143996372488,2.987589836950974],[101.29127018281173,2.987209849486476],[101.29112016216033,2.986849623492219],[101.29101955183069,2.9864103479919777],[101.29088031279957,2.9859504107405996],[101.29076981992222,2.985680018289429],[101.29047966479237,2.9854096270466357],[101.28986970809802,2.9851401324595486],[101.28951038117634,2.9850503001248967],[101.28854020332142,2.984699955469921],[101.28808026365317,2.98445022476983],[101.2877703470532,2.9840899987755733],[101.28750983352444,2.9838303867362015],[101.28736969783762,2.983780082175599],[101.28716039035885,2.9838402680754825],[101.28696994769456,2.9839597456364686],[101.28678040289441,2.984179833527037],[101.28655043245607,2.9845202932174857],[101.28645970346571,2.984760144995107],[101.28645970346571,2.9850503001248967],[101.2864803652169,2.985420406250057],[101.28646958601342,2.985709661098838],[101.28638963622655,2.9858497992025264],[101.2861596657882,2.986019581324115],[101.28598988487505,2.9862100227799715],[101.28587041093937,2.98637980490156],[101.28581022141418,2.986549588231526],[101.28569972853683,2.987100254473262],[101.28560989741061,2.9873904108114857],[101.28552006628439,2.987669786737854],[101.28555959285,2.9878701107414827],[101.28566020438808,2.9881000775545203],[101.2858201039619,2.9883004027665265],[101.28602042796552,2.9884297616667936],[101.28622973665267,2.9884701860964924],[101.2868001667814,2.988489947566677],[101.28645970346571,2.9886004404440314],[101.28628992255261,2.98870015290953],[101.28599976621433,2.988719916796583],[101.28577967832376,2.988649849557362],[101.2856296612976,2.9885195927930113],[101.28557037326186,2.988349811879857],[101.28552006628439,2.988129723989232],[101.28544011649745,2.9879797057546966],[101.28536016671057,2.987930296641366],[101.28529997839377,2.9879599418677003],[101.28515984270695,2.988139605328513],[101.284499581452,2.9888798163703996],[101.28440974911734,2.9890999042610247],[101.28439986777806,2.98931999215165],[101.28444029220782,2.989629908751567],[101.28446005367795,2.9901096098899984],[101.28441963166506,2.9903395791199046],[101.28429027276485,2.9905704474223853],[101.2839300491874,2.9909800776962356],[101.28343956884555,2.991560389164306],[101.28319971706793,2.9919601393073094],[101.2829499863679,2.992459604332737],[101.28265983002967,2.992969844936283],[101.28235979235211,2.9937603629556406],[101.28211994419979,2.9945401017715767],[101.28150998629701,2.995549806192116],[101.28134020538386,2.9959702192946907],[101.28106981293263,2.99636008809847],[101.28079043700626,2.996650244436694],[101.28005022596443,2.997139826914406],[101.27932977639267,2.997589881618012],[101.2787000582282,2.998160311746801],[101.2783200707637,2.998669654486207],[101.2774702647086,2.99994975498322],[101.27735977183124,3.000150078986792],[101.27731036271791,3.0003800494251323],[101.27735977183124,3.0005300664512333],[101.27746038336932,3.0006504418763598],[101.27761040039542,3.0006998473643876],[101.27774964063497,3.0006998473643876],[101.27787001243479,3.000660323215641],[101.27804967589566,3.000619898785885],[101.28133032404457,2.9991295941543967],[101.28234003209042,2.9986301303374603],[101.2830802431323,2.9981198861086114],[101.28383033551347,2.997599762957293],[101.28452024199476,2.9969098564760657],[101.28467026022929,2.9966197013462192],[101.28481039833298,2.996200188524597],[101.28491011200691,2.99569982684352],[101.28493975481638,2.995169819936052],[101.28487956891644,2.9941098073296644],[101.2849702979068,2.9928701324707845],[101.28514007881995,2.99233024543247],[101.2853098597331,2.9921101575419016],[101.28558025460114,2.991899953407426],[101.28581022141418,2.991699629403854],[101.2860096487621,2.9913995917262923],[101.28618032753934,2.991229810813195],[101.28652977433023,2.9910896727095064],[101.28617044499163,2.9914103709297706],[101.28591981642745,2.9917795791907906],[101.28564044050108,2.992129921428898],[101.28535028537124,2.9925296715719583],[101.28523979249388,2.992829709249463],[101.285179606594,2.993480089165132],[101.28519038579742,2.9942203002070187],[101.28516972404623,2.9953899078266772],[101.2851203149329,2.9956099957173024],[101.2847798552425,2.9967499569021925],[101.28459031044235,2.997059874710601],[101.2836704359396,2.998000412172928],[101.28274966236432,2.9986301303374603],[101.28166000694841,2.9991996626020523],[101.28089015068025,2.9995401222924443],[101.27817993266001,3.0009001725763937],[101.2780703376468,3.001030428132367],[101.27797960865644,3.001140024354015],[101.2778996588695,3.001280160040835],[101.27788977632179,3.0014795861803236],[101.2778996588695,3.001749978631551],[101.27801015174691,3.002110204625808],[101.27826976378623,3.002580023216467],[101.27878000801508,3.003330116806069],[101.27946991449636,3.0044404327646816],[101.27973042439987,3.0047602343292397],[101.28045985623828,3.0054195977200493],[101.28099974569346,3.006110402065474],[101.28132044149686,3.006479606701191],[101.2817004289613,3.0072297027076615],[101.28217024755196,3.0080103381793037],[101.28242986321663,3.0085601065568994],[101.2826301872202,3.0092401316988457],[101.2827999693418,3.009969563537311],[101.28300029334537,3.0102902629660093],[101.28327966927174,3.01061994345298],[101.28357970453237,3.010779841818419],[101.28417977988744,3.0108301487958897],[101.28474032746846,3.010740317669672],[101.28513019627223,3.010530111118328],[101.28529997839377,3.0104402799921104],[101.2856296612976,3.0100396307765322],[101.2862000914264,3.0093200814857823],[101.28637975367877,3.0090299263559928],[101.28649024655618,3.0087101247914347],[101.2865998415694,3.0083499012139896],[101.28681992946002,3.007759707198261],[101.28694030246828,3.0074902126111738],[101.28689987924696,3.007280007268264],[101.28669955524333,3.007200057481384],[101.28653965325265,3.0072099388206652],[101.28643994199558,3.0073500745074853],[101.28641029676925,3.0075701623981104],[101.28631956777889,3.0077399433112078],[101.28620997276568,3.0078396569851407],[101.2860303093048,3.0078396569851407],[101.28585962811064,3.007749825858923],[101.28572039028796,3.0075701623981104],[101.28559013352361,3.0073896022815347],[101.28559013352361,3.007280007268264],[101.28583986784895,3.0074399092590056],[101.28598988487505,3.0075602810587725],[101.28613002297874,3.0074902126111738],[101.28618032753934,3.0073500745074853],[101.28618032753934,3.007190174933612],[101.28620997276568,3.006999732269321],[101.2862998038919,3.0069099011431035],[101.28636987233949,3.006880255916826],[101.2868801153599,3.0069602081205744],[101.28704001493378,3.0068299513562238],[101.28710020445897,3.006619746013314],[101.28706966016006,3.006319708335809],[101.28702025467203,3.0059298383235955],[101.28713972860771,3.0052300529198988],[101.2872798667114,3.004680284542303],[101.28743976628522,3.003710103062133],[101.28735981649828,3.003480133832227],[101.2872798667114,3.0033597596155346],[101.28672021699452,3.0029600106809085],[101.28665014613,3.0028701795547477],[101.28681992946002,3.00288005847716],[101.28701037212431,3.0030004326937956],[101.287330171272,3.0031495530642474],[101.28750983352444,3.0031297915940627],[101.2876203264018,3.002979772151093],[101.28765985417584,3.0028099900295047],[101.28773980396278,3.0025395987867114],[101.287729921415,3.0021802718650292],[101.28766973551512,3.00184969109705],[101.28755025916263,3.001490365383745],[101.28726998537212,3.0003998096868827],[101.2872798667114,3.0001204337605145],[101.28737958038533,2.999709905622467],[101.28748019071497,2.99944041103538],[101.28779998986266,2.99892028546725],[101.28801019641395,2.9984801133113024],[101.28846025111761,2.997790205621641],[101.28879981656917,2.9971595871760996],[101.28910973316914,2.996560412102042],[101.28977987576343,2.9950000378145205],[101.28986970809802,2.99517970127539],[101.28991013252778,2.9953997891659583],[101.2899002511885,2.99569982684352],[101.28979963965043,2.9961103549815675],[101.28970980852421,2.996330442872136],[101.2894097708467,2.996820025349848],[101.28894983359532,2.997539574640541],[101.28879981656917,2.997880037956236],[101.28840006521773,2.998419923786116],[101.28835963957954,2.998620247789688],[101.28838030133068,2.998819675137611],[101.28841982910473,2.99892028546725],[101.28856984613088,2.9989499319019615],[101.28949960197286,2.998930168014965],[101.28971968986349,2.998829556476892],[101.28996043950525,2.9985995872469857],[101.29114980738666,2.997190130266574],[101.29168969442497,2.9966403618889785],[101.29202027519295,2.996299899781718],[101.29211998886689,2.996239713881778],[101.2922295838801,2.996200188524597],[101.29229965111932,2.9961903071853158],[101.29233019420974,2.9961903071853158],[101.29234995809679,2.996200188524597],[101.29236971956692,2.9962298313340625],[101.29234995809679,2.9963196636687144],[101.28996043950525,2.999160134828003],[101.28984006528862,2.9994197504926206],[101.2898301827409,2.9995203608223164],[101.289999963654,2.999680260396133],[101.29012033907912,2.999690142943848],[101.29049044399585,2.9995203608223164],[101.29072041443419,2.99947005505328],[101.29119023302485,2.999479936392561],[101.29136989527728,2.9994098679449053],[101.29191966365482,2.998940049354246],[101.29227000589299,2.9986597755637376],[101.29241014399668,2.9985995872469857],[101.29260957134454,2.9985798233599894],[101.29286019990877,2.99856994443752],[101.29318000026484,2.998509756120768],[101.29354022384229,2.9983803996373695],[101.29398040083197,2.9983202101121833],[101.29418970589381,2.9983498565469517],[101.29535033003833,2.998719961463678],[101.29559018060752,2.9988600995673664],[101.2956099420777,2.9989499319019615],[101.29558029926824,2.998969692163712],[101.29537997526467,2.9988897423767753],[101.29499998780017,2.9987900299112766],[101.29406035061885,2.9985304166634705],[101.29386002540684,2.9985600618898047],[101.29362017362922,2.9987001975766248],[101.29341984962565,2.998770268441149],[101.29318988281261,2.9987999112505577],[101.2929302695648,2.9987900299112766],[101.29262035054796,2.9987999112505577],[101.2923796009062,2.99892028546725],[101.29210022497983,2.9991403745662524],[101.29191966365482,2.9993299193664598],[101.29146960895122,2.999629953418662],[101.2912297571736,2.9997197857533138],[101.29103033103411,2.9997197857533138],[101.29077970246993,2.999709905622467],[101.29047966479237,2.999729667092595],[101.29024969435409,2.999900348286758],[101.29004038929219,3.000000061960691],[101.28989036864078,3.0000898930869084],[101.28976999684096,3.000099772009321],[101.28964962262432,3.0000198234308186],[101.28953014506334,2.999850041309287],[101.28947984050274,2.999709905622467],[101.28948972063358,2.999489817731842],[101.28953014506334,2.9993101554794066],[101.28947984050274,2.9992104418054737],[101.2894097708467,2.9991295941543967],[101.2893001782503,2.9990999489281194],[101.28909985424673,2.9991403745662524],[101.28855008224383,2.999179898714999],[101.28822040175686,2.9993101554794066],[101.28793024662707,2.999479936392561],[101.287829635089,2.9996595998534303],[101.28778022839248,3.0000395861094376],[101.28785029684013,3.0004501166643536],[101.28801019641395,3.0008498680157913],[101.28802995909257,3.001120260467019],[101.28799043252695,3.0015604338314006],[101.28795001051407,3.001829928418431],[101.28797965332353,3.0019700665221194],[101.28808026365317,3.00207966153539],[101.28820962255344,3.0021200835482773],[101.28832999677007,3.002059897648337],[101.28856984613088,3.0018703528481865],[101.28893995225599,3.001699674070892],[101.28938012803724,3.0015604338314006],[101.29000984620171,3.001599960396959],[101.29063956436624,3.001829928418431],[101.29156033794158,3.0023401714388456],[101.29264011443502,3.00273992279034],[101.29332013595172,3.0029097037034376],[101.29396961800319,3.0032699272808827],[101.29411963865465,3.003180096154665],[101.29436038829641,3.002780347220096],[101.2943801485581,3.003170214815384],[101.29442955767144,3.0034199479322865],[101.29454992947126,3.003490015171508],[101.29470983146194,3.003480133832227],[101.29484008580948,3.00340018404529],[101.29499010525245,3.0031998600417182],[101.29512036201686,3.0028001086902236],[101.29516976871332,3.0032600459416017],[101.29509970147416,3.003449590741752],[101.29495956216203,3.0036301532751963],[101.29487961358353,3.0037900528490127],[101.29495956216203,3.003949952422886],[101.29534044749062,3.004160158974173],[101.29621001743277,3.0044503141040195],[101.29644986679352,3.004409889674264],[101.29659988623649,3.0042598714396718],[101.29669959991043,3.0040299022098225],[101.29672026166156,3.003799935396785],[101.29682985425796,3.0036696786323773],[101.29706970482715,3.003390302706009],[101.29717031636523,3.0031998600417182],[101.29724038360445,3.003030079128564],[101.29734009727838,3.0029195862512097],[101.29745957483931,3.0029097037034376],[101.29773984862982,3.002979772151093],[101.29798957932991,3.0030103152415677],[101.29770032085582,3.0031199102547816],[101.29755030382967,3.003240284471474],[101.29741016572598,3.003390302706009],[101.29707958737487,3.0038996478622835],[101.296880160027,3.004150276426458],[101.2968002114485,3.0043497037743236],[101.2968002114485,3.0045599091172335],[101.29687027868772,3.0047503517815244],[101.29704994214859,3.0049102513553407],[101.29732033339133,3.005039610255608],[101.29838034599777,3.0053800699460567],[101.29922027313046,3.0055803939496286],[101.29983022740794,3.0057196329807425],[101.30053001643694,3.0057995851844908],[101.30159002783495,3.006060095088003],[101.30186042028618,3.0059900278488385],[101.30199965810885,3.0058903141748488],[101.30210026964693,3.005689990171277],[101.30218021943386,3.005810364387969],[101.30242995255077,3.0059702639617853],[101.30281982135449,3.0060798589749993],[101.30358967520584,3.006179572648989],[101.30437031188592,3.006229876001157],[101.30533959429357,3.0064903895299153],[101.30588038161284,3.0066898132525353],[101.30672030632866,3.0071596318431943],[101.3078000791968,3.0078396569851407],[101.30801028574814,3.007960031201833],[101.30826989778745,3.007940268523214],[101.30864000632948,3.0078297756458596],[101.30894992292946,3.007710300501799],[101.30879990590336,3.007969913749548],[101.30869030968165,3.0080597448757658],[101.30853041131627,3.0081001705139556],[101.30838039066487,3.008209763110301],[101.30834984999126,3.0083597825532706],[101.30839027200415,3.008490039317678],[101.30850974956513,3.008610411117502],[101.30883044899377,3.0088296011439866],[101.30931014892377,3.009150300572628],[101.30974044094881,3.0093299640334976],[101.31030009066569,3.009610237824006],[101.31081033489454,3.009969563537311],[101.31119032235898,3.0101501236538866],[101.31152000284595,3.010280380418294],[101.3117796173022,3.0103001443052904],[101.31205000975342,3.0102902629660093],[101.31235004743093,3.0102597186671005],[101.3126797279179,3.0101303609753245],[101.31289981580852,3.009920156840849],[101.31304983404306,3.0096300017110593],[101.31326003938597,3.009250014246618],[101.31356007706347,3.008949976569056],[101.31386999728875,3.0087604317689056],[101.31424998475319,3.008529563466425],[101.31449971545322,3.0082403062007756],[101.3145302585437,3.007960031201833],[101.31448983290551,3.007769589745976],[101.31446019009604,3.0075899262851067],[101.31440988311857,3.0074695520684145],[101.3143595761411,3.007410262824237],[101.3143595761411,3.007289888607602],[101.31440988311857,3.007250364458855],[101.3145095967925,3.0072099388206652],[101.31464973247932,3.0073204316980195],[101.31473956360554,3.0073599558467663],[101.31484017756048,3.0073303130373006],[101.3149803132473,3.0072395840469426],[101.31506026303424,3.0071201076944476],[101.31515009416046,3.0070203940205147],[101.31523992649511,3.00698985093004],[101.31530011481186,3.0070302753597957],[101.31530011481186,3.0071704110466158],[101.31525968917367,3.0073204316980195],[101.31510967214757,3.0075998076243877],[101.31487970291766,3.0077399433112078],[101.31477010669602,3.0080103381793037],[101.31476022535674,3.008219644449582],[101.31477998924373,3.008390325643745],[101.31491024600814,3.008509800787863],[101.31513033389876,3.00867958170096],[101.31564955918589,3.0091296388214914],[101.31620022542762,3.009820443166916],[101.31629005655384,3.010060292527669],[101.31614003831925,3.010740317669672],[101.31599990021556,3.010999929708987],[101.31589030761921,3.011249661617512],[101.31589030761921,3.011449985621084],[101.31599002129315,3.0116898373987055],[101.31609961388949,3.011820092954679],[101.31626041374437,3.0118901614022775],[101.31735006916023,3.0120401784284354],[101.31817023240592,3.011950347302218],[101.31849991289289,3.0118497357640877],[101.3187801866834,3.0115901237247726],[101.31904968127049,3.0113700358341475],[101.31941978618721,3.0111104225863983],[101.31977013084219,3.010740317669672],[101.3200504046327,3.010230073440823],[101.32018964245538,3.009760254850164],[101.32020042165885,3.0094296764989963],[101.32020042165885,3.0090299263559928],[101.32014023575891,3.0088098372569334],[101.32000998020294,3.008610411117502],[101.31980965499093,3.00826995142711],[101.31971982386472,3.0080300996494316],[101.31958957072561,3.007819895515013],[101.31947997450396,3.007700419162461],[101.31934971894799,3.0075998076243877],[101.31907034181319,3.0074803312718927],[101.31880983190973,3.0073401955850727],[101.31859962535839,3.007200057481384],[101.31840019921896,3.0071596318431943],[101.31825018098442,3.0070203940205147],[101.31797978974163,3.006319708335809],[101.31827982500226,3.006520032339381],[101.31842984444523,3.0068703769943568],[101.31856998013211,3.0070096148170364],[101.3187801866834,3.0071704110466158],[101.31886013647033,3.0072701247205487],[101.31895984893583,3.007250364458855],[101.3190802243609,3.0071201076944476],[101.31922036246459,3.006999732269321],[101.31923024380393,3.0071003438073944],[101.31922036246459,3.007180293594331],[101.31920958326117,3.007280007268264],[101.31925000527406,3.0073698383944816],[101.319329955061,3.007400381484956],[101.31953027906457,3.007410262824237],[101.31973958775177,3.007410262824237],[101.31988960477787,3.0072701247205487],[101.31995967564234,3.0071102251467323],[101.32008992998988,3.0070796820562578],[101.32023006809357,3.007089564603973],[101.32030013533279,3.007180293594331],[101.32028037507104,3.0072297027076615],[101.32008004985903,3.007280007268264],[101.31983031674213,3.0074201453719525],[101.31975036695519,3.007539619307636],[101.31972970641243,3.0076698760720433],[101.31988960477787,3.0080597448757658],[101.32011957521621,3.008380444304464],[101.32041961289372,3.008879905704589],[101.32064957970675,3.0090703507857484],[101.32074031111398,3.009090112255876],[101.32084002478791,3.0090299263559928],[101.32109963803572,3.0087604317689056],[101.32142033625598,3.0084002081914605],[101.32164042172968,3.008020220727019],[101.32203029053346,3.00765011218499],[101.32228990378121,3.0075701623981104],[101.3221102403204,3.007769589745976],[101.32185961175617,3.0080597448757658],[101.32161975997855,3.00841008711393],[101.32130984337857,3.008979619378522],[101.32091997457485,3.0094700997203176],[101.3205804091233,3.0098303257146313],[101.320409730346,3.010160006201602],[101.32030013533279,3.0105103472313317],[101.32009981132916,3.010859794022167],[101.31988960477787,3.0110699981566427],[101.31964975662555,3.0112397814866085],[101.31953027906457,3.011340393024682],[101.3194602118254,3.0114697495080804],[101.31948985705168,3.0115802423854916],[101.31960034992909,3.0116997187379866],[101.31982043540279,3.011730261828461],[101.32018964245538,3.0116898373987055],[101.3210295671712,3.011609887611769],[101.32152992885233,3.0115901237247726],[101.32205993696817,3.0116296478735194],[101.32256029864931,3.0116404307022435],[101.32272019822318,3.011500292598555],[101.32278038412306,3.011299967386549],[101.32284955349809,3.0114401066986716],[101.32301035335297,3.0115802423854916],[101.3231603715875,3.0116404307022435],[101.32332027357819,3.0116700735117092],[101.3238296163176,3.011559580634298],[101.32440004644639,3.0113502743640197],[101.32447999623326,3.0112397814866085],[101.32442969167266,3.010779841818419],[101.32446023476314,3.010580418095799],[101.32455994843707,3.0104402799921104],[101.3246803202369,3.010280380418294],[101.32471984801089,3.0101402423146055],[101.3246803202369,3.0099399183109767],[101.32454018455007,3.009760254850164],[101.3242796722297,3.0095302880371264],[101.32403982286894,3.00945033825019],[101.32336967906627,3.009509626285933],[101.32298969281021,3.0095302880371264],[101.32289986047556,3.0095796947335884],[101.32287021524928,3.0095796947335884],[101.32284955349809,3.00955004829882],[101.32288009658856,3.0094799810596555],[101.32318013426612,3.0093398453727787],[101.32329961182705,3.0092598931690304],[101.32334991638766,3.009140419233347],[101.32339034081741,3.009080229708161],[101.32358976816528,3.009189824721375],[101.32454018455007,3.00945033825019],[101.32484022222758,3.009610237824006],[101.32495969616326,3.0097800187371604],[101.32501000314073,3.0099497996503146],[101.32500012180145,3.010119580563412],[101.32473961189794,3.0105103472313317],[101.32463001567629,3.0107600815566684],[101.32458959124654,3.0109199811304848],[101.324639898224,3.011089762043639],[101.32473961189794,3.0112002549209933],[101.32485010356686,3.011260443237802],[101.32508007158833,3.011340393024682],[101.32530015947896,3.011319731273545],[101.3258301639695,3.0111104225863983],[101.32675004088912,3.010580418095799],[101.3273599951666,3.010179770088598],[101.32799959467042,3.0096704237239464],[101.32844965299938,3.0094197951597152],[101.33036036831663,3.0087900745783713],[101.3306101002251,3.0085996319140804],[101.3306900488036,3.0085699891046147],[101.33067028854185,3.0086499388915513],[101.3306900488036,3.0088296011439866],[101.33074035578107,3.0089203301343446],[101.33084995079429,3.0090002799212243],[101.33106015492876,3.0090101624689396],[101.33152997351942,3.0090101624689396],[101.33249027245188,3.009039807695274],[101.33279031012944,3.0091296388214914],[101.33422042765261,3.0097297117596895],[101.33473965656503,3.0098096639634946],[101.33519959260792,3.009820443166916],[101.33593980364981,3.009770136189445],[101.33653987900487,3.009620119163287],[101.33693963035637,3.0094395554214657],[101.33729985393381,3.009250014246618],[101.33756036383727,3.0089203301343446],[101.33769960528525,3.0085403438782805],[101.33774002729814,3.0080804066269025],[101.33775979118514,3.007539619307636],[101.33772026582801,3.007050039246792],[101.33757024638498,3.00632958967509],[101.33748041405033,3.0057304146010324],[101.33750017793739,3.0052300529198988],[101.3374902965981,3.0048401841161763],[101.33735015849442,3.0045401464386146],[101.33743011069816,3.004160158974173],[101.3373097352731,3.0023599353258987],[101.33721990414688,3.0005201851119523],[101.33722978548616,3.0003396237869424],[101.33726032615976,2.9995203608223164],[101.33722978548616,2.9991295941543967],[101.33706000215614,2.99871008012434],[101.33693963035637,2.998250142872962],[101.33678960970497,2.9978602740692395],[101.33662971013109,2.9975198143788475],[101.33635033420472,2.997190130266574],[101.33597034674028,2.996769718372377],[101.33539991781998,2.996239713881778],[101.33504957316495,2.995949557543554],[101.33458963591357,2.995680062956467],[101.33425007408732,2.995600113169587],[101.33400034217885,2.995629755978996],[101.33379013683594,2.9957600127434034],[101.33354040251061,2.995999864521025],[101.33345955606796,2.9960995757780893],[101.3332798926071,2.996340324211417],[101.33296997359031,2.9968397892368444],[101.33234025542578,2.998100125846861],[101.33213993021377,2.9985402992112427],[101.33197014930062,2.9991197128151157],[101.33185965642326,2.9997799740700657],[101.33182012985765,3.0005399489990054],[101.33184977508398,3.0014697048410426],[101.33182012985765,3.0020904407388116],[101.33170963698029,3.002410239886501],[101.33152997351942,3.0026797344735883],[101.33127036148005,3.0029600106809085],[101.33101973291588,3.0033202342583536],[101.33089037401561,3.003710103062133],[101.33076011966807,3.003969716309882],[101.33054991432522,3.004209565670635],[101.33036036831663,3.0043901282040792],[101.33046008199057,3.0042499901003907],[101.33063974545144,3.0038897665229456],[101.33077988113826,3.003499897719223],[101.33097032380255,3.0031495530642474],[101.33119041169311,3.0028099900295047],[101.33147966895882,3.002509952352],[101.33159016183617,3.002270104199681],[101.33165034773606,3.0018802353959018],[101.33172041860058,3.0013098052671694],[101.33170963698029,3.0005498303382865],[101.331730297523,2.9995500036317253],[101.33176982529704,2.998979574711427],[101.3318803181744,2.9985600618898047],[101.3322396438877,2.997880037956236],[101.3327301242295,2.99702034935342],[101.33301039802006,2.99650022378529],[101.33333019958457,2.9960196259912095],[101.33348021661072,2.995629755978996],[101.3334101493715,2.995329718301491],[101.33325024738082,2.9950898701491724],[101.33195038541362,2.9943703196499882],[101.33166023028383,2.994290371071486],[101.3314599062802,2.994349659107286],[101.33130988804567,2.994470033323921],[101.33116974994198,2.9946802374583967],[101.33113022579323,2.9950799876014003],[101.33106015492876,2.9952398871752735],[101.33101973291588,2.9950898701491724],[101.33096044367164,2.9949703925881863],[101.33098020514183,2.9948203755620852],[101.33114998605498,2.9944098450071692],[101.33114010713251,2.994150231759363],[101.33094966205135,2.994000214733262],[101.33044031810351,2.9938196509913837],[101.32963991874487,2.993519613313879],[101.32887006247671,2.9931504086781615],[101.3285897886862,2.993059677270935],[101.32840024388605,2.993059677270935],[101.32826998953851,2.9931396258494374],[101.32819991988242,2.993260001274507],[101.32817027707301,2.9935699202913497],[101.32812985143482,2.9941098073296644],[101.32799959467042,2.9945302192238614],[101.32789000207407,2.9948401394490816],[101.32781993241798,2.9950898701491724],[101.3277597465181,2.9953899078266772],[101.3277597465181,2.995619874639715],[101.32774986397038,2.996529869011624],[101.32783969630498,2.997079637389163],[101.32796007052167,2.997480286604798],[101.32817027707301,2.9978998006348547],[101.32827987208623,2.99840015989912],[101.32826998953851,2.998829556476892],[101.32804990164789,2.9995500036317253],[101.32788012073473,3.000000061960691],[101.32743006240582,3.000709729912103],[101.32703031467963,3.0014202981445237],[101.32683987201534,3.0017796238578285],[101.32676980115087,3.002100323286527],[101.32660002023772,3.0025602593294707],[101.32643023932457,3.0028602970069755],[101.3260897772173,3.003189977494003],[101.3256801469434,3.0037801715097316],[101.32554989017899,3.004109851996702],[101.32536034537884,3.004370364317083],[101.32508995292761,3.00463985890417],[101.32507018904062,3.004820420229123],[101.32514025990508,3.0049902011422773],[101.32493993590151,3.004939896581675],[101.32475039110136,3.0050099650293305],[101.32452042066302,3.0052300529198988],[101.32461025299767,3.0049102513553407],[101.32477015136311,3.00471980869105],[101.32507018904062,3.004460196651735],[101.3252300910313,3.004170040313511],[101.3258301639695,3.003189977494003],[101.32627033975075,3.002620445229354],[101.3264904252245,3.002350053986561],[101.32660990278544,3.002009590670866],[101.32675004088912,3.001539772080207],[101.32726028149267,3.00046988055135],[101.32760972828356,2.9998895690833365],[101.32788012073473,2.9995500036317253],[101.32804990164789,2.9991403745662524],[101.32814961532182,2.9987900299112766],[101.32812985143482,2.998460349424306],[101.3280400203086,2.998160311746801],[101.32788012073473,2.9977201383824195],[101.32766991418345,2.9973500298403906],[101.32752977607976,2.9969601634535366],[101.32750013327029,2.9964400378854066],[101.32752977607976,2.995680062956467],[101.32763038761783,2.9952596510622698],[101.32780017094785,2.9947799499238954],[101.3279097635442,2.9943298952202326],[101.32797983440867,2.9937702442949217],[101.32796007052167,2.9936103459295396],[101.3279097635442,2.993289646500841],[101.32774986397038,2.993039915800807],[101.32741030214407,2.9927803001361326],[101.32661978412472,2.992459604332737],[101.32502976702773,2.991890072068145],[101.32479979779782,2.9919601393073094],[101.32467044131442,2.9920697355290145],[101.32460037044996,2.992199988668119],[101.32457970990725,2.992359890658804],[101.32456982735948,2.992659928336309],[101.32442969167266,2.9930497947232197],[101.32418983989504,2.9938501940818583],[101.32418983989504,2.9940900458594797],[101.32426979209885,2.994269709320349],[101.32440004644639,2.994440388097644],[101.32477015136311,2.9947997138108917],[101.32549958561839,2.995380025278962],[101.32562983996593,2.995670181617186],[101.32561995741821,2.995900150847092],[101.32555977151833,2.9960501690816272],[101.32536034537884,2.9962199499947815],[101.32510971681467,2.996369969437751],[101.32481956047644,2.9963897309079357],[101.32447999623326,2.996369969437751],[101.32404970420822,2.996350206759189],[101.32376044694257,2.996309781120999],[101.32286033632687,2.9959603367469754],[101.32229978512055,2.9958597264173363],[101.32217042984558,2.9958597264173363],[101.32202040919418,2.995999864521025],[101.32196022329424,2.996149881547126],[101.32197010463352,2.996330442872136],[101.32206981830751,2.9966403618889785],[101.32218031118487,2.9971497058368186],[101.32217042984558,2.9975099318311322],[101.32210036139793,2.9980803619598646],[101.32202040919418,2.9983399739991796],[101.32197010463352,2.999489817731842],[101.32205005442046,3.000249792660725],[101.3221102403204,3.0004797594737624],[101.32220995399433,3.0006504418763598],[101.32257017998859,3.001099598715882],[101.32259982279805,3.0013601086193376],[101.32252975555883,3.0015200106100792],[101.32240039665862,3.001590079057678],[101.32202040919418,3.001590079057678],[101.32189015484664,3.0016601462968993],[101.32184973041689,3.001759859970832],[101.32189015484664,3.0018802353959018],[101.32205005442046,3.002009590670866],[101.32205993696817,3.0023204075518493],[101.32202040919418,3.0026402091164073],[101.32182008519055,3.003049841807126],[101.32161975997855,3.003330116806069],[101.32091997457485,3.003940071083605],[101.32104034879154,3.003499897719223],[101.32129996203929,3.0033399981454068],[101.32176978062995,3.002839636464273],[101.32182996652989,3.0025395987867114],[101.32180032372042,3.002369817873614],[101.32169971339079,3.0021299660959926],[101.3215802358298,3.00179040306125],[101.32160988105613,3.001619724284012],[101.32175001674295,3.0014795861803236],[101.32190003739436,3.0014104155968084],[101.32205993696817,3.0014104155968084],[101.32220995399433,3.001369991167053],[101.32234021075868,3.001239734402702],[101.32229978512055,3.001030428132367],[101.32182008519055,3.000360285538136],[101.3218102050597,2.9998796877439986],[101.3218398490776,2.998460349424306],[101.3219395615431,2.997710255834704],[101.32190991631677,2.9971595871760996],[101.3217095923132,2.99636008809847],[101.32167994950373,2.9960699329686804],[101.3218102050597,2.995740248856407],[101.3220096299907,2.9955300435134973],[101.32223959922061,2.9954599750658986],[101.32249022778484,2.995469857613614],[101.32283967457568,2.9956602990694705],[101.32334003383994,2.9958004383815933],[101.32372002130438,2.9959603367469754],[101.3251303785658,2.9961804246376005],[101.32530015947896,2.9959603367469754],[101.32531004081824,2.995580350490968],[101.32510971681467,2.9953099580397406],[101.32456982735948,2.994949732045484],[101.32404970420822,2.994390081120173],[101.32397963696906,2.9938196509913837],[101.32405958675594,2.9933902580389145],[101.32422038298552,2.993010270574473],[101.32434974188578,2.9921200388811826],[101.3243596244335,2.9919996646644904],[101.32432997799873,2.9917795791907906],[101.32370025983425,2.9913196419394126],[101.32212012286811,2.99048959735444],[101.32122989117482,2.9899703720673187],[101.32083014344863,2.989890422280382],[101.32051034188407,2.9899101825421326],[101.32000998020294,2.990140152980416],[101.31965963796483,2.990440190657978],[101.31939014337775,2.990719566584346],[101.31925988661334,2.9909504348868268],[101.31914041267771,2.991229810813195],[101.31904968127049,2.9916097982776364],[101.31911975092652,2.991899953407426],[101.31922036246459,2.9921703458586535],[101.3195796881779,2.9925898574718417],[101.32013035441963,2.9929797274839984],[101.32048968013294,2.9933004257042626],[101.32053998711041,2.9935699202913497],[101.32049956268065,2.993930143868795],[101.32037020619725,2.9941601143071352],[101.32015999964597,2.9943200138809516],[101.31985008062912,2.9943397765595705],[101.31894996759655,2.994290371071486],[101.31864993233586,2.9943298952202326],[101.3184801490059,2.994450269436925],[101.31834989465835,2.9945796259203235],[101.31824029964508,2.994859899710832],[101.31805973952851,2.9958597264173363],[101.31803997564151,2.9959297936565576],[101.31799955000332,2.996330442872136],[101.31799955000332,2.9966197013462192],[101.31796002585457,2.996899975136728],[101.31798966866404,2.997069756049882],[101.3180300930938,2.997170366379521],[101.31817023240592,2.997299725279788],[101.31831036809274,2.9974596248536614],[101.31864005099658,2.9976599488572333],[101.31926976916111,2.9981198861086114],[101.31975036695519,2.9983498565469517],[101.31988960477787,2.998410042446835],[101.31992014786834,2.998499873573053],[101.31986984451612,2.9985304166634705],[101.31964975662555,2.9985897046992704],[101.31948985705168,2.998519637460049],[101.31910986958724,2.998250142872962],[101.31887001780962,2.998150429199029],[101.31849003034517,2.9978602740692395],[101.31814957065473,2.9976401861786144],[101.31797978974163,2.9975099318311322],[101.31789983753782,2.997439860966608],[101.31779024494148,2.9974201007049146],[101.31759980227719,2.997490167944079],[101.31749020726392,2.9979896329695066],[101.31740037492926,2.9983202101121833],[101.3172099334734,2.9985304166634705],[101.31714974394822,2.998610366450407],[101.31712998368653,2.9987801473635614],[101.31712010113876,2.999029881688898],[101.31714974394822,2.999179898714999],[101.31719016958641,2.999279612388989],[101.31735006916023,2.999479936392561],[101.3176096811996,2.9997197857533138],[101.31813968931544,3.0002803357511993],[101.31826994487142,3.000580373428704],[101.3183301307713,3.000730390454862],[101.31834001331907,3.0008902900286785],[101.31825018098442,3.0012100915932365],[101.31811992542845,3.0015101292707413],[101.31794026196758,3.001800285609022],[101.31781988775089,3.0021299660959926],[101.31765998817707,3.002529716238996],[101.31752973141266,3.00273992279034],[101.31753961396038,3.0030004326937956],[101.31758991972941,3.0032699272808827],[101.31756027450314,3.0035897288454407],[101.31758003839013,3.003739745871542],[101.31749020726392,3.00392030961342],[101.31744978162573,3.0037801715097316],[101.31747044337692,3.0036202719359153],[101.31736983183885,3.0032097413809993],[101.31728988205191,3.0031297915940627],[101.31723957628287,3.003170214815384],[101.3171802870387,3.0033202342583536],[101.31717040569936,3.0034603699451736],[101.31717040569936,3.0035798475061597],[101.31704015135188,3.0037801715097316],[101.31697008169579,3.003949952422886],[101.31682994600897,3.0040703266395212],[101.31682006346125,3.0038996478622835],[101.31684970627072,3.0036696786323773],[101.31690001324819,3.0034702512845115],[101.31712010113876,3.0031199102547816],[101.31729976459962,3.002769565599806],[101.31749020726392,3.0024398851127785],[101.31761956374731,3.00215961132227],[101.31776958319028,3.0018901167352396],[101.31794026196758,3.0015604338314006],[101.31798966866404,3.0013502272800565],[101.3181001615414,3.0011597846157656],[101.31817023240592,3.000929817802728],[101.3181603498582,3.000709729912103],[101.3181001615414,3.000580373428704],[101.31789983753782,3.000370166877417],[101.31771029515454,3.000210264886732],[101.3175000886032,2.9999901806214098],[101.31729976459962,2.999799737957119],[101.31694043888632,2.999370341379347],[101.31683982734825,2.9991197128151157],[101.31680029957425,2.9988699796982132],[101.31681018212197,2.998669654486207],[101.31688024936113,2.9984899922337718],[101.31696019914807,2.9983399739991796],[101.31728000071263,2.997959986534738],[101.3173303076901,2.997700374495423],[101.31737971438656,2.997539574640541],[101.31743001773873,2.9974299820441956],[101.31750997115097,2.997320387030925],[101.31759980227719,2.997219776701286],[101.31772017407695,2.99702034935342],[101.31781000520317,2.9968101428021328],[101.31785043084136,2.996629582685557],[101.31782976909022,2.9963897309079357],[101.3180300930938,2.9947404257751487],[101.31814957065473,2.994499676133387],[101.31819987521538,2.9943397765595705],[101.31835977720607,2.994199638455882],[101.31865981125833,2.994000214733262],[101.3187801866834,2.99394002641651],[101.31903979872277,2.993930143868795],[101.31933983640027,2.9939795529821254],[101.31993991175534,2.994000214733262],[101.32001986154228,2.993949907755791],[101.3201096926685,2.993830431403296],[101.32021030420657,2.9936597526260016],[101.32022018554585,2.993489970504413],[101.32015999964597,2.9933695962877778],[101.32006028718041,2.993240239804379],[101.31988960477787,2.9930497947232197],[101.31942966873493,2.9926895711457746],[101.31915029160012,2.9924101952194064],[101.3188798991489,2.9920697355290145],[101.3187801866834,2.991699629403854],[101.3187298821228,2.9912801153737973],[101.3187999505704,2.9910501473523254],[101.31888978169661,2.9908399420094156],[101.3190802243609,2.9905803287616664],[101.319329955061,2.9903800047580376],[101.31955004295162,2.990130271641135],[101.31972970641243,2.9899703720673187],[101.31994979430306,2.989729622425557],[101.32000009765522,2.989579605399399],[101.31993991175534,2.989450246499189],[101.31973958775177,2.9893002282645966],[101.31925988661334,2.989049597283554],[101.31895984893583,2.9889400046872083],[101.31856998013211,2.988760342434773],[101.3182897063416,2.988680390230968],[101.31735995049957,2.9882698620929204],[101.31659009423134,2.987920415302085],[101.31564955918589,2.9874398162995135],[101.31515009416046,2.9871900855994795],[101.31485005648295,2.987170321712483],[101.31463985355691,2.9871604403731453],[101.31446019009604,2.987260154047135],[101.31447006901851,2.987120018360258],[101.31446019009604,2.9869897615959076],[101.31440000177929,2.9868702852433557],[101.31394994707563,2.986549588231526],[101.31349000982425,2.9863600434313753],[101.31321961495621,2.98637980490156],[101.31305971538234,2.986449874557593],[101.31298964814317,2.986609774131466],[101.31298964814317,2.986699606466061],[101.31303995149534,2.9869798802566265],[101.31302019123359,2.9870104233470443],[101.31311990369909,2.987320342363887],[101.31353043183714,2.988289622354671],[101.31387987862803,2.9889903092478107],[101.31407032129232,2.989489773064747],[101.314209559115,2.989990135954315],[101.31417991388867,2.9904204267709247],[101.31412960932806,2.990800414235423],[101.31384035085398,2.9916097982776364],[101.31344958418612,2.9922197525551155],[101.31298964814317,2.9929096590363997],[101.31294024144671,2.9932096967139046],[101.31295012036912,2.9936103459295396],[101.31310014102053,2.994049621429724],[101.31320973603374,2.994509558681102],[101.31326003938597,2.9948904428012497],[101.31325015804663,2.9952003630265267],[101.31316032692041,2.995549806192116],[101.31283962749177,2.9960196259912095],[101.31265008510843,2.996169645434179],[101.31241023333081,2.9963897309079357],[101.31227009764399,2.996529869011624],[101.31187034750099,2.996790380123514],[101.31164037706264,2.997069756049882],[101.3115801911627,2.9973500298403906],[101.31151012392354,2.9982303789859657],[101.3112603895982,2.999189780054337],[101.31122984650773,2.99942962941509],[101.31131967763395,2.9997602101830694],[101.31144005305902,2.9998796877439986],[101.31165025961036,3.000000061960691],[101.31182004052351,3.0000297047701565],[101.31222967321423,3.0000099408831034],[101.312470422856,2.9999704167343566],[101.31273003489537,3.000050366521293],[101.31294024144671,3.0002902182989146],[101.31329956715996,3.000639661464504],[101.3134298215075,3.0008597469382607],[101.31346036459797,3.00105019201942],[101.31341006003737,3.0009495792728558],[101.3132303965765,3.000810340241742],[101.31303995149534,3.000730390454862],[101.31287017058219,3.00061001623817],[101.31265008510843,3.000350404198855],[101.31253959223108,3.0002399113214437],[101.31242011587852,3.0002003859642628],[101.31226021630471,3.000150078986792],[101.31182004052351,3.000150078986792],[101.31151012392354,3.0001797254215603],[101.3112603895982,3.000360285538136],[101.3111301364591,3.0005695918084143],[101.31112025391138,3.0007402730025774],[101.31100976103397,3.0011804463669023],[101.31090016602076,3.001399636393387],[101.31068007813013,3.001730214744498],[101.31070972335647,3.0016502649575614],[101.31079955569112,3.00127027749312],[101.31106994693391,3.000409692234598],[101.3111301364591,3.0000297047701565],[101.31107982948163,2.999799737957119],[101.31098999714698,2.999729667092595],[101.31061989223025,2.9997799740700657],[101.31029020932641,2.9999901806214098],[101.30993986708825,3.0003297424476614],[101.30982039073575,3.0004303539857347],[101.30998029272644,3.000159961534507],[101.3102003782002,2.999830278630668],[101.31094957271722,2.999019999141183],[101.31109959336862,2.9986400116767413],[101.31118043981127,2.9982195997825443],[101.31119032235898,2.997800088169356],[101.31122984650773,2.9973302683702627],[101.31131967763395,2.9968397892368444],[101.31157030982342,2.996510105124571],[101.3118999903104,2.996130118868564],[101.31240035199153,2.9958103197208743],[101.31274979636555,2.995469857613614],[101.31291957969552,2.9952102443658077],[101.31297976559546,2.9948302569013663],[101.31285040911206,2.9944197263464503],[101.31266984657861,2.9940900458594797],[101.3125503714345,2.9937495837522192],[101.31250994700474,2.9933201895913157],[101.31256025398221,2.992959963597002],[101.3126599640309,2.992650046997028],[101.31288993446924,2.9921802271979345],[101.31324027549891,2.9917795791907906],[101.31361038404094,2.9912899967130784],[101.31374962186362,2.9909297731356332],[101.31374962186362,2.9902802910841046],[101.313710095298,2.9899595928638405],[101.31343970284678,2.98931999215165],[101.31321961495621,2.9887396806835795],[101.31303995149534,2.9881198414415167],[101.3128099846823,2.9874595801865667],[101.31268961046561,2.987120018360258],[101.31240035199153,2.9862001414406905],[101.31223955455357,2.9861004313920603],[101.31207965256283,2.9860896485632793],[101.31188022884027,2.986120191653754],[101.31175985462357,2.9863501620920943],[101.31174997207586,2.9865199430052485],[101.31174997207586,2.986660081108937],[101.31175985462357,2.987860229402145],[101.31174009073658,2.98808031729277],[101.31162959785922,2.988259979545205],[101.31159007250204,2.988400115232025],[101.31154964807229,2.9886202031226503],[101.3115801911627,2.9887801026964667],[101.31169966509839,2.989150208821627],[101.31194041474015,2.9896496726386204],[101.3119799425142,2.989939828976844],[101.31198982143661,2.990239866654349],[101.31190987164973,2.990450071997259],[101.31182004052351,2.990670159887884],[101.31156042727571,2.990900127909356],[101.3110501842553,2.9913897103870113],[101.31065043532067,2.9918002409419273],[101.31047975412656,2.992059852981299],[101.31035039764316,2.992350009319523],[101.31024978731352,2.992800064023129],[101.31024978731352,2.9932501187267917],[101.31024978731352,2.993599565517684],[101.31013030975254,2.993949907755791],[101.30994974963596,2.994199638455882],[101.30974044094881,2.9944197263464503],[101.30948981238464,2.9945598644501388],[101.30937033482365,2.994610169010741],[101.30947004849759,2.994489794794106],[101.30970989785834,2.9941601143071352],[101.31001981687518,2.993790008181975],[101.31009976666212,2.9935501564043534],[101.31013030975254,2.993269882613845],[101.31013030975254,2.9928395917971784],[101.31015007363959,2.9925296715719583],[101.31027044785623,2.9921101575419016],[101.31048963546584,2.9917598153037375],[101.3108804021337,2.991350182612962],[101.31116966060785,2.9910995540487875],[101.31174009073658,2.9905003765578613],[101.31185956708907,2.9900898484198137],[101.31182004052351,2.989799693290024],[101.31171044792711,2.989479891725466],[101.31142029158889,2.988710035457302],[101.31142029158889,2.988349811879857],[101.31151012392354,2.9880003675058333],[101.31159995504976,2.9875404278376436],[101.3115801911627,2.987090373133981],[101.311539766733,2.9865100604574764],[101.31152000284595,2.9864202293313156],[101.31139963104613,2.9859998174371185],[101.31114989672079,2.9858102750537796],[101.31096035192064,2.985629711311958],[101.31035039764316,2.985249725055894],[101.30994974963596,2.985009875695141],[101.30959042271428,2.9848598550437373],[101.30935955562023,2.984750262447392],[101.30903975405568,2.9845696999139477],[101.30892028011999,2.9844196816794124],[101.30870019222942,2.9843100866661416],[101.30853041131627,2.984319969213857],[101.30834984999126,2.9844196816794124],[101.30810999821364,2.9847098380176362],[101.30803993097442,2.984910162021208],[101.30798962399695,2.984999993147426],[101.30787015006132,2.985109589369074],[101.30778031772667,2.985159892721242],[101.3078602675136,2.9850404187856157],[101.30787015006132,2.9849299259082045],[101.3079500998482,2.984750262447392],[101.30809023432664,2.9843702749828935],[101.30810999821364,2.9841600696400405],[101.30790967421007,2.983889677188813],[101.30774977463619,2.983729775198128],[101.30757011238376,2.9836300615241953],[101.30728983859325,2.9836004187147296],[101.30699968225503,2.9837001323886625],[101.30637984301296,2.9841699509793216],[101.30609956922245,2.984390036453078],[101.30583007463537,2.98459036045665],[101.30560998674474,2.9848203308949905],[101.30575012484843,2.9844601073175454],[101.30609956922245,2.9841897124495063],[101.3064597927999,2.9839597456364686],[101.30662957612986,2.983719893858847],[101.30671042378094,2.9836004187147296],[101.30667988069047,2.9833003810372247],[101.30659993090359,2.983160242933536],[101.30641038610338,2.9829895641562416],[101.30616963767005,2.9828898504823087],[101.30590014308302,2.982809900695372],[101.30573036096143,2.9827299521168698],[101.3055003941484,2.982579931465466],[101.30500991380654,2.9822295892273587],[101.30482036900639,2.982119994214088],[101.30459039977649,2.9820795697843323],[101.30425982142538,2.9819403319616526],[101.30396966508715,2.9817903137271173],[101.30356003239638,2.9815998710628264],[101.30326987726659,2.981400444923395],[101.30298960347608,2.9811902383720508],[101.30274975169846,2.9809701504814825],[101.3025099023377,2.9808398973423778],[101.30233023887683,2.9807797078171347],[101.30221974599948,2.980789590364907],[101.30199965810885,2.981019559594813],[101.30186042028618,2.9812998333853216],[101.3018298771957,2.981459732959138],[101.30174992740876,2.9816897033974783],[101.30176969129582,2.9819897374496804],[101.3018298771957,2.982170301191559],[101.30194037007311,2.9825502886560002],[101.30199965810885,2.982840444994281],[101.30206972655645,2.9834297375205665],[101.30209038709921,2.98378996351488],[101.30209038709921,2.9840100489886368],[101.3022502890899,2.9845795812532288],[101.30235000276383,2.9848203308949905],[101.3023796455733,2.9851401324595486],[101.30247037456365,2.9855596440727368],[101.30239042477672,2.9853296736343964],[101.30227005056008,2.9851302499118333],[101.30218021943386,2.984789787804516],[101.30203020119927,2.984499631466292],[101.30197001529939,2.984240019426977],[101.30189006309564,2.9834099760504387],[101.30187030283389,2.983119820920649],[101.30187030283389,2.982899733030024],[101.30184964108275,2.9827101882298734],[101.30175980995654,2.9824002680045965],[101.30166997762188,2.9820696908619198],[101.30160978930508,2.9816897033974783],[101.30166009628255,2.9812899520459837],[101.30166009628255,2.980939607391008],[101.29977004150805,2.9798104278264077],[101.29711013046534,2.978639922342552],[101.2958596751946,2.97807039007796],[101.2953700927169,2.9779302519742714],[101.2943801485581,2.9777398093099805],[101.29425977434147,2.9777299279706995],[101.29419958844153,2.9777802349481703],[101.29419958844153,2.977889827544516],[101.294249895419,2.9780200843089233],[101.29433972654522,2.9781000328874256],[101.29459035510945,2.9782204083124952],[101.29495956216203,2.978310239438713],[101.29525959983954,2.978480020351867],[101.2956297059647,2.978840247554615],[101.2963501555364,2.979349590294021],[101.2966501907971,2.9796801710620002],[101.2967804475615,2.9801095652229037],[101.29684961693653,2.9803997215611275],[101.29679032890078,2.9808201334553246],[101.29596028673268,2.9822601323177764],[101.29578960553852,2.98274971237862],[101.29576984406839,2.983250074059754],[101.2957797229908,2.984039694214914],[101.29590997975521,2.9848598550437373],[101.29623966265905,2.9856503730630948],[101.29664031187468,2.9863600434313753],[101.29709036657829,2.9869601163695734],[101.2974999968522,2.987369749060349],[101.29811983609426,2.9878503468544295],[101.29886992847548,2.9885303719964327],[101.29900018523983,2.9887702213571856],[101.29908013502677,2.9891304473514992],[101.29923015205287,2.9893999419385295],[101.2994295794008,2.9896595551863356],[101.2997098531913,2.9900000148767276],[101.29999012698181,2.99029017363182],[101.30022997875943,2.990680040018731],[101.30032969122493,2.990919891796352],[101.300430302763,2.9909899590355735],[101.30057043844982,2.9910303834652723],[101.30068003346304,2.9910303834652723],[101.30090012135366,2.990900127909356],[101.30106002092754,2.990900127909356],[101.30122980184063,2.9909297731356332],[101.30149031536945,2.9909899590355735],[101.30175980995654,2.9910995540487875],[101.3010501395882,2.9910303834652723],[101.30074022177985,2.991079790161791],[101.30036023552384,2.991270232826082],[101.30027040318919,2.9912801153737973],[101.30021021487238,2.9912495722833228],[101.30016978923425,2.991159739948671],[101.30016978923425,2.9910501473523254],[101.30016978923425,2.990910009248637],[101.30009972199502,2.9907303457877674],[101.29989041572469,2.9905201404449144],[101.29977992284734,2.9903800047580376],[101.29962002085665,2.9901599168674693],[101.29948976771755,2.989920065089848],[101.2993002229174,2.9897502841766936],[101.29911965917552,2.9895499589646874],[101.29903970938858,2.98931999215165],[101.29868038367533,2.988760342434773],[101.2984297551111,2.9885797786928947],[101.29830039621083,2.9884701860964924],[101.29817013944648,2.9884198791190215],[101.29813959998131,2.9884297616667936],[101.29809019086798,2.9884701860964924],[101.29809019086798,2.9886696098191123],[101.29810007220726,2.989729622425557],[101.29816026052401,2.990440190657978],[101.29833992398488,2.990960316226108],[101.2985501293278,2.9913196419394126],[101.29879986123626,2.991580153051302],[101.29929034036968,2.991870308181092],[101.30005031529856,2.992159566655232],[101.30075998324997,2.9924802648754962],[101.30134029471805,2.992790182683848],[101.3016798601696,2.9930902203614096],[101.30187030283389,2.9933695962877778],[101.30198977676957,2.9936498700782863],[101.3022502890899,2.994150231759363],[101.30243983509848,2.9943298952202326],[101.30264015910205,2.994390081120173],[101.30287012591509,2.994450269436925],[101.30318992747965,2.994440388097644],[101.30363010084403,2.9944197263464503],[101.30381964564418,2.994440388097644],[101.30388971288335,2.99446015198464],[101.30393013852154,2.994499676133387],[101.30394001986082,2.9946496967847906],[101.30400020576076,2.9948302569013663],[101.30425982142538,2.9951401771266433],[101.30439007577291,2.995270430265748],[101.3046299263421,2.995360261391909],[101.30463980888982,2.995370143939681],[101.30462004500282,2.9954096705052393],[101.30442960233853,2.9954096705052393],[101.30429036209898,2.995360261391909],[101.30404961487409,2.995189582614671],[101.30386007007394,2.9950000378145205],[101.30356991494409,2.994760189662145],[101.3033597083928,2.9946299328977943],[101.30317016359265,2.9946200515585133],[101.30292043289262,2.994659575707203],[101.30257996957687,2.994700000136959],[101.30236976423402,2.9948500207883626],[101.3022296285472,2.995029684249232],[101.30212991487326,2.995360261391909],[101.30196013396011,2.995999864521025],[101.30190982698264,2.996159764094898],[101.30197001529939,2.9962702569722524],[101.30210026964693,2.9964400378854066],[101.30234012142455,2.996629582685557],[101.30349984407962,2.9976204247084866],[101.30356991494409,2.9977704417345876],[101.30359955775356,2.997940223856176],[101.30358967520584,2.9979698690824534],[101.3035501510571,2.997959986534738],[101.30333994450581,2.997710255834704],[101.30309021380572,2.9975000504917944],[101.30265003802452,2.997219776701286],[101.30213979742098,2.9968101428021328],[101.30181999585642,2.9965496328986205],[101.30161967064441,2.996469683111684],[101.30135017726576,2.99650022378529],[101.30113997071442,2.9966403618889785],[101.30089024001438,2.9968900925890125],[101.30045994557247,2.997589881618012],[101.30035035297607,2.997839612318103],[101.30036023552384,2.998010293512209],[101.30038987833325,2.9981297686563266],[101.30067015212376,2.998300449850433],[101.30136993994432,2.998930168014965],[101.30143012584426,2.9989903539148486],[101.30144988973126,2.9990101178019017],[101.30145977227897,2.999039763028179],[101.30141036558251,2.9991295941543967],[101.30138970383138,2.9991403745662524],[101.30131963417529,2.9991098302674004],[101.30123968438835,2.999039763028179],[101.30115973460147,2.998940049354246],[101.30097018980132,2.998829556476892],[101.30016978923425,2.9982303789859657],[101.30006019784628,2.998100125846861],[101.30004043395928,2.9979195621049826],[101.30008984065574,2.9976303060477676],[101.30030992854631,2.997260198714173],[101.30090012135366,2.996570294649757],[101.30135017726576,2.9960600504209083],[101.30165021494327,2.99569982684352],[101.30187030283389,2.9953198393790785],[101.30201043852071,2.9950000378145205],[101.30207960789579,2.9945697445809856],[101.30196013396011,2.9941196886689454],[101.30177957021823,2.993729819865166],[101.30150019670873,2.993380375491199],[101.30114985205375,2.9931701701482893],[101.30033957377265,2.9928800138100655],[101.29979968431752,2.9925799761325607],[101.29901994912689,2.9922700595325864],[101.29886992847548,2.992299702342052],[101.29878009734927,2.992350009319523],[101.29871002890161,2.9924200765586875],[101.29865972192414,2.9925395541196735],[101.29856000945864,2.992710232896968],[101.29841987377182,2.9928503710006],[101.29832016009789,2.9929797274839984],[101.29825997419795,2.9930902203614096],[101.2981997858812,2.993069558610216],[101.29854024798846,2.9923697732065193],[101.29856989079792,2.9922296338943966],[101.29850970489804,2.9920499716419613],[101.29839022733705,2.991870308181092],[101.29822044642395,2.991599915729921],[101.29802012242033,2.9911399796869773],[101.29774972996915,2.9905803287616664],[101.29764013495588,2.990259630541402],[101.2976302536166,2.9899703720673187],[101.29764013495588,2.989060376486975],[101.29749011792978,2.9882096737761685],[101.29729967284862,2.9878997535508915],[101.29724038360445,2.987839567651008],[101.29712989193547,2.987860229402145],[101.29704005960082,2.987889874628479],[101.29697987370093,2.9878701107414827],[101.29683973559725,2.9876302589638613],[101.29672026166156,2.9872996806126935],[101.29659988623649,2.987079592722125],[101.29641034143634,2.9867696737052825],[101.29625044186247,2.986580128905132],[101.29613006764583,2.986330398205098],[101.29582014862899,2.985890224840716],[101.2955596375171,2.985360216724871],[101.29544016116455,2.9848598550437373],[101.29529014293001,2.9841600696400405],[101.29528026159073,2.983760318288546],[101.29528026159073,2.9832797204944654],[101.29539973552636,2.98274971237862],[101.29561982341698,2.982170301191559],[101.29590997975521,2.9815702258364922],[101.29639956223292,2.9809198471292575],[101.29643998666262,2.9808596576040713],[101.29639956223292,2.9803700775432844],[101.2963303916494,2.9800700398657227],[101.29619025354572,2.979709813871466],[101.29590997975521,2.9793900159322106],[101.29536021137761,2.9790199098070502],[101.29454992947126,2.978750415219963],[101.29396961800319,2.9784000705649305],[101.29366958274255,2.978080272625675],[101.2932500687125,2.9774801972706655],[101.29288984513505,2.977199923480157],[101.29128994549035,2.9764004207771677],[101.2904500195661,2.976009654109305],[101.28916004014661,2.9748301675672337],[101.28805960190203,2.9736704424952904],[101.28649024655618,2.9720498823078287],[101.28570961108454,2.971180312365675],[101.28516972404623,2.970779663150097],[101.2847798552425,2.970619764784658]],[[101.2675995765249,2.9131698091863996],[101.266490157222,2.9133297111770844],[101.26577958898957,2.913750121862904],[101.26462974525697,2.9145100992086554],[101.26454979547003,2.91472030213464],[101.2646504070081,2.9152197659516332],[101.26490014012501,2.916499866448646],[101.26513998948582,2.9174700443035704],[101.26504027581183,2.917920102632536],[101.26524958449903,2.918489634897128],[101.26534031348939,2.918970232691265],[101.26527024625017,2.919629596082075],[101.2654499085026,2.9215501939470414],[101.2654499085026,2.923070143804864],[101.26559004418942,2.9239397113300925],[101.26562957196347,2.9257695789963236],[101.26579036940143,2.926080397085684],[101.26614969511473,2.9262699418858347],[101.26650003976977,2.926390316102527],[101.26716030102472,2.926149566460765],[101.26765976242484,2.9257004096212427],[101.2681295810155,2.9249197729411662],[101.26884014924792,2.9241202738635366],[101.26963965074242,2.923290229278564],[101.26990016185437,2.923150093591744],[101.2697402622805,2.9234600126085866],[101.26888955836125,2.924239749007654],[101.2681295810155,2.925229693166443],[101.26754028728072,2.9262196373252323],[101.26700040145084,2.926669692028895],[101.26651980003146,2.9267199965894974],[101.2660499814408,2.926550215676343],[101.26572030095383,2.9265295539252065],[101.26556040138001,2.926669692028895],[101.26541038193699,2.927170054918463],[101.26524958449903,2.928440270450892],[101.2651498708251,2.9301300036386806],[101.26529000651192,2.9303204450945373],[101.2656403511669,2.9304803446684105],[101.26604010251839,2.9304803446684105],[101.266470393335,2.930459684125651],[101.26677043101256,2.9307004325589787],[101.26724025081165,2.9307201940291634],[101.26748009896397,2.9307498392554407],[101.26710011149953,2.9309402819197885],[101.2667497704698,2.930909738829314],[101.26627995187914,2.930650125581508],[101.26582989596704,2.930650125581508],[101.26554962217654,2.9305297513648725],[101.2651498708251,2.930650125581508],[101.26499985138213,2.930860332132852],[101.26483995180826,2.9317101381879525],[101.26456955935703,2.934479644243936],[101.26506003969888,2.9349395814952572],[101.26558016285014,2.9350303104856152],[101.26477976590837,2.9350303104856152],[101.26453991413075,2.935219855285766],[101.26452015266057,2.935689675084859],[101.26459022110822,2.936879943247277],[101.26486959703459,2.9379902592058897],[101.2651498708251,2.938370246670331],[101.2662997145577,2.9391598668255483],[101.26670036377334,2.9392101713861507],[101.26708035123778,2.939089799586327],[101.26739026783775,2.938760116682488],[101.26769030551526,2.93836036533105],[101.26809005686675,2.9379803778666087],[101.26854011157042,2.937789935202318],[101.26996035017112,2.937819580428595],[101.27088022346544,2.9375797286509737],[101.27120990395241,2.937250048164003],[101.2714201105037,2.9368502980209428],[101.27163031705504,2.9362295609147395],[101.27187016520736,2.9358801165407726],[101.27232022353633,2.9355297755110428],[101.27325986071764,2.9349602432464508],[101.27385005473337,2.934459881565317],[101.27430010943704,2.9343700492306652],[101.27534035815648,2.934210150865283],[101.27588024519474,2.9340197082009922],[101.27640037076287,2.9337097879757152],[101.2764704380021,2.933430412049347],[101.27635994512468,2.933210324158722],[101.27605002852476,2.933070188471902],[101.27545983571741,2.9328303366942805],[101.27484987781463,2.932670437120464],[101.27398030787248,2.932450349229839],[101.27362008429509,2.932259906565548],[101.27326974326536,2.931949989965574],[101.27292029647452,2.931550238614136],[101.27292029647452,2.9312600834842897],[101.27302000894002,2.9309304005804506],[101.27317991093071,2.9305998222293397],[101.27323021549131,2.9309501632590695],[101.27312960516167,2.931330150723511],[101.27344042204265,2.9318799191011067],[101.27391024063331,2.9322796704525445],[101.27476004668841,2.9324997583431696],[101.27574010950792,2.9327396077039225],[101.27633030231527,2.933000120024303],[101.27685042546653,2.9332597332720525],[101.27694025780119,2.9334501759363434],[101.27687018935353,2.933639720736494],[101.27664022012362,2.9338301634008417],[101.27623957090805,2.9340897754401567],[101.27597995886867,2.934350285343669],[101.27509960851467,2.9344904246557917],[101.2741797352204,2.9346099010082867],[101.27383029084638,2.93490993626898],[101.27345030338194,2.9350303104856152],[101.27271997126246,2.9355001290762743],[101.27187016520736,2.9363301748696813],[101.27174979340754,2.9369500104864983],[101.27132039682976,2.9376300356284446],[101.27061971114506,2.9379399558537216],[101.26981032951971,2.9381303985180125],[101.26915006826476,2.938000141753605],[101.26824007389285,2.9381699226667592],[101.26787985031541,2.9383801292180465],[101.26749986285097,2.9389002547861764],[101.26708035123778,2.9393000025123683],[101.26665005679587,2.9395102090637124],[101.26627995187914,2.9395802799281796],[101.26575982510258,2.939440140616057],[101.26536007737639,2.9390601543600496],[101.26492978293447,2.9386999295741703],[101.26475012068204,2.938799643248103],[101.26455967801775,2.9391095598480774],[101.26455967801775,2.939699753863863],[101.26478964724765,2.9408603767998898],[101.26470969504385,2.9418799637681445],[101.26476000202132,2.9438499707464985],[101.26500973272141,2.944699776801599],[101.26566999397636,2.9460499457462674],[101.26595027139217,2.9469797015883046],[101.26598979554092,2.9482597984600147],[101.26652968257918,2.9493198110664594],[101.26808017431904,2.951079611493469],[101.26912042303843,2.9519401979604254],[101.26984985729376,2.9522195738867936],[101.27160965530385,2.952230353090272],[101.27308019846521,2.9517596366354155],[101.2734997100784,2.9512898180447564],[101.27401983564653,2.9501004465381016],[101.27428034555004,2.9493000495963315],[101.27429022809775,2.948939823602018],[101.27407014020713,2.9487098567889802],[101.2736497307298,2.948370291337426],[101.27332004661753,2.9480603747374516],[101.27312960516167,2.947710030082476],[101.2728798732532,2.9472797392658094],[101.27256995423636,2.946899751801368],[101.27233998500645,2.9464496934724593],[101.27217020288487,2.9458999250948636],[101.27219984931963,2.9454804134816754],[101.27255019034936,2.944999814479104],[101.2730999587269,2.944629707145509],[101.27354013571659,2.9445299958884448],[101.27420039697154,2.944629707145509],[101.27483999647535,2.9448003883396723],[101.27537988593048,2.9446602502359838],[101.27660967945008,2.9441401270847223],[101.27816016877301,2.9442101943238868],[101.27888960302835,2.943910157854816],[101.27962981407023,2.943440338055723],[101.28022000687753,2.943269659278428],[101.28064041756329,2.943269659278428],[101.28098986435418,2.943559815616652],[101.28032960309923,2.943489744752185],[101.27996039483821,2.943489744752185],[101.2796001688439,2.943719715190525],[101.27906028180558,2.9440997026549667],[101.27861022710198,2.9442901441108233],[101.2780703376468,2.9443997403324715],[101.27710015979187,2.9443997403324715],[101.27636982767245,2.944420400875231],[101.27597007632096,2.944639588484847],[101.275329578953,2.94489021946589],[101.2747699280277,2.9450096946100075],[101.27413032852388,2.9448003883396723],[101.27345030338194,2.9447204385527357],[101.27291041755205,2.9450797642660405],[101.2725995994627,2.9454103426171514],[101.27246035922315,2.9458801612078105],[101.2726696679103,2.946470355223596],[101.27323021549131,2.9470704305786626],[101.27355989839515,2.947760337059947],[101.27416985267263,2.948370291337426],[101.27473040146208,2.9489901305794888],[101.27511038892658,2.949249743827295],[101.27579041286009,2.949399760853396],[101.27671028977971,2.9497599868476527],[101.2781502898506,2.9503501808634383],[101.2788500752543,2.95068974268969],[101.27976994975705,2.951040084927854],[101.28022000687753,2.9514003109221676],[101.27908992703192,2.9509197095027275],[101.27771999540869,2.9502998738859674],[101.27633030231527,2.949709679870182],[101.27541042660408,2.9494895919796136],[101.27497025323976,2.9494895919796136],[101.27463967247172,2.9498399366345893],[101.27428034555004,2.950440011989656],[101.27400007175953,2.951049966267135],[101.2737799838689,2.951669805509198],[101.2726499040233,2.95245044098084],[101.27218008543264,2.9526597472511753],[101.27178033408114,2.952700171680931],[101.27085956292268,2.9526498659118943],[101.27054964269746,2.9527199355679272],[101.27054964269746,2.9528196468249917],[101.27061971114506,2.952940021041684],[101.27104012303926,2.953199634289433],[101.27219984931963,2.9538904386348577],[101.27365960965221,2.9550303998198046],[101.27476004668841,2.956030226526309],[101.27607967133417,2.9569303395588804],[101.27723041293098,2.9576696527366266],[101.27894978892823,2.9591500748204],[101.2796001688439,2.95967020038853],[101.28125037425764,2.960529887782968],[101.28285027269396,2.961190149037918],[101.2847097867949,2.962150447970373],[101.28617044499163,2.962860115921842],[101.28702025467203,2.9631996813733963],[101.28732028872429,2.9635095979733705],[101.28808026365317,2.964080028102103],[101.28992989641483,2.965219989286993],[101.29077970246993,2.965960202745748],[101.29145972761188,2.966860313361508],[101.29203015653223,2.9673103716904166],[101.29249997633133,2.9675502198427353],[101.2922798884407,2.9676696974037213],[101.29224036308352,2.96794997119423],[101.29249009378361,2.968830320339805],[101.29297967626127,2.9699702827331294],[101.29376031294134,2.970870392140455],[101.29485984969654,2.971940287294615],[101.29613006764583,2.9729904173532873],[101.297579949056,2.974109717995475],[101.29848994101098,2.9746999108028263],[101.30053001643694,2.9752703409315586],[101.302700345002,2.9753700546054915],[101.30366962740965,2.975280223479274],[101.30510962748048,2.9748795742636958],[101.30553003695786,2.9744995867992543],[101.30571958175801,2.9742399747598824],[101.30571958175801,2.973959700969374],[101.30537013738399,2.9735797135049324],[101.30485001181586,2.972940112792685],[101.30412956466097,2.9719196255434213],[101.3037001680832,2.9711596506145384],[101.30318992747965,2.969730430955508],[101.3025602068983,2.9677200019643237],[101.3022799331078,2.966410258657845],[101.30204996508633,2.9643800657796078],[101.30192959086963,2.963550022403126],[101.30176969129582,2.9627397417051498],[101.30121004157894,2.961930360079805],[101.30081029022745,2.9610302470472334],[101.30037011444625,2.9592497884943327],[101.2997296170783,2.9582104364306474],[101.29893999692308,2.9561200576525266],[101.29870014756233,2.955740070188085],[101.29841987377182,2.9557203075094662],[101.29795005518116,2.955880209500208],[101.29697987370093,2.9563796709003327],[101.29568001294217,2.957059696042279],[101.2953296682872,2.9571297632815003],[101.29566024905517,2.9568000827945298],[101.29620013609343,2.9565602310169083],[101.29724038360445,2.9559996834358344],[101.2980704293978,2.9556403577225865],[101.29840010988482,2.955410387284246],[101.29840010988482,2.9551202321544565],[101.29804976764666,2.954580345116142],[101.29797969799063,2.9538904386348577],[101.29772008474282,2.9532301773799077],[101.29725026615216,2.952700171680931],[101.29702029933912,2.952400134003369],[101.2968002114485,2.9523695909129515],[101.2963097311067,2.952540273315492],[101.29545992505155,2.9526498659118943],[101.29418970589381,2.952840307367751],[101.29234995809679,2.9527603575808143],[101.29121987583426,2.9525896788035197],[101.28979963965043,2.9525196115643553],[101.28886000246911,2.9523498282343326],[101.28720979584688,2.9519401979604254],[101.28627015866556,2.9518701295128267],[101.28560989741061,2.951979722109172],[101.28505024769373,2.9519096548700077],[101.284479817565,2.9517704158388938],[101.28552006628439,2.9518898909829545],[101.2862000914264,2.9518000586483026],[101.2868801153599,2.9517497552961345],[101.287729921415,2.9518997723222355],[101.28888964769538,2.952230353090272],[101.290679988796,2.952380371324807],[101.29178042583214,2.95245044098084],[101.29441967633215,2.9525797974642387],[101.2960303539719,2.9524198978904224],[101.296500173771,2.9521602858510505],[101.29664031187468,2.951780298386609],[101.29659000489721,2.9513500039446967],[101.29627020333265,2.9508298783765667],[101.29593962498154,2.9502603485287864],[101.2956099420777,2.9493099297271783],[101.294910156674,2.9476696056527203],[101.29464964314519,2.9471297186144056],[101.29448974357138,2.9469895829275856],[101.29416006308435,2.9471297186144056],[101.29351956329958,2.94724021149176],[101.2937800756199,2.94710007580494],[101.29426965568075,2.946870106575034],[101.29439003110582,2.946630257214281],[101.29431996265822,2.9464200506629936],[101.2937800756199,2.9458496217426386],[101.29331025702925,2.945250443043335],[101.29105997626044,2.941640115615826],[101.2902595769018,2.940459728792746],[101.28971968986349,2.939440140616057],[101.28916004014661,2.9383900105573275],[101.2888096979085,2.938060330070357],[101.28863991457848,2.9379902592058897],[101.28848001500467,2.938060330070357],[101.28825992711404,2.9384403175347984],[101.28793024662707,2.9388400652609903],[101.28750983352444,2.938929897595642],[101.28691964071709,2.9389604406861167],[101.28657019634312,2.9389496614826385],[101.28545988038451,2.938619980995668],[101.28400011642657,2.9381896865537556],[101.28173995673535,2.937020078934097],[101.28159981863166,2.936879943247277],[101.28158005716148,2.936780229573344],[101.28159981863166,2.9367101623341227],[101.28168964975788,2.9367398051435885],[101.2832500240454,2.9376695609856256],[101.28431003665185,2.9380702089928263],[101.28598000353577,2.9384996055705983],[101.28709032191125,2.938719691044355],[101.28772004007573,2.938579555357478],[101.28810002754017,2.9381501611965746],[101.28838030133068,2.9377001040761],[101.28833987931779,2.937349761837936],[101.28795989185335,2.9366400914696555],[101.28726010282435,2.935640268388397],[101.2865800776824,2.9345901371212904],[101.28598988487505,2.9336199568494976],[101.28540957340704,2.9324799944561732],[101.28451036065542,2.931100181493605],[101.28315031037147,2.928660358341517],[101.2827999693418,2.9272904291350983],[101.28221965666529,2.9262897045644536],[101.28142015517079,2.9249799624663524],[101.28061975822902,2.9234402487215903],[101.27931001250568,2.9213696314135973],[101.27810986421241,2.91977961431661],[101.27606978999489,2.9173802131773527],[101.27423992112028,2.9153401413767597],[101.27370003408197,2.9149098469347905],[101.27340987895218,2.9150095606087802],[101.27319967240089,2.915390444728928],[101.27306043457821,2.9154299725029773],[101.27294006036152,2.915309598286285],[101.27294006036152,2.9151200534861346],[101.27316014825215,2.9146502336870412],[101.27301012760074,2.9144400283441314],[101.27268044711371,2.914290010109596],[101.27224027374939,2.914180415096382],[101.27176955487772,2.913869598215399],[101.2712296678394,2.9134896107509576],[101.2705703044486,2.913360254267559],[101.26945998848998,2.9133395937248565],[101.26839997588354,2.9133395937248565],[101.2675995765249,2.9131698091863996]],[[101.35531017481946,2.9377297493023775],[101.35529041093247,2.937750411053571],[101.35529041093247,2.9379201919666684],[101.35542965238045,2.9383100607704478],[101.35584017931006,2.9392200527254317],[101.35645013721285,2.940880140686943],[101.35739965694188,2.943959563342844],[101.35759998094545,2.944730321100451],[101.35754967396798,2.9451695966006923],[101.35720022959401,2.945549584065134],[101.35691007446422,2.9459403507329966],[101.35691007446422,2.946279912559305],[101.35715980758113,2.946749731149964],[101.35737989305488,2.9471297186144056],[101.35782995017536,2.9475303678300406],[101.3579799684099,2.947910354086048],[101.3579098999623,2.9482499171207337],[101.35779042360974,2.9486604476756497],[101.35774011904914,2.9492398612795228],[101.35781018628836,2.9498399366345893],[101.35798984974923,2.950379823672904],[101.3582099376398,2.950950252593202],[101.35840038030409,2.951090391905325],[101.3586599935519,2.9511901043708235],[101.35901033458163,2.9512799367054754],[101.35927982916866,2.9514200723922954],[101.35940020338535,2.9516302777352053],[101.3593597789556,2.951829705083071],[101.35916035523303,2.9521099788735796],[101.35906962261737,2.952400134003369],[101.35932025480685,2.952599561351235],[101.35946039291053,2.952850189915466],[101.359509799607,2.9531295658418344],[101.359509799607,2.9537404204003224],[101.35941996727234,2.9545695659127205],[101.35940020338535,2.9550896914808504],[101.35963017382369,2.955410387284246],[101.35987990452372,2.955730188848804],[101.35992032895348,2.9559700406264255],[101.35964993529382,2.956309602452677],[101.3595897481855,2.956609640130239],[101.35972988749762,2.956790201455192],[101.36017994220128,2.9571899515982523],[101.3602095850107,2.957470226597195],[101.3600398040976,2.95769031448782],[101.35979995473684,2.9577603817269846],[101.3597200049499,2.957920281300858],[101.35981971862384,2.958099943553293],[101.35992032895348,2.958390099891517],[101.35987990452372,2.958659594478604],[101.35978019084979,2.9588796823691723],[101.35986014063673,2.9591500748204],[101.35965981663315,2.9592902129240883],[101.35962029248441,2.9594096868597717],[101.35972988749762,2.959680081727811],[101.35982959754625,2.96021008621841],[101.3597604269628,2.960710449107978],[101.3597200049499,2.961589900389356],[101.36008022852735,2.9616698501762926],[101.3597900733975,2.96175968130251],[101.3595897481855,2.961950123966801],[101.35942984982012,2.962390297331183],[101.3592304224722,2.9627900486826206],[101.35928971171643,2.9628996436958914],[101.35961040993669,2.9629400657087785],[101.36019970608828,2.963129610508929],[101.35959963073321,2.963119729169591],[101.35913969348184,2.96308020381241],[101.35896991256874,2.963170036147062],[101.35885043500775,2.963470073824624],[101.35863034711718,2.9639704355057575],[101.35849021143031,2.9644797782451633],[101.35849021143031,2.964629798896567],[101.35858004376496,2.9646899847964505],[101.35910016570784,2.964670220909454],[101.359470271833,2.964769934583387],[101.35982959754625,2.9647995798096645],[101.35951968094633,2.9649100726870756],[101.35934001748547,2.9648903088000225],[101.35914957602961,2.964820241560858],[101.35885043500775,2.964779815922668],[101.35858004376496,2.9647995798096645],[101.35835995587439,2.96486964825732],[101.35820005630052,2.9650403270346146],[101.35811022396587,2.965430195838337],[101.35787037339668,2.966720177674688],[101.35779042360974,2.967449609513096],[101.3579799684099,2.9683497225457245],[101.35820005630052,2.9688402028875203],[101.35830964889692,2.9689003887874037],[101.35881989191734,2.968649757806361],[101.35913969348184,2.968409908445608],[101.35952956228562,2.9680002757548323],[101.35963017382369,2.9676795787430024],[101.3597200049499,2.9674702700558555],[101.35986014063673,2.9674603887165745],[101.36034972311438,2.9670696220486548],[101.36064976079194,2.966930384225975],[101.36098034155992,2.966880077248504],[101.36041979156204,2.967139689287876],[101.35996973564994,2.9675196767523175],[101.35969035972357,2.968059566207444],[101.35932025480685,2.968409908445608],[101.35914957602961,2.968589570698043],[101.35888996036493,2.9687395889325785],[101.35853961812683,2.968889608375548],[101.35840038030409,2.9690396266100834],[101.35835995587439,2.9692695958399895],[101.35844978700061,2.969859789855775],[101.35845966833989,2.9704499826631263],[101.35828000608745,2.971030295339574],[101.35790001862301,2.971640249617053],[101.3577697618586,2.9718199118694884],[101.35788025473596,2.9719304047468427],[101.35812010651358,2.9719798114433615],[101.3586402296649,2.971969932520892],[101.35893038479469,2.9717300807432707],[101.35888996036493,2.9718100305302073],[101.35890972425193,2.971969932520892],[101.35898967403887,2.9720498823078287],[101.35926006769853,2.972090304320716],[101.35956998550694,2.971899861656425],[101.3599104476142,2.971650130956334],[101.36014041442724,2.9715701811694544],[101.36039014875257,2.9716195878659164],[101.36058957247519,2.9716195878659164],[101.36068030388236,2.9715899450564507],[101.36070994669183,2.971430043065766],[101.36078989647876,2.971289907378946],[101.3608896101527,2.971280026039608],[101.36094979846945,2.9713698571658256],[101.36091027190383,2.9715297567396988],[101.36079977902648,2.9717103168562744],[101.36079977902648,2.971849558304257],[101.3608896101527,2.9719304047468427],[101.36108005281699,2.9720202370814945],[101.36125971506942,2.972160375185183],[101.36153010993752,2.9722897304601474],[101.36190021606268,2.9722798491208664],[101.36208976086283,2.9723301560983373],[101.36193974021143,2.972369680247084],[101.36176007795899,2.972519700898488],[101.3616100597244,2.972529582237769],[101.36145016015058,2.9724900556721536],[101.3613100220469,2.9723400374376183],[101.36102974825639,2.972110068207712],[101.36085996734323,2.9720597636471098],[101.36064976079194,2.971860337507678],[101.36043955544903,2.9717103168562744],[101.36019970608828,2.971700437933805],[101.35994009042366,2.971749844630324],[101.35944961008181,2.97211994954705],[101.3590804054461,2.9722403249721197],[101.35858004376496,2.9722600876507386],[101.35825035965269,2.9722304424244044],[101.35808956342316,2.9722996130078627],[101.35807968087545,2.9723795627947993],[101.35859980402671,2.9734198115141908],[101.35893038479469,2.973819561657251],[101.359509799607,2.974479822912201],[101.35984038037498,2.974750217780297],[101.36015029697495,2.9749199999018856],[101.36034972311438,2.9751697306019196],[101.36050962268826,2.9756296666448634],[101.3603398417751,2.975350290718495],[101.36017994220128,2.9750601343802714],[101.35995985431066,2.9749703032540538],[101.35971012361063,2.974799624476759],[101.35944961008181,2.974549893776725],[101.3590804054461,2.9741501424252306],[101.35870041798165,2.9739803615120763],[101.35843002311356,2.9736704424952904],[101.35811022396587,2.9728502816664673],[101.35784971164554,2.97242986977227],[101.35764040537521,2.9722996130078627],[101.35735025024542,2.9723795627947993],[101.35700978692972,2.972620311228127],[101.35646001855213,2.972940112792685],[101.3553398200458,2.9733596256143073],[101.35370039383548,2.973819561657251],[101.35257031398982,2.9739300545346055],[101.3519900025218,2.973859987295441],[101.35039998300795,2.973750392282227],[101.34939027737897,2.973859987295441],[101.34888003315012,2.974220210872886],[101.34756040850436,2.9757302781829367],[101.34683008001019,2.9763797602344653],[101.34606022374203,2.9767202223417257],[101.34465975144514,2.9775897922838794],[101.3434299579256,2.9786695651520176],[101.3421103320714,2.980239821987311],[101.34186958363807,2.9805003318907666],[101.34142042559012,2.980789590364907],[101.3414096463867,2.980880319355265],[101.34158032516393,2.9810797454946965],[101.3416899201772,2.9811300524721673],[101.34175010607709,2.981210002259104],[101.3415596634128,2.9815199188590213],[101.34165039240315,2.9817903137271173],[101.3416899201772,2.982119994214088],[101.34152013926405,2.981929551549797],[101.3414599509473,2.9817202440710844],[101.34137011861264,2.9815702258364922],[101.34123986547354,2.9815298014067935],[101.3411401517996,2.981669939510482],[101.34092994524826,2.9820301630878703],[101.34077004688288,2.9822601323177764],[101.34074040044811,2.9825296269048636],[101.34044036277061,2.9829599189299074],[101.34037029553139,2.9831701254812515],[101.34034963378025,2.9833803308241045],[101.34049965201478,2.983509687307503],[101.34062990757076,2.983719893858847],[101.34069009347064,2.9838995561112256],[101.34040981968013,2.983799843645727],[101.34033975244097,2.9837001323886625],[101.34030022708379,2.9835402303979777],[101.3402301574277,2.983199770707529],[101.34019961433728,2.983090175694315],[101.34010978200263,2.9830704118073186],[101.33996964631581,2.983090175694315],[101.33984028741554,2.983199770707529],[101.33996964631581,2.9830201072466593],[101.34009002174088,2.982909614369305],[101.34030022708379,2.982739833456151],[101.3405598403316,2.9823903866653154],[101.34074040044811,2.982119994214088],[101.34078980714463,2.9818999063235196],[101.34093982779603,2.9817804323878363],[101.3411401517996,2.9813195948554494],[101.34115003313889,2.9810698641554154],[101.34112038791261,2.98099979570776],[101.3409101825697,2.9809099645815422],[101.34080957103163,2.9810797454946965],[101.34021039595757,2.981510039936609],[101.33993011975019,2.981650175623429],[101.33945041861182,2.9817903137271173],[101.33904977302149,2.981880146061769],[101.33881980258315,2.981880146061769],[101.33836974787948,2.9818298390842983],[101.33811013221487,2.9818298390842983],[101.33794035130171,2.981769653184415],[101.33773014475042,2.9817301254103654],[101.3365102337786,2.9817301254103654],[101.33635033420472,2.981699582319891],[101.33606017907493,2.9815702258364922],[101.33581044716647,2.9815396827460745],[101.33567030906278,2.98154956529379],[101.33537027138522,2.98166005696271],[101.33514030457218,2.9817103639401807],[101.33488967359114,2.9817498892973617],[101.33476031710774,2.9818496029712946],[101.3345096861267,2.982139758101141],[101.33442973633976,2.982279893787961],[101.33446027943023,2.982540407316719],[101.33456987444345,2.982840444994281],[101.33475043576846,2.9831503615941983],[101.33556969873308,2.984019931536352],[101.33584997252359,2.9843002053268606],[101.33608982430127,2.9844098003400745],[101.33628026696556,2.9845301745567667],[101.33650035123082,2.9847700239175197],[101.33676984581791,2.9850404187856157],[101.33684979923015,2.9850997068213587],[101.33690010258232,2.9850700615950814],[101.33698005236926,2.985019757034422],[101.33771038448867,2.984249900766258],[101.33801042216624,2.9840100489886368],[101.33818020307933,2.983889677188813],[101.33827003420555,2.983889677188813],[101.33829967701502,2.9839597456364686],[101.33814965998891,2.9840495767626862],[101.33796999652805,2.984240019426977],[101.3378100981626,2.9844601073175454],[101.33710042658589,2.9851401324595486],[101.33708964738247,2.985229963585766],[101.33708964738247,2.98535033538559],[101.33715971583013,2.9854401665118075],[101.3373097352731,2.9855497615250215],[101.33743011069816,2.985570423276158],[101.33761965187307,2.985670136950091],[101.33784962231135,2.985820153976249],[101.33809037195311,2.9860303605275362],[101.33828979567573,2.9862603297574424],[101.33870032623065,2.9867696737052825],[101.33915038335113,2.987219732034248],[101.339330046812,2.987359867721068],[101.3395896600598,2.9875098871640375],[101.33980974795037,2.987620380041392],[101.33993011975019,2.9877003298283284],[101.34004959610274,2.987860229402145],[101.34031010721463,2.988129723989232],[101.34059038342201,2.9883695721415506],[101.34100001369592,2.9886597284798313],[101.34146983228658,2.988840292221653],[101.34190012672849,2.9890900229217436],[101.34236006397987,2.9893496349610587],[101.34262955735852,2.9895598415124027],[101.34277957559306,2.989629908751567],[101.34302032523482,2.989680215729038],[101.34334012559094,2.98977004806369],[101.34365004339935,2.989920065089848],[101.34402014831608,2.9900898484198137],[101.34530024881309,2.990699802697293],[101.34550955750029,2.9908399420094156],[101.34577006740375,2.9910402660130444],[101.34600003663365,2.991130097139262],[101.34645009254575,2.9912495722833228],[101.34691991113641,2.9913897103870113],[101.34764036070817,2.9915298460738313],[101.34780026028199,2.9916403389512425],[101.34789997395592,2.99166998417752],[101.34797992374286,2.99162955853933],[101.34802034817261,2.9914804393773693],[101.34800956655232,2.991369946500015],[101.34799968762985,2.99100972292257],[101.3479403959688,2.9908803640223027],[101.34764036070817,2.990699802697293],[101.34730977994013,2.990430309318697],[101.34751998649148,2.9905201404449144],[101.34772031049505,2.990559667010473],[101.34780026028199,2.990609971571075],[101.34788021006892,2.9905704474223853],[101.3479403959688,2.9903395791199046],[101.34804999098202,2.9898401153029113],[101.34811017929883,2.9894996556125193],[101.34809041662021,2.9890900229217436],[101.3477903789427,2.9881602670797065],[101.34769964995235,2.9878000435022614],[101.3475101051522,2.9875296486341654],[101.34706992816251,2.9872799179341314],[101.34659023064944,2.9870598300435063],[101.3462803116326,2.9869798802566265],[101.3457898312908,2.9869897615959076],[101.34541972516564,2.9869601163695734],[101.34501997502258,2.9868199806827533],[101.34478012324496,2.9867499122351546],[101.34469029091031,2.9867696737052825],[101.34464986889742,2.9868702852433557],[101.34457979803295,2.9870203046863253],[101.3444100171198,2.9871900855994795],[101.34411986199001,2.987320342363887],[101.34426988143298,2.9871397786220086],[101.34447020664498,2.9869699977088544],[101.3445600377712,2.9868702852433557],[101.3445600377712,2.986800216795757],[101.34447020664498,2.9867202670088204],[101.34398960764247,2.986449874557593],[101.34360962017803,2.986019581324115],[101.34345960073506,2.985820153976249],[101.34337965094812,2.9857500867370277],[101.34324041312544,2.985670136950091],[101.34310027381332,2.9857402041893124],[101.34281011868353,2.985820153976249],[101.34249031953584,2.9860698883015857],[101.34238970678933,2.986190262518221],[101.34200971932489,2.9863501620920943],[101.34177975130342,2.9865199430052485],[101.34160008905098,2.986699606466061],[101.34147971362586,2.987079592722125],[101.34138000116036,2.9868298620220344],[101.34107008093514,2.9865298243445295],[101.34094970913532,2.9864696360277776],[101.3407799258053,2.9860797696408667],[101.34106020201267,2.986340279544379],[101.34122998292582,2.986549588231526],[101.34136023727336,2.986590010244413],[101.34166027495087,2.9864103479919777],[101.34190012672849,2.9862100227799715],[101.3422396885548,2.9860797696408667],[101.34268974446684,2.985720443927562],[101.34304008791344,2.9854796942858],[101.34325029446472,2.9853997444989204],[101.34339043015154,2.9850700615950814],[101.34352966797422,2.9848598550437373],[101.3437102317161,2.9848104483472753],[101.34388001262926,2.9847799052568007],[101.34398960764247,2.984649652117696],[101.34410010051988,2.9844601073175454],[101.34426988143298,2.9842696646532545],[101.34448996690674,2.984179833527037],[101.34464986889742,2.9841403057530442],[101.34485019290105,2.983910335314704],[101.34500021113558,2.983669589298188],[101.34530024881309,2.983559994284974],[101.34554997951318,2.983359670281402],[101.34567035372982,2.983199770707529],[101.34576018606447,2.9830201072466593],[101.34585989852997,2.9829796828169606],[101.3459398483169,2.9830802931465996],[101.34590032416816,2.9834396188599044],[101.34575030351675,2.9834998083850905],[101.34532989403942,2.983729775198128],[101.34492026134865,2.984080119853104],[101.34471005479736,2.984319969213857],[101.34456991911054,2.9844196816794124],[101.34443966355457,2.9844196816794124],[101.3442797639807,2.9845301745567667],[101.34426988143298,2.9847197193569173],[101.34416028641976,2.9848796189307336],[101.34405967609013,2.984949687378389],[101.3438198243125,2.984949687378389],[101.34362040058988,2.9851203685725523],[101.343539550522,2.985360216724871],[101.34348026127776,2.9855901871632113],[101.34357009361241,2.9858102750537796],[101.34405967609013,2.9861696007670844],[101.34448996690674,2.9864202293313156],[101.34484031156171,2.986640317221884],[101.34537031605231,2.9867499122351546],[101.34585001719068,2.9867696737052825],[101.34620036184572,2.986860405112509],[101.34660010957185,2.9869196943566863],[101.34692979247569,2.9870400685733784],[101.34772031049505,2.987470359389988],[101.34781014162127,2.9874901232769844],[101.34788021006892,2.987359867721068],[101.34781014162127,2.9871802042601985],[101.34775983585223,2.986810098135038],[101.34774995330451,2.986580128905132],[101.34797992374286,2.9862504484181613],[101.34815958599529,2.9859001061799972],[101.34819012908571,2.9856000685024924],[101.34797004119514,2.9851904358117167],[101.34789997395592,2.9849802304688637],[101.34791973421767,2.9843100866661416],[101.34787032872958,2.9838699133018167],[101.34789997395592,2.9834701631587563],[101.34798980508214,2.9836201801848574],[101.34830960422983,2.983710011311075],[101.34812994076896,2.9837396565374092],[101.34803022709502,2.983819606324346],[101.34803022709502,2.984440343430549],[101.34807963620835,2.9849802304688637],[101.34821977189517,2.9852901494856496],[101.34851980957268,2.9853000308249307],[101.34865006633709,2.98535033538559],[101.34877044055378,2.9855102373762747],[101.34880008457162,2.9858695630895795],[101.34911000358846,2.9860698883015857],[101.34933009147909,2.9860698883015857],[101.34947022716591,2.9859001061799972],[101.34956994083984,2.985670136950091],[101.34978014618275,2.985489575625138],[101.34984033208264,2.9855003560369937],[101.34974960309228,2.98561982997262],[101.34974960309228,2.985779731963362],[101.34965977196606,2.985880342293001],[101.34950975493996,2.9861696007670844],[101.34935973428856,2.986340279544379],[101.3491396488148,2.9862504484181613],[101.34882972979796,2.9859998174371185],[101.34868959169427,2.9859504107405996],[101.34866983022414,2.9858596817502416],[101.34863030245009,2.98561982997262],[101.34847040408465,2.9855003560369937],[101.34836979254658,2.9855299988464026],[101.34832038343325,2.9856395938596734],[101.34829972168211,2.985980055966934],[101.34819012908571,2.9862603297574424],[101.34799968762985,2.986630435882603],[101.34792961676538,2.986849623492219],[101.3479601598558,2.9870301872340974],[101.34812994076896,2.9872403925769504],[101.34842997844652,2.987470359389988],[101.34858987802033,2.987669786737854],[101.3487902020239,2.9879698244154156],[101.34898962937183,2.9883004027665265],[101.34910012104075,2.9884198791190215],[101.34936961562784,2.988390233892744],[101.34954029803038,2.9883399293321418],[101.34965977196606,2.9884099977797405],[101.34966965330534,2.9885896600321757],[101.34957982217912,2.988789985244182],[101.34956994083984,2.988920240800155],[101.34994004575657,2.9889400046872083],[101.35014036976014,2.9891097856003057],[101.35026972866041,2.9895499589646874],[101.35026972866041,2.989729622425557],[101.3504404074377,2.989799693290024],[101.35077009154998,2.9896999796160912],[101.35107012922748,2.9899802534066],[101.35090034468908,2.9900098962160655],[101.35067037787604,2.9898499966421923],[101.35053023977235,2.9898697605292455],[101.35038022153776,2.989990135954315],[101.35024996598185,2.990040439306483],[101.35017001619491,2.9899703720673187],[101.35014036976014,2.989799693290024],[101.35012959055672,2.989579605399399],[101.35007030252098,2.98946012783847],[101.3500199955435,2.9891699727086802],[101.3499696909829,2.9891403298992145],[101.34932021013981,2.9891304473514992],[101.34926002061457,2.989060376486975],[101.34925014169215,2.9888501735609907],[101.3494199226053,2.9887396806835795],[101.34949987239219,2.9885797786928947],[101.34942980515302,2.988550135883429],[101.34910012104075,2.9886300856703656],[101.34900040857525,2.9886399670096466],[101.34888991569784,2.988489947566677],[101.3487398974633,2.9881701484189875],[101.34840033563705,2.987780279615265],[101.34820001163342,2.9877596178640715],[101.34804999098202,2.987809922424674],[101.34799968762985,2.9880704347450546],[101.34809041662021,2.9884198791190215],[101.34820989055589,2.988789985244182],[101.34825031498565,2.9892903469253156],[101.34820001163342,2.989779929403028],[101.34820001163342,2.9907698711449484],[101.34828984275964,2.9909504348868268],[101.3484596236728,2.9910402660130444],[101.34885039034071,2.991019604261851],[101.34867970914655,2.9910995540487875],[101.34842997844652,2.991120215799924],[101.34840033563705,2.99114985860939],[101.34827996142036,2.9914103709297706],[101.34840033563705,2.99166998417752],[101.34858987802033,2.9919601393073094],[101.3487803231015,2.9922098712158345],[101.34901028991453,2.9924200765586875],[101.34935973428856,2.992720114236249],[101.35001011662104,2.993010270574473],[101.35042962823422,2.9931099830399717],[101.3512102649143,2.993489970504413],[101.35158036983103,2.993729819865166],[101.35179955985751,2.9938403127425772],[101.35209959753502,2.9938403127425772],[101.35239963279571,2.9938501940818583],[101.35273021356369,2.994049621429724],[101.35307965793766,2.9942203002070187],[101.3533698130675,2.9943397765595705],[101.353689614632,2.9945302192238614],[101.35403995687017,2.9948500207883626],[101.35489964426455,2.995549806192116],[101.3552401075803,2.995830081191059],[101.35557966940655,2.996040286533912],[101.35588958963183,2.9962702569722524],[101.35624981320922,2.9963798519854663],[101.35653008699973,2.996309781120999],[101.35690019191645,2.9961202363208486],[101.35737989305488,2.9959297936565576],[101.35757033571917,2.9957303675170692],[101.35766016684539,2.995430332256433],[101.3576197448325,2.9950395631717015],[101.35753979504557,2.9947997138108917],[101.35749038593224,2.994719764024012],[101.35752991249785,2.994360438310707],[101.35752991249785,2.994189757116544],[101.35760986228479,2.994000214733262],[101.35765028792292,2.9938501940818583],[101.35767993073239,2.993680413168704],[101.35757033571917,2.9934199032652486],[101.35729006072023,2.9929402021268174],[101.35723975736806,2.99275963959343],[101.35722987482029,2.99166998417752],[101.35719034825473,2.9915496099608845],[101.35713016235479,2.9911399796869773],[101.35707985537732,2.9910303834652723],[101.3570897367166,2.9908300594617003],[101.35704033002014,2.990689921358012],[101.35700978692972,2.9901697982067503],[101.35703044868086,2.989779929403028],[101.35709961926437,2.98946012783847],[101.35712027980708,2.9893298710740623],[101.35722987482029,2.989220278477717],[101.35729994326795,2.9891403298992145],[101.3573403676977,2.989010073134807],[101.3573403676977,2.9889400046872083],[101.35703044868086,2.9886300856703656],[101.35676005622963,2.988330047992804],[101.35664956335228,2.988259979545205],[101.35653996833906,2.988250098205924],[101.35633964433543,2.988349811879857],[101.35593001164472,2.9884603047572114],[101.35584017931006,2.9885195927930113],[101.35575034818385,2.9886399670096466],[101.35563985530644,2.988749559606049],[101.35555002418022,2.98879986658352],[101.35542965238045,2.9888304096739375],[101.35524998891958,2.9887801026964667],[101.35544043158387,2.9887297993442985],[101.35561021249703,2.9885698973536137],[101.35585006185778,2.9883803549703316],[101.35597043607441,2.9882698620929204],[101.35645013721285,2.988139605328513],[101.35653008699973,2.9881000775545203],[101.35656961356534,2.988020128976018],[101.35656961356534,2.987879993289198],[101.35609979497468,2.9874101734901046],[101.35605038586135,2.9872897992734124],[101.35556978806727,2.98689993046969],[101.35501013714196,2.9864902977789143],[101.35470021812512,2.986180379970506],[101.3545798463253,2.986110310314473],[101.35412978799638,2.9860797696408667],[101.3544900139907,2.985890224840716],[101.35450977546083,2.9851904358117167],[101.35453043721196,2.985019757034422],[101.3545798463253,2.9848400947820437],[101.3546103869989,2.984649652117696],[101.35456996377758,2.9844196816794124],[101.35464003222523,2.984249900766258],[101.3546103869989,2.9840001676493557],[101.35451965680011,2.9838600319625357],[101.35433999454767,2.983799843645727],[101.35414955188338,2.9838501494147636],[101.35403007432245,2.9840001676493557],[101.35388993863563,2.9841304244137064],[101.35374980053194,2.9841196440018507],[101.35365996940573,2.9840998801148544],[101.35355037680932,2.9841304244137064],[101.3533698130675,2.9842696646532545],[101.35317038934488,2.9843603936436125],[101.35281016335063,2.9843603936436125],[101.35294042011498,2.9841600696400405],[101.35306977538994,2.9839902887268863],[101.35309043714113,2.983879795849532],[101.35299970815078,2.983770199627884],[101.35291975836384,2.9836399440719106],[101.35281016335063,2.983259956607469],[101.35272033222441,2.983160242933536],[101.35287035166738,2.983220431250288],[101.35295030145431,2.983359670281402],[101.35304013258047,2.9836004187147296],[101.35310031848041,2.983729775198128],[101.35321979604134,2.983799843645727],[101.35348030594486,2.983889677188813],[101.35375968307966,2.9838995561112256],[101.35390970252263,2.9838501494147636],[101.35410014518692,2.9836902510493815],[101.35420973778332,2.9836300615241953],[101.35446036876436,2.983659707958907],[101.3545798463253,2.9836004187147296],[101.3547100994644,2.9834198561812855],[101.3546903392027,2.9832096520468667],[101.3547100994644,2.9830299897944315],[101.35481969447767,2.9827595949263355],[101.35488976292527,2.982630238442937],[101.35492030601574,2.9824002680045965],[101.3548403562288,2.9821900626617435],[101.35478017032892,2.981819956536583],[101.35464003222523,2.9815899897235454],[101.35381987139641,2.9812998333853216],[101.35376956441894,2.9811201711328863],[101.3538602934093,2.9812297637292318],[101.35411002773463,2.9812701881589874],[101.35456996377758,2.981360019285205],[101.35478017032892,2.9813303764757393],[101.35502990102896,2.981110288585171],[101.35511973215517,2.9809099645815422],[101.35514039390637,2.980489552687345],[101.35519968194211,2.9808003695683283],[101.35519968194211,2.9811201711328863],[101.35506044411943,2.9811695778293483],[101.35502001968968,2.9811902383720508],[101.35485023756809,2.9815396827460745],[101.35482957702538,2.9815998710628264],[101.35482957702538,2.9817103639401807],[101.35502990102896,2.982119994214088],[101.3550900869289,2.982340082104713],[101.3551098508159,2.982449677117927],[101.35514039390637,2.982480217791533],[101.35550960216733,2.9824002680045965],[101.35597043607441,2.9822996576749574],[101.3561096738971,2.9822295892273587],[101.35624981320922,2.982090351404679],[101.35638006876519,2.9818397204235794],[101.3564303733258,2.981640294284148],[101.35645013721285,2.981459732959138],[101.35652020445201,2.981309715933037],[101.35671963179988,2.9811201711328863],[101.35682024212957,2.9809602691421446],[101.35712027980708,2.980750065007726],[101.35743020003235,2.980580281677703],[101.35773023770986,2.980319771774248],[101.35803027538742,2.9799397843097495],[101.35774999797161,2.980450027330164],[101.35745984284176,2.9807096405779703],[101.35721999348101,2.9808300147946056],[101.35700978692972,2.9810402213459497],[101.35699002304267,2.9811201711328863],[101.35673041100335,2.9813195948554494],[101.35667022510341,2.981449851619857],[101.35670974925216,2.98154956529379],[101.3567896990391,2.9815702258364922],[101.35685976990356,2.981510039936609],[101.35703044868086,2.981560344497211],[101.35720022959401,2.9815801083842643],[101.35730982460723,2.9816196325329543],[101.35738977439416,2.9816897033974783],[101.35752991249785,2.9817804323878363],[101.35739965694188,2.9817903137271173],[101.35716968650354,2.9817804323878363],[101.35698014412026,2.981769653184415],[101.35683012467729,2.981769653184415],[101.35670974925216,2.9818496029712946],[101.3564896637784,2.982149639440422],[101.35620040651276,2.982480217791533],[101.35585994319706,2.982589812804747],[101.3556901622839,2.982589812804747],[101.35548983828033,2.9826203558952216],[101.35529041093247,2.9827299521168698],[101.35512961470289,2.982899733030024],[101.3549903732549,2.983109938372877],[101.35493018735502,2.98326983794675],[101.3548601201158,2.9836300615241953],[101.3548403562288,2.9838699133018167],[101.3548403562288,2.984259782105539],[101.3548403562288,2.984349614440191],[101.35488976292527,2.984559819783101],[101.35502001968968,2.9847098380176362],[101.35535958151593,2.984910162021208],[101.35542965238045,2.9850700615950814],[101.35552038137081,2.985159892721242],[101.35571980751024,2.985159892721242],[101.3560701497484,2.984949687378389],[101.3563899513129,2.9846002430043654],[101.35651032311273,2.9845202932174857],[101.35677982011669,2.984390036453078],[101.3569199558035,2.9841501870923253],[101.35715980758113,2.984039694214914],[101.35742031748464,2.9839498630886965],[101.35770957595872,2.983910335314704],[101.35808956342316,2.983710011311075],[101.3578901360753,2.9840899987755733],[101.3576197448325,2.984249900766258],[101.35716968650354,2.9842804438567327],[101.35701966947744,2.9843603936436125],[101.35696038023326,2.984489750127011],[101.35699002304267,2.9845795812532288],[101.3570897367166,2.984649652117696],[101.35724963870734,2.984680192791302],[101.3578901360753,2.9845696999139477],[101.35823958044926,2.9845202932174857],[101.35845966833989,2.9845202932174857],[101.35879024910787,2.984740381108054],[101.35851985423977,2.984660431321174],[101.35823958044926,2.9846397695699807],[101.35805991819683,2.984649652117696],[101.35719034825473,2.9848796189307336],[101.35699002304267,2.9848400947820437],[101.35677982011669,2.9847799052568007],[101.356639682013,2.9847197193569173],[101.35646001855213,2.9847700239175197],[101.35635042353891,2.9848400947820437],[101.35633964433543,2.9849398072475424],[101.35626957588784,2.9850799429343624],[101.35614021698757,2.985200318359432],[101.35600996384846,2.985249725055894],[101.35580963984489,2.98535033538559],[101.35562009504474,2.9853395561821117],[101.35548983828033,2.9853296736343964],[101.3553901246064,2.9852802681463686],[101.35517991805506,2.9849802304688637],[101.35507032545871,2.9848598550437373],[101.35497959405149,2.9848499761213247],[101.35487988037755,2.984910162021208],[101.35473974469073,2.9850503001248967],[101.35470021812512,2.9852703855986533],[101.35473974469073,2.9857500867370277],[101.35479004925133,2.985880342293001],[101.35517991805506,2.9863097364539044],[101.35545031292315,2.986539706892245],[101.35556978806727,2.9866196566791814],[101.35570992617096,2.9866699600313495],[101.355959656871,2.9868298620220344],[101.35609979497468,2.9869996429351886],[101.3562201667745,2.987090373133981],[101.35632976178772,2.987110135812543],[101.35641959412237,2.987090373133981],[101.3567896990391,2.986790335456419],[101.35716968650354,2.9864202293313156],[101.35726041791077,2.986340279544379],[101.35726041791077,2.9862504484181613],[101.35722987482029,2.9860896485632793],[101.35723975736806,2.985980055966934],[101.3573601315847,2.9858300365239643],[101.35742031748464,2.9858003937144986],[101.35738977439416,2.985919867650182],[101.35737001050711,2.9860501244145894],[101.3573601315847,2.986389686240841],[101.35731970715494,2.9864696360277776],[101.3567896990391,2.9870203046863253],[101.35655973222606,2.9871900855994795],[101.3564303733258,2.9872996806126935],[101.35640971157466,2.987359867721068],[101.35673041100335,2.9876599041901386],[101.35685976990356,2.987860229402145],[101.35707985537732,2.988030010315299],[101.35720022959401,2.988289622354671],[101.35730982460723,2.9884396430060747],[101.35742031748464,2.988540254544148],[101.35750026727152,2.9885303719964327],[101.35758021705846,2.988480065018962],[101.35767004818467,2.988330047992804],[101.35770957595872,2.9881099601022356],[101.35779042360974,2.987860229402145],[101.35782006883608,2.9876599041901386],[101.35792966143242,2.987570073063921],[101.35795032197518,2.9874496988472856],[101.3579799684099,2.9876401415115765],[101.35792966143242,2.987829686311727],[101.35787037339668,2.9882096737761685],[101.35770957595872,2.988499828905958],[101.35768981207167,2.9886597284798313],[101.35773023770986,2.988819630470516],[101.35781018628836,2.988920240800155],[101.35790001862301,2.9889400046872083],[101.35799973229695,2.9889400046872083],[101.35828988742674,2.9888304096739375],[101.35857016121724,2.988760342434773],[101.35879024910787,2.988719916796583],[101.35901033458163,2.9886696098191123],[101.35905974369496,2.9886004404440314],[101.35902021712934,2.9882698620929204],[101.35903009846862,2.9881198414415167],[101.35916035523303,2.987930296641366],[101.3593597789556,2.9877200912984563],[101.35949003572,2.9876302589638613],[101.35957986684622,2.987609598421102],[101.36047997987879,2.9871604403731453],[101.36061023422633,2.9870400685733784],[101.3607602536693,2.9868397445697497],[101.36085008479552,2.986590010244413],[101.36087972760498,2.9862998551146234],[101.36085996734323,2.9859001061799972],[101.36075037233002,2.9856997821764253],[101.36087972760498,2.9858003937144986],[101.36096955993963,2.9859602920799375],[101.36102974825639,2.9860896485632793],[101.36107017389457,2.9863501620920943],[101.36100010303005,2.9865998927921282],[101.36093991713017,2.9868801665826368],[101.36083032211695,2.987049947495791],[101.36062999690489,2.987250271499363],[101.36039014875257,2.9874002921508236],[101.36010987496206,2.9875098871640375],[101.35955022403675,2.9877497365247905],[101.35941008593306,2.9878701107414827],[101.35926006769853,2.9880704347450546],[101.35918011549472,2.988320166653523],[101.35916035523303,2.988489947566677],[101.35921964326877,2.988680390230968],[101.35929959305571,2.9888304096739375],[101.35964005516297,2.9889400046872083],[101.35987002318444,2.988980427908473],[101.36011975388448,2.9889903092478107],[101.36042967290132,2.989119668148021],[101.3611195793826,2.989579605399399],[101.36143039747202,2.989799693290024],[101.36171965473767,2.989990135954315],[101.3620196899983,2.9901697982067503],[101.36284973579171,2.990759992222536],[101.36325038379891,2.99100972292257],[101.36364025260264,2.9911399796869773],[101.36428973465416,2.9915100846037035],[101.36461043408286,2.991679865516801],[101.3650703701258,2.991820001203621],[101.36527967639609,2.991849646429955],[101.3658402276024,2.991790358394212],[101.36655977689315,2.9918002409419273],[101.36675021955745,2.9917598153037375],[101.3669397643576,2.9916502202905235],[101.36714008836117,2.9914400137391794],[101.36713020702189,2.9912899967130784],[101.3665202491191,2.9905399043319107],[101.36630016364535,2.990150034319754],[101.36603965132502,2.9898499966421923],[101.365690206951,2.9890900229217436],[101.36553030737718,2.988710035457302],[101.36548000039971,2.988550135883429],[101.36543957838683,2.9882195551154496],[101.36546024013796,2.9876401415115765],[101.3655401899249,2.9873904108114857],[101.36558959662136,2.987049947495791],[101.36565966386053,2.986660081108937],[101.36573961364746,2.9864202293313156],[101.36579980196422,2.9860600057538704],[101.36585010652487,2.985890224840716],[101.36578992062493,2.985820153976249],[101.3655401899249,2.985789613302643],[101.36540005061278,2.9858003937144986],[101.36517008379974,2.985929748989463],[101.36493023202212,2.9861696007670844],[101.36442987034098,2.986229786666968],[101.3639699330896,2.9862603297574424],[101.3636698954121,2.9863097364539044],[101.36343992859906,2.9864103479919777],[101.36317043401198,2.986449874557593],[101.36296022746063,2.9865702499827194],[101.36280032546995,2.9865603674349472],[101.36275990345706,2.9865001791181953],[101.36275002211778,2.986430111879031],[101.36287039633442,2.9863501620920943],[101.36306982368234,2.9862998551146234],[101.36328990794766,2.9862001414406905],[101.36363037126335,2.986120191653754],[101.36419002098023,2.986110310314473],[101.36490957147936,2.986019581324115],[101.36524015224734,2.985670136950091],[101.3652697950568,2.9855299988464026],[101.36520960915692,2.985200318359432],[101.365010181809,2.9849299259082045],[101.36462031300528,2.9847098380176362],[101.36490957147936,2.984740381108054],[101.36510989548299,2.9848203308949905],[101.36530033814728,2.9849802304688637],[101.36538028793416,2.985249725055894],[101.36542969704749,2.9855003560369937],[101.36549976428671,2.9856503730630948],[101.36556983273431,2.985670136950091],[101.365690206951,2.985660254402376],[101.36583034505469,2.98561982997262],[101.36590041350235,2.9854796942858],[101.36628040096679,2.985109589369074],[101.36653013166682,2.9848302122342716],[101.36681040545733,2.9846703126604552],[101.36714008836117,2.984559819783101],[101.36731975182204,2.984390036453078],[101.36761978949954,2.9840899987755733],[101.36773028237695,2.9839902887268863],[101.36795036664228,2.9838995561112256],[101.36820010096761,2.9837396565374092],[101.36856032454506,2.98345039927176],[101.369040024475,2.9829302761204985],[101.36922956927515,2.9827200695691545],[101.36934994470028,2.982449677117927],[101.36926011236562,2.982110112874807],[101.36916039990007,2.9818397204235794],[101.36890976891902,2.9817103639401807],[101.36858996977134,2.981699582319891],[101.3682099823069,2.9817903137271173],[101.36777968786498,2.9820202817485892],[101.36752995716495,2.9822601323177764],[101.3673700551742,2.982540407316719],[101.36717961250991,2.982800019356091],[101.36699995025748,2.9829895641562416],[101.36667026977051,2.983119820920649],[101.36616990808938,2.9830802931465996],[101.36578003807722,2.9829895641562416],[101.36535962618302,2.9826904243428203],[101.36508025267352,2.982330200765432],[101.3648404008959,2.981929551549797],[101.36446041343146,2.981769653184415],[101.3641100711933,2.9817804323878363],[101.36388010196339,2.9818001962748326],[101.36393040894086,2.9816897033974783],[101.36387022062411,2.981350137945924],[101.36366001407276,2.98113993139458],[101.36306982368234,2.980750065007726],[101.36279044654754,2.980590163016984],[101.36262964669265,2.980549741004097],[101.36249040886997,2.9806602338815082],[101.36221013507947,2.9807797078171347],[101.3619900471889,2.9807797078171347],[101.3617403164888,2.9806099269040374],[101.3620098110759,2.980679995351636],[101.36222001400193,2.9806395721303147],[101.36237003465334,2.9805704027552906],[101.36249040886997,2.980430264651602],[101.36239967987962,2.980229939439596],[101.36246974832727,2.980009851548971],[101.36251017034016,2.9794897283977093],[101.36250029141769,2.97923999528075],[101.36237003465334,2.9789103147937794],[101.36255957945349,2.9791501641545324],[101.36264042710457,2.9794798470583714],[101.36257035865691,2.9799496656490874],[101.36257035865691,2.9802002942132617],[101.36267995367012,2.9803898390134123],[101.36303029590829,2.9806000455647563],[101.3635603028157,2.980880319355265],[101.36394029028014,2.98113993139458],[101.36405976542426,2.9815396827460745],[101.36424032554083,2.9815998710628264],[101.36449005865774,2.9815998710628264],[101.36457989099239,2.9815298014067935],[101.36454036321834,2.9813797831722013],[101.36462031300528,2.98113993139458],[101.36464007689227,2.980730302329107],[101.3646697221186,2.980420382103887],[101.36458977233167,2.979970327400224],[101.36447029597917,2.979719696419181],[101.36440022753152,2.9795499142975927],[101.36457989099239,2.9796900536097155],[101.36472990801849,2.979310066145274],[101.36480985780543,2.979039671277178],[101.36474967190554,2.9788303650068997],[101.36458977233167,2.978550091216391],[101.36454036321834,2.9784099531127026],[101.36456012710539,2.978160222412612],[101.36455024455768,2.977710164083703],[101.3647101441315,2.978170103751893],[101.36477033365668,2.9786102771162746],[101.36493023202212,2.9788303650068997],[101.36496975979617,2.9789498401509604],[101.36493023202212,2.9791896907201476],[101.36473978935783,2.979610103822779],[101.36472002667921,2.9799496656490874],[101.36475955324482,2.9804096029004086],[101.3647900963353,2.980670112803921],[101.36479997646614,2.980950390219732],[101.3647900963353,2.98113993139458],[101.36470026520908,2.981420208810391],[101.36516020246046,2.981929551549797],[101.36532998337356,2.9820400444271513],[101.3653901692735,2.9820301630878703],[101.3653901692735,2.9819403319616526],[101.36527967639609,2.981679820849763],[101.36525991613439,2.9814803947102746],[101.3652895589438,2.981250424271991],[101.36534974726061,2.981149813942295],[101.36549976428671,2.9810698641554154],[101.36558959662136,2.9809602691421446],[101.36562013971178,2.980650352542227],[101.36578992062493,2.9805299771171008],[101.36572973472505,2.9806198094517526],[101.36571985217734,2.980880319355265],[101.365690206951,2.9810599828160775],[101.36550964683443,2.98113993139458],[101.36538028793416,2.9812899520459837],[101.36533986471284,2.981410326262676],[101.36532010203427,2.981560344497211],[101.36534974726061,2.981669939510482],[101.36540005061278,2.981679820849763],[101.36557971407365,2.9814803947102746],[101.36573961364746,2.981459732959138],[101.36585998786416,2.9814902760496125],[101.36590041350235,2.981560344497211],[101.36586987041187,2.981609751193673],[101.36576027539866,2.9816897033974783],[101.36564978252125,2.9817498892973617],[101.36553030737718,2.981870263514054],[101.36549976428671,2.9819996199974526],[101.36548988294743,2.9823203182177167],[101.36553030737718,2.982449677117927],[101.36600012596784,2.98279013801681],[101.366189670768,2.982809900695372],[101.3664897084455,2.9828197832430874],[101.36679962625391,2.982700305682158],[101.36747965018742,2.9819600946402716],[101.36789018074234,2.9815998710628264],[101.36816955787714,2.9814803947102746],[101.36841030631047,2.981360019285205],[101.36845971300693,2.981250424271991],[101.3684902560974,2.981149813942295],[101.36860973124152,2.980880319355265],[101.36842018644137,2.9807204197813917],[101.36805996286392,2.980699758030255],[101.36783987376486,2.9806000455647563],[101.36799977696404,2.9806000455647563],[101.36812015118068,2.980580281677703],[101.3682099823069,2.9805200957778197],[101.36814979399014,2.9803997215611275],[101.3680698442032,2.980229939439596],[101.36798989441627,2.9800898013359074],[101.36814979399014,2.980270365077729],[101.36828005075455,2.980420382103887],[101.36841030631047,2.980549741004097],[101.36853966279386,2.9806198094517526],[101.36865015567128,2.9806395721303147],[101.36874986934521,2.9806198094517526],[101.36888012610956,2.98047967013963],[101.36899960004524,2.980319771774248],[101.36904990702271,2.9802595858743075],[101.36887024356184,2.980679995351636],[101.36879029377496,2.9808398973423778],[101.36867980089755,2.981110288585171],[101.36864027433194,2.981149813942295],[101.36868968344527,2.9812603068197063],[101.36887024356184,2.981360019285205],[101.36940024805244,2.9815001585973278],[101.36956015004313,2.981449851619857],[101.369720049617,2.9812800707067026],[101.36982964463022,2.9811300524721673],[101.36995001763842,2.9810402213459497],[101.37017998686832,2.981019559594813],[101.36995001763842,2.981149813942295],[101.36964009983006,2.9818298390842983],[101.36962033715145,2.982170301191559],[101.36964009983006,2.9827101882298734],[101.36952960695265,2.983000343359663],[101.36926011236562,2.983369551620683],[101.36869956236774,2.9838995561112256],[101.36825040431978,2.9842696646532545],[101.36816955787714,2.984349614440191],[101.36784975631258,2.984489750127011],[101.36765033259002,2.984559819783101],[101.36702959548381,2.9851796566082953],[101.36672955780625,2.985450049059523],[101.36658043864429,2.9856899008371443],[101.3665202491191,2.985970174627653],[101.3665202491191,2.9862100227799715],[101.3666603872228,2.9863501620920943],[101.36684005068366,2.986430111879031],[101.36691011913126,2.9865702499827194],[101.36690023658355,2.9867499122351546],[101.36690023658355,2.986909811808971],[101.36681040545733,2.986660081108937],[101.3665202491191,2.9863995687885563],[101.36638999598,2.9862001414406905],[101.36632980645481,2.986190262518221],[101.36624985787631,2.9862800936444387],[101.36610972218949,2.98689993046969],[101.36605043052845,2.9875098871640375],[101.36603965132502,2.9876796680771918],[101.3659902446285,2.988180030966703],[101.36608007575472,2.988649849557362],[101.3662597392156,2.9890900229217436],[101.36636034954523,2.989380178051533],[101.36651037019669,2.9895903846028773],[101.36664960801937,2.989799693290024],[101.36689035766113,2.9901599168674693],[101.36729998793504,2.990549785671192],[101.36767997539948,2.9909800776962356],[101.36782999484245,2.991130097139262],[101.36811026863296,2.991270232826082],[101.36841030631047,2.9912495722833228],[101.36895019334878,2.9910699088224533],[101.37032012497201,2.990609971571075],[101.37060039876252,2.9905300217841955],[101.37075041699711,2.9903800047580376],[101.37084024812333,2.9905201404449144],[101.37101002903643,2.990609971571075],[101.37168017283915,2.990559667010473],[101.37187959897858,2.9904096475675033],[101.3720403988334,2.9902003388803564],[101.37201973708227,2.9898796430769607],[101.37214999142981,2.9896101484898736],[101.37243026522032,2.989279567721894],[101.37260992868119,2.9891097856003057],[101.37267011699794,2.9890900229217436],[101.37275994812416,2.9891699727086802],[101.37292972903725,2.9891996179349576],[101.37318036122679,2.9891798540479613],[101.37340044549211,2.989150208821627],[101.37329983516241,2.989230161025432],[101.3729899149372,2.989310110812312],[101.37275994812416,2.9892400399478447],[101.37266023445022,2.989259803834841],[101.37239972454671,2.9895903846028773],[101.37228024819416,2.98977004806369],[101.37223982255603,2.9900602031935364],[101.3723197723429,2.99029017363182],[101.37267999833722,2.9903701222103223],[101.37340044549211,2.990430309318697],[101.37366994007914,2.9905300217841955],[101.37397986030442,2.990469835884255],[101.3742700154342,2.9902003388803564],[101.3747200713463,2.9899703720673187],[101.37548992761447,2.9898598791899076],[101.37608012042182,2.989629908751567],[101.3765400576732,2.989259803834841],[101.37680955226028,2.9888699350311185],[101.37699999492457,2.988189909889172],[101.37704041935433,2.9874299349602325],[101.37712036914121,2.9869996429351886],[101.3773701034666,2.9865603674349472],[101.3772200828152,2.987669786737854],[101.37721020147586,2.9882096737761685],[101.37714013302826,2.9886103217833693],[101.37670983858635,2.9894403639514167],[101.37625978388269,2.9898095722124367],[101.37585015360878,2.9899703720673187],[101.37518001101455,2.9900799670805327],[101.37484044556294,2.9901796807544656],[101.37429966186897,2.9905201404449144],[101.37396009641742,2.9907698711449484],[101.37321988537553,2.9907797524842294],[101.37228024819416,2.9907698711449484],[101.37123011692705,2.990919891796352],[101.3704701432066,2.9909899590355735],[101.37000032340751,2.991120215799924],[101.36936970496197,2.9913196419394126],[101.36916039990007,2.991430134816767],[101.3686196125808,2.9915199659429845],[101.36827016820678,2.9916502202905235],[101.36789018074234,2.9919601393073094],[101.36728022404799,2.9923697732065193],[101.36694964569688,2.9925395541196735],[101.36621033251913,2.9925700972100913],[101.36533986471284,2.992500026345624],[101.36406964676354,2.9922296338943966],[101.3636896592991,2.992139802768179],[101.36297999134769,2.991740051416741],[101.36202957254602,2.99100972292257],[101.36132978593389,2.9905300217841955],[101.36100010303005,2.9902704097448236],[101.360170060862,2.9898796430769607],[101.35957986684622,2.989579605399399],[101.35902021712934,2.9894295847479952],[101.3586599935519,2.989380178051533],[101.35840038030409,2.989450246499189],[101.3581901737528,2.9895697228516838],[101.35803027538742,2.989789810742309],[101.35800961363623,2.9903296977805667],[101.35808956342316,2.9913097606000747],[101.35817041107424,2.991790358394212],[101.35830964889692,2.992030207754965],[101.3586195679137,2.992159566655232],[101.35888008144252,2.9922799408718674],[101.35911992959484,2.9924398404457406],[101.35927982916866,2.9925799761325607],[101.35912981214256,2.992609621358838],[101.35851985423977,2.9924299591064027],[101.35828988742674,2.9924497217850217],[101.35820005630052,2.9925197902326204],[101.35822969910998,2.9928701324707845],[101.35844978700061,2.993739701204504],[101.35873006079112,2.9945796259203235],[101.35888008144252,2.995189582614671],[101.35891960559127,2.9954402111788454],[101.35903009846862,2.995600113169587],[101.35927982916866,2.9956602990694705],[101.35974964775937,2.995689945504182],[101.36019970608828,2.995600113169587],[101.36052040189168,2.9955300435134973],[101.36093991713017,2.995380025278962],[101.36160017838512,2.9950898701491724],[101.3620601156365,2.994910206688303],[101.36336985773454,2.994859899710832],[101.36412983266348,2.994700000136959],[101.36474967190554,2.9946398142370754],[101.36579980196422,2.9945302192238614],[101.36631992511553,2.994349659107286],[101.36848037475812,2.9938501940818583],[101.36962033715145,2.9936498700782863],[101.37020963209466,2.9935097343914663],[101.37064980545904,2.9935699202913497],[101.37113040446155,2.9934998530521284],[101.37184995375225,2.993310308251978],[101.37227036564644,2.993230358465098],[101.37359987283997,2.9930300344614693],[101.37409035318177,2.9930003880267577],[101.37500034755368,2.9930497947232197],[101.37580972917902,2.9931701701482893],[101.37739974627601,2.9932096967139046],[101.37772044449628,2.993160287600574],[101.37826033153459,2.9930902203614096],[101.37904006914209,2.993069558610216],[101.37951977028047,2.993160287600574],[101.38058966422619,2.993269882613845],[101.38131011138103,2.993289646500841],[101.38178981251946,2.9934199032652486],[101.38243031230422,2.9934998530521284],[101.38298008068182,2.993519613313879],[101.38367986729395,2.9936597526260016],[101.38452967334905,2.9936202272688206],[101.38512974870412,2.993680413168704],[101.3859696722115,2.993739701204504],[101.38646015255335,2.993790008181975],[101.38748962206932,2.9938403127425772],[101.38824959699821,2.99379989072969],[101.38861970191493,2.993739701204504],[101.3891497088224,2.993579802839065],[101.39087986523151,2.992829709249463],[101.39112959593155,2.9926204005623163],[101.39132003859584,2.99233024543247],[101.39132991993512,2.991839765090674],[101.39130027470884,2.9914903207166503],[101.39137034436487,2.991229810813195],[101.39133980127446,2.9908300594617003],[101.3912400888089,2.9905003765578613],[101.39088974657079,2.989890422280382],[101.39041004543242,2.9892400399478447],[101.38965995305125,2.988480065018962],[101.38949016972123,2.988250098205924],[101.38889009678303,2.9876796680771918],[101.38839961644118,2.987260154047135],[101.38820019030175,2.9869996429351886],[101.38791003396352,2.986849623492219],[101.38759023239896,2.9867499122351546],[101.38702968481795,2.9864804176480675],[101.3864996803274,2.9862504484181613],[101.38609004763663,2.985989938514649],[101.38593014806276,2.9859396315371782],[101.3858403169366,2.9859396315371782],[101.38579000995912,2.986019581324115],[101.38579000995912,2.986190262518221],[101.38578012741135,2.9862702123051577],[101.38571994151147,2.9862998551146234],[101.38569029628513,2.9862603297574424],[101.38564987427225,2.985989938514649],[101.3854603294721,2.9857303228500314],[101.38515040924688,2.98561982997262],[101.38489977826578,2.9856503730630948],[101.38474976123968,2.9855003560369937],[101.38457998032652,2.9853799806118673],[101.38436977377523,2.9853898631595825],[101.3842502962143,2.985450049059523],[101.38395026216205,2.98521019969877],[101.38358015362002,2.9851401324595486],[101.3828902495556,2.9848598550437373],[101.3824698376614,2.984499631466292],[101.38177992997169,2.984179833527037],[101.3811699756942,2.983819606324346],[101.3807396812523,2.9834998083850905],[101.38010008174848,2.9830802931465996],[101.37943982049353,2.9824901003392483],[101.3789196949254,2.982110112874807],[101.37813007718705,2.9815702258364922],[101.37785968231896,2.9811803570327697],[101.37760995161892,2.980890200694546],[101.37745993459282,2.980650352542227],[101.37700987626386,2.9803000078871946],[101.37664965268641,2.979970327400224],[101.3763900406471,2.9796397466322446],[101.37576032248256,2.9788797717033617],[101.37563006571816,2.9788303650068997],[101.37550969150152,2.979000145919997],[101.37547016614434,2.9796002212750636],[101.3754998089538,2.980120344426325],[101.3755698774014,2.9805299771171008],[101.37546028480506,2.980740183668445],[101.37535967326698,2.9808201334553246],[101.37527972106318,2.9808201334553246],[101.37527972106318,2.9807698264778537],[101.37542974171458,2.980580281677703],[101.37545040225734,2.9802595858743075],[101.37540009527987,2.979920020422753],[101.37539021394053,2.979510390148846],[101.37542974171458,2.978690226903211],[101.37504975425014,2.978279696348295],[101.37471019121546,2.978010201761208],[101.37443979634736,2.9777200466314184],[101.37404992754364,2.977229566289566],[101.37378043295655,2.977110091145505],[101.3735495658625,2.9771702782538227],[101.37335014213988,2.9774801972706655],[101.37287044100151,2.9777398093099805],[101.37316957839806,2.9774397716324756],[101.37336990240163,2.9772196837418505],[101.37359987283997,2.9770202600192874],[101.37365017981745,2.9768001721286623],[101.37358999029226,2.976660034024974],[101.37320012148848,2.97627016763812],[101.3726997598074,2.9756799736223343],[101.37238984320743,2.975459885731709],[101.37221017974656,2.9754203615829624],[101.37210956941692,2.9751302052447386],[101.37181042839507,2.974670265576492],[101.37123999947477,2.9739803615120763],[101.37079982369357,2.9733201002571263],[101.36882981913209,2.9700403499723507],[101.36848037475812,2.969580413929407],[101.36828005075455,2.969230069274431],[101.36807972554249,2.968729710010166],[101.36761978949954,2.967940089854949],[101.367070021122,2.9669501444877255],[101.3665202491191,2.965989845555214],[101.36505959092233,2.9625996060183297],[101.36388998330267,2.9592003817978707],[101.36350999704666,2.95796968799732],[101.36300963415715,2.9565602310169083],[101.36265030844385,2.95504028236752],[101.36143039747202,2.951110154583887],[101.36096955993963,2.949670155721492],[101.36050962268826,2.948789806575917],[101.35964993529382,2.946379626233238],[101.35888008144252,2.9447500813622014],[101.35810034262659,2.9427504315744386],[101.3576197448325,2.941819777868261],[101.35706997645491,2.9411101074999806],[101.35682024212957,2.9404004395485686],[101.35651032311273,2.9396296854162074],[101.35609979497468,2.938980204573113],[101.35563985530644,2.9381303985180125],[101.35534970017665,2.9377701749405674],[101.35531017481946,2.9377297493023775]],[[101.23565997863585,2.9270002727968745],[101.23567974252285,2.9270496794933365],[101.23566985997513,2.9271404084836945],[101.23563033582639,2.927160172370691],[101.23538958618462,2.927170054918463],[101.23485958169402,2.9274799715183804],[101.23473022279381,2.92762999096135],[101.23470956104262,2.9278096544222194],[101.23470956104262,2.92821030242942],[101.234590087107,2.9285202226546403],[101.23426040420316,2.9288400205938956],[101.23368009273509,2.929469738758428],[101.23330010527064,2.9301201210909653],[101.23308001738002,2.930669889468561],[101.23309978005864,2.9312600834842897],[101.23335041224811,2.9317299020749488],[101.23347976752308,2.9323299774300153],[101.23413014743875,2.934350285343669],[101.23432957357818,2.935420180497829],[101.23492964893325,2.9368098723828098],[101.23512009159754,2.9379902592058897],[101.23519016004519,2.9389703220253978],[101.23514973682387,2.9397797036507427],[101.23507966716778,2.940069858780589],[101.23503026047132,2.940369896458094],[101.2350904463712,2.940580103009381],[101.23534017948816,2.9407103597737887],[101.2355701463012,2.9408603767998898],[101.23568962386213,2.94114963527403],[101.23571028561332,2.9414101451774854],[101.23564021716567,2.9417200654027624],[101.23523956915852,2.942230308423177],[101.23519016004519,2.942480039123211],[101.23526022970123,2.9426300573578033],[101.2354704338357,2.942830381361375],[101.2355701463012,2.9430998759484623],[101.23551984294903,2.943280439690284],[101.23527999117141,2.9434798658297723],[101.23491976759396,2.9438697322166263],[101.23479041111057,2.944169769894188],[101.23479041111057,2.944629707145509],[101.2348101725807,2.945139950165924],[101.23507966716778,2.945619651304355],[101.23512997414525,2.9458397391949234],[101.23512009159754,2.9462403884105584],[101.23514973682387,2.9469096307237805],[101.2354201292751,2.9474701819301004],[101.23552972428831,2.94781962509569],[101.23558002884891,2.948680211562646],[101.23601032329083,2.949929767760807],[101.23664004145536,2.951299696967226],[101.23749972884974,2.952809767902579],[101.2378698349749,2.953279586493238],[101.23858040199889,2.9538095909837807],[101.23922988405042,2.954440209429322],[101.23990002785314,2.9553502013843627],[101.24050010320815,2.9559601580787103],[101.24142985905019,2.956720133007593],[101.24222037586111,2.9573498511720686],[101.2425204111218,2.9576498888496303],[101.24271983846967,2.957930162640139],[101.24311958861273,2.958179893340173],[101.24384991831533,2.958600306442804],[101.24467008156097,2.959179720046734],[101.24561960129,2.959610012071778],[101.24808996753256,2.9614497622856675],[101.2490197233746,2.9620004285274035],[101.250040208207,2.962519656231393],[101.25072023214057,2.962969710935056],[101.25177036340773,2.963789871763879],[101.25315017637024,2.964619917557229],[101.25377989453477,2.9651598033871096],[101.25430990265062,2.9656098592992066],[101.25564030649986,2.9661802882195047],[101.25627002466433,2.966250359083972],[101.25679015023246,2.9662296973328353],[101.2571297132672,2.9660895592291467],[101.2572797302933,2.965960202745748],[101.25732015472306,2.965689807877709],[101.25742975094471,2.9651301581608323],[101.25765971775775,2.964610035009514],[101.25793011262584,2.9634997166340327],[101.25836040344245,2.961519829524889],[101.25857959467737,2.9603798683399987],[101.25857959467737,2.960060069192309],[101.25890029289764,2.9590395819430455],[101.25913025971067,2.95717018891969],[101.25914014225839,2.9566698260301223],[101.25905031113217,2.9565602310169083],[101.25892005436776,2.9565099276646833],[101.25877003613323,2.9565099276646833],[101.25827955699981,2.9567704375681956],[101.25778009197444,2.9571100018113157],[101.25742975094471,2.9571899515982523],[101.25711983071943,2.9573004444756066],[101.25756988663153,2.9569195567301563],[101.25793011262584,2.9565898762431857],[101.25844035322939,2.9563697883525606],[101.25897036134523,2.956129940200242],[101.25925961861088,2.9558604456131548],[101.25945994382295,2.955539746184513],[101.2594204160489,2.9551804204712084],[101.25945006127517,2.954580345116142],[101.25968002929665,2.954029678874406],[101.25975009895274,2.953199634289433],[101.26010044119084,2.952030029086643],[101.26013996533959,2.9516401602829205],[101.26010044119084,2.9514200723922954],[101.25995042295631,2.95127005415776],[101.25971955586226,2.9511901043708235],[101.2593997542977,2.951250290270764],[101.25913025971067,2.951199986918539],[101.25831998142957,2.951100273244606],[101.25800017986501,2.951090391905325],[101.25776033171269,2.950810116906382],[101.2574701729576,2.950679861350409],[101.2558999197476,2.950389705012185],[101.25536003270935,2.9504103667633217],[101.25378977708249,2.950120210425098],[101.2531699402573,2.950130092972813],[101.25256986490223,2.949919886421526],[101.25172005884707,2.949609967404683],[101.2513697141921,2.9495398989570845],[101.24985964688204,2.9490997255927027],[101.24949043982946,2.948789806575917],[101.24896043413042,2.948269681007787],[101.24851037942676,2.9479804225336466],[101.248249865898,2.9478501681861644],[101.24775040449788,2.9473102799394155],[101.24766955442999,2.9469698190405893],[101.2474198237299,2.9458298578556423],[101.24731022871669,2.945640313055492],[101.24717997195228,2.9455801271556084],[101.24704971881317,2.9455801271556084],[101.24689969816177,2.945570244607893],[101.24672991724862,2.945350156717268],[101.24666973134873,2.9452198999528605],[101.24674968113567,2.94503035515271],[101.24708026190365,2.9448201522266686],[101.24735963541315,2.944489571458689],[101.24748989217755,2.944440164762227],[101.24754019915503,2.944479688910974],[101.24752043526797,2.9445497573586294],[101.24714044780353,2.944929744823071],[101.24695988647852,2.9451803758041137],[101.24702995492618,2.9453699206042643],[101.24714044780353,2.9454399878434856],[101.24735963541315,2.9454804134816754],[101.24756984196443,2.945609769965017],[101.24764979054294,2.945689719751954],[101.24769021618113,2.9458900437555258],[101.24778004730734,2.946470355223596],[101.2479695921075,2.947090194465659],[101.2483199343456,2.9475303678300406],[101.24876011012685,2.9479400005207594],[101.24924969260451,2.9482597984600147],[101.24975993320805,2.9487601613495826],[101.25020999153702,2.9490700803664254],[101.2512403577087,2.949259625166576],[101.25215035087217,2.949570442047502],[101.25325977138345,2.9497896296571184],[101.25475007601494,2.950069903447627],[101.25596010564749,2.9502298054383687],[101.25720966184565,2.950280109998971],[101.25765971775775,2.950430130650375],[101.25885986846788,2.9508900666933187],[101.25953989360983,2.950950252593202],[101.2599297624136,2.9508298783765667],[101.26016961177436,2.950430130650375],[101.26031962880046,2.9484601236720778],[101.26028010344328,2.9478501681861644],[101.26010044119084,2.947199787062061],[101.26005013421337,2.9465098829976455],[101.26013996533959,2.9448003883396723],[101.26016961177436,2.9430603505912813],[101.2598695740968,2.941589808638355],[101.25963960607532,2.941049921600097],[101.25945006127517,2.941020276373763],[101.25849964489043,2.941320314051268],[101.25792023007813,2.9417299467420435],[101.25710994938015,2.9421395770159506],[101.25649999510267,2.942279715119639],[101.2563203316418,2.9421997653327026],[101.25648023121568,2.9421997653327026],[101.25703988093255,2.942049745889733],[101.25750969952321,2.941780251302646],[101.25822026775563,2.941240364264388],[101.25867032366773,2.9410598041478124],[101.25912037837134,2.9410400402607593],[101.2594204160489,2.940829833709472],[101.25955965387158,2.9404902718832204],[101.25960996084905,2.9401803516579434],[101.25948958663236,2.9399701463150336],[101.25932968705854,2.9398398919675515],[101.25908983528092,2.9397895849900806],[101.25830021754257,2.9396701110543972],[101.25756000650068,2.939340428150558],[101.256940168467,2.9390403904729965],[101.25634997445127,2.938619980995668],[101.2557498990962,2.937860006066785],[101.2553402688223,2.937240166824722],[101.25505999503179,2.9366903984471264],[101.25490997438038,2.9360400185314575],[101.25434044332422,2.934890174798795],[101.25385984432165,2.93405025129141],[101.25311963327977,2.933130374371842],[101.25238032010208,2.9322895530002597],[101.25005997088562,2.9300895780004907],[101.2498201227333,2.929939558557521],[101.24949043982946,2.9299602191002805],[101.24935030414264,2.9300895780004907],[101.24930987850445,2.9304300376909396],[101.24934042159487,2.930909738829314],[101.24922992871751,2.9312600834842897],[101.24896043413042,2.9317999705226043],[101.24891012715295,2.9320497012226383],[101.24897031667814,2.9322697891132634],[101.24922992871751,2.932889627146892],[101.24929999716511,2.9335202431755647],[101.24915986147829,2.933960418956758],[101.24891012715295,2.9342802181044476],[101.24856966746256,2.9345101873343538],[101.24876999146613,2.9341302010783465],[101.24897031667814,2.9339199945270025],[101.24906014780436,2.933660381279253],[101.24907990927454,2.9333998689588725],[101.2489999594876,2.933039645381484],[101.24874034623986,2.9323901633299556],[101.24867027900063,2.932090125652394],[101.2487196856971,2.931790087974889],[101.24896043413042,2.931379557419973],[101.2491203337043,2.9310696408199988],[101.24915986147829,2.9308495529294305],[101.24914997893057,2.930239596235026],[101.2491904021519,2.92990003320034],[101.24923981126523,2.929469738758428],[101.24869004288763,2.9288597844809487],[101.24795971076821,2.928399848438005],[101.24694012379996,2.927329953283845],[101.24679010556542,2.9272500034969084],[101.2467200347009,2.927310190605283],[101.24666973134873,2.9277099407482865],[101.2465897815618,2.9279695539960926],[101.24632028697471,2.9282300663164165],[101.24622955556754,2.9284896795642226],[101.24629962522357,2.928670239680798],[101.24651971069733,2.9289496168156006],[101.24664996746174,2.9293098403930458],[101.24666973134873,2.9297095905360493],[101.24657990022251,2.930239596235026],[101.24646042266158,2.9307902648936306],[101.24625021611024,2.9310903025711923],[101.24603013063648,2.9312996076330364],[101.24570044773264,2.9314801689580463],[101.2453195636125,2.9317200207356677],[101.2451704432421,2.9318700377618256],[101.24511025492535,2.9318601588393562],[101.24505995036469,2.9318197332011664],[101.24505006902541,2.931780206635608],[101.24512013626463,2.931679595097478],[101.24575973697682,2.9313499146105073],[101.24611996297114,2.9310399955937214],[101.24629962522357,2.930710315106751],[101.24641011810093,2.9301300036386806],[101.24647030400087,2.9294904005095646],[101.24635981112345,2.9291301769321763],[101.24626009865796,2.928919970380832],[101.24601036795792,2.928549865464106],[101.24598970620673,2.9283297775735377],[101.2461702663233,2.9280000970865103],[101.24637957501051,2.9277297046353397],[101.24646042266158,2.9274997354054335],[101.24640023676164,2.927160172370691],[101.24611008042342,2.9266795745766103],[101.2457202116197,2.9261603468726207],[101.24555043070654,2.926080397085684],[101.2454695806386,2.9261199236512994],[101.24540041005514,2.9263301302025866],[101.24544981916847,2.9265295539252065],[101.2457399755067,2.9267999487933025],[101.24597982486745,2.9270496794933365],[101.2460202492972,2.9272500034969084],[101.24591963896756,2.9274099030707816],[101.24541029260286,2.927610228282788],[101.24519020471223,2.9277602477257574],[101.24513990015163,2.9279497901090394],[101.24513990015163,2.9281797593389456],[101.24495035535148,2.9279695539960926],[101.244919812261,2.9278204336256977],[101.24495035535148,2.927649754848403],[101.2450204225907,2.92755004117447],[101.24525039302904,2.927419785618497],[101.24560971874229,2.9272500034969084],[101.24566002330289,2.9271404084836945],[101.24556030962896,2.9269697297064],[101.24530968106478,2.9267199965894974],[101.2451704432421,2.9265897422419584],[101.24510037237758,2.9262304165286537],[101.24498987950022,2.9257902407474603],[101.24473026746085,2.9255503913867074],[101.2442604488702,2.925229693166443],[101.24376008598068,2.924790417666202],[101.24268031311249,2.923880422085915],[101.24142985905019,2.923200396943912],[101.2412699570595,2.9231797364012095],[101.24116036446316,2.9232399247179615],[101.2410696318475,2.9233396383918944],[101.24108041467622,2.9234896554180523],[101.24120976995118,2.9236702167430053],[101.24155023326688,2.923980135759848],[101.24165982586322,2.924239749007654],[101.24164994331551,2.9247203468017346],[101.2416903689537,2.9250895550627547],[101.24186014986685,2.9252997604056077],[101.24242968213144,2.925659983983053],[101.24255993889585,2.925930378851149],[101.24255993889585,2.9261603468726207],[101.24243956347073,2.926410079989523],[101.24216018754436,2.9267900674539646],[101.24190955898018,2.927179936257744],[101.2416903689537,2.927789890535223],[101.24149004495013,2.928709765037979],[101.24152957151574,2.927939911186627],[101.24156999473706,2.927429666957778],[101.24164994331551,2.92710986539322],[101.24201017051826,2.926649929350276],[101.24222037586111,2.926340009125056],[101.24225001867057,2.9260696166738285],[101.24217995143141,2.9259195996477274],[101.24156011218929,2.925439898509296],[101.24144961931194,2.9252997604056077],[101.24141997650247,2.9251200981532293],[101.24146040214066,2.9245703297756336],[101.24141009516319,2.9242801734374098],[101.24118012472485,2.923999899646901],[101.24089985093434,2.9236998619693395],[101.24073007002124,2.923269567527427],[101.24059981325684,2.923200396943912],[101.24049022066043,2.9231797364012095],[101.24042014979597,2.923220160830965],[101.24022970834011,2.923469891530999],[101.2399197905317,2.923680098082343],[101.23955956453739,2.9237995756432724],[101.2391400529242,2.9239495926693735],[101.2389900322728,2.924089730773062],[101.23846990912153,2.9257102909605237],[101.23838007799532,2.9260696166738285],[101.23831988967856,2.9261298061990146],[101.23826958511796,2.9261298061990146],[101.23824982123091,2.926100159764303],[101.23821029708216,2.925989668095326],[101.23822017600463,2.9258100046344566],[101.23832977101785,2.925529730843948],[101.23891996503363,2.923779811756276],[101.2389900322728,2.9236899794216242],[101.23928018861102,2.9236495549918686],[101.23987038141837,2.92352019850847],[101.24018030164365,2.9232300433786804],[101.24023958967939,2.92290036289171],[101.24010035185671,2.922639849362895],[101.23973024573155,2.9225203754272684],[101.2395398042757,2.9225203754272684],[101.23798032664388,2.9223101688759243],[101.23701014637209,2.922240098011457],[101.23658973447789,2.922170030772236],[101.23627981787791,2.92233981168539],[101.23582975954895,2.9227000376797037],[101.23543001182281,2.923060261257092],[101.2350904463712,2.9235803844084103],[101.23500959872018,2.9238903046336304],[101.23511021025826,2.924130156411252],[101.23543001182281,2.9244104302017604],[101.23558002884891,2.9245200227981627],[101.23565009608814,2.925009605275818],[101.2357902354002,2.9253500673830786],[101.2357902354002,2.925669866530768],[101.23578035285249,2.925940261398864],[101.23588994786576,2.9262699418858347],[101.23588994786576,2.926419961328804],[101.23571028561332,2.9265295539252065],[101.23560967407525,2.9265699795633964],[101.23506978462007,2.9265996247896737],[101.23491976759396,2.926669692028895],[101.23489012236763,2.9267703035669683],[101.23490988504625,2.9268197102634304],[101.23506978462007,2.926910441670657],[101.23535006203588,2.926959848367119],[101.23565997863585,2.9270002727968745]],[[101.24549024238979,2.9874101734901046],[101.24528003583845,2.9874398162995135],[101.24470960570972,2.9876599041901386],[101.24429997543581,2.9877596178640715],[101.24317977451261,2.988349811879857],[101.2424898704482,2.988749559606049],[101.24201017051826,2.989060376486975],[101.23984972087567,2.9902102202196374],[101.23878970826922,2.990660278548546],[101.23854985890847,2.9907303457877674],[101.23830012820838,2.9907501096747637],[101.2379902091916,2.990800414235423],[101.23771981674037,2.990919891796352],[101.23760034038781,2.9910600274831722],[101.23748984751046,2.9912495722833228],[101.23716016702349,2.9913097606000747],[101.23702002771137,2.9914103709297706],[101.23687988960768,2.991560389164306],[101.23655020912071,2.9920499716419613],[101.23617022165627,2.9924703835361584],[101.23581988062654,2.992800064023129],[101.23568962386213,2.992969844936283],[101.23552972428831,2.993039915800807],[101.23522968661075,2.9930803378136943],[101.23456044188066,2.99321957926162],[101.23414991132574,2.9933399510614436],[101.23385975498752,2.993480089165132],[101.23331986915764,2.9937702442949217],[101.23285004935855,2.9939696716428443],[101.23197958276074,2.9942301815462997],[101.23166966253547,2.9943703196499882],[101.23129955761874,2.99460028767146],[101.23095999458405,2.994959613384765],[101.23073002535415,2.99517970127539],[101.23027997065049,2.9957303675170692],[101.22959994550854,2.996330442872136],[101.22929990783098,2.9965496328986205],[101.22894956559287,2.996790380123514],[101.22866030711873,2.9969601634535366],[101.228389915876,2.997170366379521],[101.22807999565072,2.9973500298403906],[101.2278697903078,2.9975099318311322],[101.22757963396958,2.9976698314049486],[101.22716011873109,2.9979096807657015],[101.22684032079184,2.998250142872962],[101.22657980726308,2.9985600618898047],[101.22648009721445,2.9988502182280286],[101.22648009721445,2.999070303701785],[101.22648997613686,2.9991098302674004],[101.22651962136314,2.9991295941543967],[101.22657980726308,2.9991197128151157],[101.22665975946683,2.9990604247793726],[101.22671006402749,2.998959810824431],[101.22679001381437,2.9988798610374943],[101.22694991580511,2.9986597755637376],[101.22706040868246,2.9985402992112427],[101.22719964650514,2.9984298063338315],[101.2272903754955,2.9983803996373695],[101.22739997050871,2.9982896670217087],[101.22752034593384,2.9982195997825443],[101.22760029572078,2.9982303789859657],[101.22791021473756,2.9984396876731694],[101.22808987819843,2.998410042446835],[101.22830008354134,2.9983902809766505],[101.22836026944123,2.9984495690124504],[101.22831984501147,2.9984495690124504],[101.22818959066393,2.9985304166634705],[101.22803957122096,2.9985995872469857],[101.22792009366003,2.998620247789688],[101.22778984052093,2.9985798233599894],[101.2277197696564,2.9985402992112427],[101.22754010619553,2.998470230763587],[101.22738020783015,2.9984801133113024],[101.22707028760487,2.998760387101811],[101.22686008467889,2.999039763028179],[101.22672982791448,2.9993002729316913],[101.22643967157626,2.9996101931569683],[101.22633995911076,2.9997503288437883],[101.22627977321082,2.999850041309287],[101.22628965213329,3.000140197647511],[101.22638038354046,3.0002399113214437],[101.2264603333274,3.0002902182989146],[101.22656992834061,3.0002902182989146],[101.2267199465752,3.000269556547778],[101.22694003446577,3.0002902182989146],[101.2267199465752,3.000389928347545],[101.22655016445361,3.0005498303382865],[101.22635972178932,3.000619898785885],[101.22617017698917,3.000820222789514],[101.22606956665953,3.0010403106800823],[101.2259896168726,3.0013798725063907],[101.22606956665953,3.0018398097577688],[101.22615041431061,3.002170390525748],[101.2263201952237,3.0025395987867114],[101.22647021466668,3.002819872577277],[101.22680977770142,3.0032600459416017],[101.22693015191805,3.0034702512845115],[101.226990337818,3.0035304408096977],[101.22708017015265,3.0035502010713913],[101.22717000127881,3.0035403221489787],[101.2272697149528,3.0034603699451736],[101.22734966473968,3.0033399981454068],[101.22740985305649,3.0031100277070664],[101.2277404314076,3.0021497287745547],[101.2279704006375,3.001740096083779],[101.22825965911159,3.0014598222932705],[101.22870971381519,3.00119032770624],[101.22913012691782,3.0008804086893974],[101.22945980740485,3.000619898785885],[101.22912024437011,3.0011301418063],[101.22893968425353,3.001280160040835],[101.22830008354134,3.001950302635123],[101.2281204176636,3.0021200835482773],[101.22787967164714,3.0024300037734974],[101.22762993853019,3.002989653490374],[101.22754010619553,3.003279809828598],[101.22750956673042,3.0035699649584444],[101.227590413173,3.0041898042005073],[101.22777995797321,3.004470077991016],[101.22794973888631,3.004729691238822],[101.22810963846018,3.0048599467947383],[101.22845010177588,3.005039610255608],[101.22871959636296,3.005080032268495],[101.22930978917026,3.0050602720068014],[101.2295397559833,3.004930015242394],[101.22962958831795,3.004680284542303],[101.22954963853107,3.0043200585480463],[101.22950023183455,3.004150276426458],[101.22957029907377,3.0037604076227353],[101.22962958831795,3.0032196239287146],[101.22976972642164,3.0027902273509426],[101.23000957578239,3.002420121225782],[101.23024044287644,3.0020203698742876],[101.23040034486718,3.0016799101838956],[101.23080997514109,3.00127027749312],[101.23138040406138,3.0005695918084143],[101.23156995006997,3.000370166877417],[101.23180980063916,3.0003198611083803],[101.23171996951294,3.0005300664512333],[101.2315403072605,3.000730390454862],[101.23133010070922,3.0009100539157316],[101.2310695871804,3.0012496169504175],[101.23095011324477,3.001490365383745],[101.23060965113746,3.0019700665221194],[101.23035991922899,3.002379699212895],[101.23005000021215,3.002769565599806],[101.22990986452533,3.003080382480732],[101.22983979366086,3.0035502010713913],[101.22980026951211,3.0038897665229456],[101.22981015085139,3.0040802091872933],[101.22984967620857,3.004209565670635],[101.22987033675128,3.0042904145301463],[101.22998981431226,3.004460196651735],[101.2301101885289,3.004509603348197],[101.23027997065049,3.0045203825516182],[101.2305198188028,3.0044000071265486],[101.23072014280643,3.0042203448741134],[101.23140016794838,3.003449590741752],[101.23240987357735,3.002350053986561],[101.23282040413227,3.0019700665221194],[101.23353007450055,3.001389755054106],[101.23383999110052,3.001099598715882],[101.23399001175193,3.0008597469382607],[101.2341696752128,3.0007402730025774],[101.23414002877803,3.0008804086893974],[101.2340196545614,3.0011499032764846],[101.2337896877483,3.0015002479314603],[101.23359026040043,3.001759859970832],[101.23330998660992,3.001960183974404],[101.23298030370609,3.002270104199681],[101.23277997970251,3.002570141877186],[101.23232004245114,3.0031603346845372],[101.23191041217723,3.0035897288454407],[101.2313202181615,3.004140395087177],[101.23094023190544,3.004589551926699],[101.23079021125403,3.0048096410257017],[101.23058000832805,3.00523993425918],[101.230560244441,3.0054699022806517],[101.2305198188028,3.005760057410498],[101.23052970135058,3.005910078061902],[101.23063031168022,3.006089740314337],[101.23079021125403,3.006309825788094],[101.23118996260553,3.0066404065560732],[101.23211971844756,3.007299769946883],[101.2330701348323,3.0078998453019494],[101.23338005505758,3.0081100518532367],[101.23356959985773,3.008119930775649],[101.2336998554137,3.0081001705139556],[101.23381034829106,3.0079995589758823],[101.23385975498752,3.007819895515013],[101.23385975498752,3.00765011218499],[101.23368009273509,3.007050039246792],[101.2334896500708,3.006580220656133],[101.23330998660992,3.0057196329807425],[101.23325967963245,3.0053100027068353],[101.23324979829317,3.0049803198029963],[101.23331986915764,3.004729691238822],[101.2334195816232,3.0045697916649488],[101.23361002428749,3.0043002970778616],[101.23388041673866,3.003940071083605],[101.23408972542586,3.0037702889620164],[101.23451013490319,3.0033696409548156],[101.23482005392003,3.0031100277070664],[101.23506978462007,3.0028504156676945],[101.23548031517498,3.0022296785614913],[101.23556026496192,3.001950302635123],[101.23564021716567,3.001709556618664],[101.23565009608814,3.0015002479314603],[101.23571028561332,3.0012496169504175],[101.23582975954895,3.0010600709418327],[101.23589983041347,3.000970239815615],[101.2360399661003,3.000869629485976],[101.23664004145536,3.0005399489990054],[101.23685024679821,3.000360285538136],[101.23695984181148,3.000140197647511],[101.23726975961983,2.999709905622467],[101.237440440814,2.9995598861794974],[101.23767040762704,2.999509581618838],[101.23788959765352,2.9993496796281534],[101.23821029708216,2.998969692163712],[101.2384196033525,2.998760387101811],[101.23861004480835,2.9985995872469857],[101.23873042023348,2.998509756120768],[101.23885977913369,2.9983902809766505],[101.2389900322728,2.9983902809766505],[101.23916969573366,2.998410042446835],[101.2392703060633,2.998460349424306],[101.23929006995036,2.9985304166634705],[101.2392496455206,2.9985798233599894],[101.23891996503363,2.9986903162373437],[101.23870975848229,2.9988699796982132],[101.23843038255592,2.9990900675887815],[101.23806027643076,2.9994502911662266],[101.23753027194022,2.9998698051962833],[101.23730030271031,3.000099772009321],[101.23714040313644,3.0002803357511993],[101.23701014637209,3.0005399489990054],[101.23685024679821,3.0007402730025774],[101.23670022735524,3.000869629485976],[101.23629957813961,3.0010403106800823],[101.23603008355258,3.001260396153839],[101.23591959067517,3.0015101292707413],[101.23585042130014,3.001820048287584],[101.23565997863585,3.0024003609640317],[101.23537970484534,3.002930365454631],[101.23528987251069,3.0030597219380297],[101.23497995349385,3.003240284471474],[101.23467991823321,3.0035196616062194],[101.23406007899109,3.004150276426458],[101.23383999110052,3.0045500277779524],[101.2336998554137,3.0049803198029963],[101.2336396670969,3.0054699022806517],[101.23365044630037,3.0058498885367158],[101.23370973796142,3.006270301639347],[101.23398013041265,3.0070302753597957],[101.23405019765181,3.007659993524328],[101.23406007899109,3.0077803689493976],[101.23413014743875,3.0081998829794543],[101.23435023532937,3.008519682127144],[101.23453978012952,3.0087002422437195],[101.23474998668081,3.008840381555842],[101.2350401418106,3.00888978704387],[101.23527999117141,3.008840381555842],[101.23545965463222,3.00867958170096],[101.23558002884891,3.008490039317678],[101.23604984743957,3.00750997649817],[101.23616034031693,3.007190174933612],[101.23620974701345,3.0069197836908756],[101.23618998554326,3.006750001569287],[101.23602020463011,3.006319708335809],[101.23596989765264,3.0057304146010324],[101.23603008355258,3.0053800699460567],[101.2361495611135,3.005150103133019],[101.23633012123008,3.0048599467947383],[101.23653044523365,3.00463985890417],[101.23679993982074,3.0044503141040195],[101.23718980983296,3.004370364317083],[101.23838996054303,3.004380246864798],[101.23853009622985,3.0043002970778616],[101.23866035178582,3.004140395087177],[101.23905022179798,3.0035699649584444],[101.23936013839796,3.0031297915940627],[101.23965029352775,3.0028504156676945],[101.24042014979597,3.002369817873614],[101.24072018747347,3.0021802718650292],[101.2409196148214,3.0019898304091726],[101.24110017493797,3.0018802353959018],[101.24110017493797,3.001950302635123],[101.24111005748568,3.0022000357520255],[101.24111005748568,3.00229974700909],[101.2411998886119,3.0024300037734974],[101.24125019558937,3.0024596489998316],[101.24133014537625,3.002509952352],[101.24148016240241,3.002519834899715],[101.24155023326688,3.002509952352],[101.24163018305381,3.0024497664521164],[101.24178020007992,3.0023204075518493],[101.24203981332772,3.0021200835482773],[101.24235961368385,3.001950302635123],[101.24257970278285,3.0018901167352396],[101.24265965136135,3.0018999980745207],[101.24265965136135,3.001950302635123],[101.24241980079216,3.0021299660959926],[101.24222037586111,3.0022296785614913],[101.2419203381836,3.0024901920902494],[101.24152957151574,3.002780347220096],[101.24133014537625,3.0028899398164413],[101.24116036446316,3.00288005847716],[101.24103010769875,3.0028001086902236],[101.24078037699871,3.0024497664521164],[101.2406501202343,3.0024300037734974],[101.2405198634699,3.002480309542534],[101.24043003234368,3.0025899021389364],[101.24012011574371,3.002829753916558],[101.2398398383279,3.0031100277070664],[101.23952992172798,3.0034298292716244],[101.23901967870756,3.004140395087177],[101.23861992735607,3.004610213677836],[101.23846990912153,3.004680284542303],[101.23757967863668,3.004610213677836],[101.23735959074605,3.0045599091172335],[101.23701014637209,3.00463985890417],[101.23679993982074,3.0047701156685207],[101.23654032778143,3.0051195600425444],[101.23642983490402,3.005389952493772],[101.2363400037778,3.005760057410498],[101.23627981787791,3.0062496398881535],[101.23641995356473,3.006880255916826],[101.2364001920946,3.0072198213683805],[101.2362699353302,3.0075800449458256],[101.23611003575633,3.007960031201833],[101.23578035285249,3.008630175004498],[101.23567974252285,3.0088296011439866],[101.23570040306561,3.009150300572628],[101.23583964088829,3.0093802673856658],[101.23608039053005,3.0095204054893543],[101.2364001920946,3.009610237824006],[101.23673975392086,3.009600355276291],[101.23703979159836,3.0094700997203176],[101.23722035292337,3.0092796570560267],[101.23727964095912,3.0089697368308066],[101.23733982927592,3.008879905704589],[101.23746020107569,3.008879905704589],[101.23758955997596,3.0089697368308066],[101.23768028896632,3.009090112255876],[101.23778000264025,3.009349724295248],[101.2378500710879,3.0094700997203176],[101.23782042827844,3.009600355276291],[101.23758955997596,3.0096901876109428],[101.23745032215328,3.009760254850164],[101.23731018404959,3.0098096639634946],[101.23718980983296,3.0098096639634946],[101.23709009615897,3.0099399183109767],[101.23703979159836,3.0100297494371944],[101.23718980983296,3.0102902629660093],[101.23732994793659,3.0104995680278535],[101.23767040762704,3.0106001795659836],[101.23851033234286,3.0110295761437555],[101.23891008248586,3.011190372373278],[101.23922988405042,3.0112397814866085],[101.23955956453739,3.0112703221602146],[101.23985960221495,3.011210136260331],[101.24010035185671,3.0111795931698566],[101.24023958967939,3.01109964338292],[101.24028989665686,3.0110601192341733],[101.24072018747347,3.010649588679314],[101.24096992179886,3.010360330205174],[101.24187003120613,3.0090299263559928],[101.24233985100523,3.008519682127144],[101.24269019566026,3.0080399809887695],[101.24280966959589,3.007769589745976],[101.24278002678642,3.007410262824237],[101.24265965136135,3.0071299890337286],[101.24261024224802,3.0067598841170025],[101.24255005634814,3.006570339316852],[101.24261024224802,3.0063897755749736],[101.24263988868273,3.006159808761936],[101.2427701442387,3.005859771084431],[101.2429201624733,3.005660343736565],[101.24302975748651,3.0054303769235275],[101.24314025036387,3.0053297665938317],[101.24331003127702,3.0050503894590292],[101.24353011916764,3.0049803198029963],[101.24358042372825,3.0050099650293305],[101.24354988063777,3.0051096787032634],[101.24345016938071,3.0052300529198988],[101.24326960684726,3.0054797836199896],[101.24311958861273,3.0057699399582134],[101.24293004381258,3.006219994661876],[101.24290039858624,3.0065900995786023],[101.24285009402564,3.006890137256107],[101.24299022971246,3.0072099388206652],[101.2430899433864,3.007700419162461],[101.24302975748651,3.0081298133234213],[101.24271983846967,3.0085798704438957],[101.24232996845751,3.009039807695274],[101.24214042365736,3.009349724295248],[101.24164994331551,3.0098896137503743],[101.2412196524989,3.0105399936660433],[101.24098968206056,3.010949626356819],[101.24078037699871,3.01114006902111],[101.24043991368296,3.011319731273545],[101.24034020121746,3.0113601532864323],[101.24025036888281,3.0114203428116184],[101.24019018298293,3.011510173937836],[101.24019018298293,3.01161976895105],[101.24027013276987,3.01175990463787],[101.24050998213062,3.0118497357640877],[101.24361006895452,3.01318014082176],[101.24394963078083,3.0132600906086964],[101.24413019210584,3.0132699719479774],[101.24447963889668,3.013209786048094],[101.24485962636112,3.013110072374104],[101.24514978149091,3.012960055348003],[101.24575973697682,3.0126600176704983],[101.24626997999724,3.012229723228586],[101.24655025378775,3.0118596183118598],[101.24682963092255,3.011319731273545],[101.24727968562621,3.0102597186671005],[101.24748000962978,3.00945033825019],[101.24755995941672,3.00874965135705],[101.2474701282905,3.008180120300892],[101.24722039759047,3.0076303507148623],[101.2469796479487,3.0072198213683805],[101.24672991724862,3.006740120230006],[101.24667961268801,3.006570339316852],[101.2466400861224,3.0064302012131634],[101.24643976091039,3.0061499262142206],[101.24661044331299,3.0061499262142206],[101.24672991724862,3.0061202809878864],[101.24685029146531,3.0059801453010664],[101.24703983626546,3.00582024572725],[101.24694012379996,3.0061400448749396],[101.2469203599129,3.006520032339381],[101.246990429569,3.00684971524322],[101.24709014082606,3.0070096148170364],[101.24732999260368,3.0072602433812676],[101.24758960464305,3.0076896399590396],[101.24775040449788,3.0078396569851407],[101.24785011575494,3.007960031201833],[101.247869879642,3.0080597448757658],[101.24780969253362,3.00826995142711],[101.24778992985506,3.008630175004498],[101.24776028342035,3.0090200438082775],[101.24764979054294,3.0096300017110593],[101.24742970627761,3.010629824792261],[101.24722039759047,3.011249661617512],[101.24693024125224,3.0118901614022775],[101.24669039189143,3.012280030206057],[101.24626009865796,3.012689660479907],[101.24588011119351,3.0129699342704725],[101.24505006902541,3.0133598042826293],[101.24488028690388,3.0134397564863775],[101.24481021724779,3.013499942386318],[101.24478955549665,3.0135897735125354],[101.24482009858707,3.013679604638753],[101.24492969360034,3.0137802161768263],[101.2450401864777,3.013870047303044],[101.24519020471223,3.013920354280515],[101.24553965150312,3.0139904227281136],[101.24595017843274,3.014070371306616],[101.24633016589718,3.014179967528264],[101.24666973134873,3.014199730206883],[101.24687993669164,3.014230270880489],[101.24695000513924,3.0142599161067665],[101.24701019103912,3.0143003417449563],[101.24701019103912,3.0144099343413018],[101.24693024125224,3.0144198156806397],[101.24685029146531,3.0144503587710574],[101.24677034167837,3.0144503587710574],[101.24673979858795,3.0144701226581105],[101.24671015336162,3.0145096480152347],[101.24673979858795,3.0145698363320435],[101.24686017401302,3.014690210548679],[101.24695988647852,3.014750396448619],[101.2471197860524,3.0148096856927964],[101.2473003473774,3.0148096856927964],[101.24735963541315,3.014840228783271],[101.24739017850362,3.0148896342712987],[101.24819956254584,3.01526962173574],[101.24959015229496,3.0159002401812245],[101.25084959104083,3.01649043419701],[101.2514999709565,3.0166700964494453],[101.2523300131246,3.016769810123378],[101.2530702265833,3.016890181923202],[101.25381043762519,3.0169099458101982],[101.25422995044681,3.0169297096971945],[101.25505999503179,3.0169198283579135],[101.25530972573188,3.016890181923202],[101.25601041262496,3.0166700964494453],[101.2561900748774,3.0166503337708264],[101.25637961967755,3.0165802653232276],[101.2565700623419,3.0164796549935886],[101.25671019802871,3.016430245880258],[101.2568503361324,3.0163898226589367],[101.25701023570622,3.0163997015813493],[101.25726985137084,3.01649043419701],[101.25738034062294,3.0164598911065355],[101.2574701729576,3.0163898226589367],[101.25748005429688,3.016220039328914],[101.25743963228399,3.016079903642094],[101.257419868397,3.0159200040682776],[101.2574701729576,3.015760102077536],[101.257419868397,3.0156002025037196],[101.25725996882312,3.0154995921740806],[101.25695993114562,3.0154699469477464],[101.25689974282886,3.0154798282870274],[101.25596010564749,3.015540016603836],[101.25563042516052,3.015520252716783],[101.25535015137001,3.0154798282870274],[101.25519024937932,3.0153396926002074],[101.2550501136925,3.015109722161867],[101.25501957060203,3.014879752931961],[101.2552001307186,3.014480005205826],[101.25536003270935,3.0142500347674854],[101.25544986383551,3.0138898111900403],[101.25544986383551,3.0135798921732544],[101.25531960827959,3.0132996171743116],[101.25512018093167,3.0129699342704725],[101.25489021411863,3.0126501363312173],[101.25452010557666,3.012420165892877],[101.2540296252348,3.012120128215315],[101.25368018206927,3.0119000427415585],[101.25331007594411,3.011769787185642],[101.25308998805349,3.011660190963937],[101.25291032459262,3.0115802423854916],[101.2527701889058,3.011449985621084],[101.25286002124045,3.0114401066986716],[101.25309986939277,3.0114697495080804],[101.2533199572834,3.0113296138212604],[101.25340978961805,3.0111697118305756],[101.25349962074426,3.0105696388923775],[101.25348973940493,3.010310023227703],[101.25346009659552,3.0099497996503146],[101.25357957053114,3.010089937754003],[101.25369006340856,3.010329787114756],[101.25371970863483,3.0106001795659836],[101.25366042059909,3.0110098122567024],[101.25366042059909,3.0113502743640197],[101.25369006340856,3.0114203428116184],[101.25383020151224,3.0115901237247726],[101.25399998242534,3.01175990463787],[101.25437996988984,3.0119997564155483],[101.25490997438038,3.0123500986536556],[101.255149826158,3.0125504226572275],[101.25527020158313,3.0127103222311007],[101.25543009994851,3.012979816818188],[101.25554957509263,3.013199904708756],[101.25565018904757,3.0134900598386025],[101.25566994930927,3.0137900975161074],[101.25566994930927,3.0139598784292616],[101.2555998820701,3.0141503210935525],[101.25551993228316,3.0146803292093978],[101.25551993228316,3.0148096856927964],[101.25557023563533,3.0149004146831544],[101.25568971319632,3.0150800769355897],[101.25579032473439,3.0151896719488036],[101.25588015586061,3.015259740396459],[101.2560499367737,3.0152804009391616],[101.25634997445127,3.0152399789262745],[101.256720079368,3.0152804009391616],[101.2568701000194,3.015259740396459],[101.25702999959321,3.0152399789262745],[101.25723032359684,3.015109722161867],[101.25733991861006,3.0149695840581785],[101.25740010450994,3.014850110122552],[101.25740010450994,3.0147198533581445],[101.25734980115777,3.014589596593737],[101.25731027338372,3.014559953784328],[101.25702999959321,3.0143497484414183],[101.25681979304193,3.0141000177413844],[101.2566203669025,3.0139401157506427],[101.25651975536442,3.013729911616224],[101.2564703486679,3.0134604146122683],[101.25649999510267,3.013199904708756],[101.25660958769902,3.0128998670312512],[101.25692040458,3.012420165892877],[101.25704976348027,3.0121102492929026],[101.25710994938015,3.0115398167473018],[101.25711983071943,3.0108103849088366],[101.25705964481955,3.0102597186671005],[101.25704976348027,3.0095796947335884],[101.25708030657069,3.0088502628951233],[101.25703988093255,3.0079896776365445],[101.25701023570622,3.007550398511057],[101.25689974282886,3.0072395840469426],[101.25656018100256,3.006740120230006],[101.25649011255496,3.0065397962263773],[101.2564299242382,3.00632958967509],[101.25654041711556,3.0064903895299153],[101.25673984325499,3.0066098634655987],[101.25707042402297,3.0071003438073944],[101.25713959460649,3.007299769946883],[101.25724020614456,3.007730064388795],[101.25725996882312,3.008289715314106],[101.25723032359684,3.008949976569056],[101.25725008748384,3.0092796570560267],[101.25731027338372,3.0095895760728695],[101.25733991861006,3.0105399936660433],[101.25731027338372,3.0111795931698566],[101.25725008748384,3.0115802423854916],[101.25720966184565,3.0119099252893307],[101.25710994938015,3.0122396057763012],[101.25708030657069,3.0123797438799897],[101.25708030657069,3.012480354209629],[101.2571503738099,3.0125998293537464],[101.25753036127435,3.0128199172443146],[101.25763995628756,3.012940291461007],[101.25778009197444,3.01299957949675],[101.25801006241272,3.012979816818188],[101.2581403179687,3.012940291461007],[101.25815019809954,3.0130696479444055],[101.25801994375206,3.0132196685958093],[101.25780973720072,3.0133696856219103],[101.2577199060745,3.0133598042826293],[101.257600429722,3.0132798544956927],[101.25735968249705,3.0130301237956587],[101.25723032359684,3.012880103144255],[101.25702999959321,3.012839681131368],[101.256940168467,3.0128603416740702],[101.25683955692892,3.012960055348003],[101.25675960714204,3.013100191034823],[101.25671019802871,3.0133103975861673],[101.25671019802871,3.013509823725599],[101.256720079368,3.0135996548518165],[101.25677038634547,3.0136598407517],[101.25722044225756,3.014070371306616],[101.25750969952321,3.0143596297806994],[101.25756000650068,3.014439579567636],[101.25769026084822,3.014690210548679],[101.2577199060745,3.0149004146831544],[101.25786004176132,3.015160029139338],[101.25804958656147,3.0153396926002074],[101.25838016732945,3.0154501854776186],[101.25886974980716,3.0154995921740806],[101.2594401799359,3.0156298489384312],[101.25985969154908,3.0157996298515855],[101.26056037844222,3.0157097975169336],[101.26067985479477,3.015740340607408],[101.26084963570787,3.015859815751469],[101.26098977139475,3.0158696970908068],[101.26111014681982,3.015859815751469],[101.26119997794603,3.01583017294206],[101.26130957295925,3.0156496092001817],[101.26134999859744,3.0155804386167233],[101.2613796414069,3.015559778073964],[101.26142006583666,3.0155804386167233],[101.26145959119384,3.0156496092001817],[101.26151977951059,3.015740340607408],[101.26150989696288,3.01583017294206],[101.26147037281413,3.01592988299069],[101.26144971106294,3.0160098351944953],[101.2614003019496,3.016089784981375],[101.26130957295925,3.0161400895420343],[101.26109038534969,3.0161302082026964],[101.26091970415553,3.016099667529147],[101.26079034767213,3.0160403758680445],[101.2604202427554,3.01592988299069],[101.26036005323022,3.0159604260811648],[101.26031962880046,3.0160098351944953],[101.26036005323022,3.0161400895420343],[101.26054959803037,3.016190396519505],[101.26065020956844,3.016200277858786],[101.26076968592099,3.0162595671029635],[101.26097989247228,3.016299991532719],[101.26124040237579,3.016420363332543],[101.26144971106294,3.016539840893472],[101.26170033962717,3.0166000267933555],[101.26182969852738,3.0166296720196897],[101.2619500703272,3.0166197906804086],[101.26204978400114,3.0166000267933555],[101.26217015821783,3.01645000855882],[101.26226987189176,3.016299991532719],[101.26232017886923,3.016089784981375],[101.26238036476911,3.01592988299069],[101.2624198901263,3.015859815751469],[101.26247019589533,3.0158202903943447],[101.26250972125251,3.015810409055007],[101.26255014568227,3.0158696970908068],[101.26255014568227,3.0159900725158764],[101.26250972125251,3.016220039328914],[101.26256002822998,3.0163898226589367],[101.26259955237873,3.016500315536291],[101.26265974069548,3.016549722232753],[101.26274957303013,3.0165299583457568],[101.26284030202049,3.016440127219539],[101.26299032146346,3.016200277858786],[101.26315022103734,3.015879579638522],[101.26339007039809,3.0154798282870274],[101.26353020850178,3.015150147800057],[101.26371975330193,3.014199730206883],[101.26370987196265,3.0134604146122683],[101.26362992217571,3.0128001533573183],[101.26356973385896,3.012410284553539],[101.26356973385896,3.0108103849088366],[101.26368022552788,3.00765011218499],[101.2636496860627,3.006619746013314],[101.26368022552788,3.005910078061902],[101.2636901080756,3.005600157836625],[101.26351044461478,3.005150103133019],[101.26338019147568,3.005029728916327],[101.2633298844982,3.0049902011422773],[101.26326969859826,3.004939896581675],[101.26331012061115,3.004869826925642],[101.26341971562442,3.004729691238822],[101.26355985372811,3.004470077991016],[101.26361015828871,3.00392030961342],[101.26360027694938,3.003640033406043],[101.26356973385896,3.0032097413809993],[101.26348978407202,3.0028899398164413],[101.26338019147568,3.00229974700909],[101.26325981605055,3.0020401337613407],[101.26315022103734,3.001759859970832],[101.2624198901263,3.000709729912103],[101.26175962887135,2.9995598861794974],[101.26132035216273,2.9990101178019017],[101.26074992324237,2.9985995872469857],[101.26018039097778,2.998250142872962],[101.25967014674893,2.9979195621049826],[101.25947970408464,2.997790205621641],[101.2589496995941,2.9974497435143235],[101.25834962423903,2.997120063027353],[101.25806036576495,2.9969996876022833],[101.2578501628389,2.9969502821141987],[101.25773966996155,2.996970042375949],[101.25763995628756,2.9970095701499986],[101.25753036127435,2.997120063027353],[101.25738034062294,2.99738955761444],[101.25728961163259,2.9976401861786144],[101.25726985137084,2.997790205621641],[101.25726985137084,2.998010293512209],[101.25728961163259,2.998069582756443],[101.25716025635762,2.9982097184432632],[101.25710006683244,2.998240261533681],[101.25701023570622,2.9982600242123],[101.25693028591928,2.9982303789859657],[101.2566203669025,2.998199835895491],[101.25654041711556,2.998199835895491],[101.25637961967755,2.9982195997825443],[101.25627002466433,2.9983103287729023],[101.25618019353811,2.9984298063338315],[101.2560903624119,2.998610366450407],[101.2558702733129,2.9989903539148486],[101.25565018904757,2.9992104418054737],[101.25544986383551,2.9993397982888723],[101.2555998820701,2.999189780054337],[101.25579032473439,2.9988798610374943],[101.25581008741295,2.998770268441149],[101.25590980108689,2.9985995872469857],[101.25603017530358,2.9984396876731694],[101.25622960023458,2.9982303789859657],[101.25645956946448,2.9980300549823937],[101.2566203669025,2.9979896329695066],[101.25700035436694,2.9979896329695066],[101.25718001661937,2.997930341308461],[101.25718001661937,2.9976599488572333],[101.25723032359684,2.997490167944079],[101.25736956141952,2.997240437244045],[101.25742975094471,2.997079637389163],[101.2574701729576,2.9969502821141987],[101.2574701729576,2.996790380123514],[101.25742975094471,2.9967499569021925],[101.25731027338372,2.996560412102042],[101.25695993114562,2.9962702569722524],[101.25658982622889,2.995989983181744],[101.25624037943805,2.995719588313648],[101.2558702733129,2.9955596887398315],[101.2555998820701,2.9953899078266772],[101.25492973826738,2.9948904428012497],[101.254469801016,2.994489794794106],[101.25369994474784,2.993990333393981],[101.25325977138345,2.993729819865166],[101.25264981468911,2.993330072139031],[101.2524198454592,2.9931504086781615],[101.25215035087217,2.9929896088233363],[101.25193026539841,2.9929402021268174],[101.2516499916079,2.9930497947232197],[101.25150985229578,2.9931998153746235],[101.25139037594323,2.993160287600574],[101.25147032573017,2.9930003880267577],[101.25154039538626,2.9928503710006],[101.25164010906019,2.992650046997028],[101.25158980208272,2.9924299591064027],[101.25147032573017,2.99225029564559],[101.25137959673981,2.992139802768179],[101.2511604091302,2.9919700218550815],[101.25098972672765,2.991890072068145],[101.25089989560144,2.991849646429955],[101.25082982836221,2.991829883751393],[101.25072023214057,2.991820001203621],[101.25057021511446,2.991849646429955],[101.25045972223705,2.9919197148776107],[101.25026029609762,2.992090396071717],[101.25008961732033,2.992350009319523],[101.24977969709511,2.99275963959343],[101.24923981126523,2.9933004257042626],[101.24902960471394,2.993489970504413],[101.24872956703638,2.9937100583950382],[101.2485903292137,2.99379989072969],[101.24838012266241,2.9938600766295735],[101.24831005542319,2.9938897218559077],[101.24823998455872,2.9940199762034467],[101.24817979865878,2.994140350420082],[101.24814027088479,2.9942203002070187],[101.2480396605551,2.994240064094015],[101.2479498282205,2.9942301815462997],[101.24787976098128,2.9942301815462997],[101.24783035428482,2.994189757116544],[101.24785011575494,2.9941295712166607],[101.24793006795875,2.994000214733262],[101.24799025385863,2.9939103836070444],[101.24810973021118,2.9937702442949217],[101.24817979865878,2.993739701204504],[101.24831005542319,2.993729819865166],[101.2485903292137,2.993630106191233],[101.24908979061382,2.9933201895913157],[101.24936018548192,2.9930497947232197],[101.24978957964282,2.9923904337492786],[101.24999978498568,2.9921200388811826],[101.25013992067255,2.991699629403854],[101.25013992067255,2.9914400137391794],[101.24996025842012,2.9911804016998644],[101.24970962985589,2.9910402660130444],[101.24934042159487,2.990759992222536],[101.24906014780436,2.9905201404449144],[101.24875022878757,2.990239866654349],[101.24843042722301,2.9899703720673187],[101.248249865898,2.9898401153029113],[101.24801989908497,2.989729622425557],[101.24775040449788,2.989709858538504],[101.24745036682037,2.9897601655159747],[101.24734975649073,2.989579605399399],[101.24748989217755,2.989489773064747],[101.24760038505491,2.9894295847479952],[101.24764979054294,2.9893298710740623],[101.24755995941672,2.9890999042610247],[101.24696976902624,2.9886597284798313],[101.24678022422609,2.98856001722271],[101.2465897815618,2.988450422209496],[101.24640023676164,2.9884396430060747],[101.24625021611024,2.9886004404440314],[101.24588011119351,2.9888798163703996],[101.24458024922632,2.9894403639514167],[101.24394963078083,2.9898302339636302],[101.2433199126163,2.990249747993687],[101.2430899433864,2.990389883680507],[101.24263988868273,2.990689921358012],[101.24235961368385,2.990810295574704],[101.24225990121829,2.990910009248637],[101.2421997153184,2.9910303834652723],[101.24214042365736,2.991169622496386],[101.24197962742778,2.9915100846037035],[101.24178020007992,2.991699629403854],[101.2416203005061,2.9917696978514527],[101.24147028106307,2.991790358394212],[101.24128971973812,2.9918002409419273],[101.24102022515103,2.991790358394212],[101.24074983390824,2.99173017007746],[101.24096992179886,2.99166998417752],[101.24111993882497,2.991619677200049],[101.24132026282854,2.991599915729921],[101.24152957151574,2.991570270503587],[101.24164994331551,2.9915298460738313],[101.24176043619292,2.9914597776262326],[101.24179996396691,2.991350182612962],[101.24197962742778,2.9910501473523254],[101.24217006888364,2.990759992222536],[101.24235961368385,2.9906198541188473],[101.24298035079005,2.990259630541402],[101.2437699685284,2.9898302339636302],[101.2440700062059,2.9896002659421583],[101.24437004388346,2.9893900605992485],[101.24537974951238,2.9888896977097374],[101.24580016140658,2.9886202031226503],[101.24596994231973,2.9884701860964924],[101.24624033477096,2.9881701484189875],[101.24624033477096,2.9879698244154156],[101.24611008042342,2.987780279615265],[101.24601036795792,2.9876904484890474],[101.24586034730652,2.98756019172464],[101.24568966852922,2.9874595801865667],[101.24549024238979,2.9874101734901046]],[[101.26944022460299,2.978320121986485],[101.26959024162909,2.9784000705649305],[101.26982021206743,2.9786102771162746],[101.26993968841998,2.978799821916425],[101.26998999298058,2.979000145919997],[101.27004029995805,2.979310066145274],[101.27005018129734,2.9797295777584623],[101.27015977389368,2.980029615435967],[101.2703798617843,2.9803898390134123],[101.27074008536175,2.980880319355265],[101.27053976135812,2.980880319355265],[101.27021008087115,2.980430264651602],[101.26998011164125,2.9800996838836227],[101.26988039796731,2.9798400706358166],[101.26981032951971,2.979510390148846],[101.26976990508996,2.979000145919997],[101.26962976940314,2.9788303650068997],[101.26888955836125,2.9784997842388634],[101.26850957089681,2.9783704277555216],[101.2683002622096,2.9781000328874256],[101.26822031242273,2.9779500158613246],[101.26823019497044,2.9776904038219527],[101.26834966890607,2.9772601093800404],[101.26834966890607,2.976979835589532],[101.26821043108339,2.976689679251308],[101.26797956398934,2.976430067211936],[101.26750974419025,2.9762998104475287],[101.26511034425948,2.976169553683178],[101.26495044468561,2.97627016763812],[101.26490014012501,2.976439948551217],[101.26484983314754,2.976870240576318],[101.26492978293447,2.9778799486221033],[101.26511034425948,2.9786102771162746],[101.26536007737639,2.979450201832094],[101.26559004418942,2.980029615435967],[101.26590984575398,2.9805200957778197],[101.2662997145577,2.9808704368074928],[101.26627006933143,2.9809099645815422],[101.26620988343149,2.9809198471292575],[101.26619011954449,2.980950390219732],[101.26748009896397,2.9830802931465996],[101.2677702553022,2.983760318288546],[101.26801010707982,2.9841097626625697],[101.26838021199654,2.984479867579296],[101.26857963934441,2.9849802304688637],[101.2686200613573,2.985220081038051],[101.26879972723503,2.985450049059523],[101.26898028735161,2.9857599680763087],[101.26933961306491,2.9863196190016197],[101.26956958108639,2.9867597923660014],[101.27032955480684,2.9886202031226503],[101.27067989946181,2.9891897353872423],[101.27111019148691,2.98977004806369],[101.2715701311551,2.9902802910841046],[101.27178033408114,2.990590207684079],[101.27204982866823,2.9910995540487875],[101.27212978087204,2.9912396897356075],[101.27228968044585,2.991740051416741],[101.27249988699714,2.9920697355290145],[101.27277027823993,2.9925197902326204],[101.2729499417008,2.992800064023129],[101.27316014825215,2.993020151913754],[101.27356977852605,2.993269882613845],[101.27367039127256,2.993269882613845],[101.27368027019497,2.9933201895913157],[101.27371979796902,2.9937702442949217],[101.27377010252962,2.9941196886689454],[101.27390035929403,2.9944098450071692],[101.27408990409418,2.994700000136959],[101.27430999198475,2.994929970575299],[101.27448965423719,2.9952398871752735],[101.27458038322754,2.995580350490968],[101.27516967937919,2.9967499569021925],[101.2757499908472,2.997599762957293],[101.2759997215473,2.9978998006348547],[101.27632042097599,2.9981800756337975],[101.2764300159892,2.99840015989912],[101.27649020188909,2.9986498942244566],[101.27655038778903,2.998969692163712],[101.27661955837249,2.999279612388989],[101.27676957902389,2.99947005505328],[101.27688995324058,2.9995500036317253],[101.27701032745722,2.9995796500664937],[101.2773202440572,2.9995302433700317],[101.27741995773113,2.99944041103538],[101.27749002617878,2.9992903915924103],[101.27756009583482,2.9990999489281194],[101.27758973864428,2.998760387101811],[101.27764992816947,2.9984801133113024],[101.27771999540869,2.9983300926598986],[101.27786013351238,2.9981701930860822],[101.27795984476944,2.9980300549823937],[101.2780002691992,2.997880037956236],[101.2780002691992,2.997710255834704],[101.27808021898608,2.9976204247084866],[101.27818981399935,2.9975602363917346],[101.2783003068767,2.997599762957293],[101.27840002055063,2.9976599488572333],[101.27849973422457,2.997700374495423],[101.27867041300186,2.9976698314049486],[101.27890038223177,2.9975602363917346],[101.27956962575342,2.9970401132404163],[101.28021012553825,2.9965900549115077],[101.28068982667662,2.9960699329686804],[101.28108957681968,2.995430332256433],[101.28150998629701,2.99467035732755],[101.28189985630917,2.9938097696521027],[101.28257988145117,2.9920104462847803],[101.2828296121512,2.991430134816767],[101.2830802431323,2.9910896727095064],[101.28341980495856,2.990719566584346],[101.28406030595181,2.9899802534066],[101.28410971143984,2.98977004806369],[101.28409983010056,2.989629908751567],[101.28401988031362,2.989479891725466],[101.28385009940047,2.989259803834841],[101.28369019740978,2.9890801403740284],[101.28355006172296,2.989010073134807],[101.28341980495856,2.989010073134807],[101.28316019291918,2.988980427908473],[101.28287003658096,2.9888995802574527],[101.28264994869033,2.988819630470516],[101.28214958700926,2.988489947566677],[101.28198968743538,2.988450422209496],[101.28181990652229,2.9884603047572114],[101.28156029327448,2.9885097114536734],[101.28133032404457,2.9886004404440314],[101.2806997080159,2.9887801026964667],[101.2803996703384,2.988809749131235],[101.28026043009885,2.988789985244182],[101.28011041186431,2.9886202031226503],[101.28004034462509,2.9884099977797405],[101.28006010488684,2.9882096737761685],[101.28004034462509,2.987599718290255],[101.28002956542167,2.986849623492219],[101.27996039483821,2.9867499122351546],[101.27984002062152,2.986699606466061],[101.27962981407023,2.9867597923660014],[101.27893990758895,2.9871900855994795],[101.27883031136724,2.987330223703168],[101.27879977190213,2.987470359389988],[101.27873958237694,2.9876401415115765],[101.27862998736367,2.987790160954546],[101.27839013921135,2.9879401791890814],[101.27819969654706,2.9880003675058333],[101.27809010153385,2.9879698244154156],[101.27840990188992,2.987839567651008],[101.27850961556385,2.9877497365247905],[101.27863986991139,2.9874802419377033],[101.27867041300186,2.987330223703168],[101.2787000582282,2.987270035386416],[101.2791303490448,2.98689993046969],[101.27961005018318,2.986590010244413],[101.27968999997012,2.9864902977789143],[101.2796001688439,2.9863501620920943],[101.27937020082243,2.9860501244145894],[101.27907016314492,2.9856395938596734],[101.27880965082454,2.9854401665118075],[101.27861022710198,2.985360216724871],[101.27844044498039,2.9853997444989204],[101.27838025666364,2.985450049059523],[101.27832995210304,2.9855102373762747],[101.2783200707637,2.9855803058238735],[101.27814040730289,2.9856395938596734],[101.27795984476944,2.985769850624024],[101.27779994519557,2.9859602920799375],[101.277599621192,2.98613995554075],[101.27739031492166,2.986289972566908],[101.27744960295746,2.985989938514649],[101.2776202817347,2.985820153976249],[101.2778996588695,2.9856000685024924],[101.27799038785986,2.985420406250057],[101.27799038785986,2.9853296736343964],[101.27796972610872,2.985229963585766],[101.27786013351238,2.985109589369074],[101.27769035018235,2.98495956871767],[101.27756009583482,2.9847700239175197],[101.27749990751806,2.9844601073175454],[101.27736965317052,2.983920217862419],[101.27724029427026,2.983710011311075],[101.27685042546653,2.9833902133718198],[101.27638959155945,2.9829599189299074],[101.2763500637854,2.982800019356091],[101.27636982767245,2.9825502886560002],[101.27641025210215,2.9823903866653154],[101.27655038778903,2.9822601323177764],[101.27678035822731,2.9820696908619198],[101.27708039590487,2.9818900274010502],[101.27729958351449,2.9818298390842983],[101.27746038336932,2.9817498892973617],[101.27754033194782,2.9815899897235454],[101.27754033194782,2.9814300877328037],[101.27743972161818,2.9812800707067026],[101.27698966691452,2.980890200694546],[101.2761802828723,2.980950390219732],[101.27610033308537,2.9809602691421446],[101.27596019739855,2.980950390219732],[101.27608955388195,2.980890200694546],[101.27636982767245,2.980699758030255],[101.2770300889274,2.980679995351636],[101.27740019384413,2.980900083242261],[101.27794008329926,2.981699582319891],[101.27792031941226,2.981919670210516],[101.27778018130857,2.9820499269749234],[101.27765980950875,2.982139758101141],[101.27734000794419,2.982139758101141],[101.2769797843668,2.98220982654874],[101.27676957902389,2.9824200318916496],[101.27673993258918,2.9825996953524623],[101.27678035822731,2.982780255469038],[101.27688007069287,2.9829895641562416],[101.27711003871434,2.9833003810372247],[101.27764992816947,2.9838995561112256],[101.27769035018235,2.984080119853104],[101.2778798949825,2.9845696999139477],[101.2780002691992,2.9847799052568007],[101.27820957788634,2.98495956871767],[101.27840002055063,2.985009875695141],[101.27878000801508,2.9850700615950814],[101.27902973871517,2.9852398425081788],[101.27921029883174,2.9855497615250215],[101.27941960751889,2.9858300365239643],[101.27961993152246,2.9860096987763995],[101.27978971364405,2.986110310314473],[101.28009963266089,2.98637980490156],[101.28022000687753,2.986590010244413],[101.28031972055146,2.9869601163695734],[101.28036014256435,2.9872996806126935],[101.28038978899912,2.987860229402145],[101.28044009235128,2.988180030966703],[101.28055956991227,2.988320166653523],[101.2807203697671,2.988450422209496],[101.28090991456725,2.988480065018962],[101.2811003560231,2.9884297616667936],[101.28135996927091,2.988259979545205],[101.28173007418764,2.987879993289198],[101.28191961898779,2.9873904108114857],[101.28211006165208,2.986810098135038],[101.2821001803128,2.98637980490156],[101.28199956877467,2.985919867650182],[101.28198968743538,2.985459930398804],[101.28214958700926,2.985150011381961],[101.2824002179903,2.9849200445689235],[101.28234003209042,2.985229963585766],[101.28234003209042,2.9855596440727368],[101.28246040389018,2.9860096987763995],[101.28243974213905,2.9863196190016197],[101.28224031841648,2.987100254473262],[101.28216036862955,2.987729972637794],[101.28217024755196,2.98803989165458],[101.28234991101283,2.988390233892744],[101.28264006735105,2.9886300856703656],[101.28314042903219,2.98879986658352],[101.28373960652311,2.988840292221653],[101.28416001600044,2.988719916796583],[101.28455976735188,2.9884297616667936],[101.28486968636872,2.9881099601022356],[101.28516972404623,2.9876401415115765],[101.28524967383316,2.987270035386416],[101.28537993059757,2.986849623492219],[101.28574015417502,2.986120191653754],[101.28598988487505,2.9859001061799972],[101.28613002297874,2.9856899008371443],[101.28619020887862,2.9854401665118075],[101.28618032753934,2.9851796566082953],[101.28611025909174,2.984890398134212],[101.28613990552645,2.9846200068914186],[101.28622973665267,2.9843801575306657],[101.28696006514684,2.9834899258373753],[101.28705977882078,2.98326983794675],[101.28728974925912,2.982739833456151],[101.28774968530206,2.981929551549797],[101.28785029684013,2.9815199188590213],[101.28809014620089,2.9809297284685954],[101.28770027618873,2.9803098892264757],[101.287349935159,2.979760120848937],[101.28644982212643,2.9785096667866355],[101.28588028986184,2.9779598972006056],[101.28514007881995,2.9774397716324756],[101.28437022255173,2.9770400214894153],[101.2836497753969,2.9767202223417257],[101.28340992361927,2.976660034024974],[101.28329044847516,2.9767498651511914],[101.2832500240454,2.97689000325488],[101.28324014270612,2.977080445919171],[101.28335961905867,2.9774200089538567],[101.28340004107156,2.9776904038219527],[101.28324014270612,2.977969779748321],[101.28304970004183,2.978279696348295],[101.28307036058453,2.978480020351867],[101.28315031037147,2.9787396360165417],[101.28315031037147,2.9788896530426427],[101.28310988594171,2.97914028523212],[101.28319971706793,2.979349590294021],[101.28334973771933,2.9795499142975927],[101.28338028080981,2.979709813871466],[101.28333985517162,2.979789766075214],[101.2832302601584,2.9798104278264077],[101.28311976728105,2.979799646206061],[101.2830802431323,2.979770003396652],[101.28302993615483,2.979610103822779],[101.28302005360706,2.9793702520451575],[101.28294010502862,2.9788097044641404],[101.2827999693418,2.978530327329338],[101.28278020545474,2.9783497672127623],[101.28285027269396,2.9781898652220775],[101.28304970004183,2.9779904414994576],[101.28320959840721,2.977749691857696],[101.28322037881912,2.977570028396883],[101.28305958138111,2.976839696277409],[101.2828996818073,2.976580084238037],[101.2826301872202,2.9762998104475287],[101.28209029776502,2.9758901801736215],[101.28103028636707,2.9748598103766426],[101.28064041756329,2.974269617569348],[101.280449974899,2.973910290647609],[101.28040955167768,2.9736300168571006],[101.28053980602522,2.973339861727311],[101.28081020089331,2.973049705389087],[101.28123959505422,2.9728502816664673],[101.28171031150902,2.972760446914947],[101.28203011186514,2.9725798867983713],[101.28236967489983,2.9723499199853336],[101.28267959391667,2.972219663220983],[101.28311976728105,2.972069642569579],[101.28341980495856,2.9717902690600226],[101.28385998073975,2.971180312365675],[101.28402976286134,2.9707095959108756],[101.28403964420062,2.970459862793973],[101.28391028530035,2.9702900806723846],[101.28371984263606,2.9701400636462836],[101.28346023059675,2.9700403499723507],[101.28304970004183,2.9699397396427116],[101.2826301872202,2.969900211868662],[101.28203999441286,2.9697196517520865],[101.28163036172214,2.969530106951936],[101.28125037425764,2.9691600008267756],[101.28067006278962,2.968639877675514],[101.28044009235128,2.9684503328753635],[101.28029007532518,2.9684296723326042],[101.28015981856078,2.968460215423079],[101.28001968287396,2.968600351109899],[101.27997027376063,2.9687503705528684],[101.27992985174774,2.9692597145007085],[101.27992985174774,2.9700699964070623],[101.27997027376063,2.9706898320238793],[101.2799801550999,2.9713402119395482],[101.27991008786074,2.9718396757564847],[101.27974030694759,2.97219989933393],[101.27961993152246,2.9725798867983713],[101.27952021905696,2.9729499917150974],[101.27943038672231,2.973520424260755],[101.27938996229256,2.974160024972946],[101.27940972617961,2.974639724902943],[101.27951033650925,2.975040374118521],[101.27964957795723,2.975500311369899],[101.27968011863084,2.975919822983087],[101.27961005018318,2.9761497922129934],[101.27944026927003,2.9763599987642806],[101.27926959049279,2.976469591360683],[101.27893002504123,2.97653966222515],[101.27861022710198,2.9765998481250904],[101.27835959491244,2.9766995617990233],[101.27822035708977,2.9768603580285458],[101.27819969654706,2.9770597853764684],[101.27829042553742,2.9772897546063177],[101.27850961556385,2.9775296039671275],[101.27887972168901,2.9777901162874514],[101.27911956984138,2.9780497295352575],[101.27925970794507,2.9783803078863684],[101.2791303490448,2.9782500535388294],[101.27854015623745,2.977710164083703],[101.27819969654706,2.977449654180191],[101.27803979697319,2.977250226832325],[101.2780002691992,2.9770301425670027],[101.27809010153385,2.9767696290381878],[101.27826976378623,2.9766097294643714],[101.27848985167685,2.9764902531118196],[101.2787503627888,2.976439948551217],[101.27907016314492,2.976430067211936],[101.27924982660574,2.9762998104475287],[101.2793998436319,2.976069843634491],[101.27945015060936,2.975800349047404],[101.27938008337014,2.9754203615829624],[101.27918963828898,2.974840050114949],[101.27911956984138,2.974230092212167],[101.27926959049279,2.9730101812403404],[101.27918963828898,2.97286016058888],[101.27903962005445,2.972729907449832],[101.2788698391413,2.9727200249020598],[101.27850961556385,2.972780210802],[101.27796972610872,2.972940112792685],[101.2777298779564,2.973179962153438],[101.27736965317052,2.9734898811702806],[101.27726994070503,2.973700087721568],[101.27726005815731,2.9740899541084787],[101.27736965317052,2.974569655246853],[101.27739031492166,2.9751302052447386],[101.27728970096672,2.9754697682794244],[101.27709027724416,2.9758901801736215],[101.2767498151369,2.9762899278998134],[101.27626023265918,2.976589965577375],[101.27567004106032,2.9769097671418763],[101.27506008436592,2.977110091145505],[101.27468009690148,2.977340059166977],[101.27435041399764,2.9777299279706995],[101.27430010943704,2.9781503398648965],[101.27439982311097,2.9784899028995824],[101.27469986078853,2.978990264580716],[101.27503043913964,2.979460083171375],[101.27521010139208,2.9798903776132875],[101.27530981506601,2.9802595858743075],[101.27527029091726,2.9808201334553246],[101.27514003415286,2.981019559594813],[101.27506008436592,2.9811300524721673],[101.27499989846604,2.9810896280424117],[101.27499001712675,2.980789590364907],[101.27503043913964,2.9806296907910337],[101.27505020302664,2.9804096029004086],[101.27494959148856,2.9798400706358166],[101.274629789924,2.97923999528075],[101.27436029533698,2.9788600078163086],[101.27414020986322,2.9785797340258],[101.27401983564653,2.978339884665047],[101.27394976478206,2.9781000328874256],[101.27399019042025,2.977819759096917],[101.27428034555004,2.9773598230539733],[101.27458038322754,2.977100209806167],[101.27485976036235,2.9769699530418166],[101.27527029091726,2.9768603580285458],[101.2758595834436,2.976640272554846],[101.27637970901174,2.9762800465605324],[101.27668962923696,2.9759898902223085],[101.27694025780119,2.9757096164318],[101.27712980260134,2.9753296289673017],[101.27718999091809,2.9749496427112945],[101.27716034569181,2.9745400124373873],[101.27700044611794,2.9741402610859495],[101.27681000345365,2.973910290647609],[101.27681000345365,2.9737899188477854],[101.27691959604999,2.97361025659535],[101.27743972161818,2.9729598742628696],[101.27776042104682,2.9727999746889964],[101.27816016877301,2.9726903796757824],[101.27871981969832,2.972509819559207],[101.27903962005445,2.9722798491208664],[101.27928036969621,2.9719097442041402],[101.27949955730583,2.971420161726485],[101.27958040737371,2.9710096335884373],[101.27958040737371,2.9704499826631263],[101.27953010039624,2.96963970196515],[101.27958040737371,2.9685401652100154],[101.27951033650925,2.9681799380072675],[101.27937020082243,2.9677604263940793],[101.27923006271874,2.9674298456261],[101.27877012546736,2.966880077248504],[101.27810986421241,2.9660401525326847],[101.27771011406935,2.9653700099384537],[101.27724029427026,2.9644501354356976],[101.2770498528144,2.964109673328437],[101.27690971350228,2.9640297235415005],[101.2767498151369,2.9640396048807816],[101.27653960858555,2.964130335079574],[101.27621980943786,2.9643396425582864],[101.27591977176036,2.964510321335581],[101.27553978550435,2.964649560366695],[101.27534035815648,2.9647995798096645],[101.27529005359582,2.964960377247678],[101.27534035815648,2.965069972260892],[101.2754697170567,2.9652101103645805],[101.27567004106032,2.9655002667028043],[101.27567004106032,2.9655496733992663],[101.27561973408285,2.9655496733992663],[101.27547959597916,2.965420314499056],[101.27521998393979,2.965229871834765],[101.27506008436592,2.965089736147945],[101.27499001712675,2.9648804274607414],[101.27504032047892,2.9647304104346404],[101.27522986527907,2.964549846692762],[101.27547959597916,2.964409711005942],[101.27583982318185,2.9642498114321256],[101.27625035252834,2.964050385292637],[101.2764704380021,2.963820414854297],[101.27655038778903,2.963620090850725],[101.27653960858555,2.963489836503186],[101.27638959155945,2.9632499847255644],[101.27617040032453,2.962809812569674],[101.2759997215473,2.9625996060183297],[101.27590000908174,2.9625501993218677],[101.27582994063414,2.9625699607920524],[101.27574010950792,2.962659791918213],[101.27562961663057,2.962809812569674],[101.27541042660408,2.9629499470480596],[101.27513015160514,2.9630298968349393],[101.2748202325883,2.9630900863601823],[101.27455972268484,2.9632598672732797],[101.27426956634662,2.9634000053769682],[101.27398030787248,2.963470073824624],[101.27370003408197,2.963419766847153],[101.27354013571659,2.9633595809472126],[101.27325986071764,2.963209560295809],[101.27296970558785,2.963119729169591],[101.27262026121383,2.963119729169591],[101.27218996677192,2.963279631160333],[101.27257983678408,2.9629903726862494],[101.2727801607877,2.9629499470480596],[101.2730999587269,2.9629903726862494],[101.2733496930523,2.96308020381241],[101.2736299668428,2.963160153599347],[101.27400007175953,2.9632401033862834],[101.27428034555004,2.9631996813733963],[101.27455972268484,2.963020017912527],[101.27489030345282,2.962910422899313],[101.275329578953,2.962729862782737],[101.2755802099341,2.9624702471180626],[101.2756502783817,2.9622798044537717],[101.27564039583399,2.9621199048799554],[101.27534035815648,2.9618001033153973],[101.27514003415286,2.961389576385784],[101.2748202325883,2.960650259582735],[101.2744797728979,2.960180440992076],[101.27391024063331,2.9596998431979955],[101.27158001007757,2.956850387355132],[101.27084968037497,2.955979919548838],[101.2702496050199,2.9552001843582048],[101.26958036270668,2.9546701762423595],[101.2688500305872,2.954290188777918],[101.26829038087033,2.9542596456874435],[101.26784032495823,2.954440209429322],[101.26755016982844,2.9547797712555735],[101.26718006370328,2.955149877380734],[101.2668997874959,2.955670002948864],[101.2669797396997,2.9552998968237034],[101.26710011149953,2.9549800964676365],[101.2677199507416,2.954189578448279],[101.26776037637978,2.953939847748188],[101.26769030551526,2.953729641196901],[101.2674702200415,2.953460146609814],[101.26712975793424,2.953259822606242],[101.26656022566965,2.9532301773799077],[101.2656403511669,2.9533298898454063],[101.26536995871567,2.9534296035193393],[101.26509956384763,2.953729641196901],[101.26488037623801,2.954189578448279],[101.26453003279141,2.9551903018104895],[101.26439977844393,2.956190126100182],[101.26408985942709,2.9573202059457913],[101.26377005786253,2.9598696241111497],[101.2637502963924,2.9608901113603565],[101.26363980351499,2.961429998398671],[101.26362992217571,2.9616096618595407],[101.2637502963924,2.9616896116464773],[101.26393984119255,2.961589900389356],[101.26420035230444,2.961219791847384],[101.26461986391763,2.9608398043828856],[101.26471957759162,2.960779618483002],[101.26476000202132,2.960820044121192],[101.26474023813432,2.9609296367175375],[101.2643503693306,2.9614497622856675],[101.26393984119255,2.962100140992902],[101.26371975330193,2.9625996060183297],[101.26377005786253,2.9632401033862834],[101.26385001006634,2.963489836503186],[101.2640296735272,2.963639854737721],[101.26416980921402,2.9636703978281957],[101.26456955935703,2.9636703978281957],[101.26536007737639,2.9637000406376615],[101.26551009440254,2.9637997543115944],[101.26553974083726,2.963889585437812],[101.26551009440254,2.9639803168450385],[101.26546966997279,2.9640297235415005],[101.26536995871567,2.9640602666319182],[101.26476988336066,2.964050385292637],[101.26440965978321,2.964089909441384],[101.26400990964015,2.964159980305908],[101.26383024617928,2.9642498114321256],[101.26378982174958,2.96436030430948],[101.26379970308886,2.9646899847964505],[101.26384012872705,2.965219989286993],[101.2639200773055,2.9668998411355005],[101.26391019596622,2.9680398023204475],[101.26400990964015,2.9687000635753975],[101.2640503340699,2.9690198651399555],[101.26398026320544,2.9694896837306146],[101.26387965287574,2.9699702827331294],[101.26391019596622,2.970730257662069],[101.2639703818661,2.9709395627239132],[101.26428030088294,2.971180312365675],[101.26438989710459,2.9713195501883547],[101.26438989710459,2.971439924405047],[101.26425964034024,2.9717201994039897],[101.26423987645319,2.971950168633896],[101.26438001455688,2.972519700898488],[101.2646001024475,2.9737198491917525],[101.26468005223444,2.974549893776725],[101.26481030899879,2.9751302052447386],[101.26498008991194,2.9755299541793647],[101.26523970315975,2.975859637083204],[101.2655002130632,2.975960247412843],[101.26587031797993,2.9760401971997794],[101.2675798126379,2.9760303158604415],[101.2678699677677,2.9760896038962414],[101.26809005686675,2.97622974199993],[101.26839009454426,2.9762998104475287],[101.26898028735161,2.9763501174249996],[101.26931984917786,2.9762899278998134],[101.26975014361977,2.9759898902223085],[101.27019031698416,2.9758201093091543],[101.27066013557481,2.9756197853055824],[101.27111019148691,2.9752703409315586],[101.27187016520736,2.9743702303158557],[101.27223039241011,2.9739803615120763],[101.2724001733232,2.9736803238345715],[101.27241993721026,2.9733704048177287],[101.27235974768507,2.9730398240497493],[101.27189981164213,2.971940287294615],[101.27220973065891,2.9722600876507386],[101.27241005466254,2.9725403626496245],[101.27249988699714,2.9729095697022103],[101.27256995423636,2.973400050044063],[101.27254030901003,2.9737899188477854],[101.27234986634573,2.9741797852346963],[101.2721198995327,2.9745597726991377],[101.2716797237515,2.975029591289797],[101.2712700934776,2.975440121844713],[101.27020019953187,2.976110265647378],[101.26959024162909,2.97641030332494],[101.26913030437771,2.976589965577375],[101.26885991313492,2.9767498651511914],[101.2687000135611,2.9770499028286963],[101.26853023023108,2.9775601470575452],[101.26852035010023,2.9779302519742714],[101.26853023023108,2.978139560661475],[101.2686200613573,2.9782401721995484],[101.26872965637057,2.978310239438713],[101.26921025416465,2.978310239438713],[101.26944022460299,2.978320121986485]],[[101.23617022165627,2.901799836521377],[101.23604984743957,2.9018303796118516],[101.23590971175275,2.901930089660482],[101.23544977208451,2.90291015247999],[101.23543001182281,2.903239835383829],[101.2354901977227,2.9038803327517826],[101.23551984294903,2.9045495786903075],[101.2354704338357,2.905190076058261],[101.23534017948816,2.905819796639605],[101.23490988504625,2.907370287171034],[101.23485958169402,2.9077601559747563],[101.2348703608975,2.9082200932261344],[101.2349404293451,2.9083503487821076],[101.23514973682387,2.9087195570431277],[101.23525034836194,2.9089899494942983],[101.23527999117141,2.9093196323981374],[101.23535994095829,2.9096304492791205],[101.2355899101882,2.910010436743562],[101.23575969230978,2.9104398309044655],[101.23586030263942,2.9106599187950906],[101.23596001631336,2.910739868582027],[101.23618010420398,2.910739868582027],[101.23647025933377,2.910570087668873],[101.23700026503275,2.910079607327077],[101.23722035292337,2.9096699746363015],[101.23724011681043,2.909299868511141],[101.23712962393301,2.9087195570431277],[101.23714040313644,2.9075104252747224],[101.23717992728518,2.907230151484157],[101.2372904201626,2.9077799198617527],[101.23735959074605,2.9083099267692205],[101.23739013383653,2.908459945003756],[101.23765962842361,2.9082299745654154],[101.2386495725824,2.9073101012710936],[101.23929006995036,2.907039708819866],[101.2398200780662,2.9068600453590534],[101.23989014530537,2.906939995145933],[101.23997997764002,2.907130437810224],[101.23997997764002,2.907230151484157],[101.23990002785314,2.9072597942936227],[101.23943020805405,2.907279558180676],[101.23888043967645,2.9075598319711844],[101.23824982123091,2.90812038196907],[101.23757967863668,2.908510248355924],[101.23746020107569,2.90870967570379],[101.23732006538887,2.909120206258706],[101.23739013383653,2.909480429836151],[101.23739013383653,2.909909826413923],[101.23725987707212,2.910170336317435],[101.2366795656041,2.910749749921308],[101.23623040876458,2.9110003784855394],[101.2360399661003,2.911160280476224],[101.23600044074311,2.911410011176258],[101.23612979722651,2.9116399816145986],[101.2364001920946,2.912060391091927],[101.23670022735524,2.9123298856790143],[101.23693019658515,2.912489787669699],[101.23696972194233,2.9127502975732114],[101.23689965349467,2.9131895730734527],[101.23697960328161,2.9135102725020943],[101.23739013383653,2.9138902599665357],[101.23749972884974,2.9141301081189113],[101.23764974587584,2.914319652919062],[101.23771981674037,2.9143996063312443],[101.2378698349749,2.9144103855347225],[101.23802973334034,2.9143304333309175],[101.23821029708216,2.9140303980702242],[101.23847979166925,2.91339977962474],[101.23871964103,2.9129101971470845],[101.23898015093351,2.912629923356519],[101.23922000271114,2.912489787669699],[101.23988026396609,2.912489787669699],[101.24045967757002,2.912470023782703],[101.24074983390824,2.9124403785563686],[101.24097980072128,2.9122104105348967],[101.24135978818572,2.911649860537011],[101.24157987607634,2.911400129836977],[101.24144961931194,2.9117899986406997],[101.2411998886119,2.9123002428695486],[101.24102022515103,2.9125796187959168],[101.24108041467622,2.9127502975732114],[101.24140021261547,2.9131895730734527],[101.24159963996334,2.9135102725020943],[101.24179996396691,2.913750121862904],[101.24188979509313,2.9140097363190876],[101.2416903689537,2.9139800910927534],[101.24142985905019,2.913810310179656],[101.24120976995118,2.9133701343984058],[101.24103010769875,2.9129101971470845],[101.2408603267856,2.9127601801209266],[101.24068964438305,2.912639804695857],[101.24005004487924,2.9126595685828534],[101.23939966496357,2.9126999905957405],[101.23906998205973,2.9128095856089544],[101.23884989658598,2.913109623286516],[101.23862980869535,2.9135300363891474],[101.23813034487841,2.9146098092572856],[101.23807015897847,2.9150203398122017],[101.23816987265246,2.9165501710093054],[101.23822017600463,2.9170397534869608],[101.23849955313943,2.917399977064406],[101.23914993426354,2.9178302715063182],[101.24034020121746,2.9185695846840645],[101.24076959779524,2.9190097580483894],[101.24101034381175,2.919089707835326],[101.2412699570595,2.918999875500674],[101.24166970720256,2.918680077561419],[101.24214042365736,2.9182399017802254],[101.24225001867057,2.9179704071931383],[101.24217995143141,2.9176901321941955],[101.24209012030519,2.9174799268513425],[101.2421997153184,2.9171403638166],[101.24285009402564,2.9162097113188565],[101.2432399640378,2.915390444728928],[101.24323008149008,2.9148999655955095],[101.24308006204711,2.9144696735704656],[101.24301987614723,2.913950445866476],[101.24311958861273,2.913350372928278],[101.24341962629023,2.912470023782703],[101.24343040549365,2.9130000282732453],[101.2433495566342,2.9133701343984058],[101.24318965706033,2.913960327205757],[101.24326960684726,2.914430145796416],[101.24346993085084,2.9148101332608576],[101.24354000171536,2.915069748925532],[101.24354000171536,2.915390444728928],[101.24344028804143,2.915720128841201],[101.24296956916976,2.9164702212223688],[101.24255005634814,2.917150246364315],[101.24242968213144,2.9175796405252754],[101.24243956347073,2.9178302715063182],[101.24249974937067,2.918039576568219],[101.2424898704482,2.918189597219623],[101.24226978255763,2.9185004141005493],[101.24129960228584,2.919290031838898],[101.24095015791181,2.9196996645296736],[101.24082978369518,2.920079651994115],[101.24075971524752,2.9207803376788206],[101.24087020812487,2.9219104175244865],[101.24093039402482,2.922290404988928],[101.24117024580244,2.922659613249948],[101.24161041916676,2.92300007294034],[101.242049694667,2.923290229278564],[101.24242968213144,2.9234600126085866],[101.24369990008074,2.9243700045635705],[101.24432961824527,2.924950316031641],[101.24493957614806,2.9254704415997708],[101.24519020471223,2.925630341173644],[101.24538963085172,2.9256195619701657],[101.24556030962896,2.9254596623963494],[101.24570044773264,2.925270117596199],[101.2458899925328,2.9245299041374437],[101.24596006098045,2.923569605204932],[101.24561960129,2.9227701061273024],[101.24538963085172,2.9224799497890785],[101.24482998113484,2.922090080985356],[101.24453982479656,2.92171997606863],[101.24443022978335,2.9210103057002925],[101.24450030064781,2.9204102327620944],[101.24460989203578,2.920190144871526],[101.24503030513841,2.919960174433186],[101.24566990464223,2.91977961431661],[101.24608043519709,2.9195496475035725],[101.24634004844489,2.91927027036877],[101.24643976091039,2.9190196393877272],[101.24652959324504,2.9189199257137943],[101.24654037244846,2.9189396896007906],[101.2466400861224,2.919260389029489],[101.24693024125224,2.9195801869687443],[101.24728956696549,2.919619714742737],[101.24776028342035,2.919529883616576],[101.24783035428482,2.919539764955857],[101.2478402356241,2.9195999508557406],[101.2475500804943,2.919839802633362],[101.24726980428693,2.9199502930939047],[101.24695000513924,2.9198200387463658],[101.24667961268801,2.919560426706994],[101.24650982935805,2.919510119729523],[101.24632028697471,2.9195900695164596],[101.24575973697682,2.919970056980901],[101.24505006902541,2.920270094658406],[101.24477967415731,2.92043987557156],[101.2446197745835,2.920759677136118],[101.24474014880019,2.9214900056302895],[101.244900048374,2.9218196885341285],[101.24537974951238,2.92219967599857],[101.24584956810304,2.9226703924533695],[101.24611996297114,2.923150093591744],[101.24624033477096,2.923680098082343],[101.24620979409735,2.9243502406765742],[101.24583968555532,2.9255000856176707],[101.24589987508051,2.925870190534397],[101.24636969367123,2.926439722798989],[101.24766955442999,2.927639873509122],[101.24808996753256,2.9280998107604432],[101.248269629785,2.9281797593389456],[101.24839000521013,2.928130353850918],[101.2485903292137,2.927889604209156],[101.24863973591016,2.927310190605283],[101.2487196856971,2.9266795745766103],[101.24902960471394,2.9261199236512994],[101.2492703543557,2.9255503913867074],[101.2494401352688,2.924749992028069],[101.24965034182014,2.9239001859729115],[101.25002044673687,2.9233602989346537],[101.25041031554059,2.922739563036828],[101.25050014787524,2.922659613249948],[101.25049026532753,2.9227701061273024],[101.25040043420131,2.923050379917811],[101.24988030863318,2.9238202361860317],[101.249629680069,2.9247203468017346],[101.2494203713818,2.925839649860791],[101.24922992871751,2.9262097559859512],[101.24889036689126,2.9267496418158316],[101.24884005991379,2.92702991560634],[101.24884994125307,2.9274799715183804],[101.24877987401385,2.927980333199514],[101.2486999218101,2.9283297775735377],[101.24872956703638,2.928610053780858],[101.24952008505574,2.929319721732327],[101.24978957964282,2.929539809622895],[101.25019022765002,2.9296296407491127],[101.25046960478483,2.9296601838395873],[101.25054955336327,2.929750016174239],[101.25058009645375,2.9300698141134944],[101.25087025279197,2.9304803446684105],[101.25324000870489,2.9328402180335615],[101.25431978157303,2.93419038697823],[101.2548497884805,2.935330348163177],[101.25528996184482,2.936560141682719],[101.25592956255707,2.937589611198689],[101.25654041711556,2.9383801292180465],[101.25731027338372,2.9389496614826385],[101.25840981255578,2.9393700733768355],[101.25913025971067,2.9395703973804643],[101.25938987295842,2.9395802799281796],[101.25954977494911,2.939450023163772],[101.25971955586226,2.9392200527254317],[101.25976986042286,2.9389703220253978],[101.25961984218833,2.9384196557836617],[101.25954977494911,2.9379300733060063],[101.25967014674893,2.9373299979509397],[101.25988035330028,2.936770348234063],[101.2598695740968,2.9362403437434637],[101.25978962430992,2.9355297755110428],[101.2598695740968,2.935130024159548],[101.25988035330028,2.93476980058216],[101.25970967452298,2.93353012572328],[101.25968002929665,2.932920167820498],[101.2598695740968,2.9312304382580123],[101.25983004873967,2.9302899020041195],[101.25983993128739,2.9298596087705846],[101.25997018442649,2.9293897901799255],[101.26000971220049,2.9289999201677688],[101.25989023463956,2.928510340106925],[101.25974021761346,2.928039621235257],[101.25969979197527,2.92755004117447],[101.25962972473604,2.9273595997186135],[101.25952012972283,2.9272697673839616],[101.25910959916791,2.9272401221576274],[101.25887963235488,2.927129629280273],[101.25859037388079,2.9270595620410518],[101.25818972466516,2.927099984053939],[101.25788968698765,2.927080222583811],[101.25751958207093,2.9267801849062494],[101.2577702106351,2.92688977991952],[101.25799029852573,2.92688977991952],[101.25822026775563,2.9267397604764938],[101.25849964489043,2.9267199965894974],[101.25891017182005,2.926860134693186],[101.25933956839782,2.926899660050367],[101.25963960607532,2.9268700172409012],[101.25975009895274,2.9267703035669683],[101.25989023463956,2.9265196725859255],[101.25983993128739,2.925950142738145],[101.2598695740968,2.925580034196173],[101.2601498478873,2.9247302281410157],[101.26029986733033,2.9238597615432127],[101.26024956035286,2.922659613249948],[101.26031962880046,2.9213301060564163],[101.26037981711721,2.9208800513528104],[101.26037981711721,2.9202503307714096],[101.260289985991,2.9194903558425267],[101.26011032253018,2.9183000900969773],[101.26000971220049,2.9174404014941615],[101.2599297624136,2.9167199519224027],[101.25980040351334,2.9163202041962677],[101.25961984218833,2.9158899097542985],[101.25955965387158,2.9153697841861685],[101.25952012972283,2.914590047787158],[101.2593701114883,2.9139396666630546],[101.25931980571926,2.9134896107509576],[101.25928028036208,2.913360254267559],[101.25919044923586,2.913300065950807],[101.25900988549398,2.9133297111770844],[101.25848976234272,2.913650410605783],[101.25885986846788,2.913039556047295],[101.25902964938098,2.9127404162339303],[101.2590197680417,2.9124403785563686],[101.2588904115583,2.9121403408788638],[101.25871973036419,2.911949898214573],[101.25853018556404,2.9113201800500406],[101.25822026775563,2.9108898856081282],[101.25795975543525,2.91042994835675],[101.25762019240057,2.909609788736418],[101.2571297132672,2.908730336246549],[101.25687998135868,2.908360231329823],[101.2565997051513,2.908159907326194],[101.25601041262496,2.907809565088087],[101.25530972573188,2.906939995145933],[101.25474019346723,2.9063498023386387],[101.25397033719906,2.9058701012002075],[101.25309986939277,2.9055700635227026],[101.25239020264979,2.905240383035732],[101.25169041362079,2.90518019471898],[101.25049026532753,2.9054496893060104],[101.250040208207,2.905589827409699],[101.24951020250802,2.905509877622819],[101.24905026646508,2.905289789732194],[101.24840976547182,2.905279907184479],[101.24779981119434,2.905030176484388],[101.24732999260368,2.904619645929529],[101.24679998448784,2.9040195717828965],[101.24657990022251,2.903839908322027],[101.24591963896756,2.903650365938745],[101.24558995485529,2.903440159387401],[101.24513990015163,2.903169764519305],[101.24442034723563,2.9029496802540393],[101.24382027550587,2.9026999459286458],[101.24271983846967,2.902450215228612],[101.24196974488007,2.90224989122504],[101.24111005748568,2.902160060098822],[101.23689965349467,2.9018797850998794],[101.2364397162433,2.901809717860658],[101.23617022165627,2.901799836521377]],[[101.32854038198974,3.0150100096963683],[101.32821968256104,3.015099840822586],[101.32791964488348,3.0153396926002074],[101.32789000207407,3.015540016603836],[101.32789000207407,3.0159900725158764],[101.32794030663467,3.0163404135456062],[101.32822956510876,3.016849759910315],[101.32866973847308,3.0178298203129543],[101.32892036945418,3.018199927646549],[101.32948001917106,3.019199751936185],[101.32956985150571,3.019589620739964],[101.32961027593541,3.0201699322079776],[101.32953032614853,3.020649633346352],[101.3293300021449,3.021060163901268],[101.32871016290284,3.0218102562824356],[101.32835982187316,3.0221597006564593],[101.32826010819917,3.02228995742081],[101.3282098012217,3.022459738333964],[101.32825022565146,3.022660062337536],[101.32831041275983,3.0229295569246233],[101.32840024388605,3.023079573950781],[101.32857990613843,3.0231801854888545],[101.32874969067689,3.023229594602185],[101.32887006247671,3.023209830715132],[101.32895001468046,3.023090354362637],[101.32909015036728,3.022969981354379],[101.32916021881493,3.022950218675817],[101.32919974538055,3.0229996241638446],[101.32922040713169,3.0230499311413155],[101.32920962792826,3.0232502563533217],[101.32910991425433,3.0234002733794227],[101.32892036945418,3.0236095820666264],[101.32882964046382,3.0237595990927275],[101.32879999523749,3.0239096197441313],[101.32886018355424,3.024080298521426],[101.32915033868409,3.024450403438152],[101.32925004994115,3.0246399482383026],[101.32927969516743,3.024879800015924],[101.32925993128043,3.025060361340934],[101.32920962792826,3.0251600738064326],[101.32915033868409,3.0251897166158983],[101.32909015036728,3.0251304285801552],[101.32897965748992,3.0248995614861087],[101.32879999523749,3.024600424089556],[101.32856014587674,3.0242096550048245],[101.32851972023855,3.0240003487344893],[101.32839036496358,3.023640125157044],[101.32817027707301,3.0232601376926027],[101.327989715748,3.022860386341165],[101.32783969630498,3.022630417111259],[101.32771033982164,3.0225899950983717],[101.32750013327029,3.022650180998255],[101.32667008868532,3.023219713262847],[101.3258301639695,3.0237101923962655],[101.3256999108304,3.0239203989475527],[101.32567026439568,3.024080298521426],[101.32593975898277,3.024359674447794],[101.32623979666027,3.0245303532250887],[101.32640957757343,3.0247100166859013],[101.3264904252245,3.0249804115539973],[101.32657037742825,3.0251995991636136],[101.32682999067606,3.0253999231671855],[101.32697012636288,3.025440347596941],[101.32706983882838,3.0255104160445967],[101.32718033170573,3.0256200110578106],[101.32753965862747,3.025980234635256],[101.32720009559279,3.02579967451868],[101.32689017657594,3.0256900795054094],[101.32674015834141,3.0255903658314764],[101.32662966546405,3.025670315618413],[101.32660002023772,3.025639774944807],[101.32655959580796,3.025469991614841],[101.32644012066385,3.025220259706316],[101.32609965855659,3.024869918676643],[101.3258301639695,3.024600424089556],[101.32560019715646,3.0243201466737446],[101.32548970427911,3.02418989353464],[101.32534956617542,3.024129705217888],[101.32515013882755,3.024129705217888],[101.32485998369776,3.0241701296476435],[101.32456982735948,3.02433002922146],[101.32425991075957,3.024429742895393],[101.3237900921689,3.0246300668990216],[101.32364007151745,3.0247100166859013],[101.32358976816528,3.024760323663429],[101.32358976816528,3.024799847812119],[101.32359964950456,3.024869918676643],[101.32369037849492,3.024969632350576],[101.32394010919501,3.025060361340934],[101.32402005898194,3.0251501924671516],[101.3240802472987,3.025339737267302],[101.32405958675594,3.025530179931593],[101.32393022785573,3.0258400989484358],[101.32384039552107,3.026239847883005],[101.32378020962113,3.026440171886634],[101.3237900921689,3.026559648239129],[101.32385027806879,3.026709666473664],[101.32393022785573,3.026779737338188],[101.32410000876882,3.0268003978808906],[101.3242096037821,3.0268003978808906],[101.32426979209885,3.0268399232380716],[101.3242796722297,3.026869568464406],[101.32425991075957,3.026909990477293],[101.32405958675594,3.026970178794045],[101.32393022785573,3.0269998216035106],[101.3238098524306,3.0269899402641727],[101.32373978519138,3.026960297454764],[101.32358976816528,3.0268399232380716],[101.32350981837834,3.0266297166867844],[101.32355024039123,3.0263197976699416],[101.32359964950456,3.026009879861533],[101.32363019017816,3.025740385274503],[101.32376044694257,3.0254295683935197],[101.32370025983425,3.025210378367035],[101.32351969730081,3.0251897166158983],[101.32336967906627,3.0250801216026275],[101.3232304412436,3.0249498684635796],[101.32304987871015,3.024840273450309],[101.32289986047556,3.024789966472838],[101.3226896551327,3.024819611699172],[101.32248034886237,3.024879800015924],[101.32232044687169,3.025019935702744],[101.32218031118487,3.025269666402835],[101.32243992322424,3.026559648239129],[101.32245968711123,3.0270698924679778],[101.32257017998859,3.0275495899811062],[101.32272019822318,3.027899934636082],[101.32301035335297,3.028260158213527],[101.32364007151745,3.028650028225684],[101.3241503157463,3.028870116116309],[101.32441981033338,3.0289599472425266],[101.3246596584857,3.029139610703396],[101.32493993590151,3.029279746390216],[101.3251896666016,3.029349816046249],[101.32562983996593,3.029219560490276],[101.32575021418262,3.0292501035807504],[101.32586969174355,3.0293695775164338],[101.32598018462096,3.029530377371259],[101.32598018462096,3.0296103271581956],[101.32592987764349,3.0296696151939386],[101.32547982173139,3.0296202084974766],[101.32528039559196,3.029700158284413],[101.32517978405383,3.0298196358453424],[101.32517978405383,3.0299696528714435],[101.32544029516578,3.030269690549005],[101.32579962087908,3.0305302004524606],[101.32631974644721,3.030699981365615],[101.32737975905366,3.0308598833562996],[101.32758008305723,3.030779934777854],[101.32768967807044,3.0308203567907412],[101.32781005349557,3.030779934777854],[101.32783969630498,3.0308697659040718],[101.32776962785738,3.0313099392683966],[101.32772022116092,3.0313898890553332],[101.32761960720597,3.0314096517338953],[101.32727016404039,3.031179682503989],[101.32625956054733,3.030910187916959],[101.32598018462096,3.030879647243353],[101.32549958561839,3.0306299141264503],[101.32531992336595,3.0306002713169846],[101.32524985250149,3.03056972822651],[101.32524985250149,3.0304197075751063],[101.32495969616326,3.030039720110665],[101.32470996546317,3.0296103271581956],[101.32458959124654,3.0294504275843224],[101.32440992778567,3.0294297658331857],[101.32430033277245,3.0295097156200654],[101.32423026553323,3.029489951733069],[101.32416019708558,3.0293902392675705],[101.32411977265588,3.0291800327162264],[101.32402005898194,3.029080321459162],[101.32389968476525,3.0290596609164595],[101.3237900921689,3.029070440119881],[101.32371014238197,3.029170153793814],[101.32372002130438,3.02973968243316],[101.32366971674378,3.0303703008786442],[101.32364995406522,3.031019782930173],[101.32371014238197,3.031280296458931],[101.3238098524306,3.031450077372085],[101.32416019708558,3.0319899644104],[101.32418983989504,3.0321301025140883],[101.32416019708558,3.032260355653193],[101.32410000876882,3.0322801195401894],[101.32402994032122,3.032200169753253],[101.32390956610453,3.0319702005233466],[101.3237900921689,3.0316602839234292],[101.32364995406522,3.0315201446113065],[101.32349993583063,3.031539908498303],[101.32333015491753,3.0316198582852394],[101.32308042180057,3.031890250736467],[101.32257017998859,3.032120219966373],[101.32265012977552,3.0319800818626845],[101.32283967457568,3.0318004196102493],[101.3231100670269,3.0316000943981862],[101.32333015491753,3.0313198206076777],[101.32344962885315,3.031189563843327],[101.32350981837834,3.0301196698976014],[101.32348017194363,3.0298995844238448],[101.32339034081741,3.029830415048764],[101.3231100670269,3.029830415048764],[101.32278038412306,3.0298402963881017],[101.3224102779979,3.029990314622637],[101.32260970534577,3.0297702255235777],[101.32289986047556,3.029639972384473],[101.3231603715875,3.029579784067721],[101.32334991638766,3.0294100019461325],[101.32342986496616,3.0291997966032795],[101.32343974751387,3.0289895900519355],[101.32318013426612,3.0287398593519015],[101.32283967457568,3.0285700784387473],[101.32271031567541,3.0284802461040954],[101.32248034886237,3.0282502768741892],[101.3223896174552,3.0282197337837715],[101.32229978512055,3.0282799221005234],[101.3219799871813,3.0285898423258004],[101.32190003739436,3.0286401456779686],[101.3218398490776,3.0286203817909154],[101.32182008519055,3.028560195891032],[101.32182008519055,3.0284901286518675],[101.32192968020382,3.0283697544351753],[101.32206981830751,3.0282700407612424],[101.32214976809439,3.028199972313587],[101.32215964943373,3.0280697167576704],[101.3222602609718,3.02788017195752],[101.32219019252415,3.027580134279958],[101.32208957977764,3.0273896916156673],[101.32187039216802,3.026510242751101],[101.3218102050597,3.02579967451868],[101.32179044238114,3.0250801216026275],[101.32166018561674,3.0249498684635796],[101.32144009772611,3.024760323663429],[101.32129007949158,3.0247297805729545],[101.32059029167101,3.024809730359891],[101.32024983198062,3.0249597498028606],[101.3200504046327,3.0251097668289617],[101.31986984451612,3.025329855928021],[101.31977013084219,3.025629893605526],[101.31978001218147,3.0259200487353155],[101.31992014786834,3.026190441186543],[101.32030013533279,3.0267204456771424],[101.32054986965812,3.0270600111286967],[101.32060017301029,3.0272998592810154],[101.32048968013294,3.027679846745457],[101.32009981132916,3.0281604457480285],[101.32001986154228,3.02840029752565],[101.32002974288156,3.028770402442376],[101.32011957521621,3.0289895900519355],[101.32023006809357,3.029219560490276],[101.32041961289372,3.029480070393788],[101.32060017301029,3.029749564980875],[101.3207097680235,3.030000195961918],[101.3207304297747,3.0303397577881697],[101.320409730346,3.0311401583552424],[101.32041961289372,3.031339584494731],[101.32053998711041,3.0317303511625937],[101.320610055558,3.031910014623463],[101.32056962991982,3.032260355653193],[101.32037020619725,3.032459783001059],[101.31985008062912,3.032860431008203],[101.31980965499093,3.033020330582076],[101.31983031674213,3.0332503010204164],[101.3199003876066,3.033449727159848],[101.31999021873281,3.033589862846668],[101.32008004985903,3.033759643759822],[101.32015999964597,3.0339896141981626],[101.32022018554585,3.034240242762337],[101.32030013533279,3.0343803808660255],[101.32037020619725,3.034480093331524],[101.32038008511967,3.0345501617791797],[101.32030013533279,3.0347001824305835],[101.31982043540279,3.0351601184735273],[101.31978989472924,3.03525983214746],[101.31973958775177,3.0355302245986877],[101.31970994252544,3.035949736211876],[101.31965963796483,3.0363899119930693],[101.31953027906457,3.0368597305837284],[101.31924012393478,3.0374301607125176],[101.3189104434478,3.0378703340768425],[101.3185897440191,3.038159592550926],[101.31805973952851,3.038379680441551],[101.31771029515454,3.0385099372059585],[101.31752973141266,3.0386096472545887],[101.31726023682558,3.03903006035722],[101.31715962649594,3.039499878947879],[101.31705003148272,3.0397900340776687],[101.31697008169579,3.0401295971124114],[101.31698984558284,3.040509584576853],[101.31717040569936,3.0407799782364577],[101.31732042635082,3.041029710144983],[101.31758003839013,3.0412803411260256],[101.31781988775089,3.0415498357131128],[101.31804985698079,3.041869633652368],[101.31831036809274,3.0420996040907085],[101.31856010120964,3.0421903330810665],[101.3187801866834,3.042159789990592],[101.3190299198003,3.042019654303772],[101.31932007613858,3.0417303958296884],[101.31978989472924,3.041389933722428],[101.3201096926685,3.041249798035551],[101.32029025399345,3.041239915487836],[101.32046003732347,3.0413602909129622],[101.32069000534494,3.0415597146355253],[101.32084990371038,3.0417501597166847],[101.32099004181401,3.0420304335071933],[101.32120024836536,3.042260400320231],[101.32144997906539,3.0423098094335614],[101.3219395615431,3.0423196919812767],[101.32235009209802,3.0423098094335614],[101.32250011033256,3.0422002144203475],[101.32301035335297,3.0416396668393304],[101.32334003383994,3.0412695582973015],[101.3236598354045,3.040939877810331],[101.32389968476525,3.0406101973233604],[101.32392034530795,3.040220328519581],[101.32386015940807,3.039279791057254],[101.32385027806879,3.03903006035722],[101.3236598354045,3.038829735145214],[101.32337956161399,3.038599768332176],[101.3231298309139,3.0385000546581864],[101.32303011723997,3.0384398663414345],[101.32298969281021,3.038379680441551],[101.32303011723997,3.0382898493153334],[101.32324032379131,3.0381802530936852],[101.32349005449134,3.0382296597901473],[101.323959873082,3.0386599542320596],[101.3240802472987,3.03898963471903],[101.32409012984641,3.0396400170515676],[101.32414043319858,3.040060426528896],[101.32423026553323,3.0404296347899162],[101.3241098901081,3.040739553806759],[101.32384039552107,3.041159965700956],[101.32287021524928,3.0422100969680628],[101.32263036588853,3.0424104209716347],[101.32219019252415,3.0425604379977926],[101.32144009772611,3.042580201884789],[101.32116970527488,3.0425002520978524],[101.32094961738431,3.0423699953335017],[101.32071965057128,3.0419998904167755],[101.32062981823663,3.041689971399933],[101.32047979879366,3.0415103079390633],[101.32031989921978,3.0414698835093077],[101.32018964245538,3.0415004265997823],[101.31940002592546,3.042159789990592],[101.31910986958724,3.0423098094335614],[101.31892032478709,3.0424301824418194],[101.31882959579673,3.0425496587943144],[101.31882959579673,3.042720337571609],[101.31924012393478,3.043309633723254],[101.31979977365165,3.0438899451912675],[101.3203100178805,3.044470256659338],[101.3208804468008,3.0450802133536854],[101.3220096299907,3.046060273756325],[101.32257017998859,3.0464501425600474],[101.32304987871015,3.0467798266723207],[101.32350981837834,3.046949607585475],[101.3246596584857,3.0469900320152306],[101.32507018904062,3.0470196748246394],[101.32522020969202,3.0469801506758927],[101.32528039559196,3.046849893911542],[101.3252300910313,3.0462596998957565],[101.32534956617542,3.0457997638528127],[101.3253396836277,3.0455599144920598],[101.32514025990508,3.045300298827442],[101.32503964595014,3.045059552810926],[101.32501988568845,3.044940075249997],[101.32502976702773,3.0445699703332707],[101.32516990271455,3.0448502441237792],[101.32529027693124,3.045059552810926],[101.32554989017899,3.0453200627144383],[101.32563972130521,3.045509607514589],[101.32564960385292,3.045920138069505],[101.32551036482181,3.0462596998957565],[101.32544029516578,3.046619924681636],[101.32547982173139,3.0467897080116018],[101.32554989017899,3.0469100798114255],[101.3257798594089,3.0469702681281774],[101.32607989708646,3.0469199611507065],[101.32650030656379,3.046830130024489],[101.32752977607976,3.0465399748946993],[101.32849007501227,3.046489670334097],[101.3306900488036,3.046799586934071],[101.33175994395776,3.0471795743985126],[101.33251003633893,3.0474697307367364],[101.33324036845835,3.0476700547403084],[101.33402998498826,3.047839838070331],[101.3348097238042,3.047960209870155],[101.33541968049855,3.0479503309476854],[101.33585985386293,3.047839838070331],[101.3368102714561,3.0471202863627695],[101.33692974780865,3.0470295573724115],[101.33708964738247,3.0469900320152306],[101.33736992117298,3.0468696577985384],[101.33774002729814,3.046799586934071],[101.33806971020198,3.046699876885384],[101.33814965998891,3.046580399324455],[101.3382098458888,3.046380075320883],[101.33818020307933,3.0459596622182517],[101.33796011518876,3.0451799270276183],[101.33772026582801,3.0444397135688632],[101.3376097729506,3.0439402521687384],[101.33757024638498,3.04375968842686],[101.33729985393381,3.0436402144912336],[101.33703035934673,3.0436500958305146],[101.33678960970497,3.043730045617451],[101.33654976155259,3.0439097090783207],[101.33623984132737,3.0442196280951066],[101.33594968619758,3.0445196633558],[101.33574037751038,3.044640037572435],[101.33544034224974,3.044490020546334],[101.33471989267798,3.0442196280951066],[101.33407041062645,3.0439501335080195],[101.33393027252276,3.043930369621023],[101.3341099347752,3.043829759291384],[101.33434978655282,3.043839640630665],[101.33460041511705,3.0438701813042712],[101.3348097238042,3.0439501335080195],[101.33507023370771,3.043960012430489],[101.3353397282948,3.0440597261044218],[101.33562000571055,3.044279813995047],[101.33574037751038,3.0443399998949303],[101.3357897866237,3.0443301209725178],[101.3359101608404,3.044269932655709],[101.33604041518794,3.0441199144211737],[101.33639974090119,3.0438504198340866],[101.33658030464306,3.0436402144912336],[101.33708964738247,3.0434704335780793],[101.337239665617,3.043260227026792],[101.33738968505997,3.0429799532362836],[101.3373600398337,3.042679915558722],[101.33726032615976,3.0424104209716347],[101.33728997138604,3.0419495834393047],[101.33729985393381,3.0415201892783443],[101.33728997138604,3.041130320474622],[101.33721990414688,3.0406398401327692],[101.3371103091336,3.0401799040898823],[101.33677972836563,3.0397900340776687],[101.33666025322157,3.0396804390644547],[101.3366800146917,3.0396498983908486],[101.33692974780865,3.0395196428348754],[101.33700969759553,3.039400165273946],[101.33700969759553,3.038940228022568],[101.33698005236926,3.038350035215217],[101.33693963035637,3.037699655299548],[101.33693963035637,3.0370798196827877],[101.33695040955979,3.036820204018113],[101.33676984581791,3.0366297613538222],[101.3364895720274,3.0363000808668517],[101.33628026696556,3.036120417405982],[101.33600987209746,3.0360898743155644],[101.33571971575924,3.036150060215448],[101.33547986639849,3.0363297236763174],[101.33534961084251,3.036619880014541],[101.33525977850786,3.03715976826129],[101.33516994738164,3.0375702988161493],[101.33501993035554,3.0377796050864845],[101.33484026689467,3.0379296257378883],[101.33403986753603,3.038159592550926],[101.33364011618454,3.0382898493153334],[101.33340026682379,3.0385000546581864],[101.33304992337719,3.038930346683287],[101.33275976703897,3.0391198914834376],[101.33257022465568,3.0391504345738554],[101.3323097123353,3.0391701984609085],[101.33210040606502,3.0391998412703742],[101.33190996098386,3.039359743261059],[101.33175994395776,3.03950976028716],[101.33163956853264,3.0397702701906724],[101.33152009459695,3.0398897477516016],[101.33134043113614,3.039949933651542],[101.33114010713251,3.039920290842076],[101.33097032380255,3.0397702701906724],[101.33090025535489,3.0396400170515676],[101.33083018811573,3.039480115060883],[101.3306900488036,3.0393300968262906],[101.33092001924194,3.0393804038037615],[101.33107991881576,3.039480115060883],[101.33119041169311,3.0396103718252334],[101.33131977059338,3.0396696598610333],[101.3314599062802,3.0396103718252334],[101.33163956853264,3.0394100466132272],[101.33170963698029,3.039230384360792],[101.33183989374464,3.039039941696501],[101.33203033520056,3.0388998035928125],[101.33236990065211,3.0388503968963505],[101.33274000556884,3.038819853805876],[101.33296009104254,3.038720140131943],[101.33318017893316,3.03848029077119],[101.33337960628103,3.0381802530936852],[101.33364999873226,3.0379700477507754],[101.33394015386205,3.0378802154161235],[101.33432014132654,3.0377400809377377],[101.33461029766477,3.037699655299548],[101.3347899599172,3.0376295880603834],[101.33496962337807,3.0374696860696417],[101.33511964282104,3.0370995799444813],[101.33514030457218,3.036670185783578],[101.33516006604236,3.0364303340059564],[101.33524989716858,3.036220131079972],[101.33529032159828,3.0360997568632797],[101.33524001824611,3.036000043189347],[101.33509988014242,3.0359802793022936],[101.33433990521354,3.036370148106073],[101.33355028505832,3.0365902359966412],[101.33283971924277,3.0368597305837284],[101.3322396438877,3.0370600557957914],[101.33178958918404,3.03715976826129],[101.3314096017196,3.0375101104993973],[101.33084006945501,3.037710434503026],[101.33061998156438,3.0378802154161235],[101.33036036831663,3.0381901356414005],[101.33007021318679,3.038389561780832],[101.32976029417,3.038389561780832],[101.32945037394472,3.0383096119938955],[101.32907038648028,3.0380697614247083],[101.32867961981242,3.037849672325706],[101.3280597841956,3.0377203170507414],[101.32750013327029,3.037490346612401],[101.32696024381517,3.037350210925581],[101.3266602097629,3.0372801436863597],[101.32616972942111,3.03723971804817],[101.32558043326947,3.036929799031384],[101.32521032835274,3.036619880014541],[101.3252399711622,3.0366001185444134],[101.32538999060517,3.036660304444297],[101.32581040249937,3.036820204018113],[101.32623979666027,3.036929799031384],[101.32652007045078,3.0370501732480193],[101.32697012636288,3.0370699371350725],[101.32743994495354,3.037190311351708],[101.32789000207407,3.0373196678351064],[101.32827987208623,3.0375298743864505],[101.32866973847308,3.0376700100732705],[101.32899043669335,3.037699655299548],[101.32919974538055,3.037849672325706],[101.32961027593541,3.038049997537712],[101.32994983897015,3.0380904219674676],[101.330160044313,3.0379996929771096],[101.33041965756081,3.0377301983900225],[101.33084006945501,3.037399617622043],[101.33117963128126,3.0373097864958254],[101.33168987551011,3.036919917692103],[101.33222976254842,3.036779782005226],[101.33261963135215,3.0366297613538222],[101.33305980471653,3.036419554802535],[101.33375959374553,3.036259655228662],[101.33405963142303,3.036220131079972],[101.33433002266582,3.0360602290892302],[101.33457975457429,3.0358697864249393],[101.33507023370771,3.0356703602855077],[101.33617965542743,3.0358697864249393],[101.33652011511788,3.0358599050856583],[101.33673032166917,3.0357296507381193],[101.33683991668244,3.0355598674080966],[101.33689022124304,3.0352697110698728],[101.33686955949184,3.034250124101618],[101.33690998513003,3.0333302495989187],[101.33691986646932,3.0330499758083533],[101.33698993370854,3.032779584565617],[101.3373798037207,3.0317195719591723],[101.33743998962063,3.0316297408329547],[101.33742022815045,3.03146983884227],[101.3373798037207,3.0313198206076777],[101.33721990414688,3.0312201069337448],[101.33682015279538,3.0312003442551827],[101.3363898595619,3.0311599210338613],[101.33595956753686,3.0312201069337448],[101.33556969873308,3.0313198206076777],[101.33487979104342,3.031709689411457],[101.334189886979,3.032120219966373],[101.33355028505832,3.0323897145534033],[101.33340026682379,3.0323995971011186],[101.33319994282022,3.0325100899785298],[101.3325603433164,3.033120044256009],[101.33214981276149,3.033340132146634],[101.331730297523,3.0333904367072364],[101.33122993825873,3.0335395582860656],[101.3307098126906,3.033759643759822],[101.33030017999982,3.0339797316503905],[101.33011961988325,3.0340399175503308],[101.3297396324188,3.034000393401584],[101.32933988106737,3.0339303249539284],[101.32892036945418,3.033759643759822],[101.32835982187316,3.0336096267336643],[101.32789988462179,3.0335000317204504],[101.32725040015339,3.0335296769467845],[101.3272099781405,3.0335099130597314],[101.3272099781405,3.033480267833454],[101.32738964039294,3.0333904367072364],[101.32781005349557,3.0333095890561594],[101.32808044473836,3.0332799438298252],[101.32871016290284,3.033480267833454],[101.3297396324188,3.033749762420541],[101.33030017999982,3.0336796939728856],[101.33101973291588,3.0334596060822605],[101.33198003184833,3.0332098753822265],[101.33240044132566,3.032919720252437],[101.33279031012944,3.0324804435437613],[101.33360957551093,3.0320896768758985],[101.33402010364898,3.0319702005233466],[101.3349399805686,3.0313602462458675],[101.33538015393293,3.0310898513777715],[101.33576014139743,3.030879647243353],[101.3363898595619,3.0308598833562996],[101.33698005236926,3.030929951803955],[101.33713995435994,3.0308203567907412],[101.3373097352731,3.0306397954657314],[101.33743011069816,3.030310114978761],[101.33758012772432,3.0296696151939386],[101.3376304347018,3.0290497783687442],[101.33781997708508,3.0280203100611516],[101.33802030108865,3.0272800966024533],[101.33816043919234,3.0268300406903563],[101.33819008441867,3.0266198353474465],[101.33819008441867,3.026350340760416],[101.33806971020198,3.026220086412877],[101.33784962231135,3.026150015548353],[101.33766995885054,3.026190441186543],[101.33735015849442,3.0263395603485037],[101.33704024068601,3.026450053225915],[101.33627038441779,3.0265901925380376],[101.33597034674028,3.026769854790473],[101.33584008997587,3.026960297454764],[101.33575025884966,3.027219909494079],[101.33562988463302,3.0276097795062924],[101.3354295606294,3.0280301914004895],[101.33524989716858,3.028260158213527],[101.33486990970408,3.0286203817909154],[101.3343102599872,3.0289797087126544],[101.333110111694,3.0294100019461325],[101.33261963135215,3.0296498513069423],[101.33243996789128,3.029749564980875],[101.33237977957452,3.02973968243316],[101.33237977957452,3.029700158284413],[101.33248039352947,3.029639972384473],[101.33258998612587,3.029480070393788],[101.33282983790349,3.029339934706968],[101.3332798926071,3.0291800327162264],[101.33363023726213,3.029010251803129],[101.33380001817522,3.0288395730258344],[101.334189886979,3.028780283781657],[101.33443961888747,3.0287003352031547],[101.3347899599172,3.028509888913561],[101.33509988014242,3.0281703270873095],[101.33539991781998,3.02769961063251],[101.33554993484609,3.027210028154798],[101.33566042772344,3.0268902290071082],[101.3357897866237,3.0266395980260654],[101.33592992231053,3.0263997498737467],[101.33615001020115,3.026309917539095],[101.33697017102998,3.0261598980961253],[101.33733039702423,3.0260799483091887],[101.33743998962063,3.0260197624093053],[101.33799963933751,3.025639774944807],[101.33822960977585,3.025220259706316],[101.33844969766642,3.0247100166859013],[101.33864014033071,3.0240003487344893],[101.33882968513086,3.0233499688188203],[101.33889975237008,3.022950218675817],[101.3389096349178,3.0225998740207842],[101.33879015735687,3.022330379433697],[101.33854042665678,3.0221597006564593],[101.33832033876621,3.0221102939599973],[101.33786040151483,3.0221004126206594],[101.3376097729506,3.0221102939599973],[101.33734027836351,3.0222701935338137],[101.33700969759553,3.0225298055731855],[101.3367402030085,3.0228397257984057],[101.33657042209535,3.0229897428245636],[101.33617965542743,3.023129880928252],[101.33581044716647,3.023199949375851],[101.33555981618537,3.0231801854888545],[101.33529032159828,3.0231496448152484],[101.33501993035554,3.0230696926114433],[101.33500016646849,3.0230202859149813],[101.33504957316495,3.0229897428245636],[101.33516994738164,3.0230104045757002],[101.33562000571055,3.0229996241638446],[101.33600987209746,3.022950218675817],[101.3363197911143,3.0227903191019436],[101.33665037188229,3.0224803988767235],[101.33697017102998,3.022149818108744],[101.33718037637283,3.021989919743305],[101.33756036383727,3.0218300201694888],[101.33788016540183,3.021789594531299],[101.33864014033071,3.0218201376217166],[101.33869044368294,3.021789594531299],[101.33886022822134,3.021670118178747],[101.33895005934755,3.021479675514456],[101.33902012779515,3.021259587623831],[101.33903000913449,3.0205598010117],[101.3390596519439,3.020230118107861],[101.33927973983452,3.019129683488586],[101.33946030115953,3.018800000584747],[101.33949982772515,3.018490083984773],[101.33964984595968,3.018229570455958],[101.3397396770859,3.017919651439172],[101.3397396770859,3.0177804136164923],[101.33970015172872,3.0176303953819],[101.3395896600598,3.0175998522914824],[101.33940999659893,3.0175899709522014],[101.33898958470473,3.017679802078419],[101.33851976490564,3.017860363403372],[101.33822960977585,3.017919651439172],[101.33772026582801,3.017969958416643],[101.3363395550013,3.0179501945295897],[101.33518971126864,3.0176303953819],[101.33493009802089,3.0175800896128635],[101.33485014823395,3.0175899709522014],[101.33477019965545,3.0176196161784787],[101.33473965656503,3.017720227716552],[101.3346803673208,3.017919651439172],[101.33440997245276,3.0183499458810843],[101.33427971931366,3.0184999629071854],[101.33401022472657,3.018640101010874],[101.33408029196573,3.018490083984773],[101.3342599554266,3.018289759981201],[101.33455011055645,3.0178298203129543],[101.33458963591357,3.0176097348391977],[101.33456987444345,3.017410307491332],[101.33439021219101,3.0172701693876434],[101.33343979218097,3.0168803030007325],[101.33263041055557,3.016590147870943],[101.33063974545144,3.0155804386167233],[101.32950966560577,3.0151797906095226],[101.3289095902507,3.0150396549227025],[101.32854038198974,3.0150100096963683]],[[101.22608034586295,2.9858003937144986],[101.22580995341173,2.985970174627653],[101.22558986552116,2.9860600057538704],[101.22529971039131,2.9860797696408667],[101.22510028304345,2.9860402418668173],[101.22492960426615,2.9859504107405996],[101.22467987114925,2.9858497992025264],[101.22445978567549,2.9856899008371443],[101.22428012342306,2.9855803058238735],[101.22409955968124,2.9855398801857405],[101.22400972855502,2.9855398801857405],[101.22377976053355,2.985520118715556],[101.22362974109052,2.9855596440727368],[101.22336024650349,2.985779731963362],[101.22343031615952,2.985909986310901],[101.22350038460718,2.985909986310901],[101.22371957221674,2.9859504107405996],[101.22391989622037,2.9860303605275362],[101.22400972855502,2.986130074201469],[101.22406003432405,2.9862504484181613],[101.22412022143237,2.9863501620920943],[101.2242495791242,2.9865001791181953],[101.22403038909772,2.986449874557593],[101.22392977876808,2.98637980490156],[101.22369981074661,2.9861696007670844],[101.22356955519064,2.9860896485632793],[101.22340965561682,2.9860501244145894],[101.22315992249986,2.9860698883015857],[101.22302966815232,2.986130074201469],[101.22298025903905,2.986229786666968],[101.22292007313911,2.986459757105308],[101.22292007313911,2.986580128905132],[101.22295959728785,2.987260154047135],[101.22307009016521,2.9877596178640715],[101.22328029671655,2.988250098205924],[101.22342043482024,2.9886696098191123],[101.22374023396793,2.989150208821627],[101.22391989622037,2.98946012783847],[101.22405015298472,2.989709858538504],[101.22408968075877,2.9900098962160655],[101.22398008574555,2.9903800047580376],[101.2238902534109,2.9907698711449484],[101.22375999664649,2.991079790161791],[101.22367016552028,2.991379827839296],[101.22360997962039,2.9921101575419016],[101.22380042228468,2.9934001393781955],[101.22404027164544,2.994240064094015],[101.22423969778492,2.9946901187976778],[101.22437983588856,2.9949398519145802],[101.22461968524937,2.99517970127539],[101.22488019515282,2.9953198393790785],[101.22511016559116,2.995489620292176],[101.22537966017825,2.9955399248527783],[101.22562040861158,2.9955201633826505],[101.22589978574638,2.995479738952895],[101.22609022841067,2.9954195530530114],[101.22642979023698,2.9952803128134633],[101.2267998951537,2.9950997514884534],[101.22715023980868,2.9948796635978283],[101.22788955298643,2.994390081120173],[101.22830008354134,2.9940999247818922],[101.22859023987957,2.9939103836070444],[101.22878966360213,2.993830431403296],[101.22893968425353,2.993719938525885],[101.22894956559287,2.9936399887390053],[101.22873037556639,2.993450443938798],[101.22863964657603,2.993450443938798],[101.22860011880198,2.993429782187661],[101.22855969678909,2.9934199032652486],[101.22862976402831,2.9933399510614436],[101.22871959636296,2.99327976516156],[101.2286899499282,2.9931504086781615],[101.22876002079272,2.9931396258494374],[101.22892980170582,2.9933695962877778],[101.22906005847022,2.9934603252781358],[101.22916965106657,2.993519613313879],[101.2292496008535,2.993519613313879],[101.22935021480845,2.993480089165132],[101.22949035049527,2.9933695962877778],[101.22960982684782,2.993269882613845],[101.22976972642164,2.9931998153746235],[101.23028985198977,2.993020151913754],[101.23055036189328,2.9929896088233363],[101.23068959971596,2.9930300344614693],[101.23080009259331,2.993160287600574],[101.23090968881502,2.9933201895913157],[101.23095011324477,2.993489970504413],[101.23101029914466,2.993630106191233],[101.2310902489316,2.993729819865166],[101.23120972528409,2.99379989072969],[101.2313202181615,2.993790008181975],[101.23136962485796,2.993729819865166],[101.2313202181615,2.9936498700782863],[101.2312699123924,2.9935501564043534],[101.23125015092228,2.9934396635269422],[101.23126002984469,2.9933498324007246],[101.2313399820485,2.993289646500841],[101.2314100504961,2.993269882613845],[101.23142981438315,2.99335971494844],[101.23141993183543,2.993470206617417],[101.23141993183543,2.993589684178346],[101.231620255839,2.9937495837522192],[101.23170020562594,2.9938403127425772],[101.23185022386048,2.9938501940818583],[101.23244041666783,2.993729819865166],[101.23330010527064,2.993530396142603],[101.23350042927422,2.993429782187661],[101.23370973796142,2.99327976516156],[101.23384987364824,2.993160287600574],[101.23391006196499,2.9930300344614693],[101.23408972542586,2.993010270574473],[101.23417955655208,2.993039915800807],[101.23430981089962,2.993059677270935],[101.23450025598078,2.993039915800807],[101.23490000370691,2.992969844936283],[101.23512009159754,2.9929402021268174],[101.23527999117141,2.9928898951493466],[101.2354901977227,2.992800064023129],[101.23612979722651,2.992139802768179],[101.23634988511708,2.9918604268418107],[101.23649990214324,2.99162955853933],[101.23671999124224,2.9913995917262923],[101.23691043269815,2.991210046926142],[101.2371197413853,2.9909504348868268],[101.23723023426265,2.9908803640223027],[101.23754015448793,2.9908201781224193],[101.23791025940466,2.990699802697293],[101.2381402262177,2.9905803287616664],[101.23831988967856,2.9904797148067246],[101.23845014644297,2.990450071997259],[101.23862980869535,2.990440190657978],[101.23881037002036,2.9904204267709247],[101.23904033925027,2.99035035953176],[101.24052974601761,2.9896002659421583],[101.24135978818572,2.989119668148021],[101.24245034388258,2.9886004404440314],[101.24299022971246,2.988250098205924],[101.24354988063777,2.9879698244154156],[101.24384991831533,2.987860229402145],[101.24422002323206,2.987669786737854],[101.24457036788704,2.9875404278376436],[101.24481021724779,2.987369749060349],[101.24495035535148,2.9871900855994795],[101.24498987950022,2.9869403548994455],[101.24488028690388,2.9866699600313495],[101.2446197745835,2.986389686240841],[101.24432961824527,2.9859998174371185],[101.24392986810221,2.9856099510502077],[101.24339986240324,2.9850700615950814],[101.24299022971246,2.98459036045665],[101.24275038156014,2.984349614440191],[101.24255993889585,2.984249900766258],[101.24223025599201,2.984220255539924],[101.24184038839667,2.984259782105539],[101.2413903312762,2.9843702749828935],[101.24105975292508,2.9844295642271277],[101.24049022066043,2.9844699886568833],[101.24005004487924,2.9845301745567667],[101.23964041460533,2.984649652117696],[101.23929006995036,2.984789787804516],[101.23902956004684,2.984900280681927],[101.23878970826922,2.9850601790473092],[101.23862980869535,2.9851203685725523],[101.23866035178582,2.984949687378389],[101.23885977913369,2.984699955469921],[101.23908974594673,2.984549938443763],[101.23942032671471,2.984440343430549],[101.23976977108873,2.984349614440191],[101.24057017044737,2.9841897124495063],[101.24154035071916,2.9841600696400405],[101.24187991375385,2.9841196440018507],[101.24202005185754,2.9840603559661076],[101.24217006888364,2.9839597456364686],[101.24217995143141,2.983760318288546],[101.24200028797054,2.983519568646784],[101.24109029359863,2.982809900695372],[101.240790258338,2.9825996953524623],[101.24048033932115,2.982560169995338],[101.23935025947554,2.9825996953524623],[101.2384402638952,2.9827101882298734],[101.23888043967645,2.9825098642263015],[101.2397401258624,2.9823598459917093],[101.24006980876624,2.9823203182177167],[101.24063035634725,2.982279893787961],[101.24071030613419,2.9821900626617435],[101.24072018747347,2.9820795697843323],[101.24059981325684,2.981909788871235],[101.24037972778308,2.981650175623429],[101.23996021375302,2.981110288585171],[101.23977965242801,2.9808398973423778],[101.23977965242801,2.9808201334553246],[101.2398200780662,2.9808102509076093],[101.23985960221495,2.980789590364907],[101.23965029352775,2.9805299771171008],[101.23911040769792,2.9802002942132617],[101.23854985890847,2.979920020422753],[101.23752039060093,2.9795499142975927],[101.23702002771137,2.979249876620088],[101.23634988511708,2.978789940577144],[101.23590971175275,2.9784602600901735],[101.23574980976207,2.9784503775424014],[101.23543001182281,2.978550091216391],[101.23505990569765,2.979119623480983],[101.23435023532937,2.9795301516190307],[101.23384987364824,2.980280246417067],[101.23368997407437,2.980580281677703],[101.23330010527064,2.9807698264778537],[101.23352019316127,2.9805200957778197],[101.23386963753524,2.9799496656490874],[101.23427028554244,2.979349590294021],[101.23427028554244,2.9791600454938703],[101.23414002877803,2.979089978254649],[101.23381034829106,2.97923999528075],[101.2334698861838,2.9794897283977093],[101.23298030370609,2.9795903399357826],[101.23246018055482,2.9797295777584623],[101.2319400549867,2.9800403946394454],[101.23156995006997,2.980019734096686],[101.23133010070922,2.980079922413438],[101.23118008005781,2.980229939439596],[101.23075967058043,2.980280246417067],[101.23041022378959,2.9803503148646655],[101.22999969565154,2.980580281677703],[101.22989998318604,2.9806000455647563],[101.22967989529542,2.980379957674131],[101.22957029907377,2.9803098892264757],[101.22943016338695,2.980270365077729],[101.22937985761791,2.9802497033265922],[101.22937985761791,2.980220058100258],[101.22944992485708,2.980190415290849],[101.2296700127477,2.980190415290849],[101.22996016908593,2.980239821987311],[101.23032039266337,2.9801697535396556],[101.23075967058043,2.9800502771871606],[101.23128967507103,2.9798697158621508],[101.23153042471279,2.979670289722719],[101.23168044173889,2.979559796845308],[101.23186998774747,2.9795499142975927],[101.23241975612507,2.9795400329583117],[101.23283028547155,2.979349590294021],[101.23346000363608,2.9790100284677123],[101.23391006196499,2.9789004334544984],[101.23442030256854,2.978729754677204],[101.23447959422958,2.9785797340258],[101.23450025598078,2.978429716999699],[101.23442030256854,2.978330003325766],[101.2342100996425,2.978320121986485],[101.23384987364824,2.97843959833898],[101.23346000363608,2.978530327329338],[101.23276021823233,2.9786695651520176],[101.23250958725129,2.9787396360165417],[101.23245029921554,2.978700108242492],[101.23242963746435,2.978639922342552],[101.2324700618941,2.978550091216391],[101.23255989422876,2.9784899028995824],[101.23275033689305,2.978429716999699],[101.23306025590989,2.9783803078863684],[101.23367021018737,2.9782204083124952],[101.23420021830322,2.978139560661475],[101.23484969914631,2.977679623410097],[101.2350401418106,2.977390366144448],[101.23506978462007,2.977080445919171],[101.2349997173809,2.9768199360156586],[101.23475986802009,2.976640272554846],[101.23443018511625,2.976640272554846],[101.2340196545614,2.976780408241666],[101.23332975049698,2.977250226832325],[101.23287969216801,2.9774801972706655],[101.23248982336429,2.9775197214193554],[101.23184034131276,2.9775601470575452],[101.23173973098312,2.9775197214193554],[101.23177027407354,2.9774703147228934],[101.23238023076789,2.9772897546063177],[101.2336396670969,2.9766995617990233],[101.2341696752128,2.976439948551217],[101.23434035399004,2.976219860660649],[101.23436011666865,2.975960247412843],[101.23428016688172,2.9756296666448634],[101.23411038596856,2.9754203615829624],[101.23393970477446,2.9753296289673017],[101.23360014294815,2.975280223479274],[101.23324979829317,2.975309868705608],[101.2323703494286,2.9757203968436556],[101.23131033682216,2.9761497922129934],[101.23097975605418,2.97622974199993],[101.2302197811253,2.9761300295344313],[101.22976972642164,2.976180335303468],[101.22936009373086,2.9762899278998134],[101.22904029458323,2.9763096917868097],[101.22875013945338,2.976180335303468],[101.22833960889852,2.9760599610867757],[101.22779972186021,2.9760599610867757],[101.22703974693133,2.976169553683178],[101.22662023290127,2.9762800465605324],[101.2264603333274,2.9762998104475287],[101.22642979023698,2.9762800465605324],[101.2264603333274,2.9762396245476452],[101.22672982791448,2.976069843634491],[101.22721042570856,2.9758102279698733],[101.22792009366003,2.9756296666448634],[101.2283997947984,2.9754796496187623],[101.2286899499282,2.975210155031675],[101.22890015647954,2.975099662154264],[101.2292496008535,2.9751203239054576],[101.22983979366086,2.9751796119412006],[101.23062043034093,2.9753700546054915],[101.2310902489316,2.975640447056719],[101.23146035384832,2.975759923409271],[101.23188975042609,2.9756799736223343],[101.2329398816932,2.975210155031675],[101.23343036082662,2.97499006714105],[101.23352019316127,2.974779860589763],[101.23346000363608,2.9744995867992543],[101.23324979829317,2.974210328325114],[101.23300006759314,2.974010004321542],[101.23262996146798,2.973869868634722],[101.23229039964167,2.97380968031797],[101.2319400549867,2.973840223408388],[101.23149000028303,2.973859987295441],[101.23072014280643,2.973819561657251],[101.22994040519893,2.9739004117251966],[101.2293897389572,2.973840223408388],[101.22920019415704,2.973819561657251],[101.22929002528326,2.9737899188477854],[101.23005988155143,2.973649780744097],[101.23246018055482,2.9736300168571006],[101.23283028547155,2.9734198115141908],[101.23302971281942,2.973129655175967],[101.23306025590989,2.972889805815214],[101.23298030370609,2.9725700054590902],[101.23284016801927,2.9721801354469335],[101.23270002991558,2.9717201994039897],[101.23252036645471,2.9713402119395482],[101.23219966823444,2.9709503419273346],[101.2317900379606,2.970619764784658],[101.23150976296165,2.9702801993331036],[101.23118008005781,2.9696199380781536],[101.23090968881502,2.969319900400592],[101.23055036189328,2.969000101252959],[101.23002035740274,2.968579689358762],[101.22949035049527,2.9680101570941133],[101.22921995804404,2.9678295969775377],[101.22905017713094,2.9678295969775377],[101.2288902751402,2.967940089854949],[101.22877978226285,2.968070345410922],[101.22861000014126,2.968879727036267],[101.22843033788882,2.96932978173993],[101.22823001388525,2.96969988786509],[101.22810963846018,2.970099639216528],[101.22772965099574,2.9705703556713274],[101.22732002072183,2.9708003249012336],[101.22693015191805,2.9709000385751665],[101.22633007656299,2.9710797008276018],[101.22606956665953,2.971280026039608],[101.22592044628914,2.9715297567396988],[101.22571024094623,2.971960049973177],[101.22555033895554,2.9721495947733274],[101.2254703891686,2.97219989933393],[101.22543984607813,2.9721801354469335],[101.22543984607813,2.9721298320947653],[101.2254901530556,2.971969932520892],[101.22563029115929,2.9715800637171697],[101.22588002185938,2.971180312365675],[101.22623036409749,2.9709395627239132],[101.22659957115008,2.970730257662069],[101.22717988261815,2.970539814997778],[101.22761017706006,2.9703897943463176],[101.22783026253381,2.9701697064557493],[101.22803957122096,2.969760076181842],[101.22822013133754,2.96911957639702],[101.22840967613769,2.968709946123113],[101.22848962592462,2.968419789784889],[101.2285399329021,2.968109870768046],[101.22866030711873,2.9678700214072933],[101.22883008924032,2.9675897476167847],[101.22885973446665,2.9674298456261],[101.22876002079272,2.9671495718355914],[101.22856957812837,2.966759703031812],[101.22844021922816,2.9665899209102804],[101.22809975953771,2.966509972331778],[101.22775031274688,2.96640037611013],[101.2271196967182,2.9661201023196213],[101.2266103503535,2.9661102209803403],[101.22619981979864,2.9660203886456884],[101.22489007770054,2.965689807877709],[101.22436995454927,2.9656502837289622],[101.22384982898114,2.9655496733992663],[101.22330006060355,2.9653798912777347],[101.22260027157455,2.965290060151517],[101.22191036751013,2.965420314499056],[101.2212402249159,2.96574011485518],[101.22025027954868,2.966410258657845],[101.21905013246385,2.967850257520297],[101.2185901927956,2.9685698080194243],[101.21813025554422,2.9698499073080598],[101.21810959379309,2.9702999632201],[101.21824973189678,2.9707095959108756],[101.21875997612563,2.9715099928526456],[101.21901958937337,2.9724801731244384],[101.2191597250602,2.973400050044063],[101.21939957562944,2.9743603489765746],[101.21963044393186,2.975140084167151],[101.22001043139636,2.9760599610867757],[101.22014966921904,2.9766097294643714],[101.22043982434883,2.9780596108745385],[101.22100037313828,2.9793001835975588],[101.22138036060272,2.979879598409866],[101.2215195984254,2.9804096029004086],[101.22160044849335,2.9806099269040374],[101.22170016095885,2.980740183668445],[101.22165973652909,2.9807599451385727],[101.22172980376831,2.981250424271991],[101.22179987463278,2.9815199188590213],[101.22186994308043,2.9818999063235196],[101.22193012898032,2.9823903866653154],[101.2219400103196,2.98274971237862],[101.22201007755882,2.9830704118073186],[101.22215021687094,2.9836201801848574],[101.22237030476151,2.9839498630886965],[101.22264968068788,2.984249900766258],[101.22301978681304,2.9844699886568833],[101.22338001039049,2.9846200068914186],[101.22375011530721,2.9847098380176362],[101.22398008574555,2.9848302122342716],[101.22427024087534,2.9849398072475424],[101.2245100902361,2.9849703479210916],[101.22467987114925,2.9849200445689235],[101.22502033325651,2.9847700239175197],[101.22524042114713,2.9847197193569173],[101.22541020326872,2.9846397695699807],[101.22588990319866,2.984390036453078],[101.22628965213329,2.9840899987755733],[101.22663011424055,2.983889677188813],[101.226990337818,2.9837001323886625],[101.22712957926592,2.9836004187147296],[101.2272903754955,2.98353034905864],[101.2274403961469,2.983509687307503],[101.22753022727312,2.983519568646784],[101.22755987008259,2.9835402303979777],[101.22750956673042,2.983669589298188],[101.22695979472752,2.984039694214914],[101.22638038354046,2.9843702749828935],[101.22583959622119,2.984699955469921],[101.2251703514911,2.9850503001248967],[101.22502033325651,2.9851697752690143],[101.22498979016609,2.9852802681463686],[101.22497002748747,2.985420406250057],[101.22498979016609,2.9855299988464026],[101.22504009714356,2.9856000685024924],[101.22512992947821,2.985670136950091],[101.22518023283038,2.985720443927562],[101.22557998418182,2.9858102750537796],[101.22571024094623,2.9858300365239643],[101.22590966466879,2.9858300365239643],[101.22608034586295,2.9858003937144986]],[[101.30980961032384,3.0566298506880116],[101.30954999828452,3.0567601074523623],[101.3087801420163,3.0575901496204665],[101.30787015006132,3.058449837014905],[101.30771024807058,3.058769638579463],[101.30759975519322,3.0590400310306336],[101.30744973695869,3.059170287795041],[101.30725031081926,3.059229575830784],[101.30684966160362,3.0595700379381014],[101.30659004956425,3.059759582738252],[101.30590014308302,3.0600003299631453],[101.30546985105792,3.06030036764065],[101.3053099514841,3.0604297265409173],[101.30515004949336,3.0607297618016105],[101.3050799822542,3.0611097480576177],[101.3051796947197,3.0615103972732527],[101.3053800199317,3.0618203162900386],[101.30571958175801,3.062249710450942],[101.30600973809624,3.062650359666577],[101.30621994343909,3.063130059596517],[101.30646967413918,3.063430097274079],[101.30690985112881,3.0638397299647977],[101.30737966971947,3.064160429393496],[101.30798962399695,3.064439802902996],[101.3086103611032,3.0645898235544564],[101.30897956815579,3.064759604467554],[101.30947004849759,3.0650102354486535],[101.3097296617454,3.06517013502247],[101.31016983752659,3.06556988516553],[101.31054982499103,3.0659498726299717],[101.31083998012087,3.0662103837418613],[101.3111301364591,3.066300214868079],[101.31156042727571,3.066399928542012],[101.31182004052351,3.066510421419423],[101.31222967321423,3.0668302217755468],[101.31265008510843,3.0672703951398717],[101.3128602892429,3.0673997516232703],[101.31318997214674,3.067500365578212],[101.31358972349824,3.067500365578212],[101.31369033382788,3.067539889726959],[101.3138502334017,3.067699789300775],[101.31412960932806,3.06796030282959],[101.31452037599598,3.067999826978337],[101.31485993903067,3.067890231965066],[101.31515009416046,3.0678102821781863],[101.31555972685123,3.067769860165299],[101.31617956367643,3.067890231965066],[101.31710033725176,3.068219914868905],[101.31796990719391,3.0684903073201326],[101.31836965612848,3.068469645568996],[101.31849003034517,3.0683995783297746],[101.31856998013211,3.0683995783297746],[101.31866969380604,3.0685001886594705],[101.31895984893583,3.0686996160073363],[101.31940002592546,3.068919701481093],[101.32026959224231,3.069090382675199],[101.32120024836536,3.0690796034717778],[101.32214976809439,3.069120025484665],[101.32289986047556,3.0694200631621698],[101.32364007151745,3.0695503199265772],[101.32411977265588,3.0693598772622863],[101.32432009665945,3.06915955205028],[101.32456982735948,3.0693598772622863],[101.32478991525011,3.069390420352761],[101.3253801092659,3.069229620497879],[101.32597030207319,3.0692403997013002],[101.32782981375726,3.0690697209240625],[101.32810020862536,3.068979889797845],[101.32837958213486,3.0687499193595045],[101.32856014587674,3.068669969572568],[101.32932012080562,3.0686196662203997],[101.3299300750831,3.0683896957820593],[101.33056967458691,3.06796030282959],[101.33102961425516,3.067699789300775],[101.33127036148005,3.067689907961494],[101.3315596187457,3.0677402137305307],[101.33190008206145,3.0678004008389053],[101.33214981276149,3.0678004008389053],[101.33288014125566,3.067650382604313],[101.3333903854845,3.067500365578212],[101.33457975457429,3.0669496969196075],[101.33530020414605,3.0665400666457003],[101.33589039695335,3.0662400289681955],[101.33635033420472,3.0657297847393465],[101.3368102714561,3.0651395919319953],[101.33739956760775,3.0644703459934703],[101.33826015286627,3.0633600300348576],[101.33877039709512,3.0623404418581686],[101.3391396041477,3.06154004249953],[101.33924021568578,3.0606803551051485],[101.3391899087083,3.0603300128669844],[101.33886022822134,3.060080279750082],[101.33869044368294,3.0600299751894795],[101.33857007188311,3.0600003299631453],[101.33799963933751,3.0599697868726707],[101.33754958463385,3.0599796682120086],[101.33696029089907,3.060080279750082],[101.33624972387508,3.060119806315697],[101.33556969873308,3.0601296888634124],[101.33442973633976,3.0600200938501416],[101.33380001817522,3.059759582738252],[101.33343979218097,3.0594999682820117],[101.33321970670721,3.0591496260439044],[101.3328603809939,3.0585899763270277],[101.33251991767821,3.058009663650523],[101.33198991318767,3.0575596089469173],[101.33139972038032,3.0573997069561756],[101.33079964502525,3.057319757169296],[101.32964980129259,3.057280233020549],[101.32919974538055,3.0573404189204325],[101.32879999523749,3.057220043495306],[101.32862033177662,3.0571400949168606],[101.32826998953851,3.057109551826386],[101.327989715748,3.0572002832336125],[101.32772022116092,3.0574697778206996],[101.3273599951666,3.0575703881503387],[101.32674015834141,3.057830001398088],[101.32629998256016,3.0580896134374598],[101.32597030207319,3.0581803424278178],[101.32501988568845,3.0583698872279683],[101.32478991525011,3.058519907879372],[101.3244898775726,3.0587498746924098],[101.32425991075957,3.058960081243754],[101.323959873082,3.0590103882212247],[101.32366971674378,3.0588801314568173],[101.32336967906627,3.0588298244793464],[101.32278038412306,3.0589403173567007],[101.32249022778484,3.0590301484829183],[101.32207969964679,3.059069676256968],[101.32175001674295,3.0590400310306336],[101.32139967571322,3.0591002193474424],[101.32120024836536,3.059199930604507],[101.32112029857842,3.0594002546080787],[101.32092985591413,3.0597200561726368],[101.32081037956164,3.059889837085791],[101.32069988668422,3.060209638650292],[101.32067024145795,3.0604997937801386],[101.320610055558,3.060770186231366],[101.32053998711041,3.0609399671444635],[101.32049956268065,3.0608600173575837],[101.32054986965812,3.0603803174275868],[101.32069988668422,3.059749701398971],[101.32106999160095,3.0590400310306336],[101.32129007949158,3.058810064217596],[101.32152992885233,3.058769638579463],[101.32188027350736,3.0588001816698807],[101.32236985598502,3.058810064217596],[101.32273996090174,3.058769638579463],[101.32317025292679,3.0585998576663087],[101.32354035784351,3.0585702124399745],[101.32399041617248,3.05866992490553],[101.32418983989504,3.0586995713402416],[101.32432009665945,3.0585998576663087],[101.32455006588935,3.058400431526877],[101.32481956047644,3.058200106314814],[101.32515013882755,3.0580896134374598],[101.3256100784958,3.0580402067409977],[101.32604037052084,3.0579297150720777],[101.32646976347331,3.057740169063493],[101.32682010812835,3.0574598952729275],[101.32714978861532,3.057329639717011],[101.32745970884054,3.057309875829958],[101.32772022116092,3.057169740143138],[101.32773010008333,3.0571598575954226],[101.32781993241798,3.0570403812429277],[101.32773998263104,3.0569397697047975],[101.32692970314156,3.0569496522525696],[101.32634040819835,3.0570897903562013],[101.32570978975286,3.0571203310298074],[101.32508007158833,3.057109551826386],[101.32445035342386,3.057019719491734],[101.32357988561756,3.0567295643619445],[101.32204017308118,3.056399883874974],[101.32131972592629,3.056310051540322],[101.32055974858054,3.056349576897503],[101.32006028718041,3.0564798336618537],[101.31954016040385,3.0566603937784294],[101.31918981937417,3.0569101268953887],[101.3188798991489,3.0572002832336125],[101.31867957514532,3.0575101998335867],[101.31855021866193,3.057740169063493],[101.31826994487142,3.057890187298028],[101.31796002585457,3.0581201565279343],[101.31765998817707,3.0581300390756496],[101.31778036239376,3.0580402067409977],[101.31819987521538,3.0576997446337373],[101.31839031667124,3.0573997069561756],[101.31867957514532,3.0570502625822087],[101.31903979872277,3.0567601074523623],[101.3190802243609,3.0566801576654825],[101.31904968127049,3.0565903253308306],[101.31851967557145,3.056259744562851],[101.31832024943202,3.0559695894330616],[101.31805973952851,3.05568033337579],[101.31779024494148,3.055170090355375],[101.31728000071263,3.0547999842302147],[101.31652990833146,3.0543795723360176],[101.3159298329764,3.054090313861934],[101.31522016502498,3.0539097537453586],[101.31457966524016,3.053999584871576],[101.31336963439918,3.0543598084490213],[101.31248030177846,3.0546903892170008],[101.31152988418523,3.055279685368646],[101.3105803644562,3.0560701997627007],[101.31039980433962,3.056310051540322],[101.31038992300034,3.0565202580916093],[101.3104501113171,3.0568598199179178],[101.31052017855632,3.0574401325943654],[101.31045999265638,3.0578003561718106],[101.3104303474301,3.057890187298028],[101.31032973589203,3.0578596442075536],[101.31023002342647,3.057529963720583],[101.310179716449,3.0571400949168606],[101.31012042841326,3.0569002455560508],[101.30993986708825,3.0567196818142293],[101.30980961032384,3.0566298506880116]],[[101.33872009011765,2.998979574711427],[101.33856019054383,2.999039763028179],[101.33841016989237,2.9991996626020523],[101.33832033876621,2.9993999866056242],[101.33818020307933,2.9998096168795314],[101.33809037195311,3.0003297424476614],[101.33806971020198,3.0005695918084143],[101.33804994631498,3.0009900037026114],[101.33807959154126,3.001549653419488],[101.33811013221487,3.0021299660959926],[101.33817032174005,3.0023895781353076],[101.33822960977585,3.003189977494003],[101.33829967701502,3.0035699649584444],[101.33833022010549,3.004209565670635],[101.3383598665402,3.0049596580518596],[101.3383598665402,3.0054501383936554],[101.33842005244014,3.0057501760711602],[101.33856019054383,3.006479606701191],[101.33874973534398,3.007040157907511],[101.33882968513086,3.0076698760720433],[101.33882968513086,3.0082501875400567],[101.33869044368294,3.0087002422437195],[101.33850988356636,3.0090703507857484],[101.33829967701502,3.0094197951597152],[101.33807959154126,3.009659644520468],[101.33690998513003,3.010339668454037],[101.33584008997587,3.0108795554923518],[101.33575025884966,3.010980167030425],[101.33570983683677,3.011149950360391],[101.3356397659723,3.011309849934264],[101.33553017337596,3.0114203428116184],[101.33530020414605,3.011549698086583],[101.33515018591146,3.0116799548509903],[101.33494986190789,3.011769787185642],[101.33472977401726,3.011880278854562],[101.33433002266582,3.0121003679536216],[101.3340901745135,3.0122997916761847],[101.33400034217885,3.0124695750062074],[101.3339796816361,3.012739967457378],[101.33407041062645,3.0130597666050676],[101.33407041062645,3.013209786048094],[101.33403986753603,3.0132996171743116],[101.33398956297538,3.0133301602647293],[101.33393027252276,3.0132897358349737],[101.333809900723,3.0130301237956587],[101.33372006838835,3.012630372444164],[101.33372994731076,3.0123402161059403],[101.33387996796216,3.012190199079839],[101.33418000563972,3.0120302970890975],[101.33440009111342,3.011960228641499],[101.33460041511705,3.011750023298589],[101.33479984246492,3.011559580634298],[101.33508999759471,3.0115299378248324],[101.3354295606294,3.0113502743640197],[101.33566042772344,3.011050236686458],[101.33567030906278,3.010849912682886],[101.33557958007242,3.010740317669672],[101.33544034224974,3.010639706131542],[101.33530020414605,3.0106001795659836],[101.33471001013027,3.0106001795659836],[101.33430037985636,3.0105498750053243],[101.3333400809239,3.010269601214816],[101.3329196690297,3.010179770088598],[101.33263041055557,3.0101303609753245],[101.33253968156521,3.010179770088598],[101.33253968156521,3.0103001443052904],[101.3325603433164,3.01061994345298],[101.33248039352947,3.010779841818419],[101.33220011732209,3.011409563608197],[101.33210040606502,3.011510173937836],[101.33183001119693,3.0114697495080804],[101.33191984232315,3.0114302241508994],[101.33208962444473,3.011290086047211],[101.33231959367464,3.0109100985827695],[101.33233037287806,3.010559756344662],[101.33234025542578,3.010360330205174],[101.33229982978759,3.010089937754003],[101.33216957664848,3.009969563537311],[101.33167999417083,3.009910275501568],[101.33092990058122,3.0098797324110933],[101.33017980820006,3.0099497996503146],[101.32955008761866,3.010169887540883],[101.32923028847097,3.010339668454037],[101.32916021881493,3.0104501613313914],[101.32917010015422,3.0106001795659836],[101.32913955706374,3.0110798794959237],[101.32907038648028,3.0114904100508397],[101.32886018355424,3.0121596559893646],[101.32872004545055,3.012410284553539],[101.32862033177662,3.012839681131368],[101.3285897886862,3.0125001156797566],[101.32866973847308,3.012120128215315],[101.32879011268977,3.0117401407508737],[101.32900031924106,3.0109702868995214],[101.3290299644674,3.010580418095799],[101.32895001468046,3.01047980776616],[101.32872992678989,3.0104402799921104],[101.32842000777305,3.0104995680278535],[101.32819991988242,3.0106100609052646],[101.32766003284416,3.0110601192341733],[101.32706983882838,3.0113601532864323],[101.32599994488265,3.011970111189214],[101.3257798594089,3.0120302970890975],[101.32538999060517,3.012170435192786],[101.32525973384077,3.0123096730154657],[101.32520044580502,3.0123303347666592],[101.32505042877892,3.012280030206057],[101.3248303408883,3.0122997916761847],[101.32463001567629,3.0123599799929366],[101.32442969167266,3.012539643453806],[101.32434974188578,3.012679779140626],[101.32433986054644,3.0128603416740702],[101.32440004644639,3.013049886474221],[101.32452042066302,3.013390347373047],[101.32456982735948,3.013630197942291],[101.32456982735948,3.013930235619796],[101.32452042066302,3.014390172871174],[101.3245096414596,3.014690210548679],[101.32457970990725,3.0150701980131203],[101.32462013433695,3.015089959483305],[101.32484022222758,3.0150701980131203],[101.32492017201452,3.0150396549227025],[101.32495969616326,3.0150603166738392],[101.32494981482398,3.015140266460776],[101.32477015136311,3.015349571522677],[101.3245096414596,3.0157996298515855],[101.3243596244335,3.0162496845552482],[101.32428955356897,3.0166000267933555],[101.32428955356897,3.016769810123378],[101.32449976012032,3.0171803382614257],[101.32447999623326,3.017250409125893],[101.32433986054644,3.0173501215913916],[101.32404970420822,3.0177103451688367],[101.32389968476525,3.0180696720905758],[101.3238296163176,3.0183697097680806],[101.3238296163176,3.018879950371627],[101.32378020962113,3.0190802743752556],[101.32369037849492,3.0192401763659404],[101.32349993583063,3.0193704307134794],[101.32334003383994,3.0194997896137465],[101.32328973048777,3.0197001136173185],[101.32325020271372,3.0200100326341612],[101.32318013426612,3.02008010108176],[101.3230903031399,3.02008010108176],[101.32279026546234,3.020029794104289],[101.32256029864931,3.0200998649687563],[101.32250011033256,3.0200998649687563],[101.32245968711123,3.0200495579912854],[101.32246956724208,3.0200100326341612],[101.3228100293494,3.019789944743536],[101.32295016745303,3.01955997551363],[101.32303999857925,3.0193300087005923],[101.32308042180057,3.019129683488586],[101.32319001681384,3.018990443249038],[101.32341010470441,3.0187703577752814],[101.32356012173057,3.0183598272203653],[101.32374966653072,3.017880127290425],[101.32389968476525,3.0173896469485726],[101.32390956610453,3.016890181923202],[101.32387992329507,3.0163404135456062],[101.32387992329507,3.0159604260811648],[101.32394999174272,3.0156496092001817],[101.32411977265588,3.0151303839130605],[101.3242096037821,3.014830346235499],[101.32431021532017,3.0137802161768263],[101.3242096037821,3.0132897358349737],[101.3240101776426,3.0128702242217855],[101.32377032828185,3.0125504226572275],[101.32359964950456,3.012369862540652],[101.32333015491753,3.012280030206057],[101.32288009658856,3.0123303347666592],[101.32261958668505,3.0124596936668695],[101.32240039665862,3.0125800678835617],[101.32218031118487,3.0125701865442807],[101.32190003739436,3.0125099970190945],[101.32146974295244,3.0125800678835617],[101.32035044231026,3.012849562470649],[101.32014023575891,3.0130301237956587],[101.32002974288156,3.0132304477992307],[101.31995967564234,3.013449635408847],[101.31994979430306,3.0138799298507593],[101.32001986154228,3.014119778003078],[101.32024983198062,3.0144997654675194],[101.32060017301029,3.0149300599094886],[101.32076995392345,3.0151896719488036],[101.32081037956164,3.0154897096263653],[101.32092985591413,3.0158400518644726],[101.32100980570107,3.01592988299069],[101.32111041723914,3.0159604260811648],[101.32120024836536,3.0158903588419435],[101.32136014793917,3.0157097975169336],[101.3215802358298,3.0154304215905654],[101.3218398490776,3.01526962173574],[101.32214976809439,3.0150800769355897],[101.32225037842409,3.015099840822586],[101.32225037842409,3.015140266460776],[101.3221102403204,3.015220215039278],[101.32195034074653,3.0153998785001477],[101.32190991631677,3.015510371377502],[101.32195034074653,3.0156801522906562],[101.32215964943373,3.01583017294206],[101.32240039665862,3.0159200040682776],[101.3224300418849,3.0159604260811648],[101.3224102779979,3.0160098351944953],[101.32234021075868,3.0160601397550977],[101.32205005442046,3.016029596664623],[101.32169971339079,3.0160098351944953],[101.32147962429173,3.016099667529147],[101.3214095570525,3.016229920668195],[101.32147962429173,3.016420363332543],[101.32160988105613,3.016559603572034],[101.3218102050597,3.0169099458101982],[101.32180032372042,3.0172297473747562],[101.32157035449052,3.0169099458101982],[101.32136014793917,3.0166503337708264],[101.32111041723914,3.016539840893472],[101.32083014344863,3.0165200770064757],[101.32053998711041,3.0165802653232276],[101.32032978055906,3.0167302823493287],[101.32009981132916,3.0170204386875525],[101.31999021873281,3.0173896469485726],[101.31993003041606,3.0178199401821075],[101.31994979430306,3.0182403508678703],[101.32001986154228,3.0183697097680806],[101.32022018554585,3.0185098442464664],[101.32043039209714,3.0185601512239373],[101.32055974858054,3.018630219671593],[101.32052022322335,3.0187200507978105],[101.32029025399345,3.0187703577752814],[101.32003962542927,3.0187703577752814],[101.31979977365165,3.018490083984773],[101.31952040014215,3.0183795911074185],[101.31918981937417,3.018330181994088],[101.31888978169661,3.0181397393297402],[101.31874964359292,3.017930433059462],[101.31864005099658,3.0177103451688367],[101.31849991289289,3.017459714187794],[101.31884037500015,3.0176995659654153],[101.31914041267771,3.0179403131903086],[101.31940002592546,3.0180103828463984],[101.3195796881779,3.0180103828463984],[101.31967041716825,3.0179097725167026],[101.3197602495029,3.0173303577043953],[101.31986984451612,3.0170402025746057],[101.32001986154228,3.016769810123378],[101.32053010577113,3.0161302082026964],[101.32061993689729,3.015810409055007],[101.3205804091233,3.0154304215905654],[101.32049956268065,3.015089959483305],[101.31977013084219,3.0142203919580197],[101.31960034992909,3.013870047303044],[101.3195796881779,3.0134604146122683],[101.31968029971597,3.013100191034823],[101.3197602495029,3.0127803918871336],[101.31971982386472,3.0126501363312173],[101.31965963796483,3.0125899468059743],[101.3195599242909,3.0125701865442807],[101.31932007613858,3.0127803918871336],[101.31886013647033,3.0131496001481537],[101.31820975655467,3.0135403668160734],[101.31766986951635,3.0136903850506087],[101.31649038055741,3.0140497107639135],[101.3161598022063,3.0143596297806994],[101.31591995042868,3.014659667458261],[101.31582023796312,3.0149102960224354],[101.31578969728957,3.0152399789262745],[101.31588042627993,3.015619966390716],[101.31614003831925,3.0161697347683116],[101.31661973945768,3.017260290465174],[101.31702038867326,3.0181397393297402],[101.317079676709,3.018540388545375],[101.317059912822,3.018959902575432],[101.31689013190885,3.019310244813596],[101.31654967221846,3.0197001136173185],[101.31637000875759,3.0198195911782477],[101.31607985241936,3.0199103201686057],[101.31573040562853,3.020130408059231],[101.31554984551195,3.020319950442513],[101.3155300816249,3.0205103955236723],[101.31564955918589,3.021779713192018],[101.31573040562853,3.02198003719559],[101.31586964707645,3.0221004126206594],[101.31611039309297,3.022139936769406],[101.3167796390315,3.0219602733085367],[101.31708955804834,3.022009682421867],[101.3176096811996,3.0220599869825264],[101.31783965163794,3.021970155856309],[101.31808040007127,3.0216997634050813],[101.31813968931544,3.021489556853737],[101.31818999266761,3.021210180927369],[101.3182897063416,3.0209900930368008],[101.31834989465835,3.020840076010643],[101.3183301307713,3.020569683559472],[101.31842984444523,3.020399902646318],[101.31850979423217,3.020339713121132],[101.31852955811922,3.0205301557854227],[101.31859962535839,3.020770007563044],[101.31865981125833,3.020920024589145],[101.31862028710958,3.020999974376082],[101.31849003034517,3.021060163901268],[101.31841996310595,3.0211499950274856],[101.31835977720607,3.021570404504814],[101.31824029964508,3.021779713192018],[101.31817023240592,3.0220501056431885],[101.3182304183058,3.0222198865563428],[101.31836965612848,3.022439974446968],[101.3189104434478,3.023129880928252],[101.3194602118254,3.0240201126215425],[101.3196299927385,3.024230315547527],[101.31985008062912,3.0243201466737446],[101.32007016851975,3.0243399105607978],[101.32024983198062,3.0243201466737446],[101.32039984900672,3.02410994374776],[101.32051034188407,3.0238000247309174],[101.32053010577113,3.0234999870533557],[101.32048968013294,3.0232601376926027],[101.32022018554585,3.022410331637502],[101.32024983198062,3.0223196002302757],[101.32031989921978,3.0222800748730947],[101.32048968013294,3.0222603109860984],[101.32059029167101,3.0222701935338137],[101.32062981823663,3.022340260773035],[101.3205804091233,3.0229897428245636],[101.32067024145795,3.0233400874795393],[101.32079960035816,3.0238197874094794],[101.32092985591413,3.0239599230962995],[101.3210295671712,3.0240003487344893],[101.3211400600486,3.0239500417570184],[101.3214302151784,3.0235799368402922],[101.32182996652989,3.0231900668281355],[101.32197010463352,3.023090354362637],[101.32203029053346,3.023090354362637],[101.32207969964679,3.023119999588914],[101.32212012286811,3.0231801854888545],[101.32208957977764,3.023270016615072],[101.3220096299907,3.0234002733794227],[101.32165030306902,3.023840449160673],[101.32149040470358,3.024100062408422],[101.32149040470358,3.0242204366251144],[101.32154969273932,3.0242797246608575],[101.32166018561674,3.0243201466737446],[101.32189015484664,3.02433002922146],[101.32246956724208,3.024310267751332],[101.32319001681384,3.0241198226701727],[101.32416019708558,3.023630242609329],[101.32470008412389,3.0232897805020684],[101.3248096791371,3.023110117041199],[101.32487974637633,3.023100235701918],[101.32496957871098,3.0231801854888545],[101.32508995292761,3.023229594602185],[101.32545017650506,3.0229996241638446],[101.32572955363986,3.0227301307851917],[101.32589035228631,3.022539688120901],[101.32601970876965,3.02250016276372],[101.32628022229846,3.0225199242338476],[101.32668985257237,3.0223501433207502],[101.32766003284416,3.0217096447443623],[101.32834993932539,3.0210404000142717],[101.32864997700295,3.0205301557854227],[101.32877035242802,3.0201600508686965],[101.32879999523749,3.0192797017231214],[101.3286302131159,3.0189401386884356],[101.32808044473836,3.017969958416643],[101.32758008305723,3.016999776936416],[101.327309690606,3.016200277858786],[101.32715967116303,3.015419642387144],[101.32718033170573,3.0149102960224354],[101.32741030214407,3.0145797176713245],[101.3277804070608,3.014320103215084],[101.3281801584123,3.0141098990806654],[101.32850983889927,3.014070371306616],[101.32904972593752,3.0141000177413844],[101.32991031361297,3.0144000554188892],[101.33084006945501,3.0147602789963344],[101.33198991318767,3.015140266460776],[101.3329897374773,3.0156002025037196],[101.3342401915396,3.0162496845552482],[101.33546998505915,3.0166799789971606],[101.3366800146917,3.016960252787669],[101.33748041405033,3.0170896092710677],[101.33761965187307,3.0171300337008233],[101.33779033427561,3.0170797267233525],[101.33798976041504,3.0169297096971945],[101.33806971020198,3.0167302823493287],[101.3383598665402,3.0163502960933215],[101.33881980258315,3.0157996298515855],[101.33915038335113,3.0154798282870274],[101.33940999659893,3.0150297735834215],[101.3396103206025,3.014489886545107],[101.33969027038944,3.013979642316258],[101.33974955842518,3.013080427147827],[101.3398600513026,3.0125001156797566],[101.3401600889801,3.011650309624656],[101.34033975244097,3.0110798794959237],[101.34037029553139,3.010680131769732],[101.34033975244097,3.010520229779047],[101.34024003876704,3.0104501613313914],[101.34001995087641,3.0104699252184446],[101.33980974795037,3.0105103472313317],[101.3396103206025,3.0106100609052646],[101.33940011405122,3.0107699628959494],[101.33910995892137,3.0109604055602404],[101.3389096349178,3.0110196935960403],[101.33872009011765,3.0110098122567024],[101.33851976490564,3.0109397438091037],[101.33839040963068,3.010999929708987],[101.33830955956273,3.011149950360391],[101.33826015286627,3.011449985621084],[101.33818020307933,3.0115703598377195],[101.3382098458888,3.01128020470793],[101.33817032174005,3.0109298624698226],[101.33819008441867,3.0107196559184786],[101.33825027031855,3.01061994345298],[101.33825027031855,3.010319905775475],[101.33833022010549,3.0105399936660433],[101.33855030799606,3.0107699628959494],[101.33870032623065,3.010840031343605],[101.3388898710308,3.010859794022167],[101.33907043114738,3.010779841818419],[101.33925009702506,3.0106603678827355],[101.33963996341197,3.010380094092227],[101.33978998406337,3.010329787114756],[101.3401403250931,3.010329787114756],[101.34025980265403,3.010280380418294],[101.34036041298367,3.010169887540883],[101.34040981968013,3.0100396307765322],[101.34049965201478,3.0092796570560267],[101.34062990757076,3.008529563466425],[101.34065955400553,3.008119930775649],[101.34069997601841,3.006740120230006],[101.34072962124469,3.006009788110532],[101.34078980714463,3.0052596957293645],[101.34080957103163,3.004589551926699],[101.34084999546138,3.0039903780610757],[101.34095958805773,3.0033498770678193],[101.3410098950352,3.0026500916641226],[101.34107008093514,3.0018901167352396],[101.34105032067339,3.0011499032764846],[101.3410098950352,3.000600134898889],[101.34092006390898,3.0003198611083803],[101.3407098573577,3.000050366521293],[101.34038017687072,2.9998096168795314],[101.33996964631581,2.9995401222924443],[101.339330046812,2.9991403745662524],[101.33900036390816,2.9990101178019017],[101.33872009011765,2.998979574711427]],[[101.2816797684186,2.9616698501762926],[101.28153963273178,2.961700393266767],[101.28142015517079,2.961839631089447],[101.28150998629701,2.962260042983644],[101.28211994419979,2.9639704355057575],[101.28315031037147,2.9666797532449323],[101.28385009940047,2.9684296723326042],[101.28421032297791,2.969000101252959],[101.28471966692575,2.9694798023913336],[101.28557037326186,2.9702397773202165],[101.28676962248255,2.971139886727542],[101.2881099088795,2.9722798491208664],[101.28884023858205,2.973070367140224],[101.28979963965043,2.974210328325114],[101.29029011999222,2.974639724902943],[101.29149027070235,2.9756296666448634],[101.29217029221905,2.976009654109305],[101.29304974470892,2.97636987768675],[101.29375043039363,2.976420184664221],[101.29477001736188,2.9763501174249996],[101.29604023651962,2.976689679251308],[101.29754042128195,2.9774801972706655],[101.2994502399435,2.978639922342552],[101.30309021380572,2.9805704027552906],[101.30399032442148,2.9807599451385727],[101.304460145429,2.980880319355265],[101.30500991380654,2.980699758030255],[101.30590014308302,2.9801095652229037],[101.30673018766794,2.9793001835975588],[101.3074398556194,2.9788097044641404],[101.3075799937231,2.9782599348781105],[101.3074398556194,2.977669742070816],[101.3071802423716,2.9770301425670027],[101.3067598304774,2.9766501551025613],[101.30634031886422,2.976169553683178],[101.30583995718308,2.975769805956986],[101.30542044436146,2.975699735092462],[101.30456973802535,2.9756898561700496],[101.30377023894772,2.9757895662186797],[101.30287012591509,2.975950366073562],[101.30172028218249,2.976209979321311],[101.30059020233688,2.976319574334582],[101.29983022740794,2.9761497922129934],[101.29881962391482,2.975750042069933],[101.29734009727838,2.97499006714105],[101.29639956223292,2.974269617569348],[101.29475025468327,2.9728197385759927],[101.29346027526378,2.971660012295672],[101.29294014969565,2.9711102439180763],[101.29247032989656,2.9701202997592873],[101.29172023751539,2.9688096597970457],[101.29106985759972,2.9672699460522267],[101.29045990090538,2.9664803258970665],[101.28959033338009,2.965749997402895],[101.28805960190203,2.96486964825732],[101.2864803652169,2.9640602666319182],[101.28528021692364,2.9632904103637543],[101.2840800662135,2.9625600782442802],[101.28307036058453,2.9622699231144907],[101.28235979235211,2.9618602928405835],[101.2816797684186,2.9616698501762926]],[[101.27203994974582,2.955410387284246],[101.27182974319447,2.955410387284246],[101.27168960509078,2.9555496287322285],[101.27164019839432,2.955790377165556],[101.27166984120379,2.9559996834358344],[101.27209025430642,2.956449738139497],[101.2730999587269,2.95769031448782],[101.27385005473337,2.9585203566559244],[101.27464955381106,2.959610012071778],[101.2754499531697,2.960919757795125],[101.27623957090805,2.961960005306082],[101.27693037525347,2.962959829595775],[101.277579857305,2.963820414854297],[101.27805955844337,2.9647196300227847],[101.27849973422457,2.965689807877709],[101.27900997482811,2.9666402278877513],[101.2795498642833,2.9673103716904166],[101.28029995666446,2.9679203259678957],[101.2810796954804,2.9683299586586713],[101.28226007988661,2.969230069274431],[101.28299041079765,2.9695202244042207],[101.28342968750627,2.969569633517551],[101.28384021685275,2.9694699210520525],[101.28387974220993,2.9693100214781794],[101.28378991108372,2.9689497954838657],[101.28350963608477,2.9684503328753635],[101.28309012447158,2.9676696974037213],[101.2825502350164,2.9665998034579957],[101.2819798060961,2.9655101456252737],[101.28146956428412,2.9640396048807816],[101.28089015068025,2.961790224392985],[101.28049039932876,2.961219791847384],[101.27963969540951,2.9604795808054973],[101.2783003068767,2.959580369262312],[101.2770300889274,2.9587404445464927],[101.27579041286009,2.9576696527366266],[101.27496037069199,2.9571001204720346],[101.27370991662968,2.9565099276646833],[101.27256007289708,2.955670002948864],[101.27203994974582,2.955410387284246]],[[101.26847992567048,3.0100198680979133],[101.26825983777991,3.01007017386695],[101.26803974988928,3.010160006201602],[101.2678699677677,3.010280380418294],[101.26776037637978,3.0104097369016927],[101.26769030551526,3.0105399936660433],[101.26763011961538,3.0109397438091037],[101.26769030551526,3.011409563608197],[101.26771006940231,3.0120401784284354],[101.2677702553022,3.013080427147827],[101.26773971462859,3.013529587612595],[101.26786008642841,3.0140299468768603],[101.2680002245321,3.014750396448619],[101.26811970209303,3.015300164826158],[101.26819965187997,3.0156002025037196],[101.26834966890607,3.016220039328914],[101.26844039789643,3.0165101944587605],[101.2685697567967,3.0169099458101982],[101.26864970658363,3.0172701693876434],[101.26864970658363,3.0173797644008573],[101.26870989248351,3.017459714187794],[101.2687503181217,3.0175504468034546],[101.26879972723503,3.0175702070651482],[101.26886979447426,3.0175396639747305],[101.26888955836125,3.017469596735509],[101.26887967702197,3.0173402402521106],[101.26893986292185,3.017159676510232],[101.26893986292185,3.0168003507969843],[101.26892009903486,3.0164598911065355],[101.2688302667002,3.0161499708813153],[101.26855987545741,3.015559778073964],[101.26853023023108,3.0153702332738135],[101.2684502804442,3.0151303839130605],[101.26840985722288,3.014850110122552],[101.26833978756679,3.0145797176713245],[101.26838021199654,3.0143596297806994],[101.2683595502454,3.0139401157506427],[101.2683002622096,3.0137900975161074],[101.26825983777991,3.013390347373047],[101.26822031242273,3.0132403291385117],[101.26825983777991,3.013110072374104],[101.26831014475738,3.0130597666050676],[101.2683595502454,3.013080427147827],[101.26839009454426,3.0131298362611574],[101.26846016178348,3.0133202789254483],[101.26849968955753,3.0134702959515494],[101.2685697567967,3.0136598407517],[101.2686200613573,3.0141296605507932],[101.2686200613573,3.0146102583449306],[101.26863982524435,3.0150603166738392],[101.26872965637057,3.0154798282870274],[101.2688302667002,3.015769984625308],[101.26891021648714,3.0160601397550977],[101.26923990059942,3.0171300337008233],[101.26940968151251,3.017309697161693],[101.26947974875173,3.017420190039047],[101.26947974875173,3.017519902504546],[101.26943034205527,3.0175702070651482],[101.26936027481605,3.0175702070651482],[101.2692497819387,3.017660038191366],[101.26915995081248,3.0177804136164923],[101.26915995081248,3.017930433059462],[101.26916983215176,3.0180202653941137],[101.26927044368983,3.018190046307211],[101.26929020636845,3.018589794033403],[101.26927044368983,3.018860188901499],[101.26927044368983,3.019220412478944],[101.2693000864993,3.0193398900398734],[101.2695300557292,3.019610282491101],[101.26992980708064,3.0201501683209813],[101.26998999298058,3.020339713121132],[101.27000975686758,3.0206199881200746],[101.27006006021975,3.0208104295759313],[101.27015977389368,3.0209802141143314],[101.2703996256713,3.021210180927369],[101.27059994967493,3.0213898443882385],[101.27097005580009,3.0218596629788976],[101.2712296678394,3.022149818108744],[101.27153958806468,3.022459738333964],[101.27174979340754,3.0225801125506564],[101.27198964276835,3.0225998740207842],[101.27215044262317,3.0225998740207842],[101.27234986634573,3.0225801125506564],[101.27249988699714,3.0225298055731855],[101.27261037987455,3.022459738333964],[101.27272985381018,3.0223196002302757],[101.27284034668759,3.0221201752992783],[101.27286011057458,3.021890206069372],[101.27279004212699,3.021259587623831],[101.27277027823993,3.0210296208107934],[101.2727999246747,3.0208301934629276],[101.27282956748417,3.0205202744461417],[101.27289963472333,3.0202103578461674],[101.2728798732532,3.019860013191135],[101.27284034668759,3.0194503829172845],[101.27279004212699,3.019209633275466],[101.27276039690065,3.0187496960241447],[101.27276039690065,3.0185296081335196],[101.27273973514951,3.0183104205239033],[101.2727801607877,3.018129857990459],[101.27282956748417,3.017720227716552],[101.27285022802687,3.0174399539260435],[101.2729301778138,3.0171497975878196],[101.27302989148774,3.0169099458101982],[101.2730703159175,3.016689857919573],[101.2730703159175,3.0164697724458733],[101.27308019846521,3.0162595671029635],[101.27306043457821,3.0160502584158166],[101.27297958692714,3.015859815751469],[101.27271009234005,3.0153396926002074],[101.27249000444942,3.015050434126124],[101.27206959255523,3.014439579567636],[101.2719698788813,3.01420961033773],[101.27181986185519,3.0139598784292616],[101.27172014818126,3.013759554425633],[101.27173002952054,3.0135798921732544],[101.27166984120379,3.013410110051666],[101.27144975573003,3.013190022161041],[101.27098981968709,3.0127103222311007],[101.27074008536175,3.0123303347666592],[101.2700798241068,3.011510173937836],[101.26978966897695,3.01109964338292],[101.26947974875173,3.0107097745791975],[101.2693000864993,3.0104896866885724],[101.26899016869089,3.0102498373278195],[101.2688302667002,3.010089937754003],[101.2686802496741,3.0100198680979133],[101.26847992567048,3.0100198680979133]],[[101.23619986809098,2.912610159469523],[101.23586030263942,2.9126595685828534],[101.23550007906198,2.912830247360148],[101.23522968661075,2.9130000282732453],[101.23500959872018,2.9133297111770844],[101.23483981780703,2.913869598215399],[101.2345496614688,2.9153203774897065],[101.23450025598078,2.915950095654239],[101.23456044188066,2.9161504196578107],[101.23477962949028,2.9166498846832383],[101.23491976759396,2.917199653060834],[101.2350401418106,2.9177799645288474],[101.23511021025826,2.9181401881062925],[101.23511021025826,2.9184195640326607],[101.2350401418106,2.918639651923229],[101.23490000370691,2.9188696223615693],[101.23482005392003,2.919050182478145],[101.23482993646775,2.9191103683780852],[101.23490988504625,2.9191597774914158],[101.23498983483313,2.9191597774914158],[101.2350904463712,2.919089707835326],[101.23519016004519,2.9189801152389805],[101.23528987251069,2.918999875500674],[101.23535006203588,2.919099589174607],[101.23534017948816,2.919319677065232],[101.23523956915852,2.919539764955857],[101.23483981780703,2.9198496815558315],[101.23477962949028,2.9200401242201224],[101.23477962949028,2.920229669020273],[101.23484969914631,2.920449756910841],[101.23505990569765,2.920759677136118],[101.23512997414525,2.920989643949156],[101.23519016004519,2.9212501562695365],[101.23530963639769,2.921419938391068],[101.23541024793576,2.9214801242909516],[101.23575969230978,2.921509769517286],[101.23673975392086,2.921770279420798],[101.23809980420481,2.921920300072202],[101.23877982692994,2.9220200137461347],[101.23951015784093,2.9221601494329548],[101.24006980876624,2.9222499805591724],[101.24037972778308,2.9222499805591724],[101.2405396273569,2.9221502668852395],[101.24060969580455,2.922039774007885],[101.2406501202343,2.9217002121815767],[101.24056028910809,2.9212896816266607],[101.24058993433437,2.9205198253584967],[101.24073007002124,2.9196897831903925],[101.2406698841213,2.9192801492911826],[101.24044979623068,2.919050182478145],[101.24005004487924,2.918730380913587],[101.23946973341117,2.9182497831195064],[101.23875018412048,2.9178302715063182],[101.23828036432138,2.917450284041877],[101.23805039509148,2.9171295846131784],[101.23790037806538,2.916830444799814],[101.2378500710879,2.916519627918831],[101.23784018854019,2.915359905263756],[101.23771981674037,2.9148101332608576],[101.2375697972974,2.9144597922311846],[101.23720957371995,2.9141301081189113],[101.23693019658515,2.9137096986415827],[101.236760415672,2.913360254267559],[101.23658973447789,2.9128500112471443],[101.23644959879107,2.9126703477862748],[101.23619986809098,2.912610159469523]],[[101.37542974171458,2.974010004321542],[101.37525007825371,2.974160024972946],[101.37530038281432,2.9744097556730367],[101.37562018437887,2.974939760163579],[101.37637027676004,2.9759395868700835],[101.37715001436754,2.9770696667157495],[101.37776985119274,2.977889827544516],[101.37934998936731,2.979210352471341],[101.38033993110929,2.9799604448525088],[101.38210961408396,2.9811902383720508],[101.38229017420053,2.981350137945924],[101.38318040589382,2.9817498892973617],[101.38377957975945,2.9820301630878703],[101.38427994264902,2.9822403696392144],[101.38517017313387,2.982439795778646],[101.3857495867378,2.982579931465466],[101.38623018574032,2.9825996953524623],[101.38650956166668,2.9825996953524623],[101.38656974756657,2.9825502886560002],[101.38662005454404,2.9824703388691205],[101.38660029065704,2.982379607461894],[101.38630025297948,2.982139758101141],[101.38617987876285,2.9819996199974526],[101.38616999742356,2.981860382174773],[101.38611969286296,2.981699582319891],[101.38568041494585,2.981200120919766],[101.38456021643952,2.980019734096686],[101.38443984101445,2.9798203067488203],[101.38397002242374,2.979450201832094],[101.3834903224938,2.9791600454938703],[101.3827599927912,2.9786803455638733],[101.38194971209327,2.9779500158613246],[101.38094988780364,2.977240345492987],[101.379470363584,2.9761399108737123],[101.37836004520852,2.9753996998318257],[101.37709970859851,2.974769979250425],[101.37588967775753,2.974119599334756],[101.37542974171458,2.974010004321542]],[[101.30968025504893,2.984039694214914],[101.310859741591,2.984660431321174],[101.3112603895982,2.9848203308949905],[101.31206977364042,2.98521019969877],[101.31230962300117,2.9852802681463686],[101.31251982834408,2.985259606395232],[101.31273991623465,2.985150011381961],[101.31311990369909,2.9849299259082045],[101.31326003938597,2.9848104483472753],[101.31353043183714,2.984699955469921],[101.31369033382788,2.984680192791302],[101.31382957165056,2.9846298882306996],[101.31419967777572,2.984339731892476],[101.3143595761411,2.9840603559661076],[101.31442964700562,2.983780082175599],[101.31447995156623,2.9834396188599044],[101.31448983290551,2.9830596326038403],[101.31440000177929,2.9827299521168698],[101.31407032129232,2.982449677117927],[101.31363014551107,2.9822403696392144],[101.31336963439918,2.9821002303270916],[101.31288993446924,2.9817103639401807],[101.31260966067873,2.981469615506853],[101.31226021630471,2.981149813942295],[101.31206977364042,2.98099979570776],[101.31173020818886,2.9806099269040374],[101.31118043981127,2.980319771774248],[101.3100296994229,2.980079922413438],[101.30879990590336,2.980029615435967],[101.30783960697084,2.9802595858743075],[101.30757011238376,2.980440145990883],[101.3074596195064,2.980689876690974],[101.30751980540629,2.980980033029198],[101.30742997307163,2.98113993139458],[101.30722964906806,2.981309715933037],[101.30699968225503,2.981449851619857],[101.3067598304774,2.981609751193673],[101.3066098134513,2.9818001962748326],[101.30659993090359,2.9820301630878703],[101.30666011680347,2.9822601323177764],[101.30681013745487,2.9824200318916496],[101.3071802423716,2.9826598812524026],[101.30762041573598,2.9828296645823684],[101.30832020476493,2.9831898881598136],[101.30873971637817,2.9834198561812855],[101.30941974152012,2.9838600319625357],[101.30968025504893,2.984039694214914]],[[101.31599002129315,2.984559819783101],[101.31584000064174,2.9846002430043654],[101.31561003141184,2.9845795812532288],[101.3153603007118,2.9846397695699807],[101.31507014437352,2.9847700239175197],[101.31486982036995,2.9848697375914526],[101.31465961381866,2.9850799429343624],[101.31448983290551,2.9852901494856496],[101.31439012044001,2.9855803058238735],[101.31442964700562,2.9858300365239643],[101.3145302585437,2.986019581324115],[101.31477998924373,2.9863097364539044],[101.31559026994171,2.9867499122351546],[101.31726023682558,2.9874398162995135],[101.31894008867408,2.9881701484189875],[101.32022018554585,2.9888896977097374],[101.32137991182623,2.9895598415124027],[101.32240039665862,2.99012038909342],[101.32305976004943,2.9905201404449144],[101.32333015491753,2.990650397209265],[101.32385027806879,2.990689921358012],[101.32390956610453,2.9907303457877674],[101.32404970420822,2.9906297354581284],[101.32416019708558,2.9905003765578613],[101.32416019708558,2.9903395791199046],[101.32396975442128,2.9899802534066],[101.3236598354045,2.98969009827681],[101.32273007956246,2.989060376486975],[101.32258994145877,2.989060376486975],[101.3221300042074,2.989019954474088],[101.32205005442046,2.988910359460874],[101.32198986852057,2.9888501735609907],[101.32190003739436,2.98870015290953],[101.32182008519055,2.988390233892744],[101.32175989929067,2.988289622354671],[101.32151016859063,2.98803989165458],[101.32001986154228,2.9870697113827873],[101.31841008055824,2.9859001061799972],[101.3181801137452,2.985820153976249],[101.317739937964,2.9857303228500314],[101.31727011937335,2.9853395561821117],[101.31644007599681,2.9848104483472753],[101.31614992086702,2.984690074130583],[101.31599002129315,2.984559819783101]],[[101.25852030543314,3.0158202903943447],[101.25821038641635,3.01583017294206],[101.25809989353894,3.0158499332037536],[101.25795975543525,3.015980189968161],[101.25787980564837,3.0161499708813153],[101.25786004176132,3.016299991532719],[101.25791034873879,3.0163997015813493],[101.25796963677459,3.0164796549935886],[101.25806036576495,3.016559603572034],[101.25818972466516,3.0166000267933555],[101.25833974289975,3.0166197906804086],[101.25852030543314,3.0166099081326934],[101.25877003613323,3.0166395533589707],[101.25936023014896,3.0166503337708264],[101.25990011718727,3.0166197906804086],[101.26011032253018,3.0166395533589707],[101.26021003620411,3.0166296720196897],[101.260289985991,3.0166000267933555],[101.26033041042075,3.0164796549935886],[101.26031962880046,3.0163799413196557],[101.2602199175434,3.016280227645666],[101.25997018442649,3.016220039328914],[101.25973033506568,3.016220039328914],[101.2593997542977,3.0161697347683116],[101.2592299733846,3.0161203280718496],[101.25902964938098,3.0160502584158166],[101.25878980002022,3.0159101227289398],[101.25852030543314,3.0158202903943447]],[[101.23594025242636,2.9116399816145986],[101.23581988062654,2.911659741876349],[101.23570040306561,2.9117702347537033],[101.23550007906198,2.91201996907904],[101.23537970484534,2.912150222218145],[101.23528987251069,2.912279581118412],[101.23528987251069,2.9123999553350473],[101.23535994095829,2.9125104482124584],[101.23550996040126,2.9125104482124584],[101.23573004829188,2.912479905121984],[101.23596001631336,2.9124403785563686],[101.23610015441704,2.9123002428695486],[101.23613967856579,2.9121403408788638],[101.23604984743957,2.9117801173014186],[101.23594025242636,2.9116399816145986]]]}},{"type":"Feature","properties":{"enclave":true},"geometry":{"type":"Polygon","coordinates":[[[101.66437013383984,2.964109673328437],[101.66469981432681,2.9611596059474437],[101.66577959082025,2.958240082865416],[101.66645961596225,2.957680431940105],[101.6671396374789,2.9571198819422193],[101.66801010528519,2.956599758790901],[101.66810981895912,2.956550352094439],[101.66969983847298,2.95537984661064],[101.67042028562787,2.95537984661064],[101.67089010421853,2.95556040793565],[101.67259959887645,2.954159933221945],[101.67279992288007,2.9539901511003563],[101.67357966169595,2.953419722180058],[101.67458038505822,2.952250116977268],[101.6757401077133,2.95127005415776],[101.67622969019095,2.950629554372938],[101.67634018306836,2.949919886421526],[101.67590988862645,2.9471701442525955],[101.67580029723848,2.946940173814255],[101.67567004047407,2.9466697813630276],[101.67509961034534,2.9463203369890607],[101.67428034738066,2.946340100876057],[101.67400995251262,2.9463904054366594],[101.67320955557079,2.946279912559305],[101.67306043640883,2.946170317546091],[101.67211989773807,2.946079588555733],[101.67054964452808,2.94591968898186],[101.66999987373367,2.9458397391949234],[101.66923001988232,2.945660075734054],[101.66870001176648,2.9454399878434856],[101.66832002430203,2.9452297825005758],[101.66801010528519,2.9450096946100075],[101.6677100700245,2.9447797265885356],[101.66744955770417,2.9445596386979105],[101.66717018056937,2.9443898577847563],[101.66691955321357,2.9443099079978765],[101.66665005862654,2.9442802627715423],[101.66642996952748,2.9443099079978765],[101.66627007116205,2.9443503336360095],[101.6673103198815,2.943450220603438],[101.66754028669453,2.943249895391432],[101.6676903061375,2.943140300378161],[101.66783044182432,2.943000164691341],[101.66794003804597,2.9428600265876526],[101.66802986917219,2.942739652371017],[101.66818976874606,2.942530346100682],[101.66855987607966,2.9420201030802673],[101.668869793888,2.941589808638355],[101.66923001988232,2.941100228577568],[101.66955970036929,2.9405998668964344],[101.66977978825992,2.9401803516579434],[101.66993968783373,2.9398201280804983],[101.67013012928959,2.9392200527254317],[101.67021996162424,2.9388203049992967],[101.67030979275046,2.9384196557836617],[101.67039962387668,2.93755996838928],[101.67050023541475,2.9370398428210933],[101.67006006205042,2.935379754859639],[101.66993968783373,2.93490993626898],[101.66992980528602,2.934890174798795],[101.66944022280836,2.933239969385056],[101.66915006767852,2.9322796704525445],[101.6689901681047,2.931749665962002],[101.66895962501422,2.9315897639712603],[101.66894974246651,2.931429864397444],[101.66900004944398,2.9311495906069354],[101.66903957480116,2.9309896886162505],[101.6691204248691,2.9308396715900926],[101.66927044189521,2.9306097011517522],[101.66956958170857,2.9301102397516843],[101.66969983847298,2.929870387974063],[101.66974026048587,2.929740133626524],[101.66980044880262,2.9293502648227445],[101.6698202102728,2.9291499408191726],[101.6697896695992,2.928960396019022],[101.66974026048587,2.928779834694012],[101.66966031069893,2.9285202226546403],[101.66965042935965,2.9283603206639555],[101.66968007458598,2.928280370877019],[101.66973037914659,2.92821030242942],[101.66981033135033,2.9281599966603835],[101.66991992394674,2.9280998107604432],[101.6710904282221,2.9276596337708156],[101.67098981789246,2.927310190605283],[101.67088022287925,2.926979612254115],[101.6707104419661,2.9267999487933025],[101.67125032779597,2.9266903537800317],[101.67140034844738,2.926659810689614],[101.67148029823426,2.9266202865408673],[101.6713500414699,2.9264298402512736],[101.67141022978666,2.926410079989523],[101.67240017152858,2.925950142738145],[101.6726202594192,2.924900010262604],[101.6731700277968,2.9240502042075036],[101.67346018413502,2.9236001482954066],[101.6739201213864,2.923089905274992],[101.67400007359015,2.9225203754272684],[101.67394976661268,2.922499713676075],[101.67373956006139,2.9223595755723863],[101.67353025499949,2.92219967599857],[101.67331016710892,2.9219499428816675],[101.67319967423151,2.9216903296338614],[101.67316014645752,2.921410055843353],[101.6731897916838,2.9211396646005596],[101.67329040322187,2.9208800513528104],[101.67364972893517,2.920190144871526],[101.67383028905175,2.9198496815558315],[101.67385993548646,2.919670019303396],[101.67382041012934,2.9194903558425267],[101.67371979738283,2.919319677065232],[101.67362008612571,2.919149896152078],[101.67354013392196,2.9189801152389805],[101.67348982936136,2.918789670157821],[101.67350959324835,2.918549820797068],[101.67354013392196,2.9183701573361986],[101.67361020478643,2.9181096474326864],[101.67362996504818,2.9178500317680687],[101.6736398475959,2.917590419728697],[101.67360032223871,2.9173496725038035],[101.67352037245178,2.9171197032738974],[101.67345030279574,2.9170002257129113],[101.67339999823514,2.9168699725738065],[101.67335957259695,2.916749597148737],[101.67334969125767,2.91662023824847],[101.67333980991833,2.9158000774197035],[101.6731897916838,2.91574977165061],[101.67165996048669,2.9157803147410846],[101.67110031076982,2.9157901960803656],[101.67110031076982,2.915260191589823],[101.67067989887562,2.915270072929104],[101.67069966155424,2.9151101709384193],[101.67120990578309,2.911700167514482],[101.67121978712237,2.911519606189529],[101.67121978712237,2.911400129836977],[101.67120990578309,2.911250111602442],[101.67118026055675,2.9111099734987533],[101.6711101921091,2.9108800066857157],[101.67104012486993,2.910729986034312],[101.67092963199258,2.9105404412341613],[101.67077961134112,2.9103697624568667],[101.67062959431502,2.9102296243531782],[101.67049035407547,2.9101299106792453],[101.67029002886346,2.9100203192912772],[101.67006006205042,2.9099403695043975],[101.66980044880262,2.9098900625269266],[101.6679696832723,2.9097202816137724],[101.66772983149468,2.9096996198626357],[101.66742979381712,2.9096996198626357],[101.66723037009456,2.909710399066057],[101.66718994445637,2.9094202439362675],[101.6669896204528,2.9093600580363272],[101.6669896204528,2.9092603443623943],[101.66675965122289,2.9089603066848895],[101.66659975164907,2.9087797453598796],[101.66647039516567,2.908670150346609],[101.6663697836276,2.908609962029857],[101.66627995250138,2.908580319220391],[101.66612993305841,2.9086503864596125],[101.66582001283314,2.908880356897953],[101.66566011325926,2.9089603066848895],[101.66539960335581,2.9090195947206325],[101.6652495827044,2.9088596951467593],[101.66518041332932,2.908580319220391],[101.66505015656492,2.908409638026285],[101.66498997066503,2.9082200932261344],[101.66500973455203,2.9079703625260436],[101.66500973455203,2.9078302268392235],[101.66492978476515,2.9075499494234123],[101.66491990221743,2.907370287171034],[101.6648902569911,2.907189725846024],[101.66482018975188,2.9067702142328358],[101.66477976411375,2.906480057894555],[101.66477976411375,2.9063201559038703],[101.66498008932575,2.906250088664706],[101.6645902193136,2.9044804081067923],[101.66346013946793,2.903420396708839],[101.66327957935135,2.903239835383829],[101.66165003448032,2.9017198867344405],[101.66122962258612,2.8995199117346715],[101.66195007215788,2.896709981248989],[101.66195995349716,2.896709981248989],[101.66258967166169,2.894229732458655],[101.66263997863916,2.8940401876585042],[101.66271004708676,2.8937697952073336],[101.66285018519045,2.893239790716734],[101.6630199661036,2.8925804273259246],[101.66317986567742,2.8919498088804403],[101.6633397652513,2.891310209376627],[101.66342959637751,2.890959867138463],[101.66347990335498,2.890760439790597],[101.66416980983621,2.8899600404319585],[101.66490013953882,2.889580052967517],[101.6651696341259,2.889229711937787],[101.6651696341259,2.888549686795784],[101.66427042137434,2.8871599912855572],[101.66423987828387,2.8868797174950487],[101.66417968875868,2.8861502856565835],[101.66413028206222,2.8855996194148474],[101.66423987828387,2.885419957162412],[101.66465040763035,2.8847201681334127],[101.66500973455203,2.8841003313082183],[101.66567987714632,2.882949587294547],[101.66607962849776,2.882070138429981],[101.66697973911351,2.8800597094387967],[101.6672698942433,2.8794299912743213],[101.66935039168214,2.880979583941553],[101.67014001183736,2.8815796592966194],[101.67130961945702,2.8824896512516034],[101.67266966611567,2.8835604430614694],[101.67271997309314,2.8835604430614694],[101.67272985564085,2.883510138500867],[101.67285022985754,2.8829702490457407],[101.67295982245389,2.8824402445551414],[101.6730703153313,2.8819201189870114],[101.67322033477427,2.8812302149225957],[101.67335957259695,2.8805995964771114],[101.67330028456115,2.880589713929396],[101.67333980991833,2.8804001691292456],[101.67378986703886,2.879650076748021],[101.67483999830597,2.8778902787379366],[101.67595031426458,2.8762903790931773],[101.67597007815164,2.876419735576576],[101.67612997772545,2.877650426960315],[101.67637970842554,2.8781103642116364],[101.67633030172908,2.8785604213321676],[101.67650008264218,2.8790203585835457],[101.67628987609089,2.8794704132872084],[101.67636982829464,2.8799303505385865],[101.67682976554602,2.8798899285256994],[101.67678035643269,2.8812697390713424],[101.6775699765879,2.8812697390713424],[101.67794996405235,2.8812697390713424],[101.6779903884821,2.881150265135716],[101.67818981582997,2.880949941132087],[101.67832995151679,2.8808098018199644],[101.67875036341098,2.8804001691292456],[101.6789902127718,2.88016032097687],[101.67991008969136,2.8792602079442986],[101.68096021975009,2.8798297402088906],[101.68095033720238,2.8802501521030877],[101.68216036804336,2.88021960901267],[101.68206963784456,2.8812796216190577],[101.68208041825642,2.8817799833001914],[101.68263018663401,2.8817898646394724],[101.68312965045095,2.8817799833001914],[101.68398035437025,2.8820503745429846],[101.6845903110646,2.8820503745429846],[101.68493975543856,2.8819704259644823],[101.68551018556735,2.8816901509655395],[101.68622973485805,2.881910240064599],[101.68638963443192,2.8828301133589207],[101.68650012730927,2.8834795954104493],[101.68657019817374,2.8840599068784627],[101.68666991063924,2.8849097129335632],[101.68680016498678,2.8849097129335632],[101.68832999618388,2.8848297631466835],[101.68880969611382,2.887750185301286],[101.68944031455936,2.889449797411544],[101.68971969169417,2.8919102847316935],[101.69128006235644,2.893239790716734],[101.69318988101793,2.893329621842952],[101.69562970658694,2.893159838512986],[101.6978503397126,2.893640439932369],[101.69896964035479,2.894200089649246],[101.69895976143232,2.8987401741271697],[101.70071955944246,2.8994004353821197],[101.70241019049439,2.8998603726334977],[101.70318992568502,2.9014602710698227],[101.70317016542333,2.9018501398735452],[101.70306955146839,2.903839908322027],[101.70300038088487,2.90507958318085],[101.70294019498499,2.9055601821834216],[101.70189994626554,2.905819796639605],[101.7002299769648,2.9062303247776526],[101.69891035231899,2.9065600076814917],[101.69889957311557,2.9075795958581807],[101.69888969056785,2.9078598696486893],[101.69888969056785,2.9086602690073278],[101.69887980922857,2.909590024849365],[101.69887980922857,2.909689738523298],[101.6994196986837,2.9096699746363015],[101.70113997133666,2.909650213166117],[101.70186041969998,2.909640331826836],[101.7019502508262,2.909640331826836],[101.70194037190373,2.9114701970761985],[101.70192958907501,2.913300065950807],[101.70256020752055,2.913290184611526],[101.70327975801968,2.913280302063754],[101.7043496519654,2.9132596415210514],[101.70453021208198,2.9132596415210514],[101.70540966336341,2.9132398800509236],[101.70660981165668,2.9132201161638704],[101.70872983566107,2.9131895730734527],[101.70868043017305,2.915059867586251],[101.70868043017305,2.916630120796185],[101.70868043017305,2.9168196655963357],[101.70878014263855,2.918530056910015],[101.70894992476013,2.9204803000013158],[101.70910982312552,2.9220298950854158],[101.7093002657898,2.923880422085915],[101.70926972269939,2.9245900924541957],[101.70922031600293,2.9255099669569518],[101.7091502487637,2.927179936257744],[101.70909994178623,2.9282201849771354],[101.70909006044695,2.9295002818489024],[101.70926972269939,2.9295002818489024],[101.71129003423829,2.9295101643966177],[101.71289981522233,2.9295002818489024],[101.71470992020988,2.929469738758428],[101.71666016330119,2.929469738758428],[101.71683982676205,2.929469738758428],[101.71683982676205,2.929229890606109],[101.71765998638244,2.92923977194539],[101.71849003217585,2.9292496544931055],[101.71932995568324,2.929260433696527],[101.71988960660855,2.9292703150358648],[101.72016988039906,2.9292703150358648],[101.72100980511487,2.9292900765059926],[101.72183984969979,2.9293098403930458],[101.7220796990606,2.929319721732327],[101.72267977441561,2.929319721732327],[101.72352958047077,2.929319721732327],[101.72720997634588,2.9293403834834635],[101.7286203336073,2.929319721732327],[101.72879999585973,2.929329603071608],[101.73116975177265,2.9293502648227445],[101.7319800300537,2.9293502648227445],[101.732870261747,2.9293502648227445],[101.73420965027981,2.9293601461620824],[101.73418988639281,2.9308800960198482],[101.73418000384504,2.931630188401016],[101.73411981794516,2.9340601302138793],[101.73410993660588,2.9360202558528954],[101.7341000552666,2.937220402937669],[101.73408029137954,2.9388400652609903],[101.7340596296284,2.940580103009381],[101.7340596296284,2.9416796397645726],[101.73404974828912,2.9427603129137196],[101.73404974828912,2.9429498589223044],[101.73404974828912,2.94468001412298],[101.73404974828912,2.9455100562910843],[101.73404974828912,2.9461002490984356],[101.73404974828912,2.9473201612786966],[101.73404974828912,2.9493296924057404],[101.73404974828912,2.9509798990279705],[101.73404974828912,2.9524198978904224],[101.73404974828912,2.953109801954838],[101.73403986815822,2.953419722180058],[101.73256034152178,2.955410387284246],[101.71681018032734,2.9554903394879943],[101.71681018032734,2.964290233444956],[101.71605020660684,2.963990195767451],[101.7156702191424,2.9643396425582864],[101.71530011301724,2.9642399300927877],[101.71491024421351,2.963470073824624],[101.71442964641938,2.9631403897123505],[101.71430028993603,2.962710098895684],[101.713949945281,2.962390297331183],[101.71281986543539,2.9618198672023937],[101.71205000916717,2.9618297497501658],[101.71154964627766,2.962150447970373],[101.71062977298334,2.9623301114312426],[101.71028032860931,2.9621702118574262],[101.71027044727003,2.963729685863939],[101.71008988594502,2.963729685863939],[101.70976020304118,2.963729685863939],[101.70739044712826,2.9637099219769425],[101.70542044377527,2.963690161715192],[101.70484013109882,2.963690161715192],[101.70483024975948,2.9669995548094903],[101.70483024975948,2.9672403008259494],[101.70351960858886,2.9683497225457245],[101.70122980367131,2.968659639145642],[101.701350177888,2.9703897943463176],[101.70144000901422,2.9703897943463176],[101.70156038202242,2.9720804253983033],[101.70224040595599,2.9734503546046653],[101.70461016186891,2.9755802611568356],[101.70450955033084,2.975759923409271],[101.70538990068479,2.976219860660649],[101.70721976835102,2.9775098400800744],[101.70745961771178,2.977679623410097],[101.70893016087308,2.979310066145274],[101.70911970567323,2.9795301516190307],[101.70949969313773,2.980220058100258],[101.70974044157106,2.980650352542227],[101.70955987903761,2.9824002680045965],[101.71010964983208,2.982950036382192],[101.70948981058996,2.9834899258373753],[101.70901011066002,2.9834396188599044],[101.70843968053128,2.9832303137980034],[101.70820971371825,2.9809701504814825],[101.70744973878931,2.9800898013359074],[101.70653974441746,2.979799646206061],[101.70628013116965,2.979089978254649],[101.7053198322372,2.9790800957069337],[101.70518957547279,2.9790800957069337],[101.70433976941769,2.978470139012586],[101.70432000553063,2.9784503775424014],[101.70378011970081,2.9777002851612338],[101.70321957091136,2.9775296039671275],[101.70245959719085,2.9773598230539733],[101.70189006492626,2.9773598230539733],[101.70040964042562,2.9770400214894153],[101.69937028957037,2.9767202223417257],[101.69936040943952,2.976739986228779],[101.69892023365827,2.9768298173549965],[101.69858965289029,2.9765603227679094],[101.69849982176407,2.9764803705641043],[101.69843963586419,2.976420184664221],[101.69835968607725,2.9764004207771677],[101.69793029191635,2.9764004207771677],[101.69711012867072,2.976100383099663],[101.69590009903817,2.975459885731709],[101.6958497920607,2.975430240505432],[101.69583991072136,2.975459885731709],[101.69186037503289,2.9729697556021506],[101.69190978414622,2.972840400327186],[101.69128006235644,2.972519700898488],[101.6908398902005,2.9723499199853336],[101.69045002018834,2.9722403249721197],[101.68984006349399,2.9720597636471098],[101.68878993343526,2.9716797761826683],[101.6884198273101,2.9714803500432367],[101.68712984789062,2.971200076252728],[101.6863195671927,2.9709099199145044],[101.68530986156372,2.9709602244751068],[101.68461007253472,2.971180312365675],[101.68432979874422,2.971430043065766],[101.68414025394407,2.971439924405047],[101.68363989226293,2.9714803500432367],[101.68278020366012,2.9716698948433873],[101.681769600167,2.971889980317144],[101.68170043079198,2.9715099928526456],[101.68133032466682,2.9715198741919835],[101.68135008613694,2.9716195878659164],[101.68142015700147,2.971940287294615],[101.68074013185947,2.9720301184208324],[101.68046973940824,2.9720597636471098],[101.68022000629134,2.9720804253983033],[101.67967023791374,2.9721397134340464],[101.67905040108855,2.97219989933393],[101.67771011469159,2.972170256524521],[101.67771011469159,2.971960049973177],[101.6772897027974,2.9716797761826683],[101.6758703644777,2.9719196255434213],[101.67493971077153,2.971849558304257],[101.67430999019012,2.9715198741919835],[101.67405037815081,2.9713797385051635],[101.67348982936136,2.9713698571658256],[101.67258971632873,2.9710797008276018],[101.6720498304989,2.9708596129370335],[101.67132039866044,2.9701795877950303],[101.6710904282221,2.970009806881876],[101.67083980086636,2.9699199757556585],[101.67030979275046,2.969869671195056],[101.67003041682409,2.969789718991308],[101.6697699057122,2.9696801263949055],[101.66933961247867,2.9694097315268095],[101.66924978014407,2.9690099838006745],[101.6686901304272,2.9687198274624507],[101.66815024338888,2.968370383088427],[101.66800022636278,2.9682697703419194],[101.66755016803381,2.9678799039550086],[101.66715042030762,2.967630169629672],[101.66700039965622,2.967529559300033],[101.66680007565265,2.9672501821652304],[101.66640032430115,2.9665503967615336],[101.66565023191998,2.96600960944221],[101.66509956567825,2.9656296219777687],[101.66485971390063,2.9653700099384537],[101.66430006418375,2.9647304104346404],[101.66437013383984,2.964109673328437]]]}}]}