{"type":"FeatureCollection","crs":{"type":"name","properties":{"name":"EPSG:4326"}},"features":[{"type":"Feature","geometry":{"type":"MultiPolygon","coordinates":[[[[101.24883017857445,3.3151595794655577],[101.24932964239144,3.3146996422141797],[101.25038965499789,3.3144400289663736],[101.25132030749563,3.3139100220589626],[101.25195990820788,3.3135102731243364],[101.25316005891796,3.3132102354468316],[101.25445991967672,3.3125104476262663],[101.25612000763823,3.3114800802461559],[101.2570201170455,3.3113803677806004],[101.25745041148741,3.310909651325801],[101.25804958656147,3.3108503596647552],[101.25857959467737,3.3109500733386881],[101.2589496995941,3.3103796432099557],[101.25958031562271,3.3102898120837381],[101.25982016740033,3.309679857806259],[101.2598498102098,3.3092495633643466],[101.25998994831349,3.3091399683510758],[101.26031962880046,3.3092396820250087],[101.26068973734249,3.3089396443475039],[101.26075980458165,3.3086099638605333],[101.26142006583666,3.3086701497604167],[101.2618198171881,3.3087797447736875],[101.26251960259179,3.3084401817389448],[101.26311967794686,3.307980245696001],[101.26348978407202,3.30747988280649],[101.26325981605055,3.307140318563313],[101.26272980914314,3.3066103140727705],[101.26263009546921,3.3064396352954759],[101.26325981605055,3.3064396352954759],[101.26318974639452,3.3059401702701052],[101.26318974639452,3.3057003184924838],[101.26365956498518,3.3056095895021258],[101.26422011498306,3.3060102387177039],[101.26448960957015,3.3061800196308582],[101.26471957759162,3.3058099135056978],[101.26482018792126,3.3054101633626374],[101.26453003279141,3.3048702763243796],[101.26400002709244,3.3043699146432459],[101.26385988898875,3.3040698769657411],[101.26395960266268,3.3040402341562753],[101.26436025066988,3.3039998085180855],[101.26508968250829,3.304270200969313],[101.26543014461561,3.3043097287433625],[101.26506003969888,3.3036997708405806],[101.26499985138213,3.3035003471179607],[101.26552985828954,3.3035003471179607],[101.26596015031458,3.3036701280311149],[101.26622964490167,3.3035102260404301],[101.26626018799215,3.3028400834461422],[101.26582989596704,3.3023999100818173],[101.26573018229311,3.3021699396434769],[101.26597003165386,3.301770191917285],[101.2659996768802,3.3014997970491891],[101.26597003165386,3.3011701165622185],[101.26642996890524,3.3011296921324629],[101.26659975223527,3.300899724110991],[101.26712975793424,3.3007703652107807],[101.2680002245321,3.3010704028882856],[101.26855987545741,3.301039859797811],[101.26819965187997,3.3004999739679874],[101.26809993820603,3.3002403607201813],[101.26849968955753,3.3001397491821081],[101.26849968955753,3.2995702181259503],[101.26833978756679,3.2992297548102556],[101.26809993820603,3.2990303286707672],[101.2687000135611,3.2987698175588775],[101.26886979447426,3.298529969406502],[101.26944022460299,3.2984697798813158],[101.26950041050287,3.298029606516991],[101.26967019383289,3.2975301426999977],[101.26983997595443,3.2967998142058264],[101.27044004768419,3.2966695574414757],[101.27067001812253,3.2964000628543886],[101.27021008087115,3.2958997011732549],[101.27004029995805,3.2954604256730704],[101.27071044255229,3.2952996258181884],[101.27124044704289,3.2947597387799306],[101.27180997930748,3.2947597387799306],[101.27194023607183,3.2936602020247392],[101.27261037987455,3.2927600889921678],[101.27368027019497,3.291859978376408],[101.27421027831082,3.2907200171915179],[101.27514991549214,3.2903903330792446],[101.27558020993411,3.289630359358739],[101.27648032054981,3.2889296724655992],[101.27648032054981,3.2883197181881201],[101.27718010837037,3.2873198914816157],[101.27749002617878,3.286620106077919],[101.27824999989923,3.2862598800836054],[101.27819969654706,3.2856499258061262],[101.27847008778986,3.2853103603545719],[101.27896955281523,3.2847102874163738],[101.2815701758222,3.2807100899767079],[101.28343956884555,3.2784104025114402],[101.28484004114239,3.2769398605585138],[101.28504036514602,3.2763397852034473],[101.28528021692364,3.2758403225948882],[101.28665014613,3.2749402095623168],[101.28741012105894,3.2736996368393534],[101.28781975374966,3.2729001377616669],[101.28795001051407,3.271869767964688],[101.28868033900824,3.2713999493740289],[101.28961997618956,3.2692996892566271],[101.29066022490895,3.2676297223727033],[101.29108962148678,3.2664295716625702],[101.29198973210248,3.2658896846243124],[101.29228976977998,3.2657899721588137],[101.29175976528944,3.2651198283560916],[101.29235983701921,3.2639798671712015],[101.29467030489633,3.2595098499324422],[101.29576984406839,3.2570700267802977],[101.29683973559725,3.2559399445178201],[101.29783956230375,3.2552698019235891],[101.29886992847548,3.2557099777047824],[101.29963978474365,3.2552401579056891],[101.29990029585559,3.2546400837590568],[101.3003000459986,3.2556803312700708],[101.30129987270516,3.2562498635346628],[101.30189006309564,3.2570601454410166],[101.30316028225337,3.2571302126802379],[101.30395978374787,3.2566298509991043],[101.30424994008609,3.2566999194467598],[101.30441972099925,3.2566999194467598],[101.30469999478976,3.2568400575504484],[101.30434965255159,3.2563998841860666],[101.30356991494409,3.2563001705121337],[101.30279017612821,3.2560001328346289],[101.30240030732443,3.2556399092571837],[101.30215955768267,3.2550200700151208],[101.30199965810885,3.2545197083339872],[101.30159990796579,3.254149603417261],[101.30133041337871,3.2536195977182274],[101.30129987270516,3.2536195977182274],[101.30085969692391,3.2522002606069691],[101.30088035746667,3.2520798851818427],[101.30089024001438,3.2517097802651165],[101.30089024001438,3.2516998977174012],[101.30082017156673,3.2514501670173672],[101.30153972206591,3.2481003494933702],[101.30153972206591,3.2478802616027451],[101.30124956572769,3.2475200380253],[101.30098995368832,3.2472999501347317],[101.30083993303691,3.2470097937965079],[101.30083993303691,3.2469100801225181],[101.30080040767973,3.2467798245666017],[101.30075998324997,3.2466603494224842],[101.30068991601081,3.246430380192578],[101.30067015212376,3.2462201736412908],[101.30061984756315,3.2459902068282531],[101.3005596592464,3.2454404384506574],[101.300430302763,3.2449499581088048],[101.30037999578553,3.2447101063311834],[101.30037011444625,3.2445996134538291],[101.30031980988565,3.2443903071834939],[101.30029016465932,3.2440300811892371],[101.30029016465932,3.2438603002760829],[101.3002802821116,3.2436896214987883],[101.30025962156884,3.2434803128116414],[101.3002003335331,3.2433204132377682],[101.30018955312124,3.2431596145913772],[101.30015991031178,3.2429700722080952],[101.30012038374616,3.2426098450053473],[101.30014014642478,3.2421103836052225],[101.30023986009871,3.2418498712848987],[101.30022997875943,3.2416800891633102],[101.30025962156884,3.2414402410109915],[101.30027040318919,3.2405302454307048],[101.30040964101187,3.2400397662972864],[101.30040964101187,3.2397496099590626],[101.30047970945947,3.2395097605983096],[101.30050037121066,3.2392402660112225],[101.30053001643694,3.2390597034777784],[101.30059020233688,3.2388602797552153],[101.30068991601081,3.2385898848871193],[101.30071956123709,3.2383796807526437],[101.30073034044051,3.2377203173618341],[101.30076986458926,3.2371400058938207],[101.30078962847631,3.2364599807518175],[101.30081029022745,3.23618958830059],[101.30092976416313,3.2356496988454637],[101.3010501395882,3.2352499487024033],[101.30126034493111,3.2346696372343899],[101.30135017726576,3.2343201928603662],[101.30173016352177,3.2336698129446972],[101.30189006309564,3.2333796578149077],[101.30212991487326,3.2329996703504662],[101.30239042477672,3.2326699898634956],[101.30273986915074,3.232270238512001],[101.3029303142319,3.2319702008344962],[101.30296983958908,3.231750112943871],[101.30318004493193,3.2312497512627374],[101.3034297768404,3.2306397969852583],[101.3035501510571,3.2300496029694727],[101.30371005063097,3.2297298014049716],[101.30391037463454,3.2295195984789302],[101.30411968332169,3.2292698653620278],[101.30424005753838,3.2290398973405559],[101.30430024343826,3.2287596211331788],[101.30455985668607,3.2284398219854893],[101.30470987612904,3.2280598345210478],[101.30487965825063,3.2277400341649241],[101.30498026858027,3.2273798105874789],[101.30484013289345,3.2269998231230375],[101.30487965825063,3.2268596850193489],[101.30503955661601,3.2266800215584794],[101.30538990127104,3.2265497672109404],[101.30560010782233,3.226309915433319],[101.30570970041867,3.2259901174940637],[101.30588038161284,3.2257601470557233],[101.30588038161284,3.2257502657164423],[101.30605016252599,3.2255697055998667],[101.30605016252599,3.2254098060260503],[101.30606992641299,3.2251699542484289],[101.30615975753921,3.224930104887676],[101.30636008275121,3.2231604219129508],[101.3063304363165,3.2227301310962844],[101.30623970732614,3.2225899929925959],[101.30615975753921,3.2224103295317832],[101.30612023097359,3.221839899402994],[101.30615975753921,3.2213296563825793],[101.30619029821281,3.2207502451955747],[101.30626036907728,3.2186302199826855],[101.30626036907728,3.217839701963328],[101.30623970732614,3.2174300692726092],[101.30619029821281,3.217120152672635],[101.3060798053354,3.2152696232552671],[101.30601961943552,3.2148096860038891],[101.30600973809624,3.2141898467618262],[101.30597021273906,3.2134397543806585],[101.30593966964858,3.2126501366423099],[101.30590014308302,3.2121003658478458],[101.30590014308302,3.2116997190491361],[101.30594955219635,3.2107600794508926],[101.3059100244223,3.2089302129931525],[101.3059297883093,3.2084298513120189],[101.3059100244223,3.207560281369922],[101.30600973809624,3.2060403327205336],[101.30603039863894,3.205450138704748],[101.30599985554852,3.2046802824365841],[101.30600973809624,3.2041799207554504],[101.30609956922245,3.2028701774489718],[101.30608968788317,3.2024003588583128],[101.30611034842588,3.2021299664070852],[101.30623970732614,3.2016296047259516],[101.30631965711308,3.2010097679007572],[101.3063304363165,3.2005902538707005],[101.30641038610338,3.2001401979586035],[101.30664035654172,3.1993595624870181],[101.30666999935119,3.1989104044390615],[101.3067598304774,3.198359735780457],[101.30687032335476,3.1978198499506334],[101.30704010426791,3.1973096057217845],[101.30704998681563,3.1968595510181217],[101.30705986815491,3.1963897312190284],[101.30712005647172,3.1961301191796565],[101.30726019215854,3.1956396388378607],[101.30743985561941,3.194620051869606],[101.30762041573598,3.193959790614656],[101.30774977463619,3.193649870389379],[101.30796986252682,3.193400139689345],[101.30849986822579,3.1927299970950571],[101.30836961146144,3.1925395520138977],[101.30820971188757,3.1922296354139803],[101.30785038617427,3.1916699844886693],[101.3076302982837,3.1914400152587632],[101.30750004393616,3.1912100472372913],[101.30744973695869,3.1909396523691953],[101.30753956929334,3.1905399046430034],[101.30772012940992,3.1901096102010911],[101.30778031772667,3.1898598795010571],[101.3078000791968,3.1894897745843309],[101.30791955554935,3.1893002297841804],[101.30812976210063,3.1890298349160844],[101.30815042385183,3.1887801042160504],[101.30812976210063,3.1880704362645815],[101.30831032342564,3.1860195816352075],[101.30817018773882,3.185590187474304],[101.30811988076135,3.1852901497967991],[101.30812976210063,3.1849101623323008],[101.30820971188757,3.1843900367641709],[101.30826001886504,3.1838501509343473],[101.30817018773882,3.1834800448091869],[101.30815042385183,3.1831198188148733],[101.30827978033523,3.1827398313504318],[101.30833008610426,3.1823903869764081],[101.30825013752576,3.1819600961597985],[101.30832020476493,3.181580108695357],[101.30838039066487,3.1808704383270765],[101.30839027200415,3.1803601940982276],[101.30824025497805,3.1794304382561904],[101.30811988076135,3.1792696420266111],[101.30802016708742,3.1790396715882707],[101.30798962399695,3.1785096670977282],[101.30788991032301,3.1781395609725678],[101.30777043638739,3.1778700663854806],[101.30774977463619,3.177410126717291],[101.30773989329691,3.1769600720136282],[101.30781984308385,3.176599848436183],[101.3078602675136,3.1762998107586782],[101.30788991032301,3.175939587181233],[101.30800040320042,3.1757500423810825],[101.3080300484267,3.1754203594772434],[101.30812976210063,3.1752101529258994],[101.3087298374557,3.1747295551318189],[101.30901999379392,3.1744097559841293],[101.30915024693303,3.1741303800577612],[101.30911970384261,3.1736596636029617],[101.30909006103315,3.1733802876765935],[101.30908017969386,3.1731799624645873],[101.30880978724264,3.1731700811252495],[101.30843968232591,3.1731404358989721],[101.30818994800057,3.1730595882478951],[101.3080300484267,3.1729203504252155],[101.30789979287073,3.1727496692310524],[101.30781984308385,3.172540362960774],[101.30783960697084,3.1723301564094299],[101.30789979287073,3.172139713745139],[101.30802016708742,3.1718899806282366],[101.30800040320042,3.1716402499282026],[101.3079500998482,3.1714902329020447],[101.30796986252682,3.1711596521340653],[101.30809023432664,3.1709198003564438],[101.30831032342564,3.1708003252123831],[101.30841003589114,3.1706997148826872],[101.30848998567808,3.1705398128920024],[101.3084297997782,3.1703897946574671],[101.30836961146144,3.1703296063407151],[101.30833008610426,3.1702200137443128],[101.30833008610426,3.1699702806274104],[101.30835972891367,3.1697501951536537],[101.3084297997782,3.1695696314117754],[101.30838039066487,3.1693702076892123],[101.30811988076135,3.1687503684471494],[101.30782972442313,3.1682095847531286],[101.3078000791968,3.1679903947266439],[101.30783960697084,3.1678295972886872],[101.3079303359612,3.1676795766372834],[101.30796986252682,3.1675097957241292],[101.30791955554935,3.167100165450222],[101.3079500998482,3.1669402634595372],[101.30806957378388,3.166689634895306],[101.30811988076135,3.1665297329046211],[101.30813964464841,3.1661299851784293],[101.30809023432664,3.1658101836138712],[101.30803993097442,3.1656296234973524],[101.30805969486147,3.1653897717196742],[101.30826989778745,3.1649900227851049],[101.30901999379392,3.1657796405234535],[101.31009976666212,3.1666501083297476],[101.31091004856847,3.1670103343240044],[101.31176973596286,3.1675097957241292],[101.31266984657861,3.1676104072622024],[101.31329956715996,3.1675601027016],[101.31379992642422,3.1675601027016],[101.31442964700562,3.1677002383884201],[101.31532975762133,3.1684296702268853],[101.31609961388949,3.1687503684471494],[101.31664040120882,3.1688402007818013],[101.31730964593891,3.1687997775604799],[101.31741025747704,3.1683398378922334],[101.31767975206407,3.1679400901660415],[101.32652007045078,3.1592596701447633],[101.32976029417,3.1630298983545231],[101.34456991911054,3.1624801299769274],[101.34448996690674,3.1754598860428587],[101.37113040446155,3.1753502910295879],[101.37115016714012,3.1864696363388703],[101.39915963603715,3.1865495861258069],[101.40087990989855,3.1865603653292283],[101.40155005249284,3.1867795565641472],[101.40155005249284,3.1871496614808734],[101.40158957664158,3.1915900347017327],[101.40203963497049,3.1920499719531108],[101.40279960989943,3.1921398030793284],[101.42934033015496,3.1922502959566827],[101.4525303386477,3.1921802263006498],[101.46306039022221,3.1924703814304394],[101.46704980845846,3.1925700951043723],[101.46855987576851,3.1925700951043723],[101.46930996814967,3.1933803758022918],[101.47094041088485,3.195339601160299],[101.47191957342335,3.1960097449630211],[101.47341976060261,3.1962397141929273],[101.47489030376391,3.1958399628414327],[101.47608955419304,3.1951302948900207],[101.47621980854058,3.1943802000919845],[101.47711003902543,3.1935798031502145],[101.47822035860935,3.193129744821249],[101.47893002535233,3.1930497950343124],[101.48013017606246,3.1924703814304394],[101.48123959536531,3.1920697334232386],[101.48248016808833,3.1923401282913346],[101.4843603415236,3.1927398760175265],[101.48498017955723,3.1931504065723857],[101.48649024686728,3.1925700951043723],[101.48716039067,3.1923095852008601],[101.48800031538582,3.1921703461697462],[101.48960021382209,3.1921802263006498],[101.48991013283893,3.1920903939659979],[101.49016974608668,3.1914696604850405],[101.48991013283893,3.1908004145465156],[101.49045001987719,3.1898203517270076],[101.49101955214178,3.1895104351270334],[101.49146960684544,3.1890603780065589],[101.4914300826967,3.1882195554265991],[101.49125041923583,3.1877299729488868],[101.49129982593234,3.1869699992284382],[101.49174000171354,3.1861201919648465],[101.49272006211618,3.184920044880073],[101.49392021282631,3.1842597812082545],[101.49521019224574,3.183949863399846],[101.49454993099079,3.2121704355039356],[101.49472959324322,3.213460414923361],[101.49462988077772,3.216849757804539],[101.49431996296931,3.2172099837988526],[101.49442955556572,3.2269198733361009],[101.49441967422644,3.2305697285376596],[101.49425977465256,3.2438396385249462],[101.49418970741334,3.2438396385249462],[101.49414030071688,3.2538298042695715],[101.49385014437865,3.2750902302137206],[101.46359039471281,3.2750102780099724],[101.46380958594767,3.2997103538127703],[101.44383015473943,3.2992198734709177],[101.44296956948085,3.2997804234688033],[101.43998985929045,3.2996995734009147],[101.43921012168295,3.3008404360752479],[101.43920023913523,3.3016300538135965],[101.43855974176728,3.3019803984686291],[101.43727964127027,3.302339724181877],[101.43664004176645,3.3034096157107342],[101.43627981577214,3.3044804075206002],[101.43564021505995,3.3047597834469684],[101.43500959903128,3.3043995598695801],[101.43415979297617,3.3036898895012428],[101.43359026192002,3.3036800105788302],[101.432729675453,3.3040402341562753],[101.43173973129421,3.3048199717637772],[101.44732011157549,3.3324503510605155],[101.44757972361487,3.3410903454436038],[101.44802977952696,3.3557301906794237],[101.44526027226254,3.355790376579364],[101.44503030544951,3.3624298233105492],[101.44566990495332,3.3634296500171104],[101.44544981706269,3.3707203745281049],[101.44544981706269,3.397350031671067],[101.44764979206246,3.397350031671067],[101.44793006585297,3.3985699426428937],[101.44892001001182,3.3992104400108474],[101.45203985830591,3.4007196106651918],[101.45290044356443,3.4004402371556921],[101.45410957654127,3.3999398742661242],[101.4550303501166,3.3999398742661242],[101.45616042996221,3.4002300306044049],[101.45723032390794,3.4010196483427535],[101.45786992462018,3.4017302165751744],[101.45842957433706,3.4023096301790474],[101.45914014256948,3.4022395593145802],[101.45970967483407,3.4015999598107669],[101.46064032854025,3.4000997738399974],[101.46142006614775,3.3993595627981108],[101.46165991550851,3.4227103675203807],[101.46179017227291,3.4354996821304553],[101.46194018929901,3.4500703543659483],[101.47151982448878,3.483379881461417],[101.41034006752733,3.5470803116428442],[101.35068025921532,3.5992499680959895],[101.17810043164963,3.5356896736013823],[101.15902021560981,3.5231500921082102],[101.11653978935965,3.4945603129515916],[101.11192963522564,3.4918698588184043],[101.10978984975105,3.490059753830792],[101.10221974568833,3.4855097880135304],[101.10234011990502,3.4853498884397141],[101.10313962019109,3.484050024055648],[101.10474041890836,3.4815904370165072],[101.10555968187305,3.4804199327411425],[101.10604027966713,3.47934015866457],[101.10662957581877,3.4784202829533797],[101.10727995573444,3.4778696167116436],[101.10765994319888,3.4778300913545195],[101.10812976178954,3.4782702647188444],[101.10855017368374,3.4784301642926607],[101.10849986670627,3.4780097548153321],[101.10788991242879,3.4776396462733601],[101.10790967389892,3.4771797102304163],[101.10823037211918,3.4765697547444461],[101.10903975616139,3.4755995744727102],[101.10953023650325,3.4746796999699541],[101.11002969790337,3.4738397740457003],[101.11051029690589,3.4732900056681046],[101.11083009726201,3.4726396257524357],[101.11137986563961,3.4717404130008731],[101.11198982354239,3.4710900306683357],[101.11220003009367,3.4704998378609844],[101.11260965915915,3.4696599131451649],[101.11316032781775,3.4698503558094558],[101.11488958394585,3.4707396896386058],[101.11506026514002,3.4708196382171081],[101.11508002540171,3.4705303809514589],[101.11407032098117,3.4699303080132609],[101.11323039626535,3.4695098961190638],[101.11295012247484,3.46921973978084],[101.113119903388,3.4689197021032783],[101.11334987020103,3.4683798150650205],[101.11456978479816,3.4669703592929864],[101.11469015659799,3.466530183511793],[101.11533963864952,3.465560002031566],[101.11559026963056,3.4651000659886222],[101.11689013159776,3.4632701971140136],[101.11742013850517,3.462639581085341],[101.11796002554348,3.4623799678375917],[101.11882959548564,3.4621302347206893],[101.11917993651531,3.4616702974693112],[101.11899039171516,3.4612498855751141],[101.11919970040236,3.4602599438331367],[101.1192203621535,3.4594703236779196],[101.11958956920608,3.4583600077193637],[101.12051034157298,3.45697031220908],[101.1217500164318,3.455199733787083],[101.12245968680014,3.4540301261674244],[101.12304988081587,3.4527697907658421],[101.12364007362322,3.452050240266658],[101.12440992747457,3.4513998615594232],[101.12485010325577,3.4506201227434872],[101.12592987612391,3.4499697428278182],[101.12661978381362,3.4497101307885032],[101.12698000739107,3.4497101307885032],[101.12818015810115,3.4489699173297481],[101.12882963894424,3.4485504057165599],[101.12970998929825,3.4484201489521524],[101.13081042391758,3.448289892187745],[101.13145990476067,3.4479099047233035],[101.13183989222512,3.4472604226717749],[101.13208962655045,3.4471104056456738],[101.13295021180903,3.4472397621290725],[101.13364999721273,3.4474400861326444],[101.13442973602866,3.4475703428970519],[101.13493997904908,3.4479404478137781],[101.13506035447415,3.4484497941784866],[101.13504957527073,3.449160359994039],[101.13518971095755,3.4498296047241865],[101.13522025404802,3.4505204090695543],[101.13540979884817,3.4509803463209323],[101.13651023588432,3.4517502025891531],[101.13751994151329,3.4521903783703465],[101.13769960376572,3.452370041831216],[101.13730973496195,3.4519397473893036],[101.13666025291042,3.4513495545819524],[101.13591016052925,3.450869853443578],[101.13566042982922,3.4504296800791963],[101.13562000419103,3.4496598238110323],[101.13545022327787,3.4488800862035305],[101.13547986608734,3.4484596755177677],[101.13597034642919,3.4481704182521185],[101.1357996676519,3.4480599253747073],[101.13541968018745,3.448050042826992],[101.1352301353873,3.4476098694626671],[101.13468036700971,3.447060098668203],[101.13442973602866,3.4467699423299791],[101.13438032933215,3.4463701946037872],[101.13479984094539,3.4455302674710993],[101.13470012847984,3.4450999766544896],[101.13456987413235,3.4449301945329012],[101.13476031679664,3.444550208276894],[101.13511964250989,3.4441495590613158],[101.13511964250989,3.4437498077098212],[101.13562000419103,3.4431200895452889],[101.13615989122934,3.4424697084212426],[101.13617965511634,3.4418804146864659],[101.13640962192937,3.4415201911090207],[101.13691986615822,3.4412300347707969],[101.13746963453582,3.4406596034336303],[101.1380301845337,3.440140376938075],[101.13827991523374,3.4396903222344122],[101.13833021979434,3.4393399775793796],[101.13900036238863,3.4385000540719943],[101.13946030205688,3.4377598430301077],[101.13979986509156,3.4372999057787297],[101.14079968817276,3.4362901977329443],[101.14208967121755,3.4350100996527431],[101.14274004992478,3.434579806419265],[101.14335000661913,3.4336599319165089],[101.14393031929558,3.4331299250090979],[101.14479000669002,3.4325900379707832],[101.14544038660569,3.432379831419496],[101.14592008653563,3.4319504384670267],[101.14616981723572,3.4310296636832618],[101.14644020968689,3.4302499284926284],[101.1469495560516,3.4297298029244985],[101.14751010363261,3.4291198474385851],[101.14776971688042,3.428320345944087],[101.14795027941386,3.4277103892497394],[101.1482503146745,3.4273097400341044],[101.14857999757834,3.4269297525696629],[101.14891956061308,3.4260098792753411],[101.14926990526806,3.4252499043464582],[101.1497801458716,3.4242204348304881],[101.15018977856238,3.4233203254231626],[101.15053023825277,3.4228397240037793],[101.15092998960426,3.4223501439429924],[101.15120038205549,3.4219297320487954],[101.15146987664252,3.4213700811234844],[101.15168008198543,3.420970330980424],[101.15174027151062,3.420569681764789],[101.15215978312381,3.4200603390253832],[101.15290987550497,3.4194198380321836],[101.15336981517322,3.4187595767772336],[101.15373003875067,3.4177399898089789],[101.15426992578892,3.4166000274155977],[101.15487988248333,3.4152103355306167],[101.15555002628599,3.4138700491336635],[101.15615998056347,3.4133400410178183],[101.15661991781485,3.4131702601047209],[101.15652020655779,3.4125297627367672],[101.15683012315776,3.4118703993459576],[101.15773023619033,3.4100504118106301],[101.15828000456793,3.409310198351875],[101.15865011069309,3.4088502611004969],[101.15895014837059,3.4079699119549218],[101.15977031161623,3.4062900637317171],[101.16017005934242,3.4053800717766762],[101.16153010962637,3.4029097031172455],[101.16204035385522,3.4022799849527701],[101.16232960870406,3.401500246136834],[101.16255957914234,3.4010798366595054],[101.16304017693648,3.4006603214210145],[101.16365013363082,3.3997099050362749],[101.1642798517953,3.3987496061037632],[101.16537040749222,3.3972898421458808],[101.16644030143794,3.3964103932813146],[101.16702959517266,3.3958803863738467],[101.16769973776695,3.3953602632225852],[101.16775004474442,3.3954500943488028],[101.16807972523139,3.3964597999777766],[101.16807972523139,3.3971901320971938],[101.1683599990219,3.3978099677140108],[101.16886036070304,3.3983696186393217],[101.17156968206751,3.3995598868016828],[101.17153015429346,3.3993901058885854],[101.17234043619982,3.3993299175717766],[101.17321988506438,3.3995095810326461],[101.17364029695858,3.3994700556754651],[101.17326030949414,3.399240086445559],[101.17257040301286,3.399199660807426],[101.17196044873538,3.3990801868717426],[101.17122023527662,3.3990604229847463],[101.17045038142533,3.3984495684262583],[101.17001020443564,3.3982797875131041],[101.16950984275456,3.3982501410783357],[101.16894031048992,3.3978899175009474],[101.16829981312202,3.3976204229138602],[101.16828004923497,3.3972601993364151],[101.16816955635761,3.3965900567421841],[101.16823962480521,3.3963196642909566],[101.16865015536013,3.3959998627263985],[101.16908044980204,3.3955003989094052],[101.16957991361903,3.3955399266834547],[101.17002008698341,3.3952497703452309],[101.17003985087041,3.3950296824546058],[101.17064980514789,3.3947404239805223],[101.17140978007677,3.394530221054481],[101.17181042808397,3.3944601501900138],[101.17214999353553,3.3945904069544213],[101.17277971170006,3.3950000396451401],[101.17297015436435,3.395150056671298],[101.17409035166224,3.3951302939926791],[101.17444967858398,3.3949398513283882],[101.17455028891362,3.3944799140770101],[101.17507041448175,3.3939696698481612],[101.17594986576319,3.3932600018967491],[101.1762597835716,3.392899778319304],[101.17632985322763,3.3924802642892473],[101.17619959767165,3.3920796150736692],[101.17549980864266,3.3916897462698898],[101.17470030956503,3.3912298090185686],[101.17411011554924,3.3907501090885717],[101.17381007787174,3.390159915072843],[101.17404004831008,3.3895301969083107],[101.17469042701731,3.3889597667795783],[101.17568037238453,3.3886004410662736],[101.17617983378466,3.3885797805235711],[101.17644034610498,3.3881198432721931],[101.1769802331433,3.3874101729039126],[101.17746981562095,3.387340104456257],[101.17790998898533,3.3870301854394143],[101.17807976989849,3.3865397050976185],[101.17803036320203,3.3860797678462404],[101.17811031298891,3.3856602562330522],[101.1786798452535,3.3852200804518588],[101.1791002571477,3.3844798694099723],[101.1791002571477,3.3834998065904642],[101.179059832718,3.382870088425932],[101.1793796342825,3.3807797096478112],[101.17963026284673,3.3799999708318751],[101.18002013165045,3.3784000723956069],[101.18066961370198,3.376660034647216],[101.181230161283,3.374540010642761],[101.18164967652149,3.373300335783938],[101.18183023663806,3.3717696067226939],[101.18195959553833,3.3704697459639306],[101.18209973122515,3.3697097710350477],[101.18224975066812,3.3678502569341049],[101.18239976890266,3.3672600653351878],[101.18282018079685,3.3663599535110507],[101.18343013507439,3.3654499603475756],[101.18387031085558,3.3644698987365018],[101.18418022866399,3.3637701097075023],[101.18421975522955,3.3626400298618933],[101.18444972325102,3.3615297126948462],[101.184780304019,3.3606098369836559],[101.18506956128471,3.3591599579903573],[101.18556992417422,3.3581700138315682],[101.18594991043028,3.3567596589870163],[101.18619964233875,3.3556295767244819],[101.18647003358154,3.3550798083469431],[101.18692997083292,3.3539596098405582],[101.18714017738421,3.3528196474472338],[101.18789027218224,3.3514299555622529],[101.18862958535999,3.3505900284295649],[101.18914970851125,3.3501696189522363],[101.18988991955314,3.3493296942364168],[101.19071008279883,3.3487799234419526],[101.19142963208952,3.3482400364036948],[101.19170002454075,3.3484897671037288],[101.19185004519215,3.3481699691644735],[101.19291993913788,3.3478798128262497],[101.19451983757421,3.3474099942355906],[101.19572986720675,3.347470180135474],[101.19652038522605,3.3470497706581455],[101.1969398968393,3.3464398127553636],[101.1976396858683,3.3460795891779185],[101.19850027112682,3.3460903695897741],[101.19938960495597,3.3458801630384869],[101.20014957988485,3.3454202257871088],[101.20046039676583,3.345120188109604],[101.2016803089461,3.3447303193058247],[101.20329997126942,3.3443700957284364],[101.2041901993374,3.344089821937871],[101.20493041279616,3.3438598514995874],[101.20551970653094,3.343460101356527],[101.20602006821201,3.3430801138920856],[101.20626980132897,3.3426201766407075],[101.20658960047666,3.342029982624922],[101.20692018124464,3.342029982624922],[101.20733969285783,3.3420497465119752],[101.20768015617352,3.342230307836985],[101.2078104117295,3.3423201389632027],[101.20776998729974,3.342020101285641],[101.20812032832947,3.3421701219370448],[101.2090698480585,3.3421701219370448],[101.21085031023665,3.3422599530632624],[101.21177018473941,3.3421099324118586],[101.21261999079451,3.3418997294858173],[101.21335031928868,3.3414999781343795],[101.21504005247647,3.3414299108951582],[101.21560958232419,3.3414900967950985],[101.2159698083185,3.3413796039176873],[101.21643962690916,3.3414299108951582],[101.21673966458667,3.3413104333342289],[101.21704958239508,3.341229585683152],[101.2172696702857,3.3410696836924672],[101.21755982541549,3.3410301595437204],[101.2177403867405,3.3412700089044733],[101.21830003645738,3.3410795662401824],[101.2186899052611,3.3407597670924929],[101.21893963958649,3.34013992785043],[101.21905013246385,3.3399000796981113],[101.21914984251248,3.3399701469372758],[101.21907977527331,3.3404202028493728],[101.21921003082929,3.3407696460149054],[101.2193699304031,3.3410202782044394],[101.21930974450322,3.3414101470081619],[101.21966008674133,3.3412098230045899],[101.2199196987807,3.3409304458697875],[101.21990981744142,3.3402297601850819],[101.21984963154148,3.3400096722944568],[101.21992958132842,3.3398704344717771],[101.22011014144499,3.3400195536337378],[101.2202403982094,3.3402899460849653],[101.22040029778321,3.3406699359662753],[101.22064014956084,3.3408702599698472],[101.2209401872384,3.3409798525662495],[101.22126986772537,3.340699578775741],[101.22160044849335,3.3404696119627033],[101.221889705759,3.3404902700885373],[101.22245025454845,3.3408900214400319],[101.22302966815232,3.3410598023531861],[101.22382018617168,3.3411801765698215],[101.22520987805666,3.3409600910960648],[101.22643967157626,3.3407301218661587],[101.22762993853019,3.3406097476495233],[101.22843033788882,3.3406896974364599],[101.22947957008341,3.3408199529923763],[101.23042010633731,3.3410696836924672],[101.23133010070922,3.3413400785605063],[101.23206042920333,3.3417299449474172],[101.23216014287732,3.3418700842595399],[101.23270991125486,3.3426300579799886],[101.23279974238108,3.3435903569125003],[101.23305037457061,3.3449297454453131],[101.23315008703611,3.3461200123992398],[101.23330010527064,3.3471602635354998],[101.23338005505758,3.3476103182391626],[101.2330701348323,3.3477702178130357],[101.23326956218017,3.3478798128262497],[101.23336029117053,3.3479399987261331],[101.23354983597068,3.3484196998645643],[101.23354983597068,3.3485903810586706],[101.2334195816232,3.3486900911073008],[101.23347976752308,3.3487799234419526],[101.23361002428749,3.3488697545681703],[101.23368009273509,3.3491500307755473],[101.23368009273509,3.3493701162493039],[101.23355971731002,3.3495398971624581],[101.23365044630037,3.349590204139929],[101.23388041673866,3.3501202098389058],[101.23422986111268,3.3511101539976949],[101.23451013490319,3.3520803342694876],[101.23490988504625,3.352700171094682],[101.23521980527147,3.3531996349116753],[101.23545965463222,3.3533298916760828],[101.23705955306855,3.3551903012242974],[101.2387995896085,3.3564299760831204],[101.24012011574371,3.3569896270084314],[101.24034020121746,3.3560302247316827],[101.23831988967856,3.3543198334180033],[101.23762998561415,3.3536703513664747],[101.23700026503275,3.3523300649695784],[101.23545965463222,3.3481600866167582],[101.23467991823321,3.3464101675290294],[101.2341696752128,3.3439999896032759],[101.23417955655208,3.3417595913821856],[101.23315996595852,3.3386604036307972],[101.23026020676349,3.3339999425193128],[101.23247006189411,3.3324503510605155],[101.23259043731923,3.3314900521280038],[101.23324979829317,3.3307004319727866],[101.23429993076871,3.3297302504925597],[101.23496019202372,3.328980158111392],[101.23551984294903,3.3281896400920346],[101.23655020912071,3.3273003098881873],[101.23750961018902,3.3269400863107421],[101.23821029708216,3.3262699425080768],[101.23931971638507,3.3251398602455993],[101.23998985897936,3.3235004364521501],[101.24061957714383,3.3225302561803574],[101.24149004495013,3.3212995647966181],[101.24235961368385,3.3197302058255218],[101.24313036781615,3.3186001259798559],[101.24443022978335,3.3173299080305583],[101.24586034730652,3.3163597265503313],[101.24753031660725,3.3156698224859156],[101.24839000521013,3.3155701100204169],[101.24883017857445,3.3151595794655577]]],[[[101.21886956872197,3.1875700733750705],[101.21870966914815,3.1871200162545392],[101.21855965212205,3.1867499101293788],[101.21848958125753,3.1865199433163411],[101.21845993844806,3.1862396695258326],[101.21845005710878,3.1859998177482112],[101.21848958125753,3.1857797298575861],[101.21858031266476,3.185629712831485],[101.21870966914815,3.1855102352704989],[101.21885968738269,3.1855102352704989],[101.21899982548638,3.1855398804968331],[101.21912019970307,3.1856198302837697],[101.21916960639953,3.1857599683874582],[101.21911031836373,3.186040243386401],[101.21898994293866,3.1863097379734313],[101.21898994293866,3.1865001794293448],[101.2190698927256,3.1867202673199131],[101.21916960639953,3.1869601166807229],[101.21929986316388,3.1871604406842948],[101.21945976273776,3.1872799182452241],[101.21952982997692,3.1874496991583783],[101.21948042328046,3.1876697870490034],[101.21931962705094,3.1878701110525753],[101.21905013246385,3.187930298160893],[101.21898006159938,3.1878799911834221],[101.21890999315173,3.1877299729488868],[101.21886956872197,3.1875700733750705]]],[[[101.28393993052669,3.2189904435601306],[101.283799792423,3.2188404265340296],[101.2836497753969,3.2186095594399831],[101.28345034804903,3.2184802029565844],[101.28305958138111,3.2181100944145555],[101.28277032290703,3.2178900089407989],[101.28269037312009,3.2177902964753002],[101.28265983002967,3.217699566276508],[101.28270025566781,3.217589971263294],[101.28272989847727,3.2175100214763575],[101.28281972960349,3.2174597144988866],[101.28363989284918,3.2174695970466018],[101.28372972518383,3.2175297829465421],[101.28381955630999,3.217720225610833],[101.28390040396107,3.2179600773884545],[101.28399023508729,3.2181702827313075],[101.28421032297791,3.2184200134313983],[101.28428039021708,3.2185897955529299],[101.28426961101366,3.2187299336566184],[101.28422020431719,3.2188700693434953],[101.28406030595181,3.219010207447127],[101.28400999897434,3.219010207447127],[101.28393993052669,3.2189904435601306]]],[[[101.21903036857685,3.1851203688836449],[101.21901958937337,3.1849299238024855],[101.2190896566126,3.1847197208764442],[101.21920014948995,3.1844502262894139],[101.21931962705094,3.1842499010773508],[101.21966008674133,3.183840268386632],[101.21975980041526,3.1837504372604144],[101.21983974899376,3.1836102991567259],[101.21989993851895,3.1835303493697893],[101.2200697194321,3.1835195701663679],[101.22030956879286,3.1835797584831198],[101.22037963603208,3.1837100116222246],[101.22039041765237,3.1838995576308093],[101.22037963603208,3.1841097629736623],[101.22025027954868,3.1843199695250064],[101.2198101061843,3.1847295997989136],[101.21963044393186,3.1849999946669527],[101.21951006850679,3.1851302478060575],[101.21928998061617,3.1852299614799904],[101.21913996359007,3.1852102000098625],[101.21903036857685,3.1851203688836449]]],[[[101.27769035018235,3.2247998481232685],[101.27761040039542,3.2247800854446496],[101.27756997838253,3.2246695925672952],[101.27752955274434,3.2243803365100803],[101.27743972161818,3.2242797261804412],[101.27733012660491,3.2241297055289806],[101.27724029427026,3.2239203968418337],[101.27721963372755,3.223790143702729],[101.27726994070503,3.2236302417120442],[101.27741995773113,3.2233903923512912],[101.27756997838253,3.2233104425643546],[101.27779994519557,3.2233104425643546],[101.27802003308619,3.2233203239036357],[101.27816016877301,3.2234002736905722],[101.27826976378623,3.2235404093773923],[101.27831018942442,3.2237200728382618],[101.2783200707637,3.2238997387159429],[101.2783003068767,3.2240102315933541],[101.27824012097682,3.2240704174932375],[101.27810986421241,3.2241602486194552],[101.27802003308619,3.2242401984063918],[101.27794008329926,3.2243497934196057],[101.2778798949825,3.22446028629696],[101.27776042104682,3.2247603239745217],[101.27769035018235,3.2247998481232685]]],[[[101.27504032047892,3.2042904136328616],[101.27504032047892,3.204129616194848],[101.27509960851467,3.2040397850686304],[101.27514003415286,3.2038996469649419],[101.27514003415286,3.203659797604189],[101.27519034113033,3.2034900166910347],[101.27529005359582,3.2034199458265675],[101.27545983571741,3.203410066904155],[101.27559008885652,3.2034998980303158],[101.27567004106032,3.2036400337171926],[101.27567992119117,3.2037900543685964],[101.2756502783817,3.2038601216077609],[101.27567992119117,3.2041996834340694],[101.27573022696021,3.2044601969628275],[101.27568980253045,3.2045895534462261],[101.27559997140423,3.2047395704723272],[101.27546971705669,3.2047997587890791],[101.27536012204348,3.204779996110517],[101.27524962916613,3.2047198102106336],[101.27513015160514,3.2045302642020488],[101.27507984825297,3.2044197725330719],[101.27504032047892,3.2042904136328616]]],[[[101.2780002691992,3.2102103110733538],[101.27793020195998,3.2101797679828792],[101.27787001243479,3.2100504114994806],[101.27779994519557,3.2097899015959683],[101.27778018130857,3.2097099481837859],[101.27778018130857,3.2095796950446811],[101.2778295904219,3.2094997452577445],[101.27788977632179,3.2094395569409926],[101.27802991442547,3.2094395569409926],[101.27816016877301,3.2094701000314672],[101.27825988244695,3.2095500498183469],[101.27825988244695,3.209879732722186],[101.27820957788634,3.2100297497483439],[101.27812962809941,3.2101303612864172],[101.27808021898608,3.2101797679828792],[101.2780002691992,3.2102103110733538]]],[[[101.27734989049196,3.2261302531808838],[101.27726005815731,3.226050303394004],[101.27724029427026,3.225910167707184],[101.27732024405719,3.2257601470557233],[101.27755021449553,3.2255400591651551],[101.27767957097893,3.2254699919259338],[101.27773975929568,3.2256002486903412],[101.2777298779564,3.2257502657164423],[101.27766968843122,3.2258904038201308],[101.27755021449553,3.226050303394004],[101.27744960295746,3.226099710090466],[101.27734989049196,3.2261302531808838]]]]},"properties":{"Daerah":"KUALA SELANGOR","Negeri":"SELANGOR","Nam":"Kuala Selangor"}},{"type":"Feature","geometry":{"type":"Polygon","coordinates":[[[101.63574981159269,2.8672102089288387],[101.61586021513591,2.9044902906545644],[101.60072000821896,2.9336199568494976],[101.58521958014148,2.9644501354356976],[101.57695957080591,2.9798598345228697],[101.57598040826741,2.9794403192843788],[101.57510994046118,2.9784602600901735],[101.57357022792479,2.9773104163575113],[101.57229012984459,2.9763501174249996],[101.5707504173082,2.975099662154264],[101.56848037506921,2.9733299791795957],[101.56229008517749,2.970200249546167],[101.56447029629027,2.9651202792383629],[101.55159025268989,2.9581403691914261],[101.55146987726476,2.9643603043094799],[101.55137016479927,2.9646801034571695],[101.55075032797407,2.9646702209094542],[101.52560019505074,2.9499800723214094],[101.50646967565871,2.9503600597858508],[101.47122966935899,2.9518997723222355],[101.45228958900594,2.9521198602128607],[101.4502297533183,2.951359886492412],[101.44527015481026,2.9502899913382521],[101.4440295820873,2.9500896673346801],[101.43355971762111,2.9503304169764419],[101.42317968669801,2.9501103290858168],[101.42435019097337,2.9518800084352392],[101.42663011576008,2.953729641196901],[101.42905017502517,2.9551804204712084],[101.43094023221659,2.9561002937655303],[101.43301983179123,2.9568997964684627],[101.43530963670884,2.9576903144878202],[101.4374296595048,2.9585904238950889],[101.43853997788028,2.9592497884943327],[101.43952004069979,2.9603699857922265],[101.44068964590258,2.9621504479703731],[101.44081990145855,2.9634601912769085],[101.44028989455114,2.9650996174872262],[101.43950027681274,2.9663401902101896],[101.43747008393456,2.968310194771675],[101.43439964233693,2.9709898697013841],[101.43132021968103,2.9732796758273707],[101.42799016483559,2.9752999861578928],[101.42471041455082,2.9769995982680939],[101.42177022971759,2.9777802349481703],[101.42001042929058,2.9781701037518928],[101.41810959531261,2.9781602224126118],[101.41582967052591,2.9773697043932543],[101.41420012686331,2.9763096917868097],[101.41290026489611,2.9752595617281372],[101.41140008013377,2.9727604469149469],[101.41022957464997,2.970200249546167],[101.40931958027812,2.9677002404941959],[101.40860991232665,2.9652702962644639],[101.40745018604633,2.9598902858622864],[101.40693006047815,2.9575196320852228],[101.40589969430647,2.9547600085770114],[101.40518014501578,2.9531196845025534],[101.40400963953198,2.9518099411960748],[101.40160035705344,2.9493099297271783],[101.39926024636685,2.9477199126301912],[101.39716986758873,2.946340100876057],[101.39533999871412,2.9452899708173845],[101.39358020070398,2.944169769894188],[101.39235040718438,2.9432400140521509],[101.39117990290902,2.9418197778682611],[101.3900695833251,2.9403797790058093],[101.38928984450922,2.9385400275834854],[101.38877960390568,2.9367595690305848],[101.3883196666543,2.9346602055688891],[101.38833044585772,2.9317101381879525],[101.3886700088924,2.9286199327033273],[101.38887033289603,2.9243601232242895],[101.38854963467577,2.9219301814114829],[101.3879702198634,2.9192397272782955],[101.38725965525629,2.9170702965774353],[101.38609004763663,2.9139100238535889],[101.38468957533979,2.9112599941501571],[101.38320016615558,2.9088902382372339],[101.38124004414186,2.9068501640197155],[101.3787696778993,2.905069701841569],[101.37654993901248,2.9040195717828965],[101.37479014100234,2.9038803327517826],[101.37230001087278,2.9042001343162838],[101.36981976329093,2.9053095536191904],[101.36752995716495,2.9066803831066181],[101.36504970958305,2.908839931259763],[101.36209964220211,2.9111998058334052],[101.35961040993669,2.913950445866476],[101.35849021143031,2.9155099222898571],[101.35684988735585,2.9182596644587875],[101.35573956898037,2.9204201141014323],[101.35435975843473,2.9231797364012095],[101.35305001512825,2.9252099292794469],[101.35069013813774,2.9276901768612902],[101.3499696909829,2.9280198609735635],[101.34813982331667,2.9278204336256977],[101.34585989852997,2.9271601723706908],[101.3437102317161,2.9262995871121689],[101.34182017694161,2.9251802864699812],[101.34109972736985,2.9243897684506237],[101.33979986540265,2.9230099554880553],[101.33920967259536,2.921630143733978],[101.33921955393464,2.9198496815558315],[101.3394800638381,2.9184797523494126],[101.34039993834085,2.917300263390473],[101.34544038691678,2.9118600670883552],[101.34858987802033,2.9083296882393483],[101.34964000807906,2.9066902644458992],[101.35100993970229,2.9042702027639393],[101.35153994781814,2.9023603841023942],[101.35168008350496,2.8998702539728356],[101.35109977203695,2.8979604353112904],[101.34999035273404,2.8963201112367756],[101.34895010401465,2.8952699811781031],[101.34737984838779,2.8946097199231531],[101.34529036626537,2.8944102937836647],[101.34398960764247,2.8945998385838152],[101.34274993278365,2.8949897073875945],[101.34123986547354,2.89610002697151],[101.33887998848309,2.8986503417925178],[101.33613024631416,2.9019902779772337],[101.33364011618454,2.9051397714976588],[101.33220011732209,2.906710025916027],[101.33096044367164,2.9079497007749069],[101.32781993241798,2.9100400795530277],[101.3248096791371,2.9118699484276362],[101.32357000427828,2.9122598172314156],[101.32213000420739,2.912320003131299],[101.32037020619725,2.9119301367443882],[101.31880983190973,2.9110003784855394],[101.31796002585457,2.9104802553342211],[101.31584000064174,2.9080700749915991],[101.31402001431485,2.9058296767704519],[101.31167990483669,2.9032003076097794],[101.30992010320125,2.900770367005407],[101.30835972891367,2.8985299675758824],[101.30673018766794,2.896559963014397],[101.30470987612904,2.8945800771136874],[101.30040964101187,2.8910901202775676],[101.29128994549035,2.8850300871502554],[101.28852043943436,2.8831301510364256],[101.28675974114327,2.882009950113229],[101.28024964968699,2.8762903790931773],[101.28514996015923,2.8723800115712947],[101.28528021692364,2.8712696944043046],[101.28529997839377,2.8702501074360498],[101.28529009826292,2.8693499944034215],[101.28552994762367,2.8680797788709924],[101.28557037326186,2.8677500959671534],[101.28553983017139,2.86728027616806],[101.28560989741061,2.8670503069381539],[101.2860096487621,2.8665903696867758],[101.28628004000484,2.8662795528057927],[101.28646958601342,2.8658699225319424],[101.28668967390405,2.8648197924732131],[101.28710020445897,2.8631597045117019],[101.28728974925912,2.8622802556471925],[101.28742988494594,2.8619002681826942],[101.28757990438891,2.8617403661920093],[101.28811979142722,2.8616199919753171],[101.28863991457848,2.8614097878408984],[101.28916004014661,2.8613999065016174],[101.2894501952764,2.8614502110622198],[101.28954990895039,2.8610396805073037],[101.28921034712408,2.8610001551501227],[101.28854020332142,2.8611304119145302],[101.28825992711404,2.8610899874847746],[101.28796977077582,2.8609399668333708],[101.28762032640179,2.8604701482427117],[101.28741012105894,2.86002997487833],[101.28742988494594,2.8594200169755482],[101.28764997283656,2.8584498391206239],[101.28792036407935,2.8570996713843897],[101.2890001405728,2.8535899542865764],[101.28954002761105,2.8517600854119678],[101.2898301827409,2.8505500557794221],[101.28997032084459,2.8498502667504226],[101.29007991344093,2.848829779501159],[101.290200288866,2.8482395891106762],[101.29052008922213,2.8473197121910516],[101.29075993858294,2.8465498559228877],[101.29113004349966,2.8449301960164348],[101.2915495587381,2.8437596905326359],[101.29217029221905,2.8419397042057426],[101.29298955880898,2.839790033766576],[101.29325995005178,2.8391800794890969],[101.29349979941253,2.8386895991472443],[101.29386990795456,2.8382602025694723],[101.294230131532,2.8379502859694981],[101.29455981201897,2.8378299117528627],[101.2949496808227,2.8378101478658095],[101.29535033003833,2.8377104341918766],[101.29580038474199,2.8374499242884212],[101.2961004224195,2.8373097849762985],[101.2963097311067,2.8372495990763582],[101.29652981899727,2.8372603794882139],[101.2968002114485,2.8374499242884212],[101.29699963758793,2.8375496367539199],[101.29714965461409,2.837529874075301],[101.29744969229159,2.8373600919537694],[101.29795005518116,2.8373502106144315],[101.29863996166245,2.8370798181632608],[101.2994502399435,2.8366701854724852],[101.30024974264643,2.8366198809118828],[101.30063960903334,2.8365695751428461],[101.30090012135366,2.8363800303426956],[101.30118039514417,2.8360701101174186],[101.30126034493111,2.8355697508531534],[101.30135017726576,2.8352301866100333],[101.30166009628255,2.8350101011362767],[101.3023598816863,2.8347998945849895],[101.30278029478893,2.8345995705813607],[101.30347020127016,2.8340695624655154],[101.30408015554769,2.8338000678784283],[101.3043801932252,2.833689575001074],[101.30456973802535,2.8335099127486387],[101.30484013289345,2.8333697770618187],[101.30629989322603,2.8330095510675051],[101.30657028567725,2.8330095510675051],[101.30696015448098,2.8328496514936887],[101.30726019215854,2.8328101261365077],[101.30749016259688,2.8327499378197558],[101.30790967421007,2.8325603930196053],[101.30819983054829,2.8323699503553144],[101.30847022179108,2.8323403075458486],[101.30876037812931,2.8323798329030296],[101.30901999379392,2.8326196834722168],[101.30926972449402,2.8323798329030296],[101.30962006552369,2.8321902881028791],[101.31008988532278,2.8320896765648058],[101.31053006110403,2.8322001694421601],[101.31091992990775,2.8323196470030894],[101.31129003482448,2.8322900005683778],[101.31189999031039,2.8322495761386222],[101.31213984208802,2.8322100507814412],[101.31242999721786,2.8323501864682612],[101.31303007257293,2.8328002447972267],[101.31336963439918,2.8329502618233278],[101.3146299710092,2.8330400941579796],[101.31501984102135,2.8329403804840467],[101.31544025049868,2.833020332687795],[101.31568998361564,2.8328900759234443],[101.31612027564069,2.8327301763495711],[101.31682006346125,2.8327104136710091],[101.31708955804834,2.8326798705805345],[101.31734018661251,2.8325100884590029],[101.31770041260683,2.8323798329030296],[101.31876042521327,2.8324103759934474],[101.31952040014215,2.8323501864682612],[101.31979977365165,2.832299883116093],[101.32015999964597,2.832180405555107],[101.32068012279723,2.8321498624646892],[101.3208804468008,2.8322603553420436],[101.32091009323557,2.8324804432326687],[101.32061993689729,2.8327697017067521],[101.32006028718041,2.8331101638140126],[101.31925000527406,2.8335395579749729],[101.31881971324901,2.8337300006392638],[101.31832024943202,2.8337803076167347],[101.31759980227719,2.8339500885298321],[101.31824029964508,2.8338503748558992],[101.31882959579673,2.8338000678784283],[101.31938026203846,2.8336500508523272],[101.32063970078434,2.8329996709366583],[101.32106011026167,2.8326699880328192],[101.32147962429173,2.8325199710067182],[101.32207969964679,2.8322603553420436],[101.32268965513271,2.8318201819777187],[101.32349993583063,2.8313800086133369],[101.32402005898194,2.831270413600123],[101.32456982735948,2.8312596343967016],[101.32484022222758,2.8313800086133369],[101.32492017201452,2.8315497895264912],[101.32495969616326,2.8312201066226521],[101.32508995292761,2.8309398328321436],[101.32558043326947,2.8307296262807995],[101.32673027700213,2.8302696902378557],[101.32842988911233,2.8295896650959094],[101.33284960179049,2.827970002772588],[101.33360957551093,2.8277499172988314],[101.33407041062645,2.8275900153081466],[101.33463006034333,2.827309741517638],[101.33577002273671,2.8268201614567943],[101.33642040265238,2.8264895806888148],[101.33686955949184,2.8263296811149985],[101.33727020870748,2.8261500152372605],[101.33771038448867,2.825879622786033],[101.33806971020198,2.825770027772819],[101.33832033876621,2.825629892085999],[101.33851976490564,2.8254798726430295],[101.33895005934755,2.8252804477119753],[101.33933992815128,2.8250801237084033],[101.33957977751209,2.8250396992786477],[101.34019961433728,2.8245501168009923],[101.3404197022279,2.8244602844663405],[101.3406101448922,2.8243596741367014],[101.3409101825697,2.8240596364591397],[101.34117967594835,2.8238997368853234],[101.34146983228658,2.8238099057591057],[101.34161985293798,2.8238000232113905],[101.34182017694161,2.8235799353207653],[101.34287030700028,2.822810081469413],[101.34348026127776,2.8225100437919082],[101.34393031718986,2.8223600243489386],[101.34474958257135,2.8222100061143465],[101.34537031605231,2.8220797505584301],[101.3457898312908,2.8219198509845569],[101.34646985643275,2.821820137310624],[101.34689026591008,2.8217096444332697],[101.34738972972707,2.8216602377368076],[101.34759993627841,2.8216997630939318],[101.34774995330451,2.8219000870975606],[101.34767000351758,2.821580287949871],[101.34738972972707,2.8212901328200815],[101.34698997837563,2.8211095690782031],[101.34680043357548,2.8210601623817411],[101.34675013022326,2.8209703312555234],[101.34673036633626,2.8207700072518946],[101.34665041654932,2.8204699695743898],[101.34650039952322,2.820070218222952],[101.3464896166945,2.8199202011967941],[101.34735020557832,2.8194198395156604],[101.34803022709502,2.8190703951416936],[101.3487398974633,2.8186796284738307],[101.34916031056594,2.8184999650129612],[101.34947022716591,2.8182996410093324],[101.34965977196606,2.8180301464223021],[101.35001999554351,2.8177498726317936],[101.35045028998542,2.8175504452838709],[101.35100005836301,2.8174004258409013],[101.35170972873129,2.8174201885195203],[101.35230980166949,2.8174103071801824],[101.35276974133774,2.8174597162935129],[101.35335005280575,2.8176196158673861],[101.35381987139641,2.8177902946446807],[101.35426004476079,2.8181603995614068],[101.35465979611223,2.8185700322521257],[101.35524998891958,2.8190802764809746],[101.35549971961962,2.8190299695035037],[101.35577999341012,2.8190299695035037],[101.35608003108769,2.8193300071810654],[101.35636030487819,2.819559977619349],[101.35655973222606,2.8196300448585703],[101.3569397196905,2.8194396021942794],[101.35731970715494,2.8192204121677946],[101.35760986228479,2.8192096329643732],[101.35792966143242,2.8193003619547312],[101.35855039733025,2.8191099192904403],[101.35905974369496,2.818930257038005],[101.35889984170421,2.8181999273353995],[101.35798984974923,2.8184101338867436],[101.35753979504557,2.8183598269092727],[101.3571103984678,2.8182196912224526],[101.35677982011669,2.8178495826804237],[101.35668998899047,2.8173402399410179],[101.35660015423895,2.816580265012135],[101.35676993877735,2.8161499705701658],[101.3574104361453,2.8153199284021184],[101.35876958856511,2.8141602021217409],[101.35955022403675,2.8134397549668506],[101.36043955544903,2.8129600550369105],[101.36274013957006,2.8121398917912188],[101.36474967190554,2.8117599043267774],[101.36638011343229,2.8116898358791786],[101.36704037468724,2.8115802408659079],[101.36896995723578,2.8111203036145298],[101.37041983622913,2.8107097742681049],[101.37177000396537,2.8104097390074116],[101.37350015916604,2.8100701735558573],[101.37440027219861,2.8100297515429702],[101.37555011593128,2.8097898997653488],[101.37715001436754,2.8092598952747494],[101.37970033039704,2.8086697012590207],[101.38043964478322,2.8085798701328031],[101.38138018224555,2.8084199681420614],[101.38232969834928,2.8081900013290237],[101.38273034756492,2.80803998067762],[101.38351996772013,2.8079303880812745],[101.38424041729184,2.8076599932131785],[101.38506956280423,2.8076896384395127],[101.38572982405918,2.8076303504037128],[101.38663981601422,2.8072297023965689],[101.38756957185626,2.8070599202749804],[101.38924043902119,2.8070302750487031],[101.389919566299,2.8070599202749804],[101.39049987776707,2.8070698028226957],[101.39078015155758,2.8071596339489133],[101.39094993247068,2.807389600761951],[101.39093016858368,2.8079196088778531],[101.39080979436699,2.8084397320291146],[101.39056994500623,2.8088996692804926],[101.39056994500623,2.8091997057495632],[101.39058970889329,2.8095500504045958],[101.3903902827538,2.8099902237689207],[101.39026002598939,2.8103001439941977],[101.39058970889329,2.8097000686391311],[101.39064001345389,2.8094701006176592],[101.39064989479317,2.8091700629400975],[101.39071996324077,2.8088502625840306],[101.39100023944815,2.8082403046812487],[101.39103976359689,2.8079699134384555],[101.39103976359689,2.8072602454869866],[101.39107030668737,2.807139870061917],[101.39118978183143,2.8070599202749804],[101.39270973410612,2.8072701268263245],[101.39405989942549,2.8073599579525421],[101.39488006267118,2.8073401952739232],[101.3953202360355,2.8072602454869866],[101.39624011174669,2.8069000182842956],[101.3972902430138,2.8064697274676291],[101.39834037307253,2.8061202830936622],[101.39926024636685,2.8059001952030371],[101.40111975805092,2.8057897023256828],[101.40248968967416,2.8057196350864615],[101.40329997158051,2.8057304142899397],[101.40399975698421,2.8057402956292208],[101.4043797444487,2.8055597330957767],[101.40505976959065,2.8055399716256488],[101.40637041076127,2.8056001575255323],[101.40781040962372,2.8057196350864615],[101.40883987913969,2.8056998711994652],[101.40964027849839,2.8056001575255323],[101.4102996418892,2.8055399716256488],[101.41078024089171,2.8054600218387122],[101.41126982336937,2.8054797833088401],[101.41168035392428,2.805670225973131],[101.41206034138872,2.8061104017543812],[101.41224000364116,2.8064203207711671],[101.41354974694764,2.805430376612378],[101.41479031967066,2.8044997229062005],[101.4144498575634,2.8040101404285451],[101.41407975143824,2.8035304392901139],[101.41253015997938,2.8024596486886821],[101.41176030371122,2.8019601836633115],[101.41086019067865,2.8017203343025585],[101.40961961795563,2.8016296053122005],[101.40859014843966,2.8013897535345791],[101.40805026140134,2.8012397365084212],[101.40781040962372,2.8011499053822035],[101.40761996816786,2.800960360582053],[101.40751037194622,2.8006702042438292],[101.40746006859405,2.8002695562366284],[101.40749959274279,2.8000503650017663],[101.4076496133942,2.7998599235459096],[101.40766039259762,2.7994898174207492],[101.40769003540709,2.799320036507595],[101.40784993739777,2.7991601369337786],[101.40799995442387,2.798799910939465],[101.40808978675852,2.7983597375750833],[101.40815985399774,2.798090242988053],[101.408120329849,2.7979096816630431],[101.40799007308459,2.7976500696236712],[101.40797031161446,2.7974299817330461],[101.40805026140134,2.7971398253948223],[101.4082496863324,2.7967499565910998],[101.4082703468751,2.796459800252876],[101.40832963853615,2.7961903068742231],[101.40845001033597,2.7959702177751637],[101.40870962600059,2.7956602987583778],[101.40890995000422,2.7953000751809327],[101.4089503720171,2.7951204117200632],[101.40892971026591,2.7948095948390801],[101.40905996703032,2.7943900832258919],[101.409200105134,2.7939795526709759],[101.40929981880794,2.7934396656327181],[101.40937976859487,2.7928898948382539],[101.40951990428169,2.7925000284513999],[101.4097498735116,2.7919996667702662],[101.40975975605932,2.7916897465449892],[101.40984958718553,2.791510084292554],[101.41002026596283,2.7913403033794566],[101.41006967265929,2.7911399781673936],[101.40998972287235,2.7908004139242735],[101.40996996140223,2.7905201401337649],[101.41001038462349,2.790339578808755],[101.41042001731427,2.7901096095788489],[101.41065986667502,2.79007996676944],[101.41082964758817,2.7899595913443136],[101.41087995456564,2.7897799290918783],[101.41078024089171,2.7895903842917278],[101.41063022265718,2.7893702964011027],[101.41063022265718,2.7891600922666839],[101.41067962935364,2.7889498857153399],[101.41095002180487,2.7886597305855503],[101.41154021582059,2.7882402153470593],[101.41184025349816,2.788119841130424],[101.41215017251494,2.7881997933341722],[101.41244032885322,2.7884899496723961],[101.41271970477959,2.7888196301594235],[101.41290026489611,2.7889903089366612],[101.4130502831307,2.7890298355022765],[101.41312035278673,2.7889903089366612],[101.4131499955962,2.7888600545891222],[101.41307992835698,2.7887001525984374],[101.41222023975416,2.7878296847921433],[101.41222023975416,2.7876203797302992],[101.4123702579887,2.7873401059397906],[101.41343027059514,2.7862603294463497],[101.41396027750255,2.7856297134176771],[101.41449028199315,2.7855704229650655],[101.4146995906803,2.7855300009521784],[101.4151200025745,2.7852596060840824],[101.41543980172219,2.7850098753840484],[101.41572995806041,2.7846604310100247],[101.4158700961641,2.7844403431194564],[101.41588985642585,2.7840900008812923],[101.41590962031285,2.7837603179774533],[101.41605964096425,2.7834899255262258],[101.41678996945842,2.7828296642712758],[101.41898006191047,2.7815702255253996],[101.41988017494305,2.7811399335003557],[101.42062038598493,2.7810501023741381],[101.42108032323631,2.781040221034857],[101.42138036091387,2.7810896265228848],[101.42168039859138,2.7810896265228848],[101.42186006084381,2.7811803567216771],[101.42202984296534,2.7813797828611087],[101.42211967409156,2.7816995844256667],[101.42225981219525,2.7819699768768942],[101.42252032209876,2.7821496391292726],[101.42289042822392,2.7821397577899916],[101.42322011112776,2.7820400441160587],[101.42359021725292,2.7817202449683691],[101.42380042259578,2.7813402587123619],[101.42404027195659,2.7809602712479204],[101.42384982929229,2.7811399335003557],[101.42361986006239,2.781490275738463],[101.42328029702765,2.781810077303021],[101.42284012366332,2.7818801445422423],[101.42251044075948,2.7818702632029044],[101.42233976198219,2.7818001947553057],[101.42224993085597,2.7816501753123362],[101.42224993085597,2.7813501400516429],[101.42221040308192,2.7810303384870849],[101.42222028442126,2.7807401833572953],[101.42233976198219,2.7803601958928539],[101.42248977900829,2.7799496653379379],[101.42256972879522,2.7795795592127774],[101.42276017145952,2.7793801330733459],[101.42352014638846,2.7787396357053922],[101.42433042708637,2.7781898673277965],[101.42460980422118,2.7776697417596665],[101.42502033477609,2.7772295683953416],[101.42527994681541,2.7767597498046825],[101.42562040650586,2.7762701661185361],[101.42595009061813,2.7758102300755922],[101.42623036440864,2.7753296310730775],[101.42648997644795,2.775140086272927],[101.42734966505083,2.7745804365560502],[101.42786979061896,2.7744304159046465],[101.42815006440946,2.7745103656915262],[101.42835038841304,2.774619960704797],[101.42844022074769,2.7748104033690879],[101.42835038841304,2.775140086272927],[101.42831984532262,2.775280221959747],[101.42852016932619,2.7751697290823927],[101.42869983278706,2.7749703053597727],[101.4290798202515,2.7748795739525463],[101.42945980771594,2.7748795739525463],[101.42951999361583,2.7748400485954221],[101.42953975750288,2.7747502174692045],[101.4290798202515,2.7745103656915262],[101.42891992067763,2.7743603486654251],[101.42886961370016,2.7741303782270847],[101.42886961370016,2.7738501044365762],[101.42939962181606,2.7730802481684123],[101.42982003129339,2.7727999743779037],[101.43017037594836,2.7726301934647495],[101.43048029254834,2.7720903064264348],[101.43044975187473,2.7715602983105896],[101.43026020707458,2.7712997884071342],[101.43002035529696,2.7712503817106153],[101.42989998108027,2.7711596503034457],[101.42995028805774,2.7709198009426359],[101.43034015686152,2.7703098442482883],[101.43085040109037,2.7694501556454725],[101.43105970615221,2.7690198648288629],[101.43139028692019,2.7686596412514177],[101.43244041818735,2.7674496092020036],[101.43270991156601,2.7670498578505089],[101.43302971313057,2.7667498225898726],[101.43341957951742,2.766100340538344],[101.43371961719492,2.7656700473048659],[101.43399989098549,2.7651795669630133],[101.43422986142377,2.7646199160377023],[101.4345999663405,2.7638302958824852],[101.43458020366194,2.7638302958824852],[101.43506978613959,2.7632302241527213],[101.43550007937313,2.7627298612632103],[101.43594025273745,2.7623804168891866],[101.43625017296273,2.7619698875427048],[101.43646037830558,2.7614398794268595],[101.43669034632705,2.7610904350528358],[101.43734970971786,2.760590073371759],[101.43754015238216,2.7605002422455414],[101.437850071399,2.7605298874718187],[101.43793002118593,2.760449937684939],[101.43786983528599,2.7602900356941973],[101.43787971662533,2.7601202547810999],[101.43797044561569,2.7600600688811596],[101.43815999041584,2.7602298497943138],[101.43846002809335,2.7603996307074681],[101.43882025167079,2.7602002045679797],[101.43931971669622,2.7597797950906511],[101.43936013870911,2.7598399809905914],[101.43936013870911,2.7600097619036887],[101.43914005323535,2.7602999182419126],[101.43911040800901,2.7605703119015743],[101.43899003379238,2.7608595679587893],[101.43792013863822,2.7617399171043644],[101.43856962068975,2.7613204054911762],[101.43911040800901,2.7608901110492639],[101.43928018892217,2.7606197185980363],[101.43935025736977,2.7603295634682468],[101.43960987182601,2.7602900356941973],[101.43951015936051,2.7601696638944304],[101.43959999048673,2.7599495760038053],[101.43960987182601,2.7593800437392133],[101.43952004069979,2.7593297367617424],[101.43931971669622,2.7594698748654309],[101.4391202893483,2.7597995553524015],[101.43899991513166,2.75993969345609],[101.43876006577091,2.75993969345609],[101.43843038286707,2.7597303859773206],[101.43822017631572,2.7595004179558487],[101.43815999041584,2.759319857839273],[101.43817975430284,2.7590997699487048],[101.43883013421851,2.7579795714423767],[101.43929007146988,2.7574199217254431],[101.43973024483421,2.7569797447358155],[101.43998985929045,2.7566895896060259],[101.44018030195474,2.7566096398190894],[101.4404003874285,2.756650064248845],[101.44057017075846,2.7568602708001322],[101.4406501205454,2.757110001500223],[101.44068964590258,2.7576301246514845],[101.44073995288005,2.7579400436683272],[101.44061957745498,2.7583002672457724],[101.44049021855471,2.7588401567008987],[101.44080013877993,2.7584404065578383],[101.44119000758371,2.7573300893908481],[101.44148016392194,2.7566698257190296],[101.44165982617437,2.7563302638927212],[101.44199040694235,2.7558101383245912],[101.4421799517425,2.7552998965126108],[101.44237039440679,2.7550196227221022],[101.4426300076546,2.7547698896051998],[101.44280966990704,2.7546998211575442],[101.44316001214514,2.7547896522837618],[101.44298034868427,2.7544896158146912],[101.44294980559386,2.7542201212276041],[101.44308006235821,2.7529400231474028],[101.44314025067501,2.7524998473662095],[101.44325972581908,2.7520497914541124],[101.44343040701324,2.7511002729335132],[101.44375020495249,2.7502495690142723],[101.44406012517771,2.749539898645935],[101.4444796367909,2.7489299443684558],[101.4448003362196,2.7482301553394564],[101.44594029740455,2.7458801633135863],[101.44629962311785,2.7450600000678946],[101.44659966079536,2.7441796509223195],[101.44722039790156,2.7426803628156904],[101.44739017881471,2.742429734251516],[101.44766955594952,2.7422599533383618],[101.44809984676613,2.7421701222121442],[101.44821033964354,2.7420901700083959],[101.44864961756059,2.7412403639532386],[101.44920028380233,2.7401300467861915],[101.44950032147983,2.7396503468562514],[101.4496799849407,2.7394599041919605],[101.44982012062752,2.7391598665144556],[101.44999978650526,2.7387098118107929],[101.4503797739697,2.738300177911583],[101.45060974078274,2.7380199041210744],[101.45088013323397,2.7379201916555758],[101.45098972824718,2.73794983688191],[101.45104991656393,2.7380702110985453],[101.45104991656393,2.7382804152330209],[101.45119005225075,2.7386002155891447],[101.45134007290221,2.7388795927239471],[101.45149997126759,2.7390502715011849],[101.45169041393189,2.7391904096048734],[101.45154039690578,2.7388104221404319],[101.4514002588021,2.7384996052594488],[101.45129964726402,2.7381995675819439],[101.45147032604126,2.7378303593209239],[101.45157003971525,2.7373497615268434],[101.45164010695441,2.7367002794753148],[101.45160956628081,2.7365098368110239],[101.45142002148066,2.7363598173680543],[101.45133019035444,2.7360903227809672],[101.45137959705096,2.7356097237783956],[101.45150985381531,2.7351003810389898],[101.45174970196763,2.7344302372363245],[101.45193026329264,2.7338903514064441],[101.45219975787973,2.7333998710646483],[101.45243960965735,2.7329300488486865],[101.45257974534417,2.7324898754843048],[101.45275042653833,2.7320901253413012],[101.45344033301961,2.7313202690730805],[101.45397033751016,2.7302602588835043],[101.4543503249746,2.7295200454248061],[101.45452998843547,2.7292397716342975],[101.45533038779411,2.7286100534697653],[101.45539955837762,2.7283702016921438],[101.45549028736798,2.7281501162183872],[101.45591968152888,2.7280504025444543],[101.45619995773626,2.7279497922148153],[101.45665001243992,2.7279497922148153],[101.45701023601731,2.7279300283278189],[101.45754024413321,2.7279803353052898],[101.45696981158761,2.7278303146538292],[101.45612000553245,2.7277701287539458],[101.45590980139804,2.7277701287539458],[101.45584961308123,2.7276596358765914],[101.45589992005876,2.7271799359465945],[101.45632032953608,2.7261199233402067],[101.45656018131371,2.7253599484112669],[101.45685033765193,2.7246700419300396],[101.45716025666877,2.7237501674272835],[101.45745041179856,2.7230000750461159],[101.45769026115931,2.72201013088727],[101.45777021094625,2.7215097692061931],[101.45800018138459,2.7208602871546645],[101.4583002190621,2.719929633448487],[101.45905031144326,2.7181500715513494],[101.45930004214335,2.7176901318831028],[101.45973033658527,2.7169400395019352],[101.46033040831503,2.7160596903563601],[101.46090982312734,2.715139815853604],[101.46156020183457,2.7140995671342125],[101.46226987220285,2.7131096229753666],[101.46257979242813,2.7127197541716441],[101.46286006621864,2.712320005237018],[101.46304961101879,2.7117298124297236],[101.46324993502236,2.7101101501064022],[101.46318974670561,2.7099403679848137],[101.46329035824368,2.7095900245382722],[101.46363980140927,2.708929762074888],[101.46384012662128,2.7082398555936038],[101.46399014606425,2.7080296526675625],[101.46398026472497,2.7077799183422258],[101.46387965318689,2.707740394193479],[101.46372963374392,2.707740394193479],[101.46369999093446,2.7076604444065424],[101.46376017683434,2.7075301876421918],[101.46402967142143,2.7071897255348745],[101.46405033196419,2.7067702139216863],[101.46414016429878,2.7063902264572448],[101.46481030689307,2.7055098773116697],[101.46542026358742,2.7048002093602577],[101.46564035147804,2.7046196456183793],[101.46592960753526,2.7039198602146826],[101.46641020532934,2.7034096159858336],[101.46659975012949,2.7032299525249641],[101.46665005710696,2.7027798978213582],[101.46679019279378,2.7026002343604887],[101.46724025112275,2.7024196718270446],[101.467560049062,2.7020199228924184],[101.46780978338734,2.7017001225362947],[101.46806041195157,2.7012401852849734],[101.46844039820758,2.7010299787336294],[101.4687503184328,2.7008098908430043],[101.46907011999735,2.7002996502394581],[101.46938991793661,2.6998298304403647],[101.46954981751048,2.6997103540878697],[101.46983009371786,2.6997202354271508],[101.46992980497492,2.6995297927628599],[101.46985973652727,2.6991003998103906],[101.4699801119524,2.6989099547292312],[101.47051999778222,2.6985703916944885],[101.4710598872374,2.698040387203946],[101.4715099431495,2.6976397391967453],[101.47202018616991,2.69696959539408],[101.4723597492046,2.6964198245996158],[101.47266966822144,2.6962500436864616],[101.47309996024649,2.6960596010221707],[101.47332992947639,2.6958502947518923],[101.47344042235375,2.6957496807969505],[101.47371979828011,2.6953400505230434],[101.47410966829227,2.6950400128454817],[101.47458038474713,2.6948603505931032],[101.47523974813794,2.6948603505931032],[101.47579041437967,2.6947103323585111],[101.47611021594417,2.6944803631286049],[101.47666986566105,2.6944695839251835],[101.47687018966468,2.6945396511644049],[101.4770300892385,2.6945001270156581],[101.47751967171621,2.6938201018736549],[101.47830030839623,2.6933404007352806],[101.47842966367119,2.6931796020888896],[101.47833983254498,2.6929496340674177],[101.47818981551887,2.6927996146243913],[101.47822035860935,2.6926999033673269],[101.47835959643203,2.6924699341374208],[101.47800027071872,2.6921698964599159],[101.47793020227107,2.6919201657598251],[101.4787099374617,2.6911197651927523],[101.47894978923932,2.6910595792928689],[101.4789803323298,2.6912302580701635],[101.47885007677382,2.6916003641953239],[101.47894978923932,2.6917198405478189],[101.47916987712995,2.6915302957476683],[101.47935043845496,2.6912500219571598],[101.47976006872887,2.6911503082832269],[101.47984989985508,2.6910299340665347],[101.4797304259194,2.6907900847057817],[101.4797304259194,2.6906598291498085],[101.48032960099346,2.6901100607722697],[101.48055957022336,2.6901001782244975],[101.48092967634852,2.6901900093507152],[101.48102040533888,2.6900399899077456],[101.48092967634852,2.6898297857733269],[101.4811102364651,2.6895800526563676],[101.48121983147831,2.6892800149788627],[101.48156029479401,2.6892602547171123],[101.48175971851663,2.6894102717432702],[101.48195016118092,2.6897300733077714],[101.48214958732035,2.689950158781528],[101.48198968774653,2.6894803389824347],[101.48205975619413,2.6889799797181695],[101.48236967521098,2.6886502968143304],[101.48362013048171,2.6879496111296248],[101.48456964900231,2.6876702339948224],[101.48606983497308,2.6868698370530524],[101.48655043397565,2.6866901748006171],[101.48711008369253,2.6866596317101994],[101.48780987272153,2.6860900994455505],[101.48810002785132,2.6859903857716176],[101.48850965812522,2.6855600913297053],[101.48885012144092,2.685149564400092],[101.48919956460645,2.6849195939617516],[101.48939988981851,2.6847004063521354],[101.48954990926148,2.684790237478353],[101.4896900449483,2.6848899487354743],[101.48984006559971,2.684829762835534],[101.48975023326506,2.6844803184615671],[101.49015986353896,2.684309637267404],[101.49077970278103,2.6840697879066511],[101.49097014544532,2.6841102135448409],[101.49125041923583,2.6843302978101633],[101.49120011225835,2.6838802431065005],[101.49137977571922,2.6835397834161085],[101.49187025606108,2.6834104245158414],[101.49242002685548,2.6833699988776516],[101.49302998113302,2.6831597959516102],[101.49339020471041,2.6829100628347078],[101.49406034851313,2.6827303993738383],[101.49501974958145,2.6826495517227613],[101.49538985449817,2.6825696019358816],[101.49690980435599,2.6819497639021961],[101.49817014096601,2.6813002818507243],[101.49845041475652,2.6811897889733132],[101.49878009766036,2.6813703527151915],[101.49889957159604,2.6813299270770017],[101.49901994702111,2.6810703150376867],[101.49919960927355,2.6810298893994968],[101.49945024025459,2.6813101631900054],[101.4998598705285,2.6815401336283458],[101.50048959231833,2.6817701004413834],[101.50008984096684,2.6813999955246572],[101.50005031560966,2.6812203320637877],[101.50029016497041,2.6810397719472121],[101.500839933348,2.680910413046945],[101.50135017757685,2.6806202567087212],[101.50172028249358,2.6801198950275875],[101.50172028249358,2.6797695527894803],[101.50148043434126,2.6797596714501424],[101.50136994146391,2.6797102647536803],[101.50136994146391,2.6795395835595741],[101.50222962885829,2.6789898151819784],[101.50327975891702,2.6786798973735699],[101.50417986953272,2.6781696543531552],[101.50462992544482,2.6778902772183528],[101.50495960834866,2.6779001597660681],[101.50515993235223,2.678050176792226],[101.50522011825211,2.6782999111175627],[101.50532971326538,2.6778803958790718],[101.50556956262614,2.6775695789980887],[101.50681013776597,2.6768796725168613],[101.50712005436594,2.6766703662465261],[101.50834984788554,2.6760702908914595],[101.50922031569178,2.6758897307748839],[101.51002969973399,2.6757397101234801],[101.51104030201867,2.6755097433104424],[101.51304983435415,2.6755304038532017],[101.51393018349972,2.675129755846001],[101.51487970322881,2.6751001106196668],[101.51614992117811,2.674880025145967],[101.51660985842949,2.674819835620724],[101.51698984589393,2.6745000352646571],[101.51778036391329,2.6742000000039639],[101.51861040608139,2.67390984366574],[101.51902991769458,2.6736699918881186],[101.51961022916259,2.6731202235105229],[101.52017976142719,2.6728300683807333],[101.52093973635613,2.6727096929556069],[101.52146974326354,2.6725803376806425],[101.5226195869962,2.6718796507875027],[101.52291962225684,2.6717197512136863],[101.52358976605956,2.6717098698744053],[101.52419972275391,2.6715302064135358],[101.52480967944825,2.6710801492930045],[101.52529027845077,2.6710603878228767],[101.52569990872468,2.6711699804192222],[101.52615984839292,2.6708995879679946],[101.52659013920953,2.6704504311285291],[101.52720009590388,2.6704100054903392],[101.52738964191246,2.6702096814867105],[101.52752977639085,2.6697901698735222],[101.52817027738411,2.6692898081924454],[101.52864997489718,2.6691496725056254],[101.52905960758795,2.6689897705148837],[101.52934976392618,2.6685397146028436],[101.52963003771669,2.6684103557025765],[101.52986988949431,2.6684202382502917],[101.52993995673353,2.6685001880372283],[101.52998038237172,2.6681902702288198],[101.5302696372205,2.6678803512119771],[101.53130000701748,2.6670997157403917],[101.53350986093972,2.6662597910245722],[101.53453034818892,2.6658402769945155],[101.53569995339177,2.6653102712954819],[101.537089648902,2.6648197909536862],[101.53847035972871,2.6641200031331209],[101.53898958501583,2.6636501845424618],[101.53985017027441,2.6632100111780801],[101.54100989655478,2.6626701241398223],[101.54160996828455,2.6624895603979439],[101.54239958843971,2.662089812671752],[101.54465974933942,2.6607701880259924],[101.54570987939815,2.6603201296970269],[101.54615005517934,2.6604899106101811],[101.54623000496628,2.6602797076841398],[101.54647973566631,2.660129687032736],[101.5474696798251,2.6599302608933044],[101.54802034606683,2.6596203442933302],[101.54927978481271,2.6592502381681697],[101.55024008374522,2.6588603693644473],[101.55268978944503,2.657759932328247],[101.55376956473009,2.6573997087508019],[101.55471010098398,2.6569101262731465],[101.55527963204014,2.6566801558348061],[101.5554997211392,2.6566603955731125],[101.55606026872022,2.6568903623861502],[101.55629023795012,2.657190400063655],[101.55630011808097,2.6575497257769598],[101.55646990141094,2.6576700999935952],[101.55705021287901,2.6577302895187813],[101.55731970746609,2.6575497257769598],[101.55737989336598,2.657050264376835],[101.55745984315291,2.6566999197218024],[101.5576700497042,2.6566002060478695],[101.55887019678903,2.6563396961444141],[101.55923042399178,2.6564699529087648],[101.55966969949196,2.6565202562609898],[101.56025989229931,2.6563396961444141],[101.56068030177664,2.6563298148050762],[101.56108005312808,2.6561303874572104],[101.56139985469264,2.656119608253789],[101.56168012848315,2.6563396961444141],[101.56214006573452,2.6564196459312939],[101.562570358968,2.6563801205741697],[101.56384955918406,2.655750399992769],[101.56444963453913,2.655540194649916],[101.5652697953679,2.6554898900892567],[101.56580968240621,2.6554395831117859],[101.56668014900407,2.6551799710724708],[101.56697030534229,2.6550101889508824],[101.5673502952236,2.6544604205732867],[101.56782011381426,2.6541001969958984],[101.57017998717947,2.6528704034762995],[101.57191014238015,2.652179599130875],[101.57282013554357,2.6518597975663738],[101.57409035349292,2.6515498785495311],[101.5747200716574,2.6515202357400653],[101.57554023490309,2.6511402482756239],[101.57633973398072,2.6506003588204976],[101.57715989480954,2.650380273346741],[101.57822978875527,2.6500703543298982],[101.57917032621759,2.6497703166523934],[101.57977039915579,2.6498700303263263],[101.58017015050723,2.6500595751264768],[101.58039023839785,2.649969742791825],[101.58056990185872,2.6498897942133226],[101.58130023035289,2.6500703543298982],[101.58193982985665,2.6499302162262097],[101.58265039808913,2.6494100930749482],[101.58349032280495,2.6485297439293731],[101.58392959830513,2.6482198249125304],[101.58444972387326,2.6481704182160684],[101.58475964409854,2.648400385029106],[101.58466981176389,2.6480500427909988],[101.58480006611143,2.6479503303255001],[101.58526988470209,2.647940447777728],[101.58607028406072,2.6475299172228688],[101.58717970336363,2.6466801111677114],[101.58766030115771,2.6461599880164499],[101.58788038904834,2.6456802880865098],[101.58823971476164,2.645429657105467],[101.58895028299406,2.6453595886578114],[101.58914971034193,2.6453003006220683],[101.58925032067157,2.6451799264053761],[101.58922966012886,2.6449903816052256],[101.58897992580347,2.6447900563932194],[101.58899968969052,2.6446499207063994],[101.5893302704585,2.644250170563339],[101.5897803263706,2.6441899810381528],[101.59040016440423,2.6435503815343395],[101.59100023734243,2.6429000016186706],[101.59155988826774,2.6425604397924189],[101.5966802866306,2.6445798510503096],[101.59761992381192,2.6447900563932194],[101.59835025230609,2.6451098579577774],[101.59851015429678,2.6454799640829378],[101.59823975942868,2.6460602755509512],[101.59798014738936,2.6466899937154835],[101.59813016804077,2.6475299172228688],[101.59859998663143,2.6480500427909988],[101.5993303151256,2.648260249342286],[101.59937972182206,2.6490498670806346],[101.59896021020887,2.6504701056813929],[101.59864040864431,2.6512803839624439],[101.59796038350231,2.6694497065578275],[101.59775018057633,2.6781400091268779],[101.59730012224736,2.7104398305933728],[101.59705039154733,2.7285103397958324],[101.63264972356035,2.72808004535392],[101.63300006821532,2.7552001828386778],[101.64740994059599,2.7720498807883018],[101.67348982936136,2.8019296405728369],[101.68456965052184,2.8146201393731189],[101.68311976911167,2.8158598154403762],[101.68044009418196,2.8175199021934532],[101.67899021277179,2.8185502695735636],[101.67640036896825,2.8213503187199649],[101.67413032672926,2.8232098304040392],[101.67155036547348,2.823829669646102],[101.66876020129166,2.8238197870983868],[101.66720970834342,2.8231999478563239],[101.65004020882924,2.8407997418123614],[101.64787975918665,2.844780175365031],[101.6467397980017,2.8467501799264596],[101.64489016765697,2.8509003980175294],[101.64249975120129,2.8540103637639049],[101.63574981159269,2.8672102089288387]]]},"properties":{"Daerah":"KUALA LANGAT","Negeri":"SELANGOR","Nam":"Kuala Langat"}},{"type":"Feature","geometry":{"type":"Polygon","coordinates":[[[100.85035012901847,3.851859797016175],[100.84323008086784,3.8502302545620068],[100.83658973506408,3.8490804108293446],[100.83097975784881,3.8498601496452807],[100.82560962878591,3.8505698175966927],[100.82176034865336,3.8517502044197727],[100.820550316604,3.8517403218720574],[100.81912019908083,3.8517403218720574],[100.81910043761064,3.8516397115424184],[100.82090964231725,3.8488899693734879],[100.82178999146282,3.8472199988642615],[100.82169027778889,3.8472496452990299],[100.81984963212767,3.8472397627513146],[100.8164504054904,3.8402302098949122],[100.81527990363185,3.8366603044803469],[100.81478043860648,3.8307197452886612],[100.81284007685446,3.8216000497671416],[100.81179982813507,3.818160401116927],[100.81117010997053,3.8123500986897056],[100.81013974138199,3.8042904145661964],[100.80989001068195,3.800859746974254],[100.81042989651178,3.7978198484670997],[100.81232983383404,3.7932698826498381],[100.81223012257698,3.7923302454685199],[100.81231007236391,3.7919601393433595],[100.81281043404499,3.7908300594977504],[100.81301974031533,3.7902596305773955],[100.81323982820595,3.7898499966782424],[100.81350033810941,3.7894197034447075],[100.81355962977045,3.7892202785137101],[100.81370964679661,3.7889696475326673],[100.81378959658349,3.7888699350671686],[100.81401956702183,3.7883803550063249],[100.81407975292177,3.7881000775905136],[100.81410041346447,3.787809922460724],[100.81420012713841,3.7875197661225002],[100.81427019558606,3.7873598677570612],[100.81433038390281,3.7871604404091954],[100.81448040092891,3.7869502374831541],[100.81474001417672,3.7866304359186529],[100.81486038839336,3.7862297867030179],[100.81486038839336,3.7852200810740442],[100.81487026973269,3.7848302122703217],[100.81491967642916,3.78453017459276],[100.81506969708056,3.7841995938247805],[100.81518018995791,3.784000167685349],[100.81534008953179,3.7838600319985289],[100.81564012720929,3.7837198938948404],[100.81627972671311,3.7832896018697966],[100.81648005071668,3.7831800068565258],[100.8167504431679,3.7830802931825929],[100.81695975185505,3.7829401574957728],[100.81723014430628,3.7826904243788704],[100.81752029943613,3.7823796074978873],[100.81766043753976,3.782229589263352],[100.81777003013616,3.7820499270109167],[100.81784998233996,3.7818298391203484],[100.81794969359703,3.7815899897595386],[100.81807995036144,3.7814103262986691],[100.81890999252948,3.7806000456007496],[100.81921991154633,3.7801598722364247],[100.81945976332395,3.7798903776493376],[100.81968973013699,3.7796397466682379],[100.82004995733973,3.7791699280775788],[100.82011014323962,3.7789597215262916],[100.82021973825283,3.7787602941784257],[100.82036975527899,3.7786102771522678],[100.82096983063406,3.7782796963842884],[100.82124022308523,3.7781997465974086],[100.82181963668916,3.7780102017972581],[100.82209991047966,3.7778799486581534],[100.82236042159155,3.7776697421068093],[100.82257961161804,3.7774200089899068],[100.82275029039533,3.7772196837779006],[100.8229299538562,3.7770696667517427],[100.8230997347693,3.7770202600552807],[100.82336024708968,3.7769798356255251],[100.82369981012437,3.7769798356255251],[100.82397020257559,3.7770103787159997],[100.8242199356925,3.7771002098422173],[100.82449032814372,3.7772502268683184],[100.82466010905688,3.77741012885906],[100.82482988996998,3.7776400968805319],[100.82496014673438,3.777799995245914],[100.82504009652132,3.7780200843449734],[100.82513980898682,3.7782204083485453],[100.82518023462501,3.7784297170356922],[100.82524042052489,3.7791600455298635],[100.82535001553816,3.7796702897587124],[100.82562040798933,3.7801302270100905],[100.82577042743236,3.780319771810241],[100.82604980456716,3.7806602339175015],[100.82623036468368,3.7810195596308063],[100.82631031447062,3.7811902384081009],[100.82638038291827,3.7813600193211983],[100.82639026425755,3.781500158633321],[100.8262797713802,3.7816995823559409],[100.82601027679311,3.7820103992368672],[100.82594020955389,3.7822098265847899],[100.82606956482886,3.7825601700313314],[100.82618005770621,3.782679645175449],[100.82638038291827,3.7827595949623287],[100.82647021404449,3.7828503263695552],[100.82657980905771,3.7829302761564918],[100.82655016383137,3.7831099384089271],[100.8265995729447,3.7832204312862814],[100.82668041938734,3.7832797205305155],[100.82676036917428,3.7833102636209333],[100.82684031896122,3.7833803308601546],[100.82694991397443,3.7834899258733685],[100.82701998242203,3.7836498254472417],[100.82716012052572,3.7838402681115326],[100.82729037729013,3.7839696270117429],[100.82725983419971,3.7842696646893046],[100.82721042750319,3.7843496144762412],[100.82716012052572,3.7843702750189436],[100.82708017073884,3.7843702750189436],[100.82694003263515,3.7843100867021917],[100.82671994716139,3.7843002053629107],[100.82663999495759,3.784329850589188],[100.82650974061005,3.7844295642631209],[100.82640014559684,3.7844601073535955],[100.82630043313134,3.7844699886928765],[100.82619982159326,3.7844699886928765],[100.82601027679311,3.7843397319284691],[100.8259204456669,3.7842103730282588],[100.82588002002871,3.7841304244497564],[100.82573988434189,3.7839300992377503],[100.82567969602513,3.7838995561472757],[100.82567969602513,3.7841699510153717],[100.8257497668896,3.7843100867021917],[100.82582971667654,3.7844196817154057],[100.82590966646347,3.7844699886928765],[100.82603004068011,3.7844996315023423],[100.82610010791933,3.7845499384798131],[100.82643967095402,3.7846002430404155],[100.82662023348746,3.784569699949941],[100.82674958997086,3.78453017459276],[100.82695979652215,3.7844996315023423],[100.82709005328655,3.78453017459276],[100.82730025862941,3.784649652153746],[100.82734966532587,3.7847296019406826],[100.82741973377352,3.7847996691798471],[100.82750956489974,3.7849496874143824],[100.82756975321649,3.7853395562181618],[100.82757963213896,3.7855497615610147],[100.82770988890331,3.7857500867730778],[100.82791021290694,3.7859396315732283],[100.8279596196034,3.7860600057898637],[100.82812041945823,3.7861803800065559],[100.82825965728091,3.7862199053637369],[100.82851028826195,3.7863303982410912],[100.82868995172282,3.7863501621280875],[100.82885973263598,3.7864103480280278],[100.82891003961345,3.7864597571413583],[100.82908970307432,3.7865603674709973],[100.82921007487408,3.7867202670448137],[100.8292999060003,3.7868900479579679],[100.82937985820411,3.7870104233830943],[100.8295703008684,3.7871999681832449],[100.8299799311423,3.7875000058607498],[100.83014971205546,3.7877003298643217],[100.83020001903293,3.7879096361346569],[100.83018025514588,3.7882195551514997],[100.8303796824938,3.7885303720324259],[100.83055036127104,3.7887396807196296],[100.83076955129752,3.789039715980266],[100.83093034873548,3.7892103971744291],[100.83090968940121,3.793049794759213],[100.83111989353563,3.7930399158368004],[100.83111989353563,3.7924703835722084],[100.8310803681785,3.789310110848362],[100.83106958897503,3.7891196681840711],[100.83086028028788,3.7888097491672283],[100.83050005671043,3.7882500982419174],[100.83043986839368,3.7877398540130685],[100.83038956383308,3.787620380077442],[100.83020001903293,3.787349985209346],[100.83004011945906,3.7872897993094625],[100.82988021746837,3.7871999681832449],[100.82971043655522,3.787100254509312],[100.82958018220768,3.7869601164056235],[100.8292999060003,3.7864301119150241],[100.82921995621342,3.7863097364899545],[100.82878966539676,3.786120191689804],[100.82862976340607,3.7860797696769168],[100.82841955927159,3.7859899385506992],[100.82823001447144,3.7858201540122423],[100.82810964025481,3.7856800183254222],[100.82801980912859,3.7855299988824527],[100.82788955236418,3.7852802681824187],[100.82778983869025,3.7849999931834759],[100.82764970300343,3.7847098380536295],[100.82753022665088,3.7845499384798131],[100.82752034410316,3.784329850589188],[100.8275499893295,3.7841403057890375],[100.82771977145103,3.7840396942509642],[100.82788955236418,3.7839103353506971],[100.82822013313216,3.78386991333781],[100.8288498512967,3.7838196063603391],[100.82994040699356,3.7838097250210581],[100.83026020493281,3.78386991333781],[100.83052970193677,3.7840199315724021],[100.83512997231463,3.7875503092129179],[100.83548031696961,3.787819803800005],[100.83558003064354,3.7877398540130685],[100.83510032950517,3.7873203423998802],[100.83060965172365,3.7838600319985289],[100.8303796824938,3.7837198938948404],[100.82898010806105,3.783659707994957],[100.82829020037138,3.783659707994957],[100.82802969046787,3.7836803685376594],[100.82769012501632,3.7838501494508137],[100.82755987187721,3.7838501494508137],[100.82706040685179,3.7831395812183928],[100.82689961062226,3.7828404450302742],[100.82680977828761,3.7826203559312717],[100.82680977828761,3.7824999817145795],[100.82679001560899,3.7823400821407063],[100.82663011603518,3.7820795698203824],[100.82661035214818,3.7818496017989105],[100.82663011603518,3.7816501756594789],[100.82666964018392,3.7814498516558501],[100.82666964018392,3.7812603068556996],[100.82661035214818,3.7811102886211643],[100.82625012857073,3.780520095813813],[100.82611987180633,3.7803404323530003],[100.82586025976696,3.779999970245683],[100.82563028932867,3.7796604072109972],[100.82552967899898,3.7794897284337026],[100.8254497292121,3.7790297923907588],[100.82543984666438,3.778310239474763],[100.82537966076444,3.7779401345580368],[100.82535001553816,3.7773903661804411],[100.82532037031183,3.7767804082776593],[100.82537966076444,3.776519898374147],[100.82550003256426,3.7762701676741131],[100.82568957736441,3.7760896039322347],[100.82588990257642,3.7760096541453549],[100.82603992201939,3.7760599611228258],[100.82626000749315,3.776190215470308],[100.82635972116708,3.7763402349133344],[100.82647021404449,3.7764399485872673],[100.8265995729447,3.7765001344871507],[100.82673970863152,3.7765702029348063],[100.82696967786143,3.7765998481610836],[100.82752034410316,3.7765998481610836],[100.82768024609391,3.7766600340610239],[100.82792009545466,3.7766995618350165],[100.82833960706785,3.7767804082776593],[100.82873037615258,3.7767301049254911],[100.82936009431711,3.7765603228039026],[100.82958018220768,3.7765297797134849],[100.82984967679477,3.7766303912515582],[100.83005000200677,3.7767696290742379],[100.83018025514588,3.7769304289290631],[100.83030961404614,3.7771603957421007],[100.83042998947127,3.7775601470935953],[100.83045963228068,3.7777703524364483],[100.83058000649737,3.7780398470235355],[100.83068960151058,3.7782895777236263],[100.83081985827499,3.7786596838487299],[100.83097975784881,3.7789696028655726],[100.83117019930472,3.7793298264430177],[100.83128967686565,3.7796002213111137],[100.83162025521676,3.7806000456007496],[100.8317002050037,3.7808704368435428],[100.8317002050037,3.7813303765117894],[100.83172985023003,3.7818001963108827],[100.83180980001691,3.7822197079240709],[100.83189963114313,3.782780255505088],[100.83207031233729,3.7834099760864319],[100.83219966882069,3.7837800822115923],[100.83263984218502,3.7845598198190942],[100.83294976120186,3.7849299259442546],[100.83336029175678,3.7852596064312252],[100.83361002245681,3.7853000308609808],[100.83389029745575,3.7853602167608642],[100.83414991191194,3.7853997445349137],[100.834350237124,3.7855201187516059],[100.83461973171103,3.7857500867730778],[100.83479041048832,3.7858201540122423],[100.83504014118841,3.7858803423289942],[100.83537970543154,3.7859198676861752],[100.83570040244336,3.7858902248767663],[100.83611991647342,3.7857204439636121],[100.83638042637688,3.7857096611348879],[100.83661039681522,3.7857698506600741],[100.83681970550242,3.7858300365599575],[100.83738025308344,3.7861300742375192],[100.83772969745741,3.786580128941182],[100.83784019033482,3.7865702500187126],[100.83741977844062,3.7860402419028674],[100.83719969296686,3.7858497992385765],[100.83702002950599,3.7857096611348879],[100.8367496346379,3.7856000685384856],[100.83654032957605,3.7855299988824527],[100.83627981604724,3.7855201187516059],[100.83605972815667,3.7855299988824527],[100.83547043442189,3.7856602544384259],[100.8351802792921,3.7856395938956666],[100.83499971796709,3.7856198300086703],[100.83479041048832,3.785510237412268],[100.83458020393704,3.7853395562181618],[100.83427028371176,3.7851904358477668],[100.83408972359518,3.7852101997347631],[100.83370973613074,3.7851904358477668],[100.83353007387831,3.7851796566442886],[100.83338993819149,3.7850700616310746],[100.83323991754008,3.7849200433965393],[100.83305037273993,3.784649652153746],[100.83284016618859,3.7843999178284093],[100.83269014916249,3.7841897124854995],[100.8324799426112,3.7837396565734593],[100.83224997579816,3.7829895641922349],[100.83207031233729,3.781979858563318],[100.83197958093007,3.7813303765117894],[100.83196969959079,3.7809297285045886],[100.83192029289432,3.7806296908270838],[100.83181968135619,3.7802101755885928],[100.83172985023003,3.7799299017980843],[100.83159959346563,3.7796496280075758],[100.83153042288211,3.7794403193203721],[100.83138040585601,3.7791501641905825],[100.83113965621425,3.7788303650428929],[100.83100041839157,3.7786201584916057],[100.83090968940121,3.7783398847010972],[100.83079021304866,3.7778799486581534],[100.83065995628431,3.7775601470935953],[100.83060965172365,3.7772196837779006],[100.83055036127104,3.7769501891908135],[100.83056024261032,3.7766097295003647],[100.83072014460106,3.7763797602705154],[100.83089980806193,3.7762899279358635],[100.83103006120103,3.7762899279358635],[100.83128967686565,3.7763698777227432],[100.83156995065616,3.7764597100573951],[100.83184034310739,3.7766303912515582],[100.83202988790754,3.7767202223777758],[100.83216014467195,3.7768298173909898],[100.83237034759793,3.7768801219515922],[100.83259043548856,3.776989716964863],[100.83288957530192,3.7770202600552807],[100.83340969845324,3.777030142602996],[100.83385975678215,3.7771002098422173],[100.83437987993341,3.7771900409684349],[100.83487035906683,3.7772196837779006],[100.83515961754091,3.7772897546423678],[100.83536982409225,3.7772699907553715],[100.83558990956595,3.7772996359816489],[100.83587018577333,3.7772403455290373],[100.83608038990781,3.7771702770814386],[100.83628969738652,3.7771496165386793],[100.83649990393786,3.7771702770814386],[100.83671999182849,3.7772098048554312],[100.83709997929293,3.7772295663256159],[100.83748984809665,3.777139733990964],[100.83765962900981,3.777030142602996],[100.83814022801232,3.776999598304144],[100.83845014702916,3.7770499028647464],[100.83866035116358,3.7771199737292136],[100.83891008428054,3.7771002098422173],[100.83908974774135,3.7771002098422173],[100.83926042651865,3.7770103787159997],[100.83951015721874,3.776999598304144],[100.83968981947112,3.7770103787159997],[100.83993955379651,3.7770903285029362],[100.84012011391309,3.7771702770814386],[100.84025037067744,3.7771496165386793],[100.84037972716084,3.777129852651683],[100.84051986526453,3.7771002098422173],[100.84098968385518,3.777139733990964],[100.84114958342906,3.7771199737292136],[100.84127984019341,3.7770499028647464],[100.8415295708935,3.7768801219515922],[100.84174965878412,3.7767597477349568],[100.84187991192323,3.7767696290742379],[100.84211976370085,3.7766995618350165],[100.84245034446883,3.7767696290742379],[100.84273960052604,3.7768100535039935],[100.84299023150709,3.7767399862647721],[100.8433297933334,3.7766896792873013],[100.84368013798837,3.7766501551385545],[100.84398017566588,3.7766402725908392],[100.84421014247891,3.7765998481610836],[100.84444999425659,3.7765998481610836],[100.84464043692088,3.7765800842740873],[100.84506983108179,3.7766303912515582],[100.84549024297598,3.7766097295003647],[100.84580015957596,3.7766896792873013],[100.8464801847179,3.7766196120481368],[100.84695988585628,3.7765504414646216],[100.84761026456357,3.7764103033609331],[100.84823010380563,3.7762297420359232],[100.84860020993079,3.7760797225929537],[100.8489002476083,3.7759395869061336],[100.84910955508707,3.7759395869061336],[100.84947966121223,3.7761399109097056],[100.84978957781215,3.7764902531478697],[100.84988030921937,3.7765504414646216],[100.85005009134096,3.7765100158264318],[100.85006985401952,3.7764300672479862],[100.85014980380646,3.7762998104835788],[100.85026029668381,3.7760096541453549],[100.85036001035775,3.7758802976619563],[100.85049026470529,3.7757599234452641],[100.85076964063165,3.7756197853415756],[100.85091966128306,3.7755901425321667],[100.8510795596485,3.7755200716676427],[100.85159968279976,3.775490428858177],[100.85188983913798,3.7755497168939769],[100.85218987681554,3.7755101927452301],[100.85246027168358,3.7753898185285379],[100.85295973308371,3.775399699867819],[100.85307022596112,3.7754095787902884],[100.85347985865184,3.7753296290033518],[100.85377001378168,3.7752200364070063],[100.85393979590322,3.7751104413937355],[100.85407993159004,3.7750098310640965],[100.85420030580673,3.7749397601996293],[100.85438985060688,3.7748598104126927],[100.85459017461045,3.7748598104126927],[100.85482014504879,3.7748499290734117],[100.85505999320111,3.774869692960408],[100.85531960644892,3.7747996245128093],[100.85559000131701,3.7747502178162904],[100.85594034355512,3.7746496050697829],[100.85619995559449,3.774619962260374],[100.85635985758518,3.7745597727351878],[100.85662036748869,3.7744897054959665],[100.85679014961022,3.7744097557090299],[100.85723032539147,3.7741501424612807],[100.85740010630462,3.774060311335063],[100.85750969890097,3.7739902440958417],[100.85783039712123,3.7738797512184874],[100.85803970580838,3.7738599873314342],[100.85839004804654,3.7738303421051569],[100.85863978116345,3.7737701549967824],[100.85930992496617,3.7734296928895219],[100.85966026599584,3.7732096074157653],[100.86013008579494,3.7729499917511475],[100.86039957917359,3.7728098560643275],[100.86059002183788,3.7727703294987123],[100.86084963508569,3.772659836621358],[100.86150001741822,3.7723795628308494],[100.86180993401814,3.7722897304961975],[100.8620596671351,3.7722403250081697],[100.86226987368639,3.7722403250081697],[100.86243965459954,3.7721998993699799],[100.86300020218056,3.7719896928186358],[100.8632301726189,3.7718801014307246],[100.86339007219271,3.7717597260055982],[100.86353020787953,3.7715899450925008],[100.86371975267969,3.771439924441097],[100.86389043387385,3.7713096688851238],[100.864079978674,3.7712503796408896],[100.86430994548704,3.7710500556373177],[100.86459021927755,3.7708802747241634],[100.86480042582883,3.7706898320598725],[100.8650798017552,3.7705398150337714],[100.86534031286715,3.7703601515729019],[100.86609040766518,3.7700403500083439],[100.8666302947035,3.769849907344053],[100.8668602639334,3.7697196517881366],[100.8671396374429,3.769600176644019],[100.86738038708467,3.7695103455178014],[100.86753040773607,3.7693998526404471],[100.86784032433604,3.7692498319889864],[100.86804963302319,3.7692399506497054],[100.8682598383661,3.7691501195234878],[100.86844039969111,3.7690998149628854],[100.86862006194349,3.7689902199496714],[100.86877996151736,3.768930034049788],[100.86894974243052,3.7688402029235704],[100.8691599489818,3.768760249511331],[100.86990016244056,3.7684197898209391],[100.87044004947887,3.7682302450207885],[100.87092963195653,3.7681997019303139],[100.87121978708632,3.7682095844780292],[100.87173991023758,3.7683596015041303],[100.87191957369845,3.7684602154590721],[100.87208037355333,3.7684602154590721],[100.87228967861518,3.7683497225817177],[100.87258971629274,3.7681296346910926],[100.87294006094771,3.76794997123028],[100.87324009862527,3.767959852569561],[100.87362008608972,3.7680595662434939],[100.87399019100644,3.7682203636814506],[100.87468997761857,3.7684000259338859],[100.87524962733545,3.7687000636114476],[100.87560985453814,3.7690198651759488],[100.87608955205127,3.7694896837666647],[100.87629975860256,3.7696495833404811],[100.87668962740634,3.7699298571309896],[100.87689983395762,3.7701104184559995],[100.8770300895136,3.7701903682429361],[100.87724029606488,3.7704499826991196],[100.87746038153864,3.7706700681728762],[100.87784036900308,3.7709602245111],[100.87849973239395,3.7715396381150299],[100.87876024592271,3.7718396757925348],[100.87901985796208,3.772100185696047],[100.87933965710977,3.772460412898738],[100.87949955910045,3.7726104299248959],[100.87959028809081,3.7726499540736427],[100.87978971423024,3.7728404003631795],[100.88007987056847,3.7731404344154384],[100.88024965148162,3.7733201002931764],[100.88045985803296,3.7735698309932104],[100.88067006337582,3.773969582344705],[100.8809395579629,3.7743603490125679],[100.88156029265224,3.7752299165378531],[100.88170043075593,3.7751598480901976],[100.88181990469161,3.7750798983033178],[100.88155041010452,3.774869692960408],[100.88126025497473,3.7743603490125679],[100.88097998118423,3.773969582344705],[100.880709588733,3.773649780780147],[100.88055957049846,3.7733596256503574],[100.88019036344588,3.7727703294987123],[100.87993973246478,3.772560122947425],[100.87958040554309,3.7720696426055724],[100.87937020020019,3.7719097442401903],[100.87920041928709,3.7717004379698551],[100.87885007704892,3.7714596883280933],[100.87875036337499,3.7714102816316313],[100.87862010661058,3.7712899074149391],[100.87844044435815,3.7711497693112506],[100.87788977811641,3.770619764820708],[100.87761040219004,3.7703296084824842],[100.87740019563876,3.7701104184559995],[100.87714956465771,3.7699100932439933],[100.8769303770481,3.7696900089786709],[100.87663033937054,3.7694798024273268],[100.87608955205127,3.7690198651759488],[100.87594043168087,3.7688896084115981],[100.87569968566436,3.7686901822721097],[100.87541042719027,3.7685401652460087],[100.87514003594748,3.7683200773553835],[100.87499989663536,3.7682095844780292],[100.87483999826998,3.7681997019303139],[100.87468997761857,3.7681502952338519],[100.87456960340188,3.7681197521433774],[100.87437017847088,3.7680101571301634],[100.87423992291491,3.7679697351172763],[100.87414020924098,3.7678601401040623],[100.87408990468037,3.7677298833396549],[100.87405037811476,3.7675403385395043],[100.87399019100644,3.7673903215133464],[100.87397042832782,3.7672304195226616],[100.87377010311582,3.7669995536370493],[100.87370991721593,3.7668297727238951],[100.87377010311582,3.7667201777106811],[100.87375034043725,3.7665899209462737],[100.873809628473,3.7664704445937787],[100.87390035988022,3.766350072793955],[100.87423992291491,3.7659997281389792],[100.87446989214482,3.7658003007910565],[100.87475016593532,3.7655999767874846],[100.87491994684848,3.7654796049876609],[100.87520022184742,3.765309821657695],[100.87535023887352,3.765169685970875],[100.87557032676415,3.7650600897492268],[100.87573022633796,3.7648903088360726],[100.87596019556787,3.7647896985064335],[100.87626023324538,3.7646199175932793],[100.87642013281925,3.7645300852586274],[100.87676957719322,3.764290233481006],[100.87685042726116,3.7641599803419012],[100.87710015796119,3.7639704355417507],[100.87754033132558,3.7635302597605573],[100.87782958979966,3.7632598673093298],[100.87803979514257,3.7629795935188213],[100.87825000169386,3.7627702848316176],[100.87844044435815,3.7626400304841354],[100.87867041358805,3.7624199425935103],[100.87890038160953,3.7622303977933598],[100.87915011472643,3.7621396688030018],[100.87953010219093,3.761780343089697],[100.88032960126856,3.7610796561965572],[100.88060987505906,3.7608398044189357],[100.88095033837476,3.7606601421665005],[100.88115964343666,3.7604598181629285],[100.88173995490467,3.7601301376759579],[100.88287003475028,3.7593198557695473],[100.88315031216609,3.7589901752825767],[100.8835096378794,3.7585796447276607],[100.88376026644357,3.7583397953669078],[100.88393004735673,3.7581197074763395],[100.88400999956053,3.7579499265631853],[100.88409983189518,3.7577900245725004],[100.88430015589876,3.7575699390987438],[100.88443040903786,3.757359733755834],[100.88474032926308,3.7571603064079682],[100.88477985341183,3.7571001205080847],[100.88486968574648,3.7569797462913925],[100.88486968574648,3.7568899139567407],[100.88490022883695,3.7567497758530521],[100.88507000975011,3.7565602310529016],[100.88523979308007,3.756480281265965],[100.88560001665752,3.7565296903792955],[100.88588029044803,3.7565000451530182],[100.88598000412196,3.7565000451530182],[100.88619021067331,3.7564200953660816],[100.88644982271262,3.756270075923112],[100.88663038403763,3.7561101763492388],[100.88680016495078,3.7559098523456669],[100.88694030305447,3.755810138671734],[100.88708043874129,3.7556502390979176],[100.8873301718582,3.7555101009942291],[100.88767961623222,3.7552603702941383],[100.88785029500946,3.7551301135297308],[100.88841982727411,3.7547600086130046],[100.88854020149074,3.7546504123913564],[100.88873962883861,3.7545596834009984],[100.88901990262912,3.7543997838271821],[100.88938012620656,3.7541302904485292],[100.8895903327579,3.7539200838971851],[100.88989037043541,3.7536901134589016],[100.89006015134856,3.7534897894552728],[100.89031976338788,3.7532795865292883],[100.89046978403928,3.7531403450813059],[100.89069975085232,3.7529202596075493],[100.89092972129066,3.7527495784133862],[100.89116957065147,3.7525402733515421],[100.89126030205864,3.7524001340394193],[100.89158998254567,3.7521099789096297],[100.89181995177552,3.7518602482095389],[100.89222958204942,3.7515099035545632],[100.89258980562687,3.7511703405198205],[100.89279013083888,3.7510104421544384],[100.8930102187295,3.7507696925126766],[100.89333001908562,3.7506600974994058],[100.89358963233337,3.7505100792648705],[100.893789956337,3.7504903165863084],[100.89400016288829,3.7503699411611819],[100.89429031801814,3.7502603485648365],[100.89451040349184,3.7500896673706734],[100.89483020505639,3.7499001225705229],[100.89498022208249,3.7498004088965899],[100.89517964943042,3.7496800370967662],[100.89544016175074,3.7495803246312676],[100.89570965633783,3.7494096422287271],[100.89608964380227,3.7492802869537627],[100.89663042870473,3.7493602355322082],[100.89697987307869,3.7494895920156068],[100.89718019708232,3.7495902035536801],[100.89742993019922,3.7496297301192953],[100.89766977955998,3.7497096799062319],[100.89775961068619,3.7497698694314181],[100.89802012421501,3.7498201727835863],[100.89816025990183,3.7498902412312418],[100.89833004081493,3.7499198864575192],[100.8985896528543,3.7500402606742114],[100.89886004772239,3.750120210461148],[100.89903971118321,3.7502199241350809],[100.89924991773455,3.7502603485648365],[100.89967032721188,3.7504301306863681],[100.89984998946431,3.7505199618125857],[100.90014014580254,3.7507301683639298],[100.90031980805497,3.7508496422995563],[100.90040964038963,3.7509403712899143],[100.90060008305392,3.7509996617425827],[100.90092976595776,3.751100273280656],[100.90105014017445,3.751159561316399],[100.90149031353877,3.751159561316399],[100.9017104014294,3.7511703405198205],[100.90225028846766,3.751240408967476],[100.90252966439402,3.7513302400936936],[100.90272010705837,3.7513697678677431],[100.90289977051918,3.7514497176546229],[100.90315040150028,3.7515404466449809],[100.90319980819675,3.7515404466449809],[100.90326987543591,3.751560210532034],[100.90305967250993,3.7514101898806302],[100.90293031360966,3.7513796492070242],[100.90280005684525,3.7512799367415255],[100.9025404435975,3.7512502903067571],[100.9024101904584,3.7511703405198205],[100.90228981624171,3.751149679977118],[100.90219010256777,3.751110154619937],[100.90192958903901,3.7510499663031851],[100.90167985833892,3.7510302024161319],[100.9015397226521,3.7510302024161319],[100.90126034672573,3.7509897804032448],[100.90080040705749,3.7508900667293119],[100.90062972828025,3.7508101169424322],[100.90047971004566,3.7507202858162145],[100.90029016524551,3.750629554408988],[100.90017967357659,3.7505999115995223],[100.89995958447753,3.7504696548351149],[100.89985987201203,3.7504202481386528],[100.89977992222509,3.7503501808994884],[100.89964966546074,3.7502702286956833],[100.89959037742494,3.7502603485648365],[100.89944035919041,3.7502100415873656],[100.89910977842243,3.7500501432219266],[100.89904959252254,3.7500402606742114],[100.89887980919252,3.7499701934349901],[100.89874955484498,3.749929767796857],[100.89862019594477,3.7499001225705229],[100.89850970306736,3.7498597005576357],[100.89842975448886,3.7498597005576357],[100.89825009102805,3.7497698694314181],[100.89811983426364,3.7497501055444218],[100.89804976702442,3.7497195624539472],[100.89789974878988,3.7496899160192356],[100.8977398467992,3.7496503918704889],[100.89765989701226,3.7496297301192953],[100.89742993019922,3.7495102537668004],[100.89710024729538,3.7492398613155729],[100.89702029750845,3.7491500301893552],[100.89692956851809,3.7490197734249477],[100.89691968597037,3.7488598738511314],[100.89687028048235,3.7487296170867239],[100.89691968597037,3.7485598361735697],[100.89696011160856,3.7482903415865394],[100.89714965640871,3.7480900175829106],[100.89734998041229,3.7477702184352211],[100.89745957300869,3.7476399628793047],[100.89767966089926,3.7474099924409643],[100.89783956047313,3.7472500928670911],[100.89803000313742,3.7470803119539937],[100.89860043568302,3.7464802365989271],[100.8987899780663,3.7462403884465516],[100.89893999750927,3.746120013021482],[100.89938017087366,3.7458100940046393],[100.89956971567381,3.7457202628784216],[100.89979968611215,3.7453896821104422],[100.89994970313825,3.7452396638759069],[100.90002965292518,3.7450698829627527],[100.90024974081575,3.7448102697150034],[100.90037011503244,3.7446099457113746],[100.90065038882295,3.7442802628075356],[100.90090012073142,3.7440197529040802],[100.9011399725091,3.7437403757692778],[100.90144000897817,3.7434601019787692],[100.90167985833892,3.7431600643012075],[100.9020104391069,3.7429696216369166],[100.90227993369399,3.7426902457105484],[100.90248025769756,3.7425797528331941],[100.90260961418096,3.7424899217069765],[100.90280005684525,3.7424099719200399],[100.90296984017527,3.7422895964949703],[100.90318992564903,3.7422096479164679],[100.90332018241338,3.7420802890162008],[100.90371993376488,3.7417398281173746],[100.90388971467803,3.7415502833172241],[100.9041098025686,3.7412502456396624],[100.90423017436842,3.741119990083746],[100.90437031247211,3.7407498839585855],[100.90459040036274,3.7400698588165824],[100.90462004317214,3.7395102090997057],[100.90469999295908,3.739009847418572],[100.90469011403667,3.7388203050352899],[100.90469011403667,3.7385301486970661],[100.90476018248427,3.7382103471325081],[100.90476018248427,3.7381097368028691],[100.90487965641995,3.737980377902602],[100.90507010150111,3.7379004281157222],[100.90515993262733,3.7379300733419996],[100.90520035584865,3.7379300733419996],[100.90530995086186,3.7380100231289362],[100.9053395960882,3.7380899729158727],[100.90538001810108,3.7381196181421501],[100.90554979901418,3.7384304362315675],[100.90560010599165,3.7385696740542471],[100.9056899383263,3.7386999296102204],[100.90576988690481,3.7387897619448722],[100.90583995535246,3.7389397789709733],[100.90590014366921,3.7389999672877252],[100.90598009345609,3.7391203402959832],[100.90629989502065,3.7394599045391033],[100.90634031703354,3.7395200904389867],[100.90645979459453,3.7395901588866423],[100.90650021902428,3.7396296854522575],[100.90682001817197,3.7398803140164318],[100.90689996795885,3.7399800276903648],[100.90665023725882,3.7396602285426752],[100.90656040492416,3.7395802799641729],[100.9065397443814,3.7394500231998222],[100.90633043569426,3.7392101714222008],[100.90615975691696,3.7390996785447896],[100.90613999302997,3.7390403905090466],[100.90601961881327,3.7389002548222265],[100.9059396690264,3.7388301839577025],[100.90588037978216,3.7386900482708825],[100.90582019388228,3.7386100984840027],[100.90580042999528,3.738450196493261],[100.90568005577859,3.7382301110195613],[100.90561986987871,3.7381798040420904],[100.90544020641784,3.7379597161514653],[100.90528030442715,3.7377998177860263],[100.90528030442715,3.7375797286870238],[100.90529018697487,3.7375402045382771],[100.90539978198808,3.7374099477738696],[100.90545008896555,3.737329997986933],[100.90560998853937,3.7372599307477685],[100.9056899383263,3.7371700996215509],[100.90583007642999,3.737129673983361],[100.90597021211681,3.7370398428571434],[100.90631965649084,3.7368404155092776],[100.90661969295991,3.7366400915056488],[100.90684966339825,3.7364101246926111],[100.90697992016266,3.7363202923580161],[100.90711017330176,3.7361100870151063],[100.90729971810191,3.7359304235542368],[100.90740032963998,3.7357902854505483],[100.90743985741403,3.7356600311030093],[100.90759975577942,3.7354597070994373],[100.90772013120454,3.7353599946339386],[100.90786026689136,3.7351902125123502],[100.90800040499505,3.7351003813861325],[100.90806957437007,3.7349898885087782],[100.90827978092142,3.7348201051787555],[100.90857981859892,3.7346099010443368],[100.90877026126321,3.7344302387919015],[100.90897956753355,3.7342002683535611],[100.90923019851459,3.7340700115891536],[100.90935955378956,3.7338795689248627],[100.90948981055396,3.7337798564593641],[100.90964971012778,3.7336100755462098],[100.90983027386966,3.733520243211558],[100.90998029089576,3.7333396830950392],[100.91025966682213,3.7331195952044141],[100.91093969196413,3.7324602318136044],[100.91108971019867,3.7323596202755311],[100.91135022251905,3.732090125688444],[100.91146969645467,3.7320497012586884],[100.9116098357668,3.7318996830241531],[100.91187034567031,3.7317496659979952],[100.91220991112186,3.7314900503333774],[100.9122898609088,3.7313696761166852],[100.91247042102538,3.7312798437820334],[100.91258001603859,3.7311495906429855],[100.91278034004216,3.7309501632950628],[100.91304983462925,3.7307696031784872],[100.9131396669639,3.7306797720522695],[100.91323039595426,3.7306097011878023],[100.91331034574119,3.7304803447044037],[100.91344958598074,3.7303402066007152],[100.91353043363182,3.7302099534616104],[100.9137100958842,3.7300895780365408],[100.91400025222248,3.7297500162102324],[100.91403977637123,3.7296601838756374],[100.91433981404873,3.7292801976195733],[100.9143901210262,3.7291903652849214],[100.91449971603942,3.7290897525384139],[100.91459044502977,3.7289702773943532],[100.91476022715136,3.7286396966263737],[100.91490036525505,3.7284600343739385],[100.91498031504199,3.7283198986871184],[100.91520040051569,3.7280396212713072],[100.91526956989077,3.7279300286749049],[100.91551031953253,3.7276102283188379],[100.91586964524583,3.7271700549544562],[100.91606996924941,3.7268295916387615],[100.91620022601381,3.7266598107256073],[100.91642031390444,3.7263103663516404],[100.91652990650078,3.7261998734742292],[100.91665028192591,3.7259797855836609],[100.91674011305207,3.7258899544574433],[100.91682994417829,3.7257300548835701],[100.91692965785228,3.7256303412096372],[100.91720005030345,3.7253401860798476],[100.91721981298207,3.7251802865059744],[100.9173698312166,3.724989841424815],[100.91742013819407,3.7248398231902797],[100.91747044517155,3.7247401107247811],[100.91750008798101,3.7246601609378445],[100.91756027629776,3.7245397867212091],[100.91756027629776,3.7244301904995041],[100.91761956433351,3.7243196976221498],[100.91763034353698,3.7241903423471854],[100.91763034353698,3.724030442773369],[100.91761956433351,3.7238804221219652],[100.91757015522018,3.723760047905273],[100.91742013819407,3.7236001483314567],[100.91735006974648,3.7235399624315164],[100.91723957686906,3.7235004346574669],[100.91720005030345,3.7231797364372596],[100.91718028883332,3.7230800251801384],[100.9171102179688,3.722959650963503],[100.91721981298207,3.7228500559502322],[100.91732042452014,3.7230099555241054],[100.91735006974648,3.7230800251801384],[100.91742013819407,3.723159974967075],[100.91752973320729,3.7231797364372596],[100.91757015522018,3.7232102795276774],[100.91774981868105,3.7232399247540116],[100.91791960201107,3.7232803503922014],[100.91804985635861,3.723290229314614],[100.91811004467536,3.7233396384279445],[100.91817023057524,3.7233701815183622],[100.91843972516233,3.7235803844444035],[100.91884037316953,3.7239998996828945],[100.91892032295641,3.7240403241126501],[100.9190398005174,3.7241795619353297],[100.91910986775656,3.7242397490436474],[100.9191898175435,3.724329580169865],[100.91932995564719,3.7244499543865572],[100.91948985522106,3.724599975037961],[100.91955992608553,3.7246601609378445],[100.91970994311163,3.7248101779640024],[100.91975036874982,3.7248901301677506],[100.9198896065725,3.7250599122893391],[100.92000009944985,3.7252701176321921],[100.9200198633369,3.7253500674191287],[100.92014023755354,3.725509966992945],[100.92026959403694,3.7257004096572928],[100.92031990101441,3.7258100046705067],[100.9203603230273,3.7258603092311091],[100.92044027281423,3.7259402614349142],[100.92058041091792,3.7261100423480116],[100.92062981761438,3.7261899921349482],[100.92081038014783,3.7262798232611658],[100.92093973663123,3.7263903161385201],[100.92109963620504,3.726540333164678],[100.92123977430873,3.7266598107256073],[100.92151016675996,3.7268197102994804],[100.92166018741136,3.7269499658553968],[100.92192968079002,3.72710986542927],[100.92244980394128,3.7273595997546067],[100.92256029681863,3.7274404461972495],[100.92296992950941,3.7275895665676444],[100.92306964318334,3.727620109658119],[100.92325020329992,3.7277503664225264],[100.9232897286571,3.7278096544582695],[100.92332027174757,3.7279902145748451],[100.92334003563457,3.7280099784618415],[100.92337955978331,3.7280297423488946],[100.92355024097748,3.7280297423488946],[100.92364007331213,3.7280396212713072],[100.92385027865498,3.7282103024654134],[100.92394998991205,3.7282399452748791],[100.92435962260282,3.7285498655001561],[100.92457971049345,3.728740308164447],[100.92464977894105,3.7288202579513836],[100.92485010294467,3.7289100890776012],[100.92507019083524,3.729169704742219],[100.92521032652206,3.7292900765420427],[100.92529027872587,3.7294203333063933],[100.92533968542233,3.7294499785327275],[100.92540975266155,3.7295299283196641],[100.92545017829968,3.7295496922066604],[100.92558043506409,3.7296799453457652],[100.92576997623894,3.72983984733645],[100.92549958499615,3.7294499785327275],[100.92530015764828,3.7292002442073908],[100.92518966477093,3.7290897525384139],[100.92508007217452,3.7289496168515939],[100.92496957929717,3.728859784516942],[100.92488963071867,3.7287798347300622],[100.92478991704473,3.7286998849431257],[100.9247099672578,3.7286199327393206],[100.92447011548018,3.7284995609395537],[100.92433985871583,3.7284097298133361],[100.92437040180624,3.728280370913069],[100.92440992958029,3.7281797593749957],[100.92450964325423,3.7281096921357744],[100.92463001505405,3.7280099784618415],[100.92470008471008,3.7279902145748451],[100.92479979838402,3.727939911222677],[100.92513037673518,3.727939911222677],[100.92516990450918,3.7279902145748451],[100.92528039738659,3.7279695540320859],[100.92534956676161,3.7278896042452061],[100.92544029575197,3.727879721697434],[100.9255400094259,3.7277997731189885],[100.92528039738659,3.7278599590188719],[100.92492017018384,3.7277800092319353],[100.92468032203152,3.72777012668422],[100.92445035159318,3.7279102647879085],[100.92437040180624,3.7280099784618415],[100.92437040180624,3.7280297423488946],[100.92424014625027,3.728189641922711],[100.92414043499321,3.728189641922711],[100.92407036412874,3.7281599966963768],[100.9239904143418,3.7280998107964933],[100.92388980401216,3.7279596714843706],[100.92380985422523,3.7278896042452061],[100.92379997288594,3.7278096544582695],[100.92376044752876,3.7276802955580024],[100.92385027865498,3.7274799715544304],[100.92393022844192,3.727380260297366],[100.92397963513838,3.7272796463424243],[100.92400029688952,3.7271898152162066],[100.92409012801573,3.7270200343030524],[100.92430033456708,3.726540333164678],[100.92430033456708,3.7265097936995062],[100.92425990892889,3.7265097936995062],[100.92420960557672,3.7265502157123933],[100.92415031391567,3.7266202853684263],[100.92411977324207,3.7266795746126604],[100.92405958492532,3.7267999488292958],[100.92395987125133,3.7268996600863602],[100.92395987125133,3.72696972974245],[100.92387992146445,3.72710986542927],[100.92387004012517,3.7272302408543396],[100.92382961811228,3.727380260297366],[100.92372990443829,3.7275096167807078],[100.92371014055129,3.7275796840199291],[100.92365983357382,3.7276003457710658],[100.92359964767394,3.7276596338068657],[100.92355024097748,3.7276596338068657],[100.92342986676078,3.7277099407843366],[100.92332027174757,3.7277000594450556],[100.92325020329992,3.7276102283188379],[100.92303999795706,3.7275401598711824],[100.92298969097959,3.7275203959841861],[100.92293040294379,3.7274404461972495],[100.92290974119265,3.7274000217674939],[100.92288009838319,3.7273497172068915],[100.92286033449619,3.7272697674199549],[100.92288997972247,3.7271996977639219],[100.92297981205712,3.7270802226198043],[100.92303011540935,3.7270595620771019],[100.92310018385695,3.7270101529637714],[100.9231603721737,3.7269796122901653],[100.92318013606075,3.72696972974245],[100.9232897286571,3.7269400845161158],[100.92340022153445,3.7269400845161158],[100.92341010287379,3.7269203206291195],[100.92341010287379,3.7268798986162324],[100.92336967844403,3.7268601347291792],[100.92309030493453,3.7268601347291792],[100.92301035273073,3.7269400845161158],[100.92294028428313,3.72696972974245],[100.92284955529277,3.7270397981900487],[100.92279026725697,3.7271197479769853],[100.92274984161878,3.7271898152162066],[100.92263036526629,3.7272302408543396],[100.92236985415434,3.7271197479769853],[100.92228990436746,3.7270802226198043],[100.92223959859842,3.7270299156423334],[100.9221901919019,3.7269903914935867],[100.92204017366737,3.7269400845161158],[100.92192968079002,3.7268295916387615],[100.92184972858621,3.7268098277517083],[100.92170959289939,3.7267101177030781],[100.92159999788618,3.7266598107256073],[100.92153981198624,3.7266104040291452],[100.92138979254327,3.7265600970516743],[100.92123977430873,3.7264199613648543],[100.92093973663123,3.7262402954871163],[100.92084002295729,3.7261495664967583],[100.92069000593114,3.7259600216966078],[100.9205902922572,3.7257803594441725],[100.92052022501804,3.7257300548835701],[100.92049956326684,3.7256501050966335],[100.92046003670123,3.7255800342321663],[100.9203603230273,3.725509966992945],[100.9202902545797,3.7253096429893731],[100.92023994881066,3.7252296932024365],[100.9202103060012,3.7252198106547212],[100.92015011647601,3.7251102156415072],[100.92009981312384,3.7249799625024025],[100.91996955635943,3.7247697559511153],[100.91987972523322,3.7247095676343065],[100.91979977544628,3.7245900924902458],[100.91963987587246,3.7244697182735536],[100.91949973776877,3.7243403593732864],[100.91937038128538,3.7242298664959321],[100.91929043149844,3.7241499167089955],[100.91917993862108,3.7240196635698908],[100.91915029339475,3.7239397113661425],[100.91907034360781,3.723869642918487],[100.91901015529106,3.7237699292445541],[100.91899039382093,3.7237304050958073],[100.91893020550413,3.7236603366482086],[100.91888978228286,3.7235902669921188],[100.91869035614337,3.7233602989706469],[100.91856009937902,3.7232399247540116],[100.91842984382305,3.7231896177765407],[100.91831036867893,3.7230701438408573],[100.91811992601464,3.7229803127146397],[100.91803997381083,3.7229003629277031],[100.91796990657167,3.7228096303120992],[100.91789983812401,3.7225598996120084],[100.91789983812401,3.7222302191250378],[100.91790972067179,3.7221296063785303],[100.91795014268462,3.7220002498951317],[100.91797978791095,3.7218196885701218],[100.91803997381083,3.7217002122176268],[100.91805973769789,3.7215798367925004],[100.9181899944623,3.7213301060924664],[100.91838043712659,3.7211800890663085],[100.91866969439224,3.720839626959048],[100.91878018726959,3.7206896087245127],[100.91887001960424,3.7205898950505798],[100.91891044161713,3.720470418698028],[100.91905956440439,3.7202503308074597],[100.9191700572818,3.7200500068038309],[100.91922036063397,3.7199898196955132],[100.9192697697473,3.719950293129898],[100.91934971953418,3.71985956413954],[100.91947997388172,3.7196897820180084],[100.91964975721174,3.7195298836525694],[100.91968029788535,3.7194400513179176],[100.91969017922463,3.719360101530981],[100.91972970699868,3.7192603890654823],[100.9197395895464,3.7191696564498216],[100.91980965678556,3.7190995892106571],[100.9198896065725,3.7189702327272585],[100.92009981312384,3.7187600273844055],[100.92015999902372,3.7186603137104157],[100.92023994881066,3.718580363923536],[100.92024983014994,3.718489634933178],[100.92038996825363,3.7183396142817742],[100.92045015415351,3.7182497831555565],[100.92052022501804,3.7181303092198732],[100.9206100561442,3.7180198163425189],[100.92066036070486,3.7179102201208138],[100.92074031049174,3.7178096097911748],[100.92078971960507,3.7176901322302456],[100.92093973663123,3.7175499965434256],[100.9210403481693,3.7173900945526839],[100.92111041540846,3.7173101459741815],[100.92137003107314,3.7168699726098566],[100.92142033563374,3.7167999017453894],[100.92150028542068,3.7167603763882084],[100.92155957345642,3.7166597660585126],[100.92162964311245,3.7166103593620505],[100.92162964311245,3.7164801025976999],[100.92168983022083,3.7164100353584786],[100.92197010401134,3.7160201665547561],[100.92203029232809,3.7159195550166828],[100.92218030935419,3.7157497716866601],[100.92222971605065,3.7157102463294791],[100.92232044866631,3.7155997534521248],[100.92240039724481,3.7155503467556628],[100.92248034703175,3.7153904447649211],[100.92256029681863,3.7151802418389366],[100.92266001049262,3.7149996780970582],[100.92267977437962,3.7148802041613749],[100.92281991006644,3.71458016648387],[100.92288997972247,3.7145100980362145],[100.92302023407001,3.7141902976800907],[100.92304987929634,3.7140798048027364],[100.92311006519623,3.7139702097895224],[100.92320977887016,3.7137096986775759],[100.92342986676078,3.7133898971130179],[100.923519697887,3.7133000659868003],[100.92364995465141,3.7130898606439473],[100.92377032645118,3.7129703854998297],[100.92381973556451,3.7128203660568602],[100.92394998991205,3.7125796188319669],[100.92401017822885,3.7124700238187529],[100.92410989190279,3.7123101242448797],[100.92418984168967,3.7120999189020267],[100.9242697914766,3.711959779589904],[100.92437040180624,3.7116202177635955],[100.9243901656933,3.7114899609992449],[100.92447999681951,3.7112896369956161],[100.9245401827194,3.7110704493859998],[100.92456982915411,3.7110497876348632],[100.92470008471008,3.710819818404957],[100.92479979838402,3.7107497499573583],[100.92490040992215,3.710679682718137],[100.92502976519705,3.7106599188311407],[100.9251195975317,3.710770411708495],[100.92514025807446,3.710780293047776],[100.92520044759965,3.710829699744238],[100.92534956676161,3.7110300237478668],[100.92539987132221,3.7110803307253377],[100.92547982110915,3.7112096872087363],[100.92555977331295,3.7113102987468096],[100.92556965223537,3.711349825312368],[100.92556965223537,3.7112698731086198],[100.92554989197362,3.7111602805122175],[100.92552024553891,3.7111000921954655],[100.92546994218674,3.7110399062955821],[100.92544029575197,3.7109797179788302],[100.92539987132221,3.7109096495311746],[100.92538998998293,3.7108701253824279],[100.92529027872587,3.710770411708495],[100.9252399717484,3.7106203910570912],[100.92516990450918,3.7105503238178699],[100.92516002196146,3.7104703740309901],[100.92513037673518,3.7104003055833346],[100.92510971498399,3.7102197430498904],[100.92510971498399,3.7100104367796121],[100.92516002196146,3.7099197077892541],[100.92523009040912,3.7097400443283846],[100.92524985429611,3.7096196701116924],[100.92530015764828,3.7094696494602886],[100.92541963520927,3.7093600580723773],[100.92541963520927,3.7092396826472509],[100.92547982110915,3.7091696117827837],[100.92548970244843,3.7090797806565661],[100.92554989197362,3.7089899495303484],[100.92561007787356,3.7087698640565918],[100.92564960443917,3.7086997931921246],[100.92566038364259,3.7085497761659667],[100.92576009731653,3.7084401811527528],[100.92579962267371,3.7083000454659327],[100.92590023300335,3.7082200932621276],[100.92592987822968,3.7080799575753076],[100.92602959190361,3.7079703625620937],[100.9260700139165,3.7078499871369672],[100.92613020344169,3.7077799198978028],[100.92617961013815,3.7076802062238698],[100.92617961013815,3.7076496631333953],[100.92624967737737,3.7075499494594624],[100.92629010180707,3.7074502394108322],[100.92632962716425,3.7074098137726423],[100.92637993414172,3.7073298639857057],[100.92640957936806,3.7072499141987691],[100.92645000138094,3.7071996084297325],[100.92645988392866,3.7071502017332705],[100.92664044404523,3.7068097384175758],[100.92672039624904,3.7066803831426114],[100.9267895668325,3.706499819400733],[100.9269395838586,3.7061602575744814],[100.92698000949679,3.7060300008100739],[100.92704019539673,3.7059096290103071],[100.92705007673601,3.705800032788602],[100.92708960209319,3.7056598946849135],[100.92713990907066,3.7055799448980338],[100.92714979040994,3.7055296415458656],[100.92720997630983,3.7054496893420605],[100.92721985764911,3.7053904000978832],[100.92753965921366,3.704399558074897],[100.9276896774482,3.7039099792225443],[100.92786035864236,3.7033997349936953],[100.92802025821624,3.7028104388420502],[100.92822956327808,3.7022498912610331],[100.92827987025555,3.7019498535835282],[100.92841012701996,3.7014997988798655],[100.92847031291984,3.7012895923285782],[100.92856014404606,3.7010200977414911],[100.92856014404606,3.7008898409770836],[100.92865985771999,3.7006302289377118],[100.92881975729387,3.7002897680388855],[100.92896977673684,3.6999196607052909],[100.92902996263672,3.6997103544350125],[100.92910003108437,3.6994004354181698],[100.92933000031428,3.6988102414023842],[100.92942971398821,3.6985200862725947],[100.92957973222275,3.6978598250176447],[100.92964980187884,3.697310056640049],[100.92964980187884,3.6970504433922997],[100.92963003799179,3.6969498330626038],[100.92958961356203,3.6961602129073867],[100.92965968080125,3.6960299561430361],[100.92971987032644,3.6957999893299984],[100.92985012588241,3.6954801877654404],[100.93001002545623,3.6951999139749319],[100.93008997524316,3.6949699435365915],[100.93022023200757,3.6946896697460829],[100.93021035066829,3.6944695842723263],[100.93021035066829,3.6940204274328039],[100.93017980636938,3.69378955913038],[100.93023999589457,3.6935101832040118],[100.93023999589457,3.6933197405396641],[100.9303199456815,3.6929496356229379],[100.93037024903367,3.6925903087012557],[100.93045019882061,3.6922300827069421],[100.93054991249454,3.6920099972331855],[100.93061998335901,3.6917000782163996],[100.93072957595541,3.691419804425891],[100.93119041227936,3.6899600404679518],[100.93132965010204,3.689550407777233],[100.93151021142705,3.6891596411093133],[100.93167011341774,3.6889000290699983],[100.93187043742131,3.6886296366187707],[100.93200967524399,3.6885200416055],[100.9321201681214,3.6884697370448976],[100.93243008834662,3.6884302092709049],[100.93276965017293,3.688410446592286],[100.93320982353725,3.6882999537149317],[100.93333019775395,3.6882101213802798],[100.93349997987548,3.6880601043541787],[100.93380989889232,3.6877304238671513],[100.93393027310896,3.6877304238671513],[100.93415036099958,3.6876702355503994],[100.93433002446045,3.6876801168896804],[100.9345698738212,3.6877304238671513],[100.93475043393778,3.6877304238671513],[100.93487979283805,3.6877897119029512],[100.93504957375114,3.6877995944506665],[100.93528044205362,3.6880403404671256],[100.93539991598931,3.6881903611185294],[100.93544034041906,3.6883502594839683],[100.93544034041906,3.6885200416055],[100.93545022296678,3.6886502971614732],[100.93538015451918,3.6888299606223427],[100.93538015451918,3.6891102344128512],[100.93542956121564,3.6892297119738373],[100.93557957945018,3.6894803405380117],[100.93561012254065,3.6897399525773835],[100.93551040886666,3.6900498728026037],[100.9354196798763,3.6902600781455135],[100.93536039063213,3.6904604033575197],[100.93538015451918,3.6907703223743624],[100.93542956121564,3.6908799149707079],[100.93545022296678,3.6909697460969255],[100.93551040886666,3.6910299344136774],[100.93555981797999,3.6911197667483293],[100.93574037809657,3.6911997165352659],[100.93577002090603,3.6912302596257405],[100.93583021043122,3.6912599024351493],[100.93581044654422,3.6911997165352659],[100.93581044654422,3.691109884200614],[100.93570983500615,3.6909796286446408],[100.9356900711191,3.6908799149707079],[100.93568018977982,3.6907900838444903],[100.93569995366681,3.6905196913932627],[100.93569995366681,3.690439741606383],[100.9357996673408,3.6902600781455135],[100.93586973457997,3.690129821381106],[100.93597034611804,3.6899995658251328],[100.93607005858354,3.6899097334904809],[100.93610958635759,3.6898199023642633],[100.93614012944806,3.6897103097679178],[100.93617965359681,3.6896195783606913],[100.93619043400867,3.689500104425008],[100.93622996057428,3.6894300359774093],[100.93628026513488,3.6893599651129421],[100.93632967424821,3.6891803028605068],[100.93632967424821,3.6890500485129678],[100.9362703837956,3.6889000290699983],[100.93620031534795,3.6887203656091287],[100.93604041577413,3.6883700233709646],[100.93598022745738,3.6881696993673927],[100.93597034611804,3.6880097973767079],[100.93597034611804,3.6878804408933092],[100.93600987268366,3.687750185337336],[100.93608982247059,3.6876899982290183],[100.93615989091819,3.6875399787859919],[100.93635033358248,3.6873504364027099],[100.93650035302551,3.6872597049954834],[100.93673032346379,3.687089924082386],[100.93693962852569,3.6870701601953328],[100.93706000395082,3.6870701601953328],[100.93714983507704,3.6870198556347304],[100.93728997318073,3.6868797175310419],[100.93744987275454,3.6867898864048243],[100.93751005865442,3.6868096490834432],[100.93767983956758,3.6868500747216331],[100.93772026520577,3.6868797175310419],[100.93780021499271,3.6868797175310419],[100.93788016357115,3.6868204294952989],[100.9379196913452,3.6867503610476433],[100.93797987724508,3.6866704112607636],[100.93805982703202,3.6864799685964726],[100.93814965815824,3.6863703735832019],[100.93827003358336,3.6862095737283767],[100.93855030737387,3.6859400791412895],[100.93867966627408,3.6858798932414061],[100.9392402138551,3.6858601305627872],[100.93945042040644,3.6857999446629037],[100.93968038963635,3.6857002309889708],[100.93984028921017,3.6855897381115597],[100.94009001991026,3.6854397174601559],[100.9403199903486,3.6852897004340548],[100.94064967083557,3.6851100369731853],[100.94107996406905,3.6850399697340208],[100.94122998230358,3.6849501373993689],[100.94138000174655,3.6848504249338703],[100.94152013743337,3.6847695748659248],[100.94168991955496,3.6847399320564591],[100.94182017511093,3.6848099992956804],[100.94188036101082,3.684889949082617],[100.9419998385718,3.6849501373993689],[100.94226034847526,3.6849501373993689],[100.94228999370159,3.684839645730392],[100.94243013301372,3.6846096752920516],[100.94246965716246,3.6845000802788377],[100.94258015003982,3.6843895874014834],[100.94267986371375,3.6843401807050213],[100.94315956364375,3.6841703997918671],[100.94339043194617,3.6841497380407304],[100.94357009419861,3.6841497380407304],[100.94370034854614,3.6841901636788634],[100.94387013187617,3.6842799948050811],[100.94395996421082,3.6843500632527366],[100.94423035545361,3.6844901989395566],[100.94447020481437,3.6844102491526201],[100.94448996870136,3.6843599445920177],[100.94453039313112,3.6842395703753823],[100.94453039313112,3.6838901260013586],[100.94461034291805,3.6837904123274257],[100.94469029270493,3.6837095622594802],[100.94477024249187,3.6836898019977866],[100.94500021172178,3.6837598692369511],[100.94517987518265,3.6838299364761724],[100.94529036806,3.6838497003631687],[100.94537031784694,3.6838703621143623],[100.9456496937733,3.6838901260013586],[100.94577006919843,3.6838901260013586],[100.94585990032459,3.6838200551368914],[100.94593985011153,3.6837203450882043],[100.94607998579835,3.6834795954464425],[100.94623000524132,3.6833897643202249],[100.94631983757597,3.6832801680985767],[100.94640966870219,3.6832002195200744],[100.94653004291888,3.6831499125426035],[100.94666029726642,3.6830600802079516],[100.94678965616663,3.6829603701593214],[100.94689026649633,3.6828902992948542],[100.94713011585708,3.6827896889651583],[100.9472199469833,3.6827097391782786],[100.94741038964759,3.6825902616172925],[100.94746968130863,3.6825300757174091],[100.94772030987281,3.6823396330531182],[100.94784966877307,3.6822803450173183],[100.9479197360123,3.6822003952304385],[100.94815958537305,3.6821402069136298],[100.94842998024114,3.6820099501492791],[100.94865006571484,3.6818796958017401],[100.94885038971847,3.6818096261456503],[100.94901029170916,3.6817701007885262],[100.94943968587006,3.6816901510015896],[100.95014037155477,3.6814898269980176],[100.95044040923233,3.6813901133240279],[100.9507700897193,3.6813802319847468],[100.95101982041933,3.6813101647455824],[100.95207983302578,3.6812904008585292],[100.95245982049022,3.6811700254334596],[100.95321979421072,3.6811197220812915],[100.95380010688717,3.6810604328370573],[100.95403995745636,3.6809598200905498],[100.95428968936488,3.6809202947333688],[100.95451965859473,3.6808699877558979],[100.95471998259836,3.6808098018560145],[100.95489964605923,3.6807999205167334],[100.95511973153293,3.6807603951595524],[100.95533981942356,3.680749615956131],[100.95558955012359,3.6807100893905158],[100.95572968822728,3.6807100893905158],[100.95623004990841,3.6805798326261083],[100.95639983203,3.6805600711559805],[100.95671963238613,3.6803804089035452],[100.95693971785983,3.6802896762878845],[100.95795032376981,3.6801198953747303],[100.95812010468296,3.6801297779224456],[100.95820005446984,3.6801100140354492],[100.95828988559606,3.6800498281355658],[100.95852973737374,3.679950114461576],[100.95865011038194,3.6798504007876431],[100.95916035340235,3.6795602456578536],[100.95948015496691,3.6793796843328437],[100.95966969976706,3.679289853206626],[100.9597999541146,3.6791595964422754],[100.96000027811817,3.6790904258587602],[100.96007034777426,3.6789898155291212],[100.96023024734808,3.6789898155291212],[100.96029043324796,3.6790302399588768],[100.96033984236129,3.6791003084064755],[100.96050962448288,3.6792000220804084],[100.96060035347324,3.6793203962971006],[100.96065964150898,3.6795395839067169],[100.96069018459946,3.6797596717972851],[100.96083032270315,3.6800300642485126],[100.96090039115074,3.6801100140354492],[100.96111957876036,3.680419933052292],[100.96121031016759,3.6806400209428602],[100.96123007163777,3.680840344946489],[100.96123007163777,3.6809795839776029],[100.96126959820333,3.6811700254334596],[100.96128037861524,3.6815203700884354],[100.96126959820333,3.6817701007885262],[100.96121031016759,3.6819102401005921],[100.96111957876036,3.6823602948042549],[100.96111957876036,3.6825004304910749],[100.96108993595089,3.6827501636080342],[100.96111957876036,3.6828804179555164],[100.96114023930312,3.6832298647464086],[100.96131002384152,3.6833897643202249],[100.96137020974146,3.6834301887499805],[100.96138997362846,3.6833601178855133],[100.96135044585441,3.683299931985573],[100.96135044585441,3.6832496250081022],[100.9613001412938,3.6830097768557835],[100.96125971686405,3.6828902992948542],[100.96121031016759,3.6826603324818166],[100.96121031016759,3.6824896512876535],[100.96120042882831,3.6823396330531182],[100.96128037861524,3.6821896136101486],[100.96128037861524,3.6820997812754968],[100.96132978410327,3.6818204077659971],[100.96139985496774,3.6817296763587706],[100.96139985496774,3.6815302526361506],[100.96145015952834,3.6814197597587963],[100.96145015952834,3.6807603951595524],[100.96139985496774,3.680669663752326],[100.96135044585441,3.6805403072689273],[100.96114023930312,3.6801998451616669],[100.96106029072462,3.6801100140354492],[100.96099022227696,3.679950114461576],[100.96086984806033,3.6797902148877597],[100.96086984806033,3.6796500767840712],[100.96078001572567,3.6794901772102548],[100.96073959129592,3.6793203962971006],[100.96077013438639,3.6791497151029375],[100.96077013438639,3.6790095794161175],[100.96082044136386,3.6788901018551883],[100.96090039115074,3.6788002707289706],[100.96115012185084,3.6786502524944353],[100.96121031016759,3.6786502524944353],[100.96133966665099,3.6785397608254584],[100.96183014699278,3.6783600973645889],[100.96222001579656,3.678159773361017],[100.96269971693494,3.6779396854703919],[100.96303029770291,3.677740258122526],[100.96333033175517,3.6775803585487097],[100.96405976601045,3.6772102536319835],[100.96427985148421,3.6771096420938534],[100.96448017548778,3.6770296923069736],[100.96487004549999,3.6768096044163485],[100.96625974101022,3.6761295804827796],[100.96777968965961,3.6754199125313676],[100.96808960625958,3.6752600105406827],[100.96859985048843,3.6747497687287023],[100.9686699177276,3.674570106476267],[100.96912985497897,3.6745197994987961],[100.96926999308266,3.6743500185856419],[100.96978023731151,3.6742098792735192],[100.97000032278527,3.6741200481473015],[100.97066956751536,3.6738101315473841],[100.97123011872168,3.6734202627436048],[100.97174035932522,3.6731498678755656],[100.97197032976356,3.673069918088629],[100.97234043468029,3.6731804109659834],[100.97257040511863,3.6731804109659834],[100.97297015284482,3.6730402752791633],[100.97395021566433,3.6724896066205588],[100.97503987108018,3.6716101577559925],[100.97548004686138,3.6711798633140802],[100.97593998411276,3.6707998758496387],[100.97633973425582,3.670489956832796],[100.97672960426797,3.6702303435850467],[100.97729015184899,3.6698898838945979],[100.9776297136753,3.6698602386683206],[100.97813007656481,3.6698099316908497],[100.97844987692093,3.6698602386683206],[100.97906971374613,3.6697200993561978],[100.9795997206536,3.6694595894526856],[100.98019979359179,3.6689798883143112],[100.98062020669443,3.668560376701123],[100.98078010505981,3.6684498838237687],[100.98092024437193,3.6683995768462978],[100.98109002528508,3.6684696452938965],[100.98192994879247,3.6695197753526259],[100.98200001724007,3.6696796773433107],[100.98222010513069,3.670349821145976],[100.98238988604385,3.6706696190852313],[100.9837499363278,3.672040448572659],[100.98465004936037,3.6729198998540937],[100.98467969216983,3.672859711537285],[100.9845799784959,3.6726504052670066],[100.98275999458588,3.6708403002793943],[100.98238988604385,3.6701503937981101],[100.98223986901769,3.6697200993561978],[100.98178981310565,3.6689996522013075],[100.98144036631476,3.6685298336106484],[100.98144036631476,3.6681300822592107],[100.98230993625691,3.6673898724257583],[100.98252014280826,3.6672901587518254],[100.98280041659876,3.6673099226388217],[100.98306991118579,3.6674302944386454],[100.98365022265386,3.6678695723556984],[100.98541002308087,3.6700003767720091],[100.98634966147063,3.6711897446533612],[100.98642961125751,3.6711699807663649],[100.98457009957343,3.6688298712882101],[100.98342025584083,3.6673099226388217],[100.98323969209895,3.6668796281969094],[100.98321004928948,3.6665400651622235],[100.98327023518942,3.6663199772715984],[100.98367986788014,3.6657702088940027],[100.9838801930922,3.6653003903033436],[100.98404009145759,3.6647200788352734],[100.98420987357918,3.6642700241316675],[100.98439043611262,3.664090360670798],[100.98488989751269,3.6639097969289196],[100.98533995342478,3.6636798301158819],[100.98594002877985,3.6632001301859418],[100.9866002900348,3.6628003788344472],[100.9873800276423,3.662389848279588],[100.98797022165809,3.6618697251282697],[100.98830978348434,3.6616801803281191],[100.98865024680003,3.6616002305412394],[100.9889296227264,3.6613495995601397],[100.98929972764313,3.6610100377338881],[100.98983961468144,3.660799831182544],[100.99059958961033,3.6604099623788215],[100.9922003883276,3.659100219072343],[100.99290017493973,3.6584803798302801],[100.99353977444355,3.6578596463493227],[100.99387035521153,3.6574203708491382],[100.99398983277251,3.6571499759810422],[100.9941802754368,3.6570197216335032],[100.99444976881546,3.6566801561819489],[100.99464021147975,3.6563900010521593],[100.99500043505719,3.6560396588139952],[100.99524028683481,3.6558501140138446],[100.99555020343473,3.6556803331006904],[100.99584035977301,3.6555698402233361],[100.99672969360216,3.6549697648682695],[100.99731000507018,3.6544199964906738],[100.99819035421575,3.6534803593093557],[100.99864040891941,3.652939571990089],[100.99880030849323,3.6528200980544057],[100.99965999709605,3.6523403969160313],[100.99998967999989,3.6520601231255228],[101.00041997081655,3.6516603717740281],[101.00139015229678,3.6509803466320818],[101.00202975180053,3.6505698160771658],[101.00238009645557,3.6502598994771915],[101.00624015579155,3.6466100442756897],[101.00653031092133,3.6463198879374659],[101.00737023563715,3.6458895947039309],[101.00802959902796,3.645540150329964],[101.00938964931191,3.644429833162917],[101.01019004867055,3.6436195524649975],[101.01042989803136,3.643439889004128],[101.01063022203493,3.6433204126515761],[101.01195972922847,3.6419998901416761],[101.01233971548447,3.6414600031033615],[101.01315987873011,3.6407000281744786],[101.01400968478521,3.6400397669195286],[101.01466006470088,3.6395995911382784],[101.01524037616895,3.6391504342988128],[101.01593028265023,3.6388000920606487],[101.01641986271102,3.6382799664925187],[101.01692022439215,3.6380401171317658],[101.01753018229493,3.6379197429150736],[101.01800000088559,3.6377104342279267],[101.01839975223709,3.6376098226898534],[101.01919026663114,3.6375002276765827],[101.01977956278273,3.6376700122150396],[101.01968973165651,3.6375298741113511],[101.01944000095648,3.6372397177731273],[101.01948042296937,3.6370097473347869],[101.01973015608627,3.6367698991824682],[101.01981998721249,3.6365803543822608],[101.02047036712815,3.635419731446234],[101.0211899164189,3.6344702117171437],[101.02130040929626,3.6342501262433871],[101.02148995409641,3.6340803417049869],[101.0222301651383,3.6332898273109322],[101.02256973058985,3.6327301739687528],[101.02325963707113,3.6319297770269827],[101.02499967119428,3.6302104010297285],[101.02544972952319,3.6298196343618088],[101.02603004099126,3.6295195966843039],[101.02678013458086,3.6293300518841534],[101.02739008885834,3.629259984644932],[101.02794973857522,3.6292896274543978],[101.02829020189091,3.6291800348580523],[101.02845998280407,3.6291800348580523],[101.0286396450565,3.6294001203317521],[101.03166966222437,3.6331595705465247],[101.03171008665413,3.6330796207595881],[101.03169032397551,3.6329700257463742],[101.0285803570207,3.6291099639935283],[101.028559696478,3.6289204216102462],[101.02861988237788,3.6288198088637387],[101.02867018814692,3.6284002960421162],[101.02903041172436,3.6277903393477686],[101.02914000794601,3.6274399971096045],[101.02929990631145,3.6266997860677179],[101.02971043686637,3.6257996730351465],[101.02997005011412,3.6254601112088949],[101.03075967026933,3.6243201488155137],[101.03102018017285,3.6239401625595065],[101.03127979342059,3.6234002731043802],[101.03181968287578,3.6226699434017746],[101.03316985061201,3.6215299822168276],[101.03371961898961,3.6211499947523862],[101.03439964413155,3.6208499570748813],[101.03517039826392,3.6203199513758477],[101.03552972397716,3.6200603369196642],[101.03590971144166,3.6198698942553733],[101.03681970339665,3.6195195520172092],[101.03740001486472,3.6192302935431258],[101.03778000232916,3.6191000379871525],[101.03808992134594,3.6191503449646234],[101.03853009471032,3.6193300072170587],[101.03987038110728,3.6199902684720087],[101.04015963958136,3.6201097460329947],[101.04040038922312,3.6201798132721592],[101.04081990083631,3.6201699319328782],[101.04105975261393,3.6202103563626338],[101.04156011429507,3.6208301931878282],[101.041640064082,3.6208499570748813],[101.04143974007837,3.6203495941853134],[101.04119000937834,3.6200801008066605],[101.04106963395321,3.6200199136983429],[101.04043991337187,3.6200495565078086],[101.04015963958136,3.6199803871327276],[101.03820041422335,3.6191000379871525],[101.03816987113288,3.6188898338527338],[101.03832977070675,3.6182996410453825],[101.03873041992233,3.6170896077875341],[101.03907986671322,3.616229922810021],[101.03914993395239,3.6160403780098136],[101.03927030816908,3.6154995906905469],[101.0394302077429,3.615230097311894],[101.03997009478121,3.6146596671831617],[101.04043003203259,3.6138601644802293],[101.04112981985315,3.6128495621955494],[101.041659827969,3.6119898735927336],[101.04225001835948,3.6113197309984457],[101.04254017469771,3.6109496248732853],[101.04270995802773,3.6105902991600374],[101.0428303298275,3.6102399545050048],[101.04299023181824,3.6099596807144962],[101.04321031729194,3.6097297139014586],[101.04368013588265,3.6094799807845561],[101.04493957462853,3.608310375581766],[101.04543993751804,3.6077004188873616],[101.04566990433108,3.607330312762258],[101.04594029919917,3.606779646520522],[101.04649006757677,3.6057196351225116],[101.04724015995794,3.604339820951509],[101.04754019763544,3.6038700023608499],[101.0478599992,3.6034001837701908],[101.04864961693835,3.6026303275020268],[101.04939970931952,3.60197006624702],[101.04967010418761,3.6016098414611974],[101.04999978467458,3.6011400228705384],[101.05023963403534,3.600750154066759],[101.05281959529117,3.5983902807016079],[101.05342955198552,3.5980596999336285],[101.0537601327535,3.5978503912464248],[101.05393979621437,3.5975701174559163],[101.05412035633094,3.5976599485821339],[101.05447968325262,3.5985600616147053],[101.05485966950863,3.5996101916734347],[101.05601041110543,3.6019404222291769],[101.05628978824024,3.6024901918152068],[101.05634009521771,3.6025899042807055],[101.0610104352516,3.6041700400384116],[101.06112990918729,3.6041403972289459],[101.0608397540575,3.6039795973741207],[101.05645956915339,3.6025395973032346],[101.05617031067931,3.6019898289256389],[101.05560976309829,3.600600137040658],[101.05499980882075,3.5996003103341536],[101.05450034379538,3.5982303811277347],[101.05422995255259,3.5974299817690962],[101.05435032676922,3.5970203490783206],[101.05465036202992,3.5963403239363743],[101.0549099764861,3.5953602635337347],[101.05511030169816,3.5949003238654882],[101.05576966267211,3.5940801642450992],[101.05642004379621,3.5933103067685011],[101.05666977570468,3.5931297466519254],[101.0568898635953,3.5930300329779925],[101.05778997300257,3.5934504460806238],[101.05878979970913,3.5937702440198223],[101.05939975398661,3.5939499074806918],[101.06422999601125,3.5955596884647321],[101.0643395922329,3.5955399269945474],[101.06423987855896,3.595419552777912],[101.05823014878382,3.5934199029901492],[101.05762019208947,3.5931099827648723],[101.05681979273083,3.5928000637480864],[101.05665001181768,3.5926302828349321],[101.05666977570468,3.5922601767097717],[101.05685033582125,3.5918703079060492],[101.05733003695963,3.5907195663092466],[101.05792022976698,3.58975028269316],[101.05816007912773,3.5889903089727113],[101.05833974138017,3.5885896597570763],[101.05869996858291,3.5880102485700718],[101.05892005647354,3.5875799541281594],[101.05907007349964,3.5871200180852156],[101.0595596559773,3.5863501606085606],[101.05988035540599,3.5859998195788876],[101.0600896604679,3.5857896130275435],[101.06063044778716,3.5855102371011753],[101.06099965604818,3.5853799803367679],[101.06095024693485,3.5852497235724172],[101.06087029714791,3.5850404185105162],[101.06087029714791,3.5848697361079189],[101.06105984194812,3.5845697020557168],[101.06120985897422,3.5842696643781551],[101.06125028461241,3.583860030479002],[101.06125028461241,3.5835797566884935],[101.06148025384232,3.5830704139490877],[101.06158984643866,3.5826401195071753],[101.06171022065536,3.5821002324688607],[101.06173986709007,3.581800194791299],[101.06186024130676,3.5816304138782016],[101.06211985334608,3.5808596597458404],[101.06235970270689,3.5800898034776765],[101.06276035192246,3.5793199472094557],[101.06311967763577,3.5785500909412917],[101.06348978255249,3.5780802723506326],[101.0636398032039,3.5778197588218177],[101.06362992186462,3.5768199357406161],[101.06369998910378,3.5766303909404087],[101.06398026289429,3.5761300280508976],[101.06424975989825,3.5755497165828274],[101.06445996403272,3.5750197120922849],[101.06461986602341,3.5746496059671244],[101.06483007136626,3.5743702300407563],[101.06504027550073,3.5739498181465592],[101.06515975185329,3.5719995750552584],[101.06533043063052,3.5714902311074184],[101.06572030064274,3.5709296835264013],[101.06597003375964,3.5704095579582713],[101.06640032578468,3.5692597142256091],[101.06685038048835,3.5675502195676927],[101.0669896207279,3.567010332529378],[101.06723036795279,3.5663698351614244],[101.06768042507332,3.5657697598063578],[101.06801010556029,3.5654499582418566],[101.06876019914989,3.5649298362989725],[101.0690602368274,3.5647798156475687],[101.06966031218246,3.5648696467737864],[101.06969983633121,3.5647798156475687],[101.06951029153106,3.5645202036082537],[101.0691599492929,3.5641402161437554],[101.06900993226679,3.5637503461315987],[101.06902969373698,3.5631403918541196],[101.06923989907983,3.5623399924954811],[101.06991992422184,3.5606098372948054],[101.07006994245637,3.5602002046040298],[101.07032955691261,3.5596702001134304],[101.07059994936378,3.5592102628621092],[101.07097005428051,3.55863983273332],[101.07128985584507,3.5577199558137522],[101.07145963675822,3.557139644345682],[101.07174979309644,3.5563500266073333],[101.07226991624771,3.5552100654224432],[101.07258971781226,3.5547600070934777],[101.07300024836718,3.554270427032634],[101.07320955342902,3.5539003221159078],[101.07332004630643,3.5534502637869991],[101.07395964943549,3.5518701292377273],[101.07445012977735,3.5512296282444709],[101.07488042059396,3.5505603859312487],[101.07523974630726,3.5495803231117407],[101.07552002009777,3.5490197755307236],[101.07633030200412,3.5476696077944894],[101.07665010356868,3.5470201257429608],[101.07686030649472,3.5465601884915827],[101.07706961518187,3.5460598268104491],[101.07740019594985,3.5456304302326771],[101.07799038996563,3.5443296716097734],[101.07853027579552,3.5430199283032948],[101.07900997693389,3.5415601643454124],[101.07944026895893,3.5402396418354556],[101.07968011952812,3.5397599419055155],[101.08028019246632,3.5386999292990708],[101.08088026782139,3.537259930436619],[101.0813698502991,3.5356097238144457],[101.08164024275027,3.5349296986724426],[101.08226008199239,3.5334897022268592],[101.08257987993164,3.5328500990978],[101.08319971917371,3.5320101755904147],[101.08378003064172,3.5313696782224611],[101.08423008534538,3.5308998584233677],[101.08424984923238,3.5302800203897391],[101.08416001810616,3.5298299644776421],[101.08416001810616,3.5291499405440732],[101.08431003513232,3.5283504402580093],[101.08454000557066,3.5276497545733037],[101.08485980350991,3.5269400842050231],[101.08507989260892,3.526020209702267],[101.08574015386387,3.5242702906145951],[101.08622973634158,3.5229102439558915],[101.08630968492008,3.5226299701653829],[101.08641029645815,3.5223901183877615],[101.08645970315462,3.5220801981625414],[101.08652977401908,3.5217702815625671],[101.08675974083212,3.521230392107384],[101.08686035116176,3.521030068103812],[101.08719991661337,3.5206797258656479],[101.08726010251326,3.5204299951656139],[101.08771015721692,3.5193196767901327],[101.08800031355514,3.5180000521443731],[101.08827968948151,3.5174296220156407],[101.08858960970679,3.516879853638045],[101.08893995315333,3.5154802792053488],[101.08921034560456,3.5145496230823028],[101.089590333069,3.5136701742177365],[101.08997032053344,3.5130000304150713],[101.09030000102041,3.5118304227953558],[101.0911201642661,3.5096798557004831],[101.09129982772697,3.5085300119678777],[101.09144984475307,3.5082398556295971],[101.09233019389865,3.5060596457253155],[101.09277036726297,3.5052996707963757],[101.09327971362768,3.5045495784152081],[101.09378007530881,3.5039198602507327],[101.09428043698995,3.5036602470029266],[101.09506017338896,3.5034096160218837],[101.09567013008336,3.5031904284122675],[101.09567013008336,3.5030296285574423],[101.09600969190961,3.5029002720740436],[101.09646962916099,3.5029999833311081],[101.09667983571228,3.5030700541955753],[101.09653970002546,3.5034895658087635],[101.09628996690856,3.5039701636029008],[101.09636991911231,3.5042198979282375],[101.09648041198972,3.5041597084030514],[101.0967499065768,3.5035704158767089],[101.0968999236029,3.5033404454383685],[101.09717031605413,3.5032299525610142],[101.09727991106735,3.5034203952253051],[101.09711013015419,3.5038003826897466],[101.09686039945416,3.5043196103937362],[101.09645975023852,3.5049699903094051],[101.09614983122174,3.5056500154514083],[101.09589021797393,3.506300394158643],[101.0955201130572,3.5069301123231185],[101.09522995671898,3.5074098134615497],[101.09522995671898,3.507770037038938],[101.09553987331896,3.5081401455809669],[101.09735986085428,3.5091498512099406],[101.09749011641026,3.5091399686622253],[101.09750988029725,3.5089603064097901],[101.09745957331978,3.5088300496453826],[101.09705982317672,3.5086000816239107],[101.0962198984609,3.5080799560557807],[101.09582014710946,3.5078904112556302],[101.09562970565361,3.5077296150260509],[101.09562970565361,3.5073496275616094],[101.09583991099646,3.5070100621100551],[101.09613006733468,3.5065896526327265],[101.09637979803477,3.5061297153813484],[101.09668971705156,3.5053499777738466],[101.09701041648026,3.5046403074055661],[101.09737962474128,3.5041300655935856],[101.09764013464479,3.503769839599272],[101.09795005366158,3.503629703912452],[101.09841987225229,3.5038399104637961],[101.09893999782042,3.5042297792675186],[101.10048959048765,3.5049996331188709],[101.10075998535575,3.5051703143129771],[101.10082017125563,3.5051101259962252],[101.10080040736864,3.5049601089701241],[101.10047970914837,3.5046699526319003],[101.10006019632675,3.5043699149543386],[101.09955983464562,3.5042100153805222],[101.09919961106817,3.504040234467368],[101.0987702144904,3.5037500781291442],[101.09819978436167,3.5034599229993546],[101.09795005366158,3.5031697666610739],[101.09798957901876,3.502810440947826],[101.0982797341486,3.5025104032702643],[101.09918972972889,3.5018195989248966],[101.09918972972889,3.5016695782734359],[101.09908013350724,3.5016695782734359],[101.09848994069989,3.5020100415891875],[101.09795005366158,3.5025202858180364],[101.09780003663548,3.5027897791966325],[101.09752964176738,3.5029002720740436],[101.09712989283281,3.5028302024179538],[101.09684961662543,3.50254004607973],[101.09626032409909,3.5022498909499404],[101.0960501175478,3.5021402983535381],[101.09577972509658,3.5019597346117166],[101.09555963720595,3.5019597346117166],[101.09560006284414,3.5016902400246295],[101.09603035366075,3.5015195612473349],[101.09652981747774,3.5011395737828934],[101.09652981747774,3.5006095668754824],[101.09696999084207,3.5002601225014587],[101.0974496919805,3.5002996502755082],[101.0979401723223,3.5003598361753916],[101.0981701415522,3.5002295794109841],[101.09780991555795,3.5001298681539197],[101.09712001149353,3.4999798487109501],[101.09642022246453,3.5000499159501715],[101.09642022246453,3.5002601225014587],[101.09611030344769,3.5004101431528625],[101.0957698437573,3.5004703290528028],[101.09560006284414,3.5002996502755082],[101.09552999197967,3.4998998989240135],[101.09554975586667,3.4994399616726355],[101.09563958699289,3.498849768865341],[101.09575996120952,3.4982200507008088],[101.09590997944412,3.4969695954300732],[101.09627020543837,3.4959796512712842],[101.09681009247669,3.4945701942908727],[101.09749999895797,3.493040363093769],[101.09823032745214,3.491719840583869],[101.09898042104174,3.490059753830792],[101.10025962367462,3.4882298849561835],[101.10144000808083,3.4865697994115408],[101.10221974568833,3.4855097880135304],[101.10978984975105,3.490059753830792],[101.11192963522564,3.4918698588184043],[101.11653978935965,3.4945603129515916],[101.15902021560981,3.5231500921082102],[101.17810043164963,3.5356896736013823],[101.35068025921532,3.5992499680959895],[101.34773019304276,3.6348304377114573],[101.34574042459434,3.6435396026780609],[101.34303020657416,3.6566199702820654],[101.34310027381332,3.6576197945717013],[101.34337965094812,3.6582701769042387],[101.34398960764247,3.658699569856708],[101.34565957452639,3.6597802442142893],[101.34654980621968,3.660750424486082],[101.34713999902704,3.6619496749152063],[101.34723971270097,3.6650299978521161],[101.34666029788866,3.6673602259909899],[101.34688038698766,3.6682603390236181],[101.34758017239136,3.6717404108950973],[101.34736008450079,3.6728103048408229],[101.34724959162338,3.6742404223639937],[101.34728013471386,3.6748899044155223],[101.34757029105208,3.6757199465836266],[101.34806975486907,3.6763999717255729],[101.34931032759204,3.67732972756761],[101.34992028549482,3.678050178347803],[101.35019965900437,3.6788101520682517],[101.35018977887347,3.682970249081734],[101.34818024774643,3.6855403314150976],[101.35056976633791,3.6871599913215505],[101.34827996142036,3.689880090681072],[101.34659023064944,3.6917000782163996],[101.34608986896831,3.6925301203845038],[101.34138000116036,3.6971402745184605],[101.34094970913532,3.69665967672438],[101.34080957103163,3.6961799755860056],[101.34098024980892,3.695679613904872],[101.34120033769949,3.6954002379785038],[101.34094970913532,3.6947597406105501],[101.34042958356719,3.6941201374814909],[101.34042958356719,3.6938398636909824],[101.34015020764082,3.693449994887203],[101.33995976497653,3.6931903816394538],[101.3397396770859,3.6931697198882603],[101.33910007758209,3.6930502459526338],[101.33879015735687,3.692740326935791],[101.33851976490564,3.6923801033583459],[101.33834998399249,3.6916497712389287],[101.33849011967931,3.6910398169613927],[101.33841016989237,3.6907900838444903],[101.33804994631498,3.6905295727326006],[101.33772026582801,3.690390334909921],[101.33723966561701,3.690390334909921],[101.33680038890839,3.690449622945664],[101.33637997943106,3.6904999275062664],[101.33609970322368,3.6904199777193298],[101.33593980364981,3.6901100587025439],[101.33577002273671,3.6896402389034506],[101.33552029203662,3.6892701339867244],[101.33516006604236,3.6889602173867502],[101.33471989267798,3.6889602173867502],[101.33430037985636,3.6891299982998476],[101.33413958120997,3.6893797289999384],[101.33433002266582,3.6896303599809812],[101.33469024624327,3.6900202263678921],[101.33483038555539,3.6902501968062325],[101.33479984246492,3.690780201296775],[101.3346597067781,3.6910802389742798],[101.33433002266582,3.6911700701004975],[101.33390961077163,3.6914997542127708],[101.33380001817522,3.6918303349807502],[101.33390961077163,3.6924501705975672],[101.33385032273588,3.6926999012976012],[101.33354040251061,3.6928103941750123],[101.33318017893316,3.6928400394012897],[101.33288014125566,3.6926999012976012],[101.33245973177833,3.6923603394713496],[101.33220999866137,3.6923001535714661],[101.33154973740642,3.692189660694055],[101.33091013790261,3.6921303690330092],[101.3306900488036,3.6919399275771525],[101.33040977501309,3.6917396023651463],[101.33023999409994,3.6912904455256239],[101.33000014473919,3.6906795909671359],[101.32961027593541,3.6901801283585769],[101.3294395947413,3.6900399902548884],[101.32904972593752,3.6900103474454227],[101.32865985955067,3.6898899732287873],[101.32827987208623,3.6896698853381622],[101.3277804070608,3.6892800153260055],[101.32750013327029,3.6890302846259146],[101.32725040015339,3.6890204032866336],[101.3269503648927,3.6891299982998476],[101.32672039566279,3.6894102720904129],[101.32622003277328,3.6899402765809555],[101.3256603830564,3.6903301465931122],[101.32508007158833,3.6907496606231689],[101.32469020157617,3.6909697460969255],[101.32426979209885,3.6909095601970421],[101.32372002130438,3.6907397792838879],[101.32296992892321,3.6904604033575197],[101.32288997913628,3.6901603656800148],[101.32272019822318,3.6895998168905635],[101.32260970534577,3.6893204409641953],[101.32220007265499,3.6890698099830956],[101.32181020505971,3.6889000290699983],[101.32144997906539,3.6888101967353464],[101.32116970527488,3.6884499731579012],[101.32091997457485,3.6880601043541787],[101.32041961289372,3.6876396924599817],[101.31993003041606,3.6875804032157475],[101.31964975662555,3.6873603153251793],[101.31923024380393,3.6868204294952989],[101.31889966303595,3.6864098989403828],[101.31842984444523,3.6859598430282858],[101.31803997564151,3.6858197049246542],[101.31759980227719,3.685870011902125],[101.31714974394822,3.686119742602159],[101.31662962079696,3.6859203188795959],[101.31645983988381,3.6855097883246799],[101.31654967221846,3.6848099992956804],[101.31627029508365,3.6845602685955896],[101.31574028817624,3.6846096752920516],[101.31540970982513,3.6849195943088944],[101.31509979080829,3.6852196319864561],[101.31479975313079,3.6852995817733358],[101.31432005199235,3.6851603415337877],[101.31394006452791,3.6850004419599713],[101.31324027549891,3.6849698988694968],[101.31245964002727,3.6849402560600879],[101.31210031431402,3.6847902354086273],[101.31184968574979,3.684430011831239],[101.31166014094964,3.6841003313442684],[101.31162959785922,3.6836502742237371],[101.31185956708907,3.6833403576237629],[101.31219014544024,3.6831202697331378],[101.31250006566546,3.682839994734195],[101.31264020376915,3.6826199068436267],[101.31272015355609,3.6823396330531182],[101.31252971089179,3.682169852139964],[101.31150024137582,3.6816398452325529],[101.31120020369826,3.6813299274241444],[101.31114001538151,3.680940058620422],[101.31120020369826,3.6805196467262249],[101.31147958083307,3.6801100140354492],[101.31139963104613,3.679800097435475],[101.31090016602076,3.6794901772102548],[101.31047975412656,3.6794102274233182],[101.31029020932641,3.6791802581934121],[101.31029020932641,3.6787903881812554],[101.3104303474301,3.6782900265001217],[101.3106001283432,3.6779298029226766],[101.31045999265638,3.6775102913094884],[101.31003958076218,3.6773198486451975],[101.30962994807146,3.6773198486451975],[101.30915024693303,3.6773701532057999],[101.30899034735921,3.6772596603284455],[101.30895980426874,3.6770099296283547],[101.30891039878071,3.6763397858256894],[101.30879990590336,3.6755798108968065],[101.30848998567808,3.6751701782060309],[101.30812976210063,3.6750003972928766],[101.30729971993259,3.6749096683025186],[101.30658016701653,3.6745997492857327],[101.30611034842588,3.6741496933736357],[101.30536025604471,3.6733996009924681],[101.30441972099925,3.6725902169502547],[101.30406039528594,3.6723602501371602],[101.30331030169634,3.6722497572598058],[101.30287012591509,3.6723000618204082],[101.30248025711137,3.6724401999240968],[101.30211015098621,3.6726602878147219],[101.30186042028618,3.6729396613242216],[101.30177957021823,3.6734400230053552],[101.30177957021823,3.6739700311212005],[101.30166997762188,3.6743904430153975],[101.30124956572769,3.6747497687287023],[101.30077974713703,3.6750300425192108],[101.30038987833325,3.6753103175181536],[101.30036023552384,3.6758097789182784],[101.30035035297607,3.6765401098292614],[101.30007995810803,3.6769802831936431],[101.29944035860422,3.6773701532057999],[101.29909989891377,3.677730376783245],[101.29879986123626,3.6778103289869932],[101.29846029578471,3.677590241096425],[101.29818990333348,3.6772003710842114],[101.29785034150723,3.6771096420938534],[101.29745957483931,3.677280320871148],[101.29729967284862,3.6775004087617731],[101.29729967284862,3.6779495668097297],[101.29724038360445,3.6782001953739041],[101.29684961693653,3.6782001953739041],[101.29657024101016,3.6778902787739298],[101.29613006764583,3.6773602706580846],[101.29588033694574,3.67732972756761],[101.29522995461326,3.6778803962262145],[101.29477001736188,3.6780798235740804],[101.2943801485581,3.678050178347803],[101.29424001287128,3.6779702285608664],[101.29418970589381,3.6778597356835121],[101.2943801485581,3.6774698656712985],[101.29457957590597,3.6771599466545126],[101.29457957590597,3.6767098919508499],[101.2943298439975,3.6765203471506993],[101.29383038018051,3.6763999717255729],[101.29343961351265,3.6765697526387271],[101.29294014969565,3.6768203848282042],[101.2925502796835,3.6771797105415089],[101.29229965111932,3.6772902034188633],[101.29216041329664,3.6771797105415089],[101.29216041329664,3.6767898417377864],[101.29219005610605,3.676370328916164],[101.29204992041923,3.6760397481481846],[101.29143996372488,3.675480098431251],[101.29113992604738,3.675480098431251],[101.29068987134372,3.6756399980051242],[101.29050032654357,3.6758897311220267],[101.28977987576343,3.6763101405993552],[101.2893001782503,3.6763397858256894],[101.2890504451334,3.6760801737863176],[101.2890001405728,3.6758600858957493],[101.2890001405728,3.6755501656704723],[101.2890297833822,3.6752195873193614],[101.28896959748232,3.6750201611799298],[101.28866955980482,3.6750498039893387],[101.28817009477939,3.6752195873193614],[101.28778022839248,3.6752698918799638],[101.28749995218516,3.6752402490704981],[101.28705977882078,3.674959972863121],[101.28674985980393,3.6746302923761505],[101.28644982212643,3.67426018625099],[101.28608959854898,3.673839774356793],[101.28583986784895,3.6737598245699132],[101.28525955517244,3.6737795884569096],[101.28476009135551,3.673839774356793],[101.28415013707803,3.6738101315473841],[101.28350963608477,3.6737499432305754],[101.28325990538474,3.6737499432305754],[101.28311976728105,3.6736098075437553],[101.28307036058453,3.6733304304089529],[101.28342968750627,3.6726602878147219],[101.28356982560996,3.6722201120335285],[101.28340992361927,3.6708196397366351],[101.28346023059675,3.6705402626018326],[101.28370996129678,3.6701800390244443],[101.28370996129678,3.6698198130301307],[101.28357970453237,3.6691802135263174],[101.28338028080981,3.6687598004236861],[101.2830802431323,3.6685100697236521],[101.28286015524168,3.6686196647368661],[101.28272001955486,3.6689798883143112],[101.28257988145117,3.6693401131001906],[101.28229960645223,3.6695098964301565],[101.28216036862955,3.6693401131001906],[101.28216036862955,3.66901043261322],[101.28237955623916,3.6686996145238027],[101.2823301495427,3.6684804269141864],[101.28194028073892,3.6684498838237687],[101.28141027383151,3.6686996145238027],[101.28123959505422,3.6689996522013075],[101.281130000041,3.6691999774133706],[101.28082996236344,3.6692799259918161],[101.28068982667662,3.6690301952917821],[101.28075001257656,3.668609783397585],[101.2805496873645,3.6684400024844308],[101.28022000687753,3.6683304074712169],[101.27944026927003,3.6683798141676789],[101.27871981969832,3.6684903058366558],[101.27814040730289,3.6688801758488125],[101.2778295904219,3.6690203139525011],[101.27761040039542,3.6690499567619668],[101.27741007639185,3.6690697206489631],[101.27718999091809,3.6692404018430693],[101.27696990302746,3.6695997275563741],[101.27649020188909,3.6699401872468229],[101.27621980943786,3.6701000868206393],[101.27594043351149,3.6701602763458254],[101.27580029540781,3.6699895939432849],[101.27574010950792,3.6697102204337853],[101.27560985274351,3.6695197753526259],[101.2755002577303,3.6694299442264082],[101.27527029091726,3.6695700823300967],[101.27521998393979,3.6699895939432849],[101.27507984825297,3.6703004120326455],[101.27493971014928,3.670489956832796],[101.27474028280142,3.6705699054112984],[101.27448965423719,3.6706300949364845],[101.27430010943704,3.6705402626018326],[101.27426956634662,3.670400124498201],[101.27423992112028,3.6701503937981101],[101.27426956634662,3.6698997628170673],[101.27438994177169,3.6694299442264082],[101.27444024512386,3.6692898085395882],[101.27418961655968,3.669120027626434],[101.27400007175953,3.6689502455048455],[101.27377998386891,3.6686996145238027],[101.27363984818209,3.6684202385974345],[101.27327962218777,3.668030369793712],[101.27308019846521,3.6679504200067754],[101.27282956748417,3.668030369793712],[101.27261037987455,3.6682801029106145],[101.27233010487561,3.6687202762749394],[101.27186028628495,3.6690301952917821],[101.27150006029063,3.6690796019882441],[101.27121978650013,3.6689197024144278],[101.27105988692631,3.6686403264880596],[101.27095029191304,3.6684400024844308],[101.27074996790947,3.6684400024844308],[101.27044004768419,3.6686600903750559],[101.27011036719722,3.6688298712882101],[101.26989027930665,3.6691101450787187],[101.26938991762552,3.6693598757787527],[101.26905035579921,3.6694398255656893],[101.26808017431904,3.6697398632431941],[101.26788973165475,3.6697704063336687],[101.2675798126379,3.6695503184430436],[101.26733008193787,3.6692996898788692],[101.26708035123778,3.6692898085395882],[101.26666982068286,3.6699096441563483],[101.26615957645402,3.6700201370337027],[101.26594038884446,3.6699096441563483],[101.26582989596704,3.6697704063336687],[101.26572030095383,3.6694595894526856],[101.26569963920269,3.6689295849621431],[101.26572030095383,3.6686798518452406],[101.26538972018585,3.6686798518452406],[101.26511034425948,3.6688397538359254],[101.26475012068204,3.6689502455048455],[101.26430994731771,3.669260163313254],[101.26406021299232,3.6696203893075676],[101.2639200773055,3.6699500697945382],[101.26383024617928,3.6700704440111735],[101.26354997238877,3.6700902078982267],[101.26316998492433,3.6698997628170673],[101.26278011612061,3.669920424568204],[101.26205966534042,3.6700300195814748],[101.26174974632363,3.6701396145946887],[101.26139042061033,3.6706202123887692],[101.26141018449732,3.6710397252103917],[101.26143982972366,3.6717296316916759],[101.26119009660675,3.6721500435858729],[101.26066009090772,3.6727303550538863],[101.26019027231706,3.6731498678755656],[101.25988035330028,3.6733699557661339],[101.25921020949755,3.6737104178733944],[101.2590197680417,3.6735702797697627],[101.25874039090689,3.6733403093314223],[101.25846999845567,3.6729198998540937],[101.25840981255578,3.6727303550538863],[101.25818972466516,3.6727797617504052],[101.25787980564837,3.6728902546277595],[101.25757976797081,3.6729800857539772],[101.25730039204444,3.6727501189409395],[101.25680002915493,3.6722803003502804],[101.2564703486679,3.6720000241429034],[101.2560202939643,3.6719101918082515],[101.25564030649986,3.6720799763466516],[101.25513006347944,3.672409656833679],[101.25468989011506,3.6726000994979699],[101.25395955799564,3.6730097321886888],[101.25370982729555,3.6732900059791973],[101.25354992772174,3.673790367660331],[101.25339990707033,3.6742296431605723],[101.25313041248324,3.674570106476267],[101.25264981468911,3.6747901907415894],[101.25225994588538,3.6749797367501742],[101.25207040108523,3.6752896557669601],[101.25179012729473,3.6758502033479772],[101.25148020706945,3.6761502410255389],[101.25109033826573,3.6765095667388437],[101.25097984538837,3.6767404350413244],[101.25101038847879,3.6769596226508838],[101.25128976440516,3.6773198486451975],[101.25172994139484,3.677600122435706],[101.25213957046026,3.6778300892487437],[101.25209016497223,3.678050178347803],[101.25202997786391,3.6781903164514915],[101.25174970165654,3.6783600973645889],[101.25119993327894,3.6784696899609912],[101.25081006447522,3.6785199969384621],[101.25050014787524,3.678720320942034],[101.25008961732033,3.6792197847590273],[101.25007973477261,3.6795800083364725],[101.25007973477261,3.6800498281355658],[101.24989018997246,3.6803597471523517],[101.2495497278652,3.6805304259296463],[101.24922004737823,3.6804998828391717],[101.2487196856971,3.6803597471523517],[101.24828040898848,3.6802995588355998],[101.24800013519797,3.6802995588355998],[101.24780969253362,3.6804702400297629],[101.24769021618113,3.6807199707297968],[101.24769021618113,3.6810002445203054],[101.24800013519797,3.6814700631109645],[101.24836035877536,3.6820899023530274],[101.24840976547182,3.6823899376137206],[101.24832981568494,3.6826199068436267],[101.24805043975857,3.6828103495079176],[101.24783035428482,3.6830304373985427],[101.24755008049431,3.6831696752212224],[101.24718985449999,3.6832298647464086],[101.24687993669164,3.6833403576237629],[101.24679998448784,3.6835900883238537],[101.24681974837483,3.6837796331240042],[101.24717997195228,3.6843698259312987],[101.24732011005597,3.684839645730392],[101.24756984196443,3.6852600552077206],[101.24772974395518,3.6857101123282519],[101.2478402356241,3.6867701249346965],[101.24811961034203,3.6870800415346707],[101.24811961034203,3.6874097244385098],[101.24811961034203,3.6877196422468614],[101.24802977800738,3.6880502230148409],[101.24792018541103,3.6887203656091287],[101.24802977800738,3.6891704203127347],[101.248249865898,3.6895602903249483],[101.24822022308854,3.6899501591286707],[101.24808008498485,3.6903696731587274],[101.24783035428482,3.6907604398266471],[101.24785999709428,3.6910398169613927],[101.24832981568494,3.6914000405388379],[101.24866039645292,3.6916596525782097],[101.24874034623986,3.6918797404688348],[101.24896043413042,3.6923001535714661],[101.24929011461739,3.6932802127656714],[101.24945989553055,3.6938102208815167],[101.24949043982946,3.6942198511554238],[101.24934042159487,3.6950301318533434],[101.24904038391736,3.6960101946728514],[101.2486999218101,3.6967297439636013],[101.24855978612328,3.6972597496625781],[101.24845019111001,3.6978202996604637],[101.24836035877536,3.6981796253737684],[101.24822022308854,3.6983503041510062],[101.24802977800738,3.6983197610605885],[101.2479498282205,3.6981302162604379],[101.24766955442999,3.6980098444606142],[101.24749977351684,3.6980996767952661],[101.24735963541315,3.6984302539379428],[101.24783035428482,3.6990204479537283],[101.24800013519797,3.6991902288668825],[101.24793994688116,3.6997696424707556],[101.24771986140746,3.6999699676827618],[101.24732999260368,3.7001900555733869],[101.24665984880102,3.7005799243771094],[101.24641011810093,3.7007497052902636],[101.24612984189355,3.701330016758277],[101.24604989210667,3.7019202107740625],[101.24619003021036,3.7021699414740965],[101.24643976091039,3.7022804343515077],[101.24695988647852,3.7022498912610331],[101.24738029716428,3.7023999082871342],[101.24738029716428,3.7029496802900326],[101.24728956696549,3.7032901399804814],[101.24763003028124,3.7038201468878924],[101.24760038505491,3.7042100169000491],[101.24756984196443,3.7045702404774943],[101.24768033363341,3.7053499780849961],[101.24776028342035,3.705800032788602],[101.24790042273241,3.7061899028008156],[101.2479498282205,3.7066902644818924],[101.24766955442999,3.7072499141987691],[101.24745036682037,3.7077197339979193],[101.24755995941672,3.7082802815789364],[101.24783035428482,3.7092001560816357],[101.24822022308854,3.7102098641274779],[101.24838012266241,3.710570087704923],[101.24876999146613,3.7110497876348632],[101.24923981126523,3.7116597419123423],[101.24913021504358,3.7118897123506827],[101.24890024581367,3.7123298857150644],[101.24876999146613,3.7126101595055729],[101.24887958406254,3.7128095856450045],[101.2490996719531,3.7129497249571273],[101.24945989553055,3.7132003523128674],[101.24987042608547,3.7135596792346064],[101.25036989111084,3.714120229232492],[101.25048038398825,3.7145100980362145],[101.25048038398825,3.7149601539483115],[101.25050014787524,3.7157704322293625],[101.25050014787524,3.7165995777417606],[101.25050014787524,3.7168798539491377],[101.25091965948843,3.7174996907743889],[101.25121969716599,3.7179704072291884],[101.25111010215272,3.7182497831555565],[101.25066004624068,3.7184501071591285],[101.25002044673687,3.7184698710461248],[101.2495497278652,3.7183899212592451],[101.2487996342756,3.7179901699077504],[101.24863973591016,3.7181303092198732],[101.24866039645292,3.7184402258198475],[101.2485903292137,3.7187699087236865],[101.24866039645292,3.7190304186271419],[101.2487196856971,3.7192496098620609],[101.2487996342756,3.7195002372178578],[101.24854990357551,3.7195801870047376],[101.24816003477179,3.7195002372178578],[101.24779981119434,3.7190798253236608],[101.24761026639419,3.7188300946235699],[101.2474701282905,3.7186899589367499],[101.24718985449999,3.7187402634973523],[101.24694012379996,3.7189702327272585],[101.24663020357468,3.7193502201916999],[101.24649006788786,3.7197400889954793],[101.24632028697471,3.719820038782359],[101.24605977344595,3.7199197524562919],[101.24563038049348,3.7201003125728676],[101.24493957614806,3.7195703056654565],[101.24472038491314,3.7195703056654565],[101.24432961824527,3.7196502578692616],[101.2439999377583,3.7197104437691451],[101.24361006895452,3.7196799006786705],[101.24316001425092,3.7195703056654565],[101.24279978704817,3.7195900695524529],[101.24238027543498,3.7198398002525437],[101.24199040663126,3.7202099087945726],[101.24182960677638,3.7203401619336773],[101.24147028106307,3.7203401619336773],[101.24135978818572,3.7201200764599207],[101.24125019558937,3.7198999885692956],[101.24125019558937,3.7193097957619443],[101.2412196524989,3.7187797900629675],[101.24096992179886,3.7181698333686199],[101.2406698841213,3.7178302715423683],[101.24044979623068,3.717659589139771],[101.24005992621852,3.7176003011040279],[101.23960987151486,3.7177098961172419],[101.23928018861102,3.7180503558076339],[101.23906010313732,3.7181303092198732],[101.23884001524669,3.7180198163425189],[101.23863969124312,3.7176802508909077],[101.23847979166925,3.7171295846492285],[101.23831000713085,3.7166498847192315],[101.23792014074394,3.7164801025976999],[101.23723023426265,3.7161998288071914],[101.23548031517498,3.7153599052998061],[101.23518027749742,3.7153599052998061],[101.23457032321994,3.7151101709744125],[101.23436011666865,3.7149296108578369],[101.23352019316127,3.71472030217069],[101.23287969216801,3.7149098469708406],[101.23232004245114,3.7151703604995987],[101.23189963297381,3.7150904107127189],[101.23138040406138,3.714710420831409],[101.23066983945421,3.7138803774548705],[101.23014971388608,3.7136899347905796],[101.22961970939554,3.7138004276679339],[101.22891003781882,3.7140303981062743],[101.22801980733396,3.7136899347905796],[101.22535989629125,3.7133000659868003],[101.22430976623252,3.7133000659868003],[101.22360009828111,3.7132201161999205],[101.22287964750092,3.7127296358580679],[101.22179987463278,3.7117801173374687],[101.22071021680006,3.7111000921954655],[101.21963044393186,3.7104901379179864],[101.21850036046095,3.7093995822211241],[101.21711965205117,3.7082596198277429],[101.21648005254735,3.7080000077884279],[101.21572995654088,3.7078796323633014],[101.21479031935957,3.7076496631333953],[101.21415970333089,3.7077296129203319],[101.21392973410099,3.707949700810957],[101.21414982199161,3.7083997591398656],[101.21545956529809,3.7101397932630107],[101.21560958232419,3.7107102233917431],[101.21557005817544,3.7109698378479266],[101.21534996907644,3.7110803307253377],[101.21451992690834,3.7111602805122175],[101.21406987220467,3.711230348959873],[101.21396027719146,3.711799881224465],[101.21395039464375,3.7125499736056327],[101.21368988474023,3.713189573109446],[101.21365035696618,3.7140196189028529],[101.21387044485681,3.7143196529550551],[101.21436002733446,3.7142495857158906],[101.21507957783365,3.7138004276679339],[101.21567965318872,3.7136504106418329],[101.21567965318872,3.7139899724680845],[101.21549010838856,3.7146699976100876],[101.21514964507281,3.7150796278839948],[101.21476965760837,3.7153401414127529],[101.21436002733446,3.7161701835808572],[101.21398004107846,3.716429795620229],[101.21375007064012,3.7163202042322609],[101.2135704071793,3.7160201665547561],[101.21315987783282,3.715490158438854],[101.21252027712057,3.7154497364259669],[101.21202979677872,3.7155198036651882],[101.21154021430107,3.7153302588650376],[101.21150967362746,3.7151101709744125],[101.21172975910122,3.7148101332969077],[101.21192020176551,3.7143501960455296],[101.21192020176551,3.7139001413418669],[101.21155009684878,3.7135201538774254],[101.21099044592347,3.7136701721119607],[101.21016040375537,3.7140798048027364],[101.2095603284003,3.7140798048027364],[101.20881023601913,3.7139998550157998],[101.20881023601913,3.7148002543744951],[101.20860991080713,3.7160399268164497],[101.208089785239,3.7167495971847302],[101.20790024406415,3.7173200273135194],[101.20805026109025,3.7177700820171253],[101.20804037975097,3.7184501071591285],[101.20762984919605,3.7191696564498216],[101.20706031693146,3.7196502578692616],[101.20639017312874,3.7195397649918505],[101.20522955019266,3.7190097580844395],[101.20496993815334,3.719040301174914],[101.20496005560562,3.7207803377148707],[101.20458006814118,3.7210803753923756],[101.20417043786728,3.7214900056662827],[101.20393957077323,3.7220999623606303],[101.20344998829552,3.7224700684857908],[101.20304035802161,3.7225095926345375],[101.20277984570129,3.7223200514596897],[101.20247980802372,3.7215996006795535],[101.20232978978919,3.7208099805243364],[101.20215012753675,3.7205099464720774],[101.20177014007231,3.720429993059895],[101.20150962654355,3.7205800137112988],[101.2013596095174,3.7207300307373998],[101.20139015260787,3.7209896439851491],[101.20162011942091,3.7216696691271522],[101.20192015709841,3.7222400980474504],[101.20164976464724,3.7228797011765664],[101.20101016514343,3.7235902669921188],[101.20071012746587,3.7240097810221755],[101.20081972247914,3.7246502783901292],[101.20138027126859,3.7254003719797311],[101.20276996315357,3.7267298779648286],[101.20253999634053,3.7272598860806738],[101.20167042639838,3.7273200719805573],[101.20129043893394,3.7271996977639219],[101.20032025866215,3.7275796840199291],[101.19942014804644,3.727879721697434],[101.19867005324841,3.7276901768972834],[101.19806998031021,3.7268197102994804],[101.19769987176818,3.7255297308799982],[101.19766034761943,3.723869642918487],[101.19812028487081,3.7223703548118579],[101.19903027924266,3.7206401996111822],[101.19933031692022,3.7185597021723424],[101.19933031692022,3.7175095721136699],[101.19921982404281,3.7169400398490779],[101.19859010346147,3.7172400775265828],[101.19809962311962,3.7178796770303961],[101.19723005317752,3.7182596644948376],[101.19602990488426,3.7180296952649314],[101.19532023693284,3.7182902075853121],[101.19464021299927,3.7188103307365736],[101.19389011940967,3.7194499338656328],[101.19344006228914,3.7199799383562322],[101.19346970751548,3.7202799760337371],[101.19391976221914,3.7207003879279341],[101.1948602972646,3.7213399886401817],[101.19466985580874,3.7219400639952482],[101.19395030530956,3.7223595756084364],[101.1922300326566,3.7223496942691554],[101.19155000751465,3.7215196508926169],[101.19062025167261,3.7197104437691451],[101.19002017631755,3.7191400136404127],[101.18766030295234,3.7185695847200577],[101.18656974725548,3.7181895972556163],[101.18533995373588,3.7173900945526839],[101.18263961826347,3.7152700729651542],[101.17792975287233,3.7103499998142979],[101.17695957139216,3.7098604173366425],[101.17642956690156,3.7100499621367931],[101.175710015194,3.7111800419824021],[101.17477037680425,3.7124897877057492],[101.17360975386816,3.7133898971130179],[101.17284977893922,3.7138103102156492],[101.17236019646157,3.7145199781671181],[101.17191014175791,3.7155799895650716],[101.17183019197097,3.7167100706191718],[101.17183019197097,3.718060238355406],[101.1718598371973,3.7198398002525437],[101.1726099307869,3.7202503308074597],[101.17321000251667,3.7198398002525437],[101.17374001063251,3.7191202509617938],[101.17577020351075,3.7157398915558133],[101.17693980750511,3.7149897967577772],[101.17735033806002,3.7149897967577772],[101.17768990109471,3.7153697842222186],[101.17795041341509,3.7164998664846962],[101.17876967637972,3.7177503217554317],[101.17981980764688,3.7189603513879774],[101.18089958293189,3.720429993059895],[101.18341037481264,3.7234195882148811],[101.18541990352281,3.7260597353705407],[101.18707010893661,3.7275698026806481],[101.1895099320887,3.7288301392906646],[101.19190034854432,3.7297401336625171],[101.19273039433773,3.7303797343747647],[101.19291005659016,3.7309896886522438],[101.19261001891266,3.7315502386501294],[101.19197041940885,3.7317002568846647],[101.19073972560824,3.7313202694202232],[101.18871043301107,3.7305602944913403],[101.18746986028805,3.7302899020401128],[101.18350020593886,3.7300500514709256],[101.17948024461219,3.7294302146457312],[101.17549980864266,3.7282399452748791],[101.17482966483999,3.7282004211261324],[101.17378043506227,3.7276299909974],[101.17268987936541,3.7273595997546067],[101.172159872458,3.72777012668422],[101.17193978698424,3.7283702020392866],[101.17212034830925,3.7294302146457312],[101.17305010294285,3.7315098142203738],[101.17305010294285,3.7326398940660397],[101.17244014866537,3.7340700115891536],[101.17108998092914,3.7359501874412899],[101.1703300060002,3.737530323198996],[101.16969040407957,3.7393799547521667],[101.16937958961546,3.7412996523361812],[101.16914961917712,3.7441598885909002],[101.16895019303769,3.7468799879503649],[101.1682297458828,3.7487601613856327],[101.16755960208013,3.7493602355322082],[101.16679962835963,3.7495497803324156],[101.16578991910541,3.7491697940763515],[101.16523026938853,3.7483002241342547],[101.16531021917547,3.7471997870980545],[101.16660020101176,3.7432103688618668],[101.16660020101176,3.7422698338163514],[101.16631004588197,3.7395497356653209],[101.1658303447436,3.7375204406512239],[101.16534974694946,3.7341598439238055],[101.1656596659663,3.7307300754044945],[101.1654503572791,3.7260498540312597],[101.16508025236237,3.7251901654284438],[101.16421966589542,3.7251102156415072],[101.16353964075341,3.7253698288893133],[101.16330967152356,3.7259303788871421],[101.16322972173663,3.7277800092319353],[101.16266018947204,3.7296601838756374],[101.16161005941331,3.7315798814595951],[101.16058957458091,3.733319919207986],[101.15911992928375,3.7353096876564678],[101.15873994181925,3.736139729824572],[101.15832043020606,3.7376102717774415],[101.1580599166773,3.7393000025484184],[101.15797996689037,3.7405801030454313],[101.15789013576415,3.7429202125235861],[101.15754967607376,3.743859853330207],[101.15706009359604,3.7444302834589962],[101.15620040499323,3.7449504054018234],[101.15518980029168,3.744980051836535],[101.15420973988904,3.7446800141590302],[101.15320003184326,3.7437295965658564],[101.15234034324038,3.7424099719200399],[101.15205018811059,3.7410499216360904],[101.15250024523107,3.7394302593127691],[101.15318027037307,3.7381896865898057],[101.1539797694507,3.7361199683543873],[101.15462027044396,3.7337097880117653],[101.15556978654769,3.731679595133528],[101.15593989508972,3.7304695655009823],[101.15594977401219,3.729720370983955],[101.15554014373828,3.7290403458419519],[101.15466967714042,3.7286199327393206],[101.15358990064698,3.7286603583775104],[101.151500419733,3.7298200834494537],[101.14576018454494,3.7324000447052299],[101.14099013325392,3.7341302011143398],[101.14008013888207,3.7343197459145472],[101.13796011487761,3.7345101873704039],[101.13653987869378,3.7348901748348453],[101.13601975554252,3.7349503607347287],[101.13517982840983,3.7356600311030093],[101.13517982840983,3.7363696990544781],[101.13549962997439,3.7368296363058562],[101.13659018567125,3.7376695610216757],[101.13761965397879,3.7383199433541563],[101.13871020725884,3.7393000025484184],[101.139480063527,3.7401399296810496],[101.14101977606339,3.7420901703554819],[101.14180041274346,3.7427998407238192],[101.14257026901163,3.7434502206394882],[101.14481964949948,3.7443700939337532],[101.14609974999649,3.7452800895140967],[101.14648961880022,3.7459196890179101],[101.14636025990001,3.746889869289646],[101.1460296815489,3.7471503804015924],[101.13893029514941,3.7512700541937534],[101.13764031572993,3.7520399104619742],[101.13674020269735,3.7528798351777937],[101.13635033389363,3.754179695936557],[101.13615000989006,3.7553996081168179],[101.13587961743883,3.7588302757087604],[101.13562000419103,3.7614901867514732],[101.13502981138367,3.7630999677354566],[101.13450968581554,3.7640701480072494],[101.1335502871641,3.7640000783512164],[101.13276965048402,3.7632904103997475],[101.13251991736712,3.7620597190160652],[101.13168987519902,3.7597303863244633],[101.13085983303091,3.7576498888856236],[101.12970998929825,3.7551903018465396],[101.12862033146553,3.7533101272028375],[101.12727016252086,3.751100273280656],[101.12483033936877,3.7483101054735357],[101.12387004043626,3.7470803119539937],[101.12374966621957,3.7458496217786887],[101.12381973708409,3.7443000266945887],[101.12414043288749,3.7428699091714179],[101.12485998580348,3.741449672987585],[101.12505042725934,3.7400896227035787],[101.1247997962783,3.7380199056766514],[101.1229798099514,3.7363499363758592],[101.12182008729633,3.7362798679282605],[101.12098016016364,3.7365403778317159],[101.11969018074416,3.7378303608765009],[101.11864993202477,3.7395703974164576],[101.11794026165649,3.7408603768359399],[101.11638976870819,3.7428699091714179],[101.11477010880179,3.744999814515154],[101.11334987020103,3.7468000381634283],[101.11250994669365,3.7476399628793047],[101.11108971050982,3.7473102799754656],[101.10941974362589,3.7462700312560173],[101.10833008579311,3.7445901818243783],[101.10729971962144,3.7429696216369166],[101.1070499889214,3.7417299467780936],[101.10764017931189,3.7391499855222605],[101.10834984968017,3.7371395565310763],[101.10842979946705,3.7348102250479087],[101.10803993066332,3.733840044776116],[101.10618041897925,3.7328698645043232],[101.10489043593452,3.7326704371564574],[101.10354026819829,3.7326003699172929],[101.1021200320144,3.7338202808891197],[101.10139958485951,3.7348596317443707],[101.10107978450344,3.735439943212441],[101.10113997282019,3.7363400538281439],[101.10085969540438,3.7425599889461978],[101.10046982901753,3.7442398407946484],[101.10021021456129,3.7449504054018234],[101.09886004561662,3.7453303928662649],[101.09712001149353,3.7452001397271601],[101.09635015522531,3.7445497573946227],[101.09608964169655,3.7436999513395222],[101.09513024304505,3.7429300950713014],[101.0940998744565,3.7419500346686618],[101.09307040494053,3.7414900950004721],[101.09267963827261,3.7422096479164679],[101.09165016875664,3.7420102205686021],[101.09022993257281,3.7423300221331601],[101.08901002160098,3.7430998759844556],[101.08779010942067,3.7425797528331941],[101.08688011504881,3.7428303813973685],[101.08578955935195,3.7426399387330775],[101.0850197055006,3.7418602035424442],[101.08424984923238,3.7401102844547722],[101.0835401788641,3.7397204156510497],[101.08329044816406,3.738869711731752],[101.08289968149614,3.738099855463588],[101.08348987551193,3.7370596067441397],[101.08310988804749,3.7345398301798127],[101.08285027479968,3.7335696499080768],[101.08227984225408,3.7329201678565482],[101.08170043106708,3.7313597971942727],[101.08126025528583,3.7302602568138354],[101.08047961981418,3.7294796213421932],[101.08029007501403,3.7289603960550721],[101.07952021753744,3.7285103401429751],[101.07758974075,3.7284995609395537],[101.07577963576239,3.7295299283196641],[101.07500977949422,3.7302997845878281],[101.07429022778666,3.7312097765428689],[101.07436029744269,3.7321799568146616],[101.07422015933901,3.7330198815304811],[101.07461002814273,3.7339298759023336],[101.07485975884282,3.7350895997658426],[101.07517956040738,3.7356797925731939],[101.07595031453968,3.7365799056057654],[101.07562961631942,3.7372302855214343],[101.07633030200412,3.7382301110195613],[101.07703009103312,3.7397204156510497],[101.07761040250119,3.7405001532584947],[101.07857968249198,3.7406995806063605],[101.08075989360469,3.743750258316993],[101.08088026782139,3.7448497950721844],[101.08100962672165,3.7462098453561339],[101.08036014467012,3.7470497688635191],[101.07970976233759,3.74776033709594],[101.07945015029821,3.7492398613155729],[101.07809010001426,3.7522797598227271],[101.07770023362741,3.7524100165871346],[101.07607967102308,3.7549297895261589],[101.07536012173239,3.7580999435892863],[101.0759404332004,3.7590701250695133],[101.07678035670779,3.7590701250695133],[101.07761040250119,3.7597896743602064],[101.08167977052432,3.7587602048442363],[101.08205975678032,3.7578600954369676],[101.0850897739482,3.7574801079725262],[101.08818985835529,3.757039932191276],[101.08947984019164,3.7571701889556834],[101.09083000792788,3.7570498135306138],[101.09153967587929,3.7559502767754225],[101.09289972616324,3.7555002220717597],[101.09463976391163,3.7545399195140021],[101.09580038684771,3.7548597210785601],[101.0968999236029,3.7531798728552985],[101.09742004917103,3.7514398351069076],[101.09704006170659,3.7501399743481443],[101.09903970907749,3.7483999365997533],[101.10077974682588,3.7482795623830611],[101.10181011541442,3.7486101431510406],[101.10316028073379,3.7498399366706394],[101.10347020095907,3.7511299160901217],[101.10282970238268,3.7524899663740712],[101.10230957681455,3.7533298898814564],[101.10134029682376,3.7543602572615669],[101.09992005822306,3.7553897291944054],[101.09842975480001,3.7572699014211821],[101.09656036177665,3.7599495763509481],[101.09482032402821,3.7618198672384437],[101.09301021904059,3.7631098490747945],[101.09067998848485,3.7643899471549389],[101.08932982074862,3.7656799289912897],[101.08893995315333,3.7668504320582201],[101.08866955949367,3.7680101571301634],[101.08866955949367,3.769179764749822],[101.08917980251408,3.7705398150337714],[101.09257992459868,3.7761102656834282],[101.09372976833134,3.7784503775784515],[101.09371988699206,3.7801302270100905],[101.09346027374426,3.7812297637652819],[101.09269041747609,3.7822601323538265],[101.09106985728863,3.7829698003052386],[101.09004038777266,3.7825098642622947],[101.08779010942067,3.7810195596308063],[101.08452024168361,3.7777002851972838],[101.08362012865103,3.7760204333487764],[101.08202023021477,3.7725798868344214],[101.08126025528583,3.7706997133992104],[101.07914023128143,3.7682401275685038],[101.07804967800138,3.7675897476528348],[101.07585958554932,3.7666096848333268],[101.07276039658956,3.7659602027817982],[101.0705703041375,3.7656296220138188],[101.0684404000022,3.7651103967266977],[101.06683960128493,3.7636802792035269],[101.06600955790839,3.7621199049159486],[101.06543014430446,3.7603699858282766],[101.06569963889154,3.7574001581855896],[101.06499985348785,3.7549297895261589],[101.06377993889072,3.7536398101066766],[101.06145959209113,3.7527199356039773],[101.06004025377143,3.7531699915160175],[101.0590098875997,3.7547195829748716],[101.05868020469586,3.756470399926684],[101.05861013624826,3.7579499265631853],[101.05968991032483,3.7622303977933598],[101.05986957257727,3.7656601651042365],[101.05967014885471,3.7686398777115073],[101.05901976652217,3.7716097065626286],[101.05778997300257,3.7734799998669928],[101.05642992634392,3.7757500421059831],[101.05551993076364,3.7783300033617593],[101.05525043738498,3.7799496656850806],[101.05557023774111,3.7820202805762051],[101.05607958168895,3.7833201449602143],[101.05678026737365,3.7846101243796966],[101.06179017044224,3.7899398290128943],[101.06242977357135,3.7920697355650077],[101.06210009066751,3.7936301062272832],[101.06163027086842,3.7941403504561322],[101.0608397540575,3.7954402112148955],[101.06043012378359,3.7958803869960889],[101.0598399297678,3.7962603744605303],[101.05915990462586,3.7965298690476175],[101.05815020020532,3.7965496329346138],[101.05693028560819,3.7962199500307747],[101.05468988859553,3.7947700686206076],[101.0538104373141,3.7940801645561919],[101.05154039507511,3.7922997023780454],[101.04724015995794,3.788010246464296],[101.04428021123766,3.7859899385506992],[101.04247998879782,3.7858596817862917],[101.04042015190169,3.7856602544384259],[101.03757967832559,3.7855803058599236],[101.03520004107332,3.7850601790833593],[101.03359026008934,3.784080119889154],[101.03242963715326,3.7835599943210241],[101.03141004897657,3.7829096144053551],[101.03030961435724,3.7828404450302742],[101.02921995773295,3.7828404450302742],[101.02824977625272,3.78334978776968],[101.02765958344543,3.7841897124854995],[101.02708017104993,3.7857402042253057],[101.02726971343321,3.7871703217484765],[101.02777995766206,3.7877497365608406],[101.03118008216353,3.7921002786554823],[101.03239999434379,3.7940496214657742],[101.0323398048186,3.7962998998177113],[101.03117020082425,3.7997197857893639],[101.02958018131039,3.8025503780261829],[101.0277503148526,3.8047898771746986],[101.02641990737811,3.8058696524597622],[101.02517035359682,3.8062900655623935],[101.02333958685807,3.8062002332277416],[101.02160044697382,3.806110402101524],[101.01936005116954,3.8052596957654146],[101.0168797999624,3.8043398212626585],[101.01405998934587,3.8030004327298457],[101.01199027231888,3.8014903654197951],[101.01025023457049,3.8003998097228759],[101.00899977929976,3.7997296671286449],[101.00668033157274,3.7988798610735444],[101.00494029382435,3.7990496419866417],[101.00311042494974,3.7996200745322426],[101.00052956582977,3.8006998474004376],[100.99845984880284,3.8015200106460725],[100.99703961261895,3.8016897927676609],[100.99587988754701,3.8016799102199457],[100.99413984979861,3.8008399867125604],[100.99273039402664,3.8000000619967409],[100.99140987151668,3.7990002352901797],[100.98974978355523,3.7970796374252131],[100.98851010869635,3.795489620328226],[100.98788039053187,3.793889721891901],[100.9868500231517,3.7912199283014729],[100.98672964893507,3.7895903846388705],[100.98622030257036,3.7866600811449302],[100.9863002523573,3.7831395812183928],[100.986109809693,3.7809297285045886],[100.98606040299654,3.777799995245914],[100.98632001624429,3.7761102656834282],[100.98587984287997,3.7735698309932104],[100.98523036082844,3.772460412898738],[100.98406973789236,3.7713500933148794],[100.98252014280826,3.770500287259722],[100.97998958824888,3.7697097692403645],[100.97634961680353,3.7694501572010495],[100.97381995889992,3.7696900089786709],[100.97230989158982,3.7701104184559995],[100.97025005590217,3.7711398867635353],[100.96884958118846,3.7721100682437623],[100.96619955148503,3.7742399747959325],[100.96552042420723,3.7749199999378789],[100.96405976601045,3.7765702029348063],[100.96306982185166,3.7781602224486619],[100.96221013445728,3.7792804209549899],[100.96075037291621,3.7817804324238296],[100.95992032833124,3.7842499008022514],[100.95956998609313,3.7875404278736369],[100.95964005454073,3.7902704097808737],[100.96042967469594,3.7935699203273998],[100.96124983552477,3.7960699317962394],[100.96398969635442,3.7982303790220158],[100.96622021323623,3.7996595998894236],[100.97391967257386,3.803020196616842],[100.9775704256395,3.8052102890688957],[100.97955031154027,3.8077103005377921],[100.98046030712055,3.8102201921375354],[100.98061032414671,3.8134702959875995],[100.97960960078444,3.8168901819591952],[100.97701975939776,3.8206298694953489],[100.97419006502508,3.8236203613060979],[100.97128042328228,3.8255903658675265],[100.96845971238474,3.8269099905132862],[100.96603965191122,3.8280697167936637],[100.9645502463523,3.8284002975616431],[100.96388010375802,3.8286203818269655],[100.95796020510909,3.8294800704297813],[100.95069013993236,3.8299400076811594],[100.94419981236314,3.8311203945042962],[100.94138988187746,3.8334398458565602],[100.94001007012332,3.8369001538410998],[100.93976033942329,3.8400298858913402],[100.94157044441084,3.8484902180219933],[100.94601979989847,3.8600802797860752],[100.9466504147187,3.8635396923233429],[100.94655968572835,3.8654800540753058],[100.94575030531138,3.8675596536500052],[100.94447020481437,3.8692502822850656],[100.94237982603624,3.8701297335665004],[100.93925009640287,3.8706803998082364],[100.93676984761254,3.8705896708178784],[100.93317029938851,3.8697704078531956],[100.92812985322945,3.8681399651180186],[100.91257013469931,3.8623799672513996],[100.9068101356242,3.8599500254385362],[100.89193044465293,3.8553901782820503],[100.88513019806686,3.8542403345493881],[100.88023977014234,3.8545403698100245],[100.87387969933746,3.8558096898952385],[100.86947975054636,3.8557899260081854],[100.86395960324887,3.8552895643271086],[100.85851042226318,3.8543903515754891],[100.85035012901847,3.851859797016175]]]},"properties":{"Daerah":"SABAK BERNAM","Negeri":"SELANGOR","Nam":"Sabak Bernam"}},{"type":"Feature","geometry":{"type":"Polygon","coordinates":[[[101.49441967422644,3.2305697285376596],[101.49534044780171,3.2293102897917834],[101.49639956254401,3.2276600843779875],[101.49804976554088,3.2248995617972014],[101.50210026995802,3.2218803250411838],[101.50339025179437,3.2204196644275953],[101.50457962088421,3.220199575328536],[101.50577976917742,3.2207098195573849],[101.5074200920435,3.2224597386450569],[101.50826001675932,3.2228397261095552],[101.50964971226955,3.2231801857999471],[101.51104030201867,3.2230202862261308],[101.51144005337017,3.2229403364391942],[101.51245964033842,3.2222603125056253],[101.51329956505424,3.221629694060141],[101.51385023371284,3.2208598377919202],[101.51453025885479,3.2201501698405082],[101.51532975793242,3.2196399256116592],[101.5163403638424,3.219429719060372],[101.51757015736194,3.2189203763209662],[101.52031001819159,3.218250232518244],[101.52123977403363,3.2179600773884545],[101.52225037994361,3.2182601150659593],[101.52242016085677,3.2174498331596055],[101.5233903411285,3.2174597144988866],[101.52372990416325,3.2197504184890136],[101.52423026584432,3.2205499199835685],[101.52461025330882,3.2211499929217098],[101.52540975238645,3.221489558373321],[101.52743006392535,3.2215398617254891],[101.52865985744495,3.2214500305992715],[101.52937042567737,3.2208598377919202],[101.52970998750362,3.2199696085154983],[101.53009985630734,3.2184496598661099],[101.54865994677908,3.2186598652090197],[101.55298982712259,3.2259200466295965],[101.56161994258326,3.2302301642944826],[101.5637004400221,3.2254699919259338],[101.5652500314809,3.2233302064513509],[101.56993025406251,3.2174201903501398],[101.5734498537081,3.2136903853617014],[101.57671972144516,3.2100297497483439],[101.57755964616098,3.2088403818669349],[101.57778961539088,3.2083696629952669],[101.57881998277099,3.2077300622830194],[101.58139994402683,3.2070203943316073],[101.58368974894438,3.2061598090730854],[101.58633977864781,3.2048096413368512],[101.58768994638405,3.2038996469649419],[101.58899968969052,3.2033103532301652],[101.59101011868171,3.2028001090013731],[101.59311038000754,3.2020500166201487],[101.59488994190468,3.2013403462518681],[101.59655002986619,3.200980122674423],[101.59761992381192,3.2011400222482962],[101.60039032773199,3.2017095545128882],[101.60205041206819,3.201870353159336],[101.60312030601392,3.2017904033723994],[101.60480015786243,3.2009702401267077],[101.60647012474635,3.2004599995231615],[101.60797030950869,3.2002201477455401],[101.60955044768326,3.2004303542968842],[101.61117011000658,3.2010304296518939],[101.61275024576429,3.2023796971071761],[101.61472025274259,3.2043398227461921],[101.61563024469757,3.2052902391309317],[101.61855965032737,3.2080696277346306],[101.61997988651126,3.2089095524504501],[101.62171992425965,3.209109876454022],[101.62930978858407,3.209450336144414],[101.63073002355952,3.2093398432670597],[101.63140016977906,3.2091197577933031],[101.63209995518275,3.2093497246063407],[101.6323802301817,3.2100099858612907],[101.63302971102479,3.2116000065835806],[101.63348964827617,3.2123500989647482],[101.63422986173492,3.2129995810162768],[101.63549019834494,3.2137101492487545],[101.63566986180581,3.2142203898523007],[101.63557014813182,3.2162802279568155],[101.63580011494491,3.2166997407784379],[101.6364100728477,3.2169395889307566],[101.63719969300286,3.2165200773175684],[101.63794978538408,3.2160996654233713],[101.63836031593894,3.2161499724008422],[101.6384097226354,3.2171803385725184],[101.63896038887714,3.2181604013920264],[101.64012011394908,3.219519551394967],[101.64067976487439,3.2207403626478595],[101.64109029542931,3.221839899402994],[101.64103998845184,3.222819962222502],[101.64075971466133,3.2235700546036696],[101.64025037071349,3.2246004219838369],[101.63829024507447,3.2268803455621082],[101.63809980241018,3.2282799236200503],[101.63823005917459,3.2289401848750572],[101.6392101219941,3.2294998345919339],[101.63985960404563,3.2293596964882454],[101.64050998275286,3.229649851618035],[101.64073995077433,3.230629914437543],[101.64139033189838,3.2315201461308334],[101.64237039230107,3.2321301004083125],[101.64308006266936,3.2321301004083125],[101.64490005020468,3.2322298140822454],[101.64792018482484,3.2325199692120918],[101.64806032292853,3.2329897878027509],[101.64861009130607,3.2352795939287375],[101.65098972855833,3.2344899737735204],[101.65219975819087,3.2344001426473028],[101.65386972749161,3.2350100993416504],[101.65567983247922,3.2359003310349408],[101.65637961909135,3.2364698620910985],[101.65841969330887,3.2387201404430925],[101.66027022393467,3.2413899340335206],[101.66125028312888,3.2419998907278682],[101.66255014751295,3.2419100596016506],[101.66354008925487,3.2442699329668585],[101.66395960328492,3.2442798155145738],[101.66413028206222,3.2442501690798053],[101.66429018163603,3.2442798155145738],[101.66770018868522,3.2442896968538548],[101.66822031183648,3.2434596510604479],[101.66989028113727,3.2401601405139786],[101.67249988520251,3.2370798175770119],[101.67362996504818,3.2347397068904229],[101.67371979738283,3.2333401324577267],[101.67359044089943,3.2293201711310644],[101.67433963541646,3.2279601220555492],[101.67731036454859,3.2283095664295161],[101.68484004297306,3.228509890433088],[101.68865967908772,3.2290398973405559],[101.69302998144411,3.2292797467013088],[101.69479966200197,3.2288198094499307],[101.69742004889594,3.2290102521142217],[101.69807042760317,3.2284002954198741],[101.69854024619383,3.2277499155042051],[101.69869026684523,3.2240596370813819],[101.69942958002298,3.2233104425643546],[101.699990127604,3.2234496803870343],[101.70319980823274,3.2237398367252581],[101.70320968957208,3.2211697568087629],[101.70377023715309,3.2195303330153138],[101.70369028736616,3.2186697453398665],[101.70354027034006,3.2166296723307823],[101.70559022468842,3.2162200396400635],[101.70643014819581,3.2161697362878385],[101.70721976835102,3.2164500100783471],[101.70787014826669,3.2166395548785545],[101.70912958701257,3.2159002417008082],[101.70992010503193,3.2157097966196488],[101.71144993622897,3.2160897828756561],[101.71242999542324,3.2156298468327122],[101.7141996783979,3.2150198913467989],[101.71500007533973,3.2145599553038551],[101.71585976394255,3.2149902461204647],[101.71660985632371,3.2154995924851733],[101.71655955176311,3.2169800145689464],[101.71704015076563,3.2168596403522542],[101.717299762805,3.217120152672635],[101.71743990090869,3.2180301446276189],[101.71782977092084,3.2181199769622708],[101.71850979606285,3.2179196517502646],[101.71925000710473,3.2179403135014581],[101.71993003103825,3.218149622188605],[101.72003962363465,3.2201896939892549],[101.72029025461569,3.2207700054572683],[101.71995967384771,3.2217096438470207],[101.72039985083734,3.2225298070927124],[101.72099992256716,3.2234101562382875],[101.72160988046994,3.2236697682776594],[101.72185961116998,3.2244099793194891],[101.72233033004164,3.2245797602326434],[101.72325020333597,3.2251897181354252],[101.72538999001898,3.2274597591659813],[101.72608977783955,3.2278801722686126],[101.72698989087212,3.2281397843079844],[101.72764027078779,3.2287802828843155],[101.72821968439166,3.2296902772562248],[101.72894013154655,3.2304197090946332],[101.7294503757754,3.2308598848758834],[101.73011962050549,3.2315399063925838],[101.73048972663065,3.232270238512001],[101.73152997535004,3.2328999566765333],[101.73204021837046,3.2330203308931686],[101.73264029130866,3.2327202932156638],[101.73327001189006,3.2321804073857834],[101.73382966281537,3.231849826617804],[101.73464982364413,3.2317896407179205],[101.73766996068116,3.2322100501952491],[101.73827003361936,3.2320797958477101],[101.73918002799127,3.2320797958477101],[101.74204026303755,3.2327903616632625],[101.74494990598879,3.2301699771861649],[101.74572964359623,3.2285197717724259],[101.74508016154471,3.227810103820957],[101.74433006916354,3.227289978252827],[101.74415040570267,3.226629716997877],[101.74387013191216,3.2258095537522422],[101.74334012500475,3.2248097306709838],[101.74275981353674,3.2241000627195717],[101.7418498215817,3.2235197512515015],[101.74147971303967,3.2229798617963752],[101.74108984665281,3.2217599496161142],[101.74112038732636,3.2203100682058903],[101.74146983411725,3.2185098457660501],[101.74139976325273,3.2173698833726689],[101.74086975876219,3.2165200773175684],[101.74042958298099,3.215939765849555],[101.7418300576947,3.2160098330887195],[101.74248043640193,3.2157996277458665],[101.74355033034766,3.2147998034561738],[101.74545026766987,3.213110073893688],[101.7466504147547,3.2107798433379457],[101.74786044801255,3.2091700623539055],[101.74824043547699,3.2052902391309317],[101.74896986610702,3.2028001090013731],[101.75224961397493,3.2015002482426098],[101.75274009431678,3.2003504045099476],[101.7529997099814,3.1999102287287542],[101.75376956624962,3.1996802607072823],[101.75441006361757,3.1992598488130852],[101.75601984460155,3.1987999115617072],[101.75741043676754,3.197490169463606],[101.7581802906189,3.1965397518704322],[101.75808956162854,3.1950198032210437],[101.75812010471896,3.1944799137659174],[101.75828000429283,3.194060400944295],[101.75830964951911,3.193400139689345],[101.7583303112703,3.1921901076399308],[101.75860968719667,3.1916295600589137],[101.75962029068978,3.1908597037906929],[101.75962029068978,3.1905497835654728],[101.75928971233861,3.1897996911842483],[101.75921964147415,3.1891996182460502],[101.75939032387674,3.1886498474516429],[101.7598799063544,3.1879895861966929],[101.75993020970657,3.1874595817060936],[101.75977031134119,3.1864301121901235],[101.75952956169942,3.1860097002959265],[101.75897979332183,3.1851598930323917],[101.75883965521814,3.1845301760762936],[101.75796020514514,3.1844798690988227],[101.75796020514514,3.1839902866211673],[101.75805003747979,3.1825700504372776],[101.75767005001535,3.181059983127227],[101.75721999168638,3.179939784620899],[101.75690019374713,3.1784099534237953],[101.75441006361757,3.1775403834816416],[101.75345964602434,3.1766699168838386],[101.7529799460944,3.1759602489323697],[101.75182021981402,3.1760096556288318],[101.75171960948438,3.1749801861128617],[101.74564969380936,3.174949643022444],[101.74454027571488,3.1758201108286812],[101.74356021289537,3.1764201849753135],[101.74211033148521,3.1768998861136879],[101.74068021396204,3.1769699545613435],[101.73973967770814,3.1770301404612269],[101.73911983967446,3.1772295666007153],[101.73781009636798,3.1772699922388483],[101.73575026068033,3.177260109691133],[101.73475043397383,3.1771199715874445],[101.73422042948323,3.176800172439755],[101.73427971751903,3.1762099796324605],[101.73460041694767,3.1749801861128617],[101.73411981794516,3.1740504302708246],[101.73345955669021,3.173450354915758],[101.73306968788648,3.1729697571216775],[101.7333796044864,3.1725996509965171],[101.73357992849003,3.1714902329020447],[101.73417012250576,3.1713096691602232],[101.73538015455517,3.170900038886316],[101.73674020242225,3.1704302202956569],[101.73616977229352,3.1692803765629947],[101.73614012948406,3.1680299212922591],[101.73590027770643,3.1674002007109152],[101.73575026068033,3.1658497113879207],[101.73561012257665,3.1650798551197568],[101.73599010883265,3.1639497716488449],[101.73681027207834,3.1625097752032616],[101.73791969138125,3.1639003649523261],[101.73932016367809,3.1640503856037867],[101.74016996973319,3.1638698218619083],[101.74086975876219,3.163220341018814],[101.7414303063432,3.1624603660899311],[101.74221992649842,3.1623902976422755],[101.7431703440916,3.1624001801899908],[101.74350002457857,3.1623399906648046],[101.74424023803732,3.1622600420863023],[101.74481964922438,3.1620695994220114],[101.74591020492124,3.1619600044087974],[101.74660999274181,3.1619501242779506],[101.74697021631926,3.1617803409479279],[101.74767988427067,3.1617102725002724],[101.74822965506513,3.1615000671574194],[101.74858987864258,3.160929637028687],[101.74866982842946,3.1608901128799403],[101.74939027920965,3.1609502987798237],[101.75021043883004,3.1608398059024694],[101.75154982857123,3.1596899621698071],[101.75207983306183,3.1598597430829614],[101.75306977722062,3.1609898253454389],[101.75418997572694,3.1609502987798237],[101.75556978868951,3.1606897876679341],[101.75643037515647,3.1610796576800908],[101.75802039225346,3.1608999942192213],[101.75925018456462,3.1606502611023188],[101.75992032836729,3.160469699777309],[101.76184990970739,3.1612799816836628],[101.76238979674571,3.161449762596817],[101.76291980486155,3.1611497249192553],[101.76303029773896,3.1600995948605828],[101.76479997708839,3.1596998435090882],[101.76701971476672,3.1593503991351213],[101.76873998862811,3.1590503614575596],[101.76881993841505,3.1583299118858577],[101.76928975700571,3.1554400340301072],[101.7690597877758,3.1548004333178596],[101.76924034789238,3.153770064729315],[101.76936970679265,3.1529903283302474],[101.7696302166961,3.152599559245516],[101.77035964853457,3.1519896049680369],[101.77253986206421,3.1505496048971509],[101.77300968065487,3.1503798239839966],[101.7732396474679,3.1508801856651303],[101.77374989169675,3.1520201480584547],[101.77420982894813,3.1522501148714923],[101.77486020765537,3.1519204343845217],[101.77589955851062,3.1512098661521009],[101.77919997054659,3.1476597246245319],[101.78525012112618,3.154760008888104],[101.78905987710993,3.1602801549771584],[101.7928399890759,3.1575196336047497],[101.79571010546147,3.1552702519085187],[101.79928989100694,3.1521000978453912],[101.80061041351684,3.1513904274771107],[101.80163000411039,3.1513904274771107],[101.80358024478483,3.1500600224194386],[101.80397999492789,3.1505702666482875],[101.80480015575665,3.1515997361642576],[101.80611978040247,3.1522195717810746],[101.80806014215443,3.1529400213527765],[101.80968968702547,3.1528403088872778],[101.81142972356548,3.1523300646584289],[101.81193996537746,3.1532598229173345],[101.81275024607538,3.1553097772656997],[101.81325959002322,3.1570596963534285],[101.81294967342325,3.1583299118858577],[101.81232983418118,3.1607903992060074],[101.81120963567486,3.1618198687219774],[101.81140995967843,3.1631502725711584],[101.81048020504483,3.1662198163046469],[101.80883988097037,3.1697097707238981],[101.80730016722555,3.1728799247870256],[101.80433033716599,3.1788303653179923],[101.80626980105387,3.1802703629720099],[101.80421984428864,3.1845697002250404],[101.80411025169229,3.1856997800706495],[101.80441028695293,3.1870301851283216],[101.80634975084081,3.1902201030784454],[101.80828023004506,3.1930902206725023],[101.8091902220001,3.1947404260862413],[101.80989989236838,3.1976096433992893],[101.8108098855318,3.1989202869867768],[101.81141984222614,3.2008696297970687],[101.81183037278106,3.2026204467489379],[101.81335032143045,3.2037496287304066],[101.81375995170436,3.204779996110517],[101.81405998938186,3.2063098260991865],[101.81445974073335,3.2094898639184635],[101.81414982050808,3.2124695729004316],[101.81282031452304,3.2152399768205555],[101.81282031452304,3.2162595674140562],[101.81352998489132,3.2173896472597221],[101.81678008994976,3.2213997260386691],[101.81718971901523,3.2230400501131271],[101.81809971459558,3.2248896804579203],[101.81860995519912,3.2258095537522422],[101.81800000092164,3.2275603707040545],[101.8179901195823,3.2293004084524455],[101.81930974422812,3.2308401209888302],[101.81981998724854,3.2322801198512821],[101.8206401480773,3.2331999943540382],[101.82287964722588,3.234949913441767],[101.82368992913223,3.2360799932873761],[101.8238902531358,3.2371103606674865],[101.82532037065897,3.2397801530494803],[101.82592044601404,3.2415201907979281],[101.82663999530473,3.2425496591054639],[101.82795962115898,3.24398965917635],[101.82846986417934,3.244659801770581],[101.82959006268572,3.2461501064020695],[101.83120972500899,3.2490202227876921],[101.83202988825468,3.2507701418753641],[101.83131033654706,3.2518903403816921],[101.83162025556391,3.2525101772069434],[101.83293988020966,3.2528200962237293],[101.83284016774417,3.2535504283432033],[101.83284016774417,3.2536303781301399],[101.83247006161901,3.256450188746669],[101.83247006161901,3.2564699514252879],[101.8321700239415,3.2576602183792147],[101.83212959951175,3.257909951496174],[101.83261019972269,3.2587399936642214],[101.83300994865732,3.2590795566989641],[101.83360014146467,3.2595799183800409],[101.83381034801596,3.2596095636063751],[101.83469967821981,3.2598404307004216],[101.83505990542255,3.2601997576221606],[101.83556026710369,3.2608402549900575],[101.83596989737759,3.2615499253583948],[101.83627981639438,3.2621598796358739],[101.83732006511377,3.262169760975155],[101.83748984602693,3.2622003052740638],[101.83799020891649,3.2622802538525093],[101.83869987928477,3.2632297735815996],[101.83907986674922,3.2634300975851716],[101.83997997615654,3.2639097987235459],[101.84086032530206,3.2645601786392149],[101.84163018157028,3.2644101604046796],[101.84257970129931,3.2655096971598709],[101.84263988719925,3.2665301819922661],[101.8438499204571,3.267619839824988],[101.84420026148678,3.2679800634024332],[101.84485962487759,3.2692404000124498],[101.84520996711575,3.2705097213060412],[101.84535010521944,3.2708699448834864],[101.84565014289694,3.271659562621835],[101.845849567828,3.2721599243029118],[101.8460202490221,3.272270417180323],[101.84636969339613,3.2724896072068077],[101.84652959176151,3.2726099826318773],[101.84657989873898,3.2726504046447644],[101.84725992388098,3.2724797258674698],[101.84732999232858,3.2724698433197545],[101.8480998485968,3.2724500806411925],[101.84870980529115,3.2723000624066003],[101.84889036540773,3.2722497554291294],[101.85011027758799,3.2718500077029944],[101.85066992730486,3.2717898193861856],[101.85097984753014,3.2717601765767768],[101.85226982694957,3.2727195752282228],[101.85299027652133,3.2732001730223601],[101.85322024333436,3.2733600750130449],[101.85333972089529,3.2734499061392626],[101.85363975857285,3.2736699916130192],[101.85424971285033,3.2744497304289553],[101.85444015793149,3.2748099540063436],[101.85468000729225,3.2752698936745901],[101.85513994454362,3.2761601217425778],[101.85428025594081,3.2778202097040889],[101.85389038713703,3.2789296277985613],[101.85355980878592,3.279989640405006],[101.85354992744664,3.2812697409020188],[101.85288966619169,3.2828804185417653],[101.85200033236254,3.2842701116351236],[101.85094031975609,3.2853804312190391],[101.85016956562373,3.286099980509789],[101.84972040878426,3.2867099372041366],[101.84833969674912,3.2870396176911072],[101.84717997409405,3.2869803296553641],[101.84606965571857,3.2874196051555487],[101.84519020564557,3.2874196051555487],[101.84452006305133,3.2870297363518262],[101.84358042587002,3.2866901733170835],[101.84280966932079,3.2865796816481634],[101.84158975714053,3.2869102624161428],[101.8403698461687,3.2870198538041109],[101.83943020777895,3.2874600307937385],[101.83838007772022,3.2883502612785946],[101.83694007764933,3.2890698105692877],[101.83570040279051,3.2897695971814755],[101.83465027273178,3.2897597182590061],[101.83331986767416,3.2902097729626689],[101.83204964972481,3.2912599030213414],[101.83120972500899,3.2917000763857232],[101.83021978326707,3.2928103959696386],[101.82927026353804,3.2935299452603317],[101.82850040726981,3.2936997261734859],[101.82767036268484,3.2943096840762678],[101.8266696417395,3.2943096840762678],[101.82605968383672,3.2946896715407092],[101.82500955377799,3.2967504038840616],[101.82422981496211,3.298029606516991],[101.82355967236782,3.299139923684038],[101.82194989138384,3.300470327533219],[101.820069719157,3.3016902421303485],[101.81929986168041,3.302019922617319],[101.81862971908612,3.3027996614332551],[101.81718971901523,3.3044103390730015],[101.81635967684718,3.3051801953411655],[101.81519006922747,3.3065097025346972],[101.81429984115948,3.3078499889316504],[101.81342038987805,3.3087896261129686],[101.81257956729809,3.309679857806259],[101.81204956039068,3.3111000927816576],[101.81116022897839,3.312659566788227],[101.80955044920279,3.3147697094533441],[101.8082200417283,3.3155395669299992],[101.80783017534139,3.3161001145110163],[101.80761008745083,3.316649882888612],[101.80815985582836,3.3186001259798559],[101.80831975540224,3.3199296331733876],[101.80815985582836,3.3207102686450298],[101.80731993111254,3.3212097336704005],[101.80587993225015,3.3215996000573114],[101.80466990261755,3.3223703566064842],[101.80377967092426,3.3229803108839633],[101.80316971422991,3.3233198763355745],[101.80267025162141,3.3242002218558468],[101.80228038281763,3.3249799606717261],[101.80228038281763,3.3258198853875456],[101.80194980204965,3.3262600611687958],[101.8016102402234,3.3264298420818932],[101.80122037021124,3.3274799721406225],[101.80100028232062,3.3292604319019006],[101.80110987733383,3.3300401707178366],[101.8012697769077,3.3311702505634457],[101.80081972220404,3.3324395718570372],[101.80020976550969,3.3335597691549879],[101.8000399833881,3.3341697270577697],[101.79888025831616,3.3338903499229673],[101.79750044777052,3.3341598445099976],[101.79684018651551,3.3341598445099976],[101.79610985439609,3.3347096128875933],[101.79523040553153,3.3356600304808239],[101.79440035973812,3.3358801183713922],[101.79367991258329,3.3356501479330518],[101.79268008708516,3.3354300636677863],[101.79185004370862,3.3355899620331684],[101.7914601749049,3.3357597441547568],[101.79073972775001,3.3357597441547568],[101.78986027646863,3.3359798320453251],[101.78903023430053,3.3365897863228611],[101.78824959762045,3.3374800168077172],[101.78785972881673,3.3378096972946878],[101.78686978465788,3.3379201901720421],[101.78597955538146,3.3380297851853129],[101.78493032318693,3.3386397430880947],[101.78432036649258,3.3390799164524196],[101.78371041100667,3.3398003660241216],[101.78331964433875,3.3408603786305662],[101.78282018052181,3.342300377493018],[101.78247971720606,3.3433002017827107],[101.78220034127969,3.3449099827666942],[101.78230993629296,3.3458603991514906],[101.78259021008347,3.3467497329806406],[101.78281029797404,3.3473102805616577],[101.78291001164797,3.3483604106203302],[101.78319028543848,3.349699799153143],[101.78406973792835,3.3510903901106985],[101.78422963629379,3.3518099418182601],[101.78406973792835,3.3525402715208656],[101.78351008700304,3.35354009822737],[101.78306991122184,3.3542596475181199],[101.78261985651818,3.354869601795599],[101.78251026029653,3.3560401072793979],[101.78277975488362,3.3572097148990565],[101.78261985651818,3.3578196715934041],[101.78172962482489,3.3586497137615083],[101.78145024889852,3.3592003800032444],[101.78078998764357,3.3590898871258901],[101.78001024882764,3.3596504383322099],[101.77950988956337,3.360260392609689],[101.7784597595047,3.3602496134062108],[101.77757042567555,3.3602496134062108],[101.77674038350744,3.3602496134062108],[101.77591033771404,3.3608595701006152],[101.77541985858068,3.3610095871267163],[101.77445955964816,3.3617300379068524],[101.77285966000346,3.3627801679655818],[101.77140978221854,3.3645498473150042],[101.77035964853457,3.3655900960343956],[101.76940024988306,3.3660796785121079],[101.76738982089188,3.366720177088439],[101.76667026797588,3.3679203265901378],[101.76601988926865,3.3690504076441812],[101.76514043677878,3.3705802388412849],[101.76409030672011,3.3703403870636635],[101.76352975913903,3.3704203392674685],[101.76247962787193,3.371619589696536],[101.76128037865124,3.3731503175493458],[101.7600299233805,3.3719304065775191],[101.75931037408981,3.3715198760226031],[101.75826024282264,3.3715998258095397],[101.75658039218257,3.3718396739618584],[101.7555302621239,3.3712701453225691],[101.75393036247914,3.370539813203095],[101.75273021539437,3.370539813203095],[101.75136028256264,3.3712602627748538],[101.74999035093941,3.3727101417681524],[101.74895010222002,3.3731898429065268],[101.74838955463895,3.3735895930495872],[101.7475002208098,3.3744798247428776],[101.74653992308578,3.3748795724690694],[101.74549967436633,3.3748795724690694],[101.74396984316928,3.3749496433335366],[101.74260979530214,3.3747897413428518],[101.74025980085941,3.3739102924782856],[101.73940011346497,3.3756700904884269],[101.73904977122686,3.3763896434044227],[101.73874973354935,3.3775996730369684],[101.73803018425861,3.3784899035218245],[101.73713995256531,3.3787297528825775],[101.73642040327456,3.3787297528825775],[101.73530020235137,3.3791304020982125],[101.73456987385725,3.3796900518150892],[101.73401022293194,3.3796900518150892],[101.73336972556399,3.379530152241216],[101.73265017385643,3.378799821330233],[101.7322504249218,3.378799821330233],[101.73160004258926,3.3794403211149984],[101.73112034265932,3.3801697529534636],[101.73087959543437,3.3811300518859753],[101.73062986231747,3.3824200337222692],[101.73031006316978,3.3832303120033771],[101.72991031302678,3.3835501135679351],[101.72837958396553,3.3843496126455648],[101.72710038374947,3.3852299617911399],[101.72613020347774,3.3856395944818587],[101.72540975269754,3.3862001432713669],[101.72453030141611,3.3870795945527448],[101.72387992150044,3.3878099230469161],[101.7234002215705,3.388450421623304],[101.72251987242493,3.3886103236139888],[101.72146974115782,3.3887702219794278],[101.72075019186707,3.3890900235439858],[101.71988960660855,3.3893199915654577],[101.71922036066996,3.3888402904270265],[101.71810016216364,3.3885195909983281],[101.71794026379825,3.3881997930590728],[101.71795014272067,3.3870697132134637],[101.71763034357298,3.3859396297425519],[101.71738959513965,3.3852101979040867],[101.71690989400128,3.3848104501779517],[101.7163502442844,3.3846397689837886],[101.71578969549495,3.3843199698360991],[101.71530999556495,3.3836695875035616],[101.71483029442658,3.382870088425932],[101.71467039485276,3.3823796080841362],[101.71475034463964,3.3815001568027014],[101.71442964641938,3.3806898785215935],[101.71363014613331,3.3794798452637451],[101.71339029435569,3.378750414633771],[101.71315044620337,3.377780233153544],[101.71332022711653,3.3764103039471252],[101.71340017690341,3.3760096559399813],[101.71300042555197,3.3753601738884527],[101.71235992818401,3.375200271897711],[101.7118002772587,3.3747996238905671],[101.71134034121576,3.3741797870653158],[101.711099591574,3.3734602377746228],[101.71101964178706,3.3724900562943958],[101.71101964178706,3.3708802765188466],[101.7106998402225,3.3699900448255562],[101.71022014270943,3.3689399147668269],[101.70862024064786,3.3668396534409908],[101.70839027383482,3.3661102216025256],[101.70823037426095,3.3644195917590309],[101.70774977405,3.3637701097075023],[101.70711017333775,3.363610210133686],[101.70598009349214,3.363610210133686],[101.70533959612419,3.3632796293657066],[101.70454009342126,3.3624702477403048],[101.70358967703652,3.3614102363422944],[101.70310009455881,3.3606996681098735],[101.70255032618121,3.3591599579903573],[101.70239042660739,3.3580298745194455],[101.7020697271787,3.3568198448868998],[101.70182987902638,3.3557795961675083],[101.70166997703564,3.3540799840572504],[101.70191971015259,3.3529499042116413],[101.70191971015259,3.3520695550660662],[101.70144000901422,3.3518198219491637],[101.70071955944246,3.3515799725883539],[101.70000001015177,3.3515000228014742],[101.69910977845848,3.3511703398976351],[101.6985501287416,3.3507696906820001],[101.69681009099315,3.349169792245732],[101.69625044127628,3.3481196621870026],[101.69552999412144,3.3468296827675204],[101.69522007389617,3.3456996029219113],[101.69482032375311,3.3444096198771263],[101.69433972475059,3.3434403398863992],[101.6936201754599,3.3431196404577008],[101.69280989355349,3.3431097591184198],[101.69128994490416,3.3424701596146065],[101.69081024376572,3.3420596290596905],[101.69073029397885,3.3413400785605063],[101.69058027695269,3.341229585683152],[101.69024969618471,3.3410103956566672],[101.68945019469021,3.3406097476495233],[101.68840994597082,3.3405998651018081],[101.68761044689319,3.3398003660241216],[101.68720979767755,3.3392299358953892],[101.68728974746449,3.3385903339747642],[101.68761044689319,3.3380998536329116],[101.68777034525857,3.3375402027076007],[101.68777034525857,3.3370596049135202],[101.686889996113,3.3365700248526764],[101.6858497473936,3.3353599928032622],[101.68497029852904,3.3343098627445897],[101.68409983193118,3.3334501741417171],[101.68338027901518,3.3328797440129847],[101.68273978164723,3.3327198456475458],[101.68210018214342,3.332639895860666],[101.6815396309371,3.333440292802436],[101.68152974959781,3.335050076203288],[101.68113000066325,3.3364999551966434],[101.68096021975009,3.337869886819874],[101.68072036797247,3.3386801651009819],[101.67991996861383,3.3390799164524196],[101.679119571672,3.3390799164524196],[101.67847008962048,3.3395596163823598],[101.6781197449655,3.3395497350430787],[101.6779903884821,3.3386702861785125],[101.67759962181424,3.337869886819874],[101.6767902389804,3.337300354555282],[101.67574999026101,3.3368898240003659],[101.67535023890957,3.3365700248526764],[101.6751903393357,3.3357597441547568],[101.6747896913285,3.3349602438686929],[101.67367039068631,3.3339900635969002],[101.6731897916838,3.3334995832550476],[101.67286999011924,3.3325303008473952],[101.67279992288007,3.3312403214279698],[101.67208037358932,3.3302701399477428],[101.67159977458681,3.3297095899498572],[101.67127997423069,3.3291400601021337],[101.6714901795736,3.3278401957180677],[101.67039962387668,3.3288202585375757],[101.66927044189521,3.3299395591797634],[101.6683101429627,3.3304300395215591],[101.66662041219178,3.3309896904468701],[101.66571042023679,3.3313696767029342],[101.66554962038191,3.3306501274121842],[101.6649100208781,3.3302395968572682],[101.66427042137434,3.3297598969273281],[101.66378982237177,3.3297598969273281],[101.66322029010718,3.3299997450796468],[101.6627396923131,3.3304003942952818],[101.66178029124472,3.3304003942952818],[101.66089994209915,3.3303896150918035],[101.65921021132823,3.3309501650896891],[101.65800017927882,3.331760443370797],[101.65743963048936,3.3324799938699243],[101.65735968070243,3.3334501741417171],[101.65680003098555,3.334009825067028],[101.65590979929226,3.3341697270577697],[101.65478960199437,3.3345703750649136],[101.65349961894964,3.3355396562641317],[101.65246027171963,3.3359403042713325],[101.65125023846178,3.3361801560489539],[101.65084959045464,3.3358495752809745],[101.65020998974239,3.3346404435125692],[101.64974017115173,3.3337502118192788],[101.64892989287063,3.3331097144513251],[101.64822022250235,3.3322203806221751],[101.64725004102212,3.3311702505634457],[101.64636969187654,3.330200070291653],[101.64565014258585,3.329549690375984],[101.64444999429259,3.3287403087506391],[101.6438103923719,3.3277701284788463],[101.64341962570404,3.3261603474948629],[101.64285997477873,3.3251102174361336],[101.64222037527492,3.3241400359559066],[101.64165982648547,3.3235696070356084],[101.64118012655553,3.3221197256254413],[101.64078037520403,3.3215600747001304],[101.63997997584539,3.3217199742739467],[101.63900979799047,3.3219598260515681],[101.6381303455006,3.3226802732064584],[101.63708021544193,3.3233998261224542],[101.63619986629635,3.3239603737034713],[101.63548031700566,3.3242801752680293],[101.63443018573849,3.324520023420348],[101.6333099848153,3.3246799229942212],[101.63259043552461,3.3243601238465317],[101.63194993815665,3.3241903429333775],[101.63106958901108,3.3235498431486121],[101.62994040702961,3.3229003610970835],[101.62929990603635,3.3229003610970835],[101.6289801080971,3.3234600120223945],[101.62850040695872,3.3241903429333775],[101.62777995738696,3.3241795613130876],[101.62656992775442,3.3241795613130876],[101.62577042746835,3.3243403611679696],[101.62465022654516,3.3243403611679696],[101.62360009648648,3.3240097803999902],[101.62263979755397,3.3236899812523006],[101.62151959904764,3.3235202003391464],[101.62019009306255,3.3231303315354239],[101.61875009299166,3.3229704295446822],[101.61746999491152,3.3233701796877426],[101.61554041357141,3.3236800999129628],[101.61425043415193,3.3246502801847555],[101.61337008500635,3.3250500291193816],[101.61264963422622,3.3251299813231299],[101.61168035181856,3.3256896310400634],[101.61087995487674,3.3264100781948969],[101.61032030395143,3.3265699777687701],[101.60903032211513,3.3262501786210805],[101.60822992517336,3.3260004479209897],[101.60710972425017,3.3259195978531011],[101.60662014177245,3.3261396857436694],[101.60534004490074,3.3269598465724926],[101.60365031412977,3.3275203977788124],[101.60237021363275,3.327600347565749],[101.60069036540955,3.3274296651631516],[101.5991596363483,3.3278303143787866],[101.59747978570823,3.3278303143787866],[101.59539030358582,3.3277395853884286],[101.59419015650099,3.327659635601492],[101.59306007544694,3.327659635601492],[101.5922596760883,3.3283001329694457],[101.59233962587524,3.3299099139534292],[101.59256959631352,3.3313597953635963],[101.59208989517515,3.3316903761315757],[101.59192999560133,3.3324898752092622],[101.59184016447512,3.3339397566194293],[101.59194975707146,3.3345003042004464],[101.59081967722585,3.3360301353975501],[101.58994022473598,3.3374800168077172],[101.58952969780637,3.338530148074824],[101.58936979581568,3.3398102473634594],[101.58944974560256,3.3405396792018678],[101.59088974446502,3.3418296586213501],[101.59169014382371,3.3422401891762661],[101.59208989517515,3.3429696210147313],[101.59185004339753,3.3437700203733698],[101.59103976511648,3.3441697717248076],[101.59040016440423,3.3442497215117442],[101.5892000136941,3.3444096198771263],[101.58846968519993,3.3447303193058247],[101.58767018370543,3.3452100204442559],[101.58615023384766,3.3450501208703827],[101.58486025442818,3.3443997385378452],[101.5843796566341,3.3443997385378452],[101.5839799052826,3.3438302062732532],[101.58318040378811,3.3425402268537709],[101.58295043576663,3.3414900967950985],[101.5823000570594,3.3413301972212253],[101.58149965770076,3.3412502474343455],[101.58070015499783,3.3407597670924929],[101.579899758056,3.3401902348279009],[101.57942005812606,3.3397895868207002],[101.57845975919355,3.3397895868207002],[101.57708982636188,3.3401902348279009],[101.57653017664501,3.3403501344017172],[101.57604957885093,3.3399396038468012],[101.57525007856486,3.3396997544860483],[101.57439039117043,3.3396198022823],[101.57318035912101,3.3401004037016833],[101.57190026104087,3.3400896244982619],[101.57093996210835,3.3399297225075202],[101.56997966317584,3.339520092233613],[101.56909032934669,3.3403303705147209],[101.56933018112437,3.3414595537046239],[101.56917027913363,3.3421000534894461],[101.56804019928802,3.342339902850199],[101.56676010120782,3.3424998024240153],[101.56571985007156,3.3428196027801391],[101.56474967221664,3.3429804002181527],[101.5638702209352,3.3431403022088375],[101.56338962193269,3.3433002017827107],[101.56258024151578,3.3447500831928778],[101.56217959230014,3.3451498309190129],[101.56138009080564,3.3448201504320423],[101.55961041024779,3.3441697717248076],[101.55849020932459,3.3439299199471861],[101.55792966174357,3.3440098697341227],[101.5569702606752,3.3439999896032759],[101.55600008282028,3.3444096198771263],[101.55535958182708,3.3455298183835112],[101.55519968346164,3.3462601505029284],[101.5549499491363,3.3471396017843631],[101.55279039977472,3.3477001493653802],[101.55174026971599,3.3477800991523168],[101.54949987270334,3.3480199485130697],[101.54765024115011,3.3484996496514441],[101.54636026173063,3.3488095686682868],[101.54465974933942,3.3491302680969852],[101.54329970147234,3.3492901664623673],[101.54072962155584,3.3492802851230863],[101.53920967290645,3.3492802851230863],[101.53801042006046,3.3487898047812905],[101.53672044064098,3.3483801745073833],[101.53479984277601,3.3483801745073833],[101.53358981314346,3.3486999736550729],[101.53222976285952,3.3488598756457577],[101.53085983123628,3.3490098926718588],[101.52990043016791,3.3488499930980424],[101.52878023166159,3.3483604106203302],[101.52781993272907,3.3481196621870026],[101.52660990309653,3.3479498812738484],[101.52589035018053,3.3476300821262157],[101.52540975238645,3.3471396017843631],[101.52477015288264,3.3468198002198051],[101.52404970572775,3.3465799520674864],[101.52349005480244,3.3468997500067417],[101.52317025323794,3.3477001493653802],[101.52324032168553,3.3481097796392874],[101.5225198745307,3.3488302304194235],[101.52172037182777,3.3491500307755473],[101.5202695925534,3.3493898801363002],[101.51931019148509,3.3497896314877948],[101.51866969411714,3.3501902794949956],[101.51818011163948,3.3500303775042539],[101.51729976249391,3.3494599485839558],[101.51626041405547,3.3493000490100826],[101.51553996448376,3.3487296188813502],[101.51465961533819,3.348970368523112],[101.51401013328666,3.3494500660362405],[101.51320973392802,3.3505801495071523],[101.51256025187649,3.3521899292827015],[101.51191975450854,3.3527495802080125],[101.51088040365329,3.3529903262245284],[101.51038992331144,3.3529903262245284],[101.50959042423381,3.3529903262245284],[101.50910982281442,3.3520201459527357],[101.50839027352367,3.3512098676716278],[101.50742997459122,3.3507301665332534],[101.50630977608489,3.3508002337724747],[101.50544020614274,3.3510302042108151],[101.50470987764857,3.3510302042108151],[101.50404961276831,3.3516401584882942],[101.50371993228134,3.3523399475172937],[101.50310997558699,3.3531403468759322],[101.50203020271886,3.3530496178855742],[101.50082016946101,3.3544896143311576],[101.50007007707984,3.3555801700280199],[101.49974039659287,3.3572195962383375],[101.49936040912843,3.3583999830614744],[101.49884028356024,3.360520004649004],[101.49850970520913,3.3612296750172845],[101.49742992992412,3.3625403161879603],[101.49597016596624,3.3641402146242285],[101.49512035991114,3.3652199911176695],[101.49536021168876,3.3656996910476096],[101.49562970627579,3.3665000916147392],[101.49498022422426,3.367529559922275],[101.49399028006547,3.3684700961761678],[101.49225024352552,3.368990218118995],[101.49008979629974,3.3693603266610239],[101.48910973348023,3.3692597127060822],[101.48808026396426,3.3686901840667929],[101.48699959081512,3.3684997389856335],[101.48502958625369,3.3691501201097367],[101.48451036096657,3.3695804121347805],[101.48441962955934,3.3700502307254396],[101.4840396420949,3.3700897584994891],[101.48310988625286,3.36961993990883],[101.4822600801977,3.3697600755956501],[101.48217024907149,3.3702298941863091],[101.48234991132392,3.3707500197544391],[101.4822600801977,3.3711300072188806],[101.48168965006897,3.3716402502392953],[101.48121983147831,3.3716402502392953],[101.48098986224841,3.3724002251681782],[101.48075001288765,3.3726796010945463],[101.48023976865881,3.3729095691160182],[101.48019036196234,3.3731898429065268],[101.48037002542321,3.3737602718268818],[101.4805101635269,3.3741896684046537],[101.48079043731741,3.3746603848594532],[101.4812602571165,3.375270342762235],[101.48144980191665,3.3756503302266765],[101.48129978126525,3.3765899674079947],[101.4811102364651,3.3775296045893128],[101.4811102364651,3.3782401704049221],[101.4810599319045,3.3789498407732026],[101.48059011331384,3.3797897654890221],[101.48028019429699,3.3810797449085044],[101.48028019429699,3.3818801442671429],[101.47994961352902,3.3826302366483105],[101.47952021936811,3.3833803326547809],[101.4792399455776,3.3841403075836638],[101.47891026267376,3.38451041250039],[101.47853027520927,3.3852200804518588],[101.47839013952245,3.3856898990425179],[101.47819969685816,3.386110310936715],[101.47819969685816,3.3871496617919661],[101.47787001395432,3.387860230024387],[101.47711992036471,3.387899755381568],[101.47627011430961,3.3878503486851059],[101.47505020333779,3.3878503486851059],[101.47383029115747,3.3881701478327955],[101.47308019635943,3.3886004410662736],[101.47195011651382,3.3897197417084612],[101.47158001038866,3.3909001285315412],[101.47142999336256,3.3921299220511401],[101.47100958025993,3.3933004251180705],[101.47035021686912,3.3943900829507925],[101.46977978794877,3.3955596893620168],[101.46936027512714,3.3958902677131846],[101.46855987576851,3.3955596893620168],[101.46800022605163,3.3954195512583283],[101.46733996479668,3.3958399643609596],[101.46653956422961,3.3966403613027865],[101.4658802008388,3.3974802872270402],[101.46569964072222,3.3975799984841046],[101.46536995660995,3.3972503179971341],[101.464709695355,3.3964903430681943],[101.46382036515115,3.3962495946348668],[101.46339995325695,3.3965801754028462],[101.46354009136058,3.3971497064590608],[101.46433959043827,3.3980004103783017],[101.46432970909899,3.3987001994073012],[101.46414016429878,3.3994098673587132],[101.46377005817368,3.3996497191363346],[101.46269028530548,3.3994996984849308],[101.46180005361219,3.3992203225585627],[101.46142006614775,3.3993595627981108],[101.46064032854025,3.4000997738399974],[101.45970967483407,3.4015999598107669],[101.45914014256948,3.4022395593145802],[101.45842957433706,3.4023096301790474],[101.45786992462018,3.4017302165751744],[101.45723032390794,3.4010196483427535],[101.45616042996221,3.4002300306044049],[101.4550303501166,3.3999398742661242],[101.45410957654127,3.3999398742661242],[101.45290044356443,3.4004402371556921],[101.45203985830591,3.4007196106651918],[101.44892001001182,3.3992104400108474],[101.44793006585297,3.3985699426428937],[101.44764979206246,3.397350031671067],[101.44544981706269,3.397350031671067],[101.44544981706269,3.3707203745281049],[101.44566990495332,3.3634296500171104],[101.44503030544951,3.3624298233105492],[101.44526027226254,3.355790376579364],[101.44802977952696,3.3557301906794237],[101.44757972361487,3.3410903454436038],[101.44732011157549,3.3324503510605155],[101.43173973129421,3.3048199717637772],[101.432729675453,3.3040402341562753],[101.43359026192002,3.3036800105788302],[101.43415979297617,3.3036898895012428],[101.43500959903128,3.3043995598695801],[101.43564021505995,3.3047597834469684],[101.43627981577214,3.3044804075206002],[101.43664004176645,3.3034096157107342],[101.43727964127027,3.302339724181877],[101.43855974176728,3.3019803984686291],[101.43920023913523,3.3016300538135965],[101.43921012168295,3.3008404360752479],[101.43998985929045,3.2996995734009147],[101.44296956948085,3.2997804234688033],[101.44383015473943,3.2992198734709177],[101.46380958594767,3.2997103538127703],[101.46359039471281,3.2750102780099724],[101.49385014437865,3.2750902302137206],[101.49414030071688,3.2538298042695715],[101.49418970741334,3.2438396385249462],[101.49425977465256,3.2438396385249462],[101.49441967422644,3.2305697285376596]]]},"properties":{"Daerah":"GOMBAK","Negeri":"SELANGOR","Nam":"Gombak"}},{"type":"Feature","geometry":{"type":"Polygon","coordinates":[[[101.46569964072222,3.3975799984841046],[101.4658802008388,3.3974802872270402],[101.46653956422961,3.3966403613027865],[101.46733996479668,3.3958399643609596],[101.46800022605163,3.3954195512583283],[101.46855987576851,3.3955596893620168],[101.46936027512714,3.3958902677131846],[101.46977978794877,3.3955596893620168],[101.47035021686912,3.3943900829507925],[101.47100958025993,3.3933004251180705],[101.47142999336256,3.3921299220511401],[101.47158001038866,3.3909001285315412],[101.47195011651382,3.3897197417084612],[101.47308019635943,3.3886004410662736],[101.47383029115747,3.3881701478327955],[101.47505020333779,3.3878503486851059],[101.47627011430961,3.3878503486851059],[101.47711992036471,3.387899755381568],[101.47787001395432,3.387860230024387],[101.47819969685816,3.3871496617919661],[101.47819969685816,3.386110310936715],[101.47839013952245,3.3856898990425179],[101.47853027520927,3.3852200804518588],[101.47891026267376,3.38451041250039],[101.4792399455776,3.3841403075836638],[101.47952021936811,3.3833803326547809],[101.47994961352902,3.3826302366483105],[101.48028019429699,3.3818801442671429],[101.48028019429699,3.3810797449085044],[101.48059011331384,3.3797897654890221],[101.4810599319045,3.3789498407732026],[101.4811102364651,3.3782401704049221],[101.4811102364651,3.3775296045893128],[101.48129978126525,3.3765899674079947],[101.48144980191665,3.3756503302266765],[101.4812602571165,3.375270342762235],[101.48079043731741,3.3746603848594532],[101.4805101635269,3.3741896684046537],[101.48037002542321,3.3737602718268818],[101.48019036196234,3.3731898429065268],[101.48023976865881,3.3729095691160182],[101.48075001288765,3.3726796010945463],[101.48098986224841,3.3724002251681782],[101.48121983147831,3.3716402502392953],[101.48168965006897,3.3716402502392953],[101.4822600801977,3.3711300072188806],[101.48234991132392,3.3707500197544391],[101.48217024907149,3.3702298941863091],[101.4822600801977,3.3697600755956501],[101.48310988625286,3.36961993990883],[101.4840396420949,3.3700897584994891],[101.48441962955934,3.3700502307254396],[101.48451036096657,3.3695804121347805],[101.48502958625369,3.3691501201097367],[101.48699959081512,3.3684997389856335],[101.48808026396426,3.3686901840667929],[101.48910973348023,3.3692597127060822],[101.49008979629974,3.3693603266610239],[101.49225024352552,3.368990218118995],[101.49399028006547,3.3684700961761678],[101.49498022422426,3.367529559922275],[101.49562970627579,3.3665000916147392],[101.49536021168876,3.3656996910476096],[101.49512035991114,3.3652199911176695],[101.49597016596624,3.3641402146242285],[101.49742992992412,3.3625403161879603],[101.49850970520913,3.3612296750172845],[101.49884028356024,3.360520004649004],[101.49936040912843,3.3583999830614744],[101.49974039659287,3.3572195962383375],[101.50007007707984,3.3555801700280199],[101.50082016946101,3.3544896143311576],[101.50203020271886,3.3530496178855742],[101.50310997558699,3.3531403468759322],[101.50371993228134,3.3523399475172937],[101.50404961276831,3.3516401584882942],[101.50470987764857,3.3510302042108151],[101.50544020614274,3.3510302042108151],[101.50630977608489,3.3508002337724747],[101.50742997459122,3.3507301665332534],[101.50839027352367,3.3512098676716278],[101.50910982281442,3.3520201459527357],[101.50959042423381,3.3529903262245284],[101.51038992331144,3.3529903262245284],[101.51088040365329,3.3529903262245284],[101.51191975450854,3.3527495802080125],[101.51256025187649,3.3521899292827015],[101.51320973392802,3.3505801495071523],[101.51401013328666,3.3494500660362405],[101.51465961533819,3.348970368523112],[101.51553996448376,3.3487296188813502],[101.51626041405547,3.3493000490100826],[101.51729976249391,3.3494599485839558],[101.51818011163948,3.3500303775042539],[101.51866969411714,3.3501902794949956],[101.51931019148509,3.3497896314877948],[101.5202695925534,3.3493898801363002],[101.52172037182777,3.3491500307755473],[101.5225198745307,3.3488302304194235],[101.52324032168553,3.3481097796392874],[101.52317025323794,3.3477001493653802],[101.52349005480244,3.3468997500067417],[101.52404970572775,3.3465799520674864],[101.52477015288264,3.3468198002198051],[101.52540975238645,3.3471396017843631],[101.52589035018053,3.3476300821262157],[101.52660990309653,3.3479498812738484],[101.52781993272907,3.3481196621870026],[101.52878023166159,3.3483604106203302],[101.52990043016791,3.3488499930980424],[101.53085983123628,3.3490098926718588],[101.53222976285952,3.3488598756457577],[101.53358981314346,3.3486999736550729],[101.53479984277601,3.3483801745073833],[101.53672044064098,3.3483801745073833],[101.53801042006046,3.3487898047812905],[101.53920967290645,3.3492802851230863],[101.54072962155584,3.3492802851230863],[101.54329970147234,3.3492901664623673],[101.54465974933942,3.3491302680969852],[101.54636026173063,3.3488095686682868],[101.54765024115011,3.3484996496514441],[101.54949987270334,3.3480199485130697],[101.55174026971599,3.3477800991523168],[101.55279039977472,3.3477001493653802],[101.5549499491363,3.3471396017843631],[101.55519968346164,3.3462601505029284],[101.55535958182708,3.3455298183835112],[101.55600008282028,3.3444096198771263],[101.5569702606752,3.3439999896032759],[101.55792966174357,3.3440098697341227],[101.55849020932459,3.3439299199471861],[101.55961041024779,3.3441697717248076],[101.56138009080564,3.3448201504320423],[101.56217959230014,3.3451498309190129],[101.56258024151578,3.3447500831928778],[101.56338962193269,3.3433002017827107],[101.5638702209352,3.3431403022088375],[101.56474967221664,3.3429804002181527],[101.56571985007156,3.3428196027801391],[101.56676010120782,3.3424998024240153],[101.56804019928802,3.342339902850199],[101.56917027913363,3.3421000534894461],[101.56933018112437,3.3414595537046239],[101.56909032934669,3.3403303705147209],[101.56997966317584,3.339520092233613],[101.57093996210835,3.3399297225075202],[101.57190026104087,3.3400896244982619],[101.57318035912101,3.3401004037016833],[101.57439039117043,3.3396198022823],[101.57525007856486,3.3396997544860483],[101.57604957885093,3.3399396038468012],[101.57653017664501,3.3403501344017172],[101.57708982636188,3.3401902348279009],[101.57845975919355,3.3397895868207002],[101.57942005812606,3.3397895868207002],[101.579899758056,3.3401902348279009],[101.58070015499783,3.3407597670924929],[101.58149965770076,3.3412502474343455],[101.5823000570594,3.3413301972212253],[101.58295043576663,3.3414900967950985],[101.58318040378811,3.3425402268537709],[101.5839799052826,3.3438302062732532],[101.5843796566341,3.3443997385378452],[101.58486025442818,3.3443997385378452],[101.58615023384766,3.3450501208703827],[101.58767018370543,3.3452100204442559],[101.58846968519993,3.3447303193058247],[101.5892000136941,3.3444096198771263],[101.59040016440423,3.3442497215117442],[101.59103976511648,3.3441697717248076],[101.59185004339753,3.3437700203733698],[101.59208989517515,3.3429696210147313],[101.59169014382371,3.3422401891762661],[101.59088974446502,3.3418296586213501],[101.58944974560256,3.3405396792018678],[101.58936979581568,3.3398102473634594],[101.58952969780637,3.338530148074824],[101.58994022473598,3.3374800168077172],[101.59081967722585,3.3360301353975501],[101.59194975707146,3.3345003042004464],[101.59184016447512,3.3339397566194293],[101.59192999560133,3.3324898752092622],[101.59208989517515,3.3316903761315757],[101.59256959631352,3.3313597953635963],[101.59233962587524,3.3299099139534292],[101.5922596760883,3.3283001329694457],[101.59306007544694,3.327659635601492],[101.59419015650099,3.327659635601492],[101.59539030358582,3.3277395853884286],[101.59747978570823,3.3278303143787866],[101.5991596363483,3.3278303143787866],[101.60069036540955,3.3274296651631516],[101.60237021363275,3.327600347565749],[101.60365031412977,3.3275203977788124],[101.60534004490074,3.3269598465724926],[101.60662014177245,3.3261396857436694],[101.60710972425017,3.3259195978531011],[101.60822992517336,3.3260004479209897],[101.60903032211513,3.3262501786210805],[101.61032030395143,3.3265699777687701],[101.61087995487674,3.3264100781948969],[101.61168035181856,3.3256896310400634],[101.61264963422622,3.3251299813231299],[101.61337008500635,3.3250500291193816],[101.61425043415193,3.3246502801847555],[101.61554041357141,3.3236800999129628],[101.61746999491152,3.3233701796877426],[101.61875009299166,3.3229704295446822],[101.62019009306255,3.3231303315354239],[101.62151959904764,3.3235202003391464],[101.62263979755397,3.3236899812523006],[101.62360009648648,3.3240097803999902],[101.62465022654516,3.3243403611679696],[101.62577042746835,3.3243403611679696],[101.62656992775442,3.3241795613130876],[101.62777995738696,3.3241795613130876],[101.62850040695872,3.3241903429333775],[101.6289801080971,3.3234600120223945],[101.62929990603635,3.3229003610970835],[101.62994040702961,3.3229003610970835],[101.63106958901108,3.3235498431486121],[101.63194993815665,3.3241903429333775],[101.63259043552461,3.3243601238465317],[101.6333099848153,3.3246799229942212],[101.63443018573849,3.324520023420348],[101.63548031700566,3.3242801752680293],[101.63619986629635,3.3239603737034713],[101.63708021544193,3.3233998261224542],[101.6381303455006,3.3226802732064584],[101.63900979799047,3.3219598260515681],[101.63997997584539,3.3217199742739467],[101.64078037520403,3.3215600747001304],[101.64118012655553,3.3221197256254413],[101.64165982648547,3.3235696070356084],[101.64222037527492,3.3241400359559066],[101.64285997477873,3.3251102174361336],[101.64341962570404,3.3261603474948629],[101.6438103923719,3.3277701284788463],[101.64444999429259,3.3287403087506391],[101.64565014258585,3.329549690375984],[101.64636969187654,3.330200070291653],[101.64725004102212,3.3311702505634457],[101.64822022250235,3.3322203806221751],[101.64892989287063,3.3331097144513251],[101.64974017115173,3.3337502118192788],[101.65020998974239,3.3346404435125692],[101.65084959045464,3.3358495752809745],[101.65125023846178,3.3361801560489539],[101.65246027171963,3.3359403042713325],[101.65349961894964,3.3355396562641317],[101.65478960199437,3.3345703750649136],[101.65590979929226,3.3341697270577697],[101.65680003098555,3.334009825067028],[101.65735968070243,3.3334501741417171],[101.65743963048936,3.3324799938699243],[101.65800017927882,3.331760443370797],[101.65921021132823,3.3309501650896891],[101.66089994209915,3.3303896150918035],[101.66178029124472,3.3304003942952818],[101.6627396923131,3.3304003942952818],[101.66322029010718,3.3299997450796468],[101.66378982237177,3.3297598969273281],[101.66427042137434,3.3297598969273281],[101.6649100208781,3.3302395968572682],[101.66554962038191,3.3306501274121842],[101.66571042023679,3.3313696767029342],[101.66662041219178,3.3309896904468701],[101.6683101429627,3.3304300395215591],[101.66927044189521,3.3299395591797634],[101.67039962387668,3.3288202585375757],[101.6714901795736,3.3278401957180677],[101.67127997423069,3.3291400601021337],[101.67159977458681,3.3297095899498572],[101.67208037358932,3.3302701399477428],[101.67279992288007,3.3312403214279698],[101.67286999011924,3.3325303008473952],[101.6731897916838,3.3334995832550476],[101.67367039068631,3.3339900635969002],[101.6747896913285,3.3349602438686929],[101.6751903393357,3.3357597441547568],[101.67535023890957,3.3365700248526764],[101.67574999026101,3.3368898240003659],[101.6767902389804,3.337300354555282],[101.67759962181424,3.337869886819874],[101.6779903884821,3.3386702861785125],[101.6781197449655,3.3395497350430787],[101.67847008962048,3.3395596163823598],[101.679119571672,3.3390799164524196],[101.67991996861383,3.3390799164524196],[101.68072036797247,3.3386801651009819],[101.68096021975009,3.337869886819874],[101.68113000066325,3.3364999551966434],[101.68152974959781,3.335050076203288],[101.6815396309371,3.333440292802436],[101.68210018214342,3.332639895860666],[101.68273978164723,3.3327198456475458],[101.68338027901518,3.3328797440129847],[101.68409983193118,3.3334501741417171],[101.68497029852904,3.3343098627445897],[101.6858497473936,3.3353599928032622],[101.686889996113,3.3365700248526764],[101.68777034525857,3.3370596049135202],[101.68777034525857,3.3375402027076007],[101.68761044689319,3.3380998536329116],[101.68728974746449,3.3385903339747642],[101.68720979767755,3.3392299358953892],[101.68761044689319,3.3398003660241216],[101.68840994597082,3.3405998651018081],[101.68945019469021,3.3406097476495233],[101.69024969618471,3.3410103956566672],[101.69058027695269,3.341229585683152],[101.69073029397885,3.3413400785605063],[101.69081024376572,3.3420596290596905],[101.69128994490416,3.3424701596146065],[101.69280989355349,3.3431097591184198],[101.6936201754599,3.3431196404577008],[101.69433972475059,3.3434403398863992],[101.69482032375311,3.3444096198771263],[101.69522007389617,3.3456996029219113],[101.69552999412144,3.3468296827675204],[101.69625044127628,3.3481196621870026],[101.69681009099315,3.349169792245732],[101.6985501287416,3.3507696906820001],[101.69910977845848,3.3511703398976351],[101.70000001015177,3.3515000228014742],[101.70071955944246,3.3515799725883539],[101.70144000901422,3.3518198219491637],[101.70191971015259,3.3520695550660662],[101.70191971015259,3.3529499042116413],[101.70166997703564,3.3540799840572504],[101.70182987902638,3.3557795961675083],[101.7020697271787,3.3568198448868998],[101.70239042660739,3.3580298745194455],[101.70255032618121,3.3591599579903573],[101.70310009455881,3.3606996681098735],[101.70358967703652,3.3614102363422944],[101.70454009342126,3.3624702477403048],[101.70533959612419,3.3632796293657066],[101.70598009349214,3.363610210133686],[101.70711017333775,3.363610210133686],[101.70774977405,3.3637701097075023],[101.70823037426095,3.3644195917590309],[101.70839027383482,3.3661102216025256],[101.70862024064786,3.3668396534409908],[101.71022014270943,3.3689399147668269],[101.7106998402225,3.3699900448255562],[101.71101964178706,3.3708802765188466],[101.71101964178706,3.3724900562943958],[101.711099591574,3.3734602377746228],[101.71134034121576,3.3741797870653158],[101.7118002772587,3.3747996238905671],[101.71235992818401,3.375200271897711],[101.71300042555197,3.3753601738884527],[101.71340017690341,3.3760096559399813],[101.71332022711653,3.3764103039471252],[101.71315044620337,3.377780233153544],[101.71339029435569,3.378750414633771],[101.71363014613331,3.3794798452637451],[101.71442964641938,3.3806898785215935],[101.71475034463964,3.3815001568027014],[101.71467039485276,3.3823796080841362],[101.71483029442658,3.382870088425932],[101.71530999556495,3.3836695875035616],[101.71578969549495,3.3843199698360991],[101.7163502442844,3.3846397689837886],[101.71690989400128,3.3848104501779517],[101.71738959513965,3.3852101979040867],[101.71763034357298,3.3859396297425519],[101.71795014272067,3.3870697132134637],[101.71794026379825,3.3881997930590728],[101.71810016216364,3.3885195909983281],[101.71922036066996,3.3888402904270265],[101.71988960660855,3.3893199915654577],[101.72075019186707,3.3890900235439858],[101.72146974115782,3.3887702219794278],[101.72251987242493,3.3886103236139888],[101.7234002215705,3.388450421623304],[101.72387992150044,3.3878099230469161],[101.72453030141611,3.3870795945527448],[101.72540975269754,3.3862001432713669],[101.72613020347774,3.3856395944818587],[101.72710038374947,3.3852299617911399],[101.72837958396553,3.3843496126455648],[101.72991031302678,3.3835501135679351],[101.73031006316978,3.3832303120033771],[101.73062986231747,3.3824200337222692],[101.73087959543437,3.3811300518859753],[101.73112034265932,3.3801697529534636],[101.73160004258926,3.3794403211149984],[101.7322504249218,3.378799821330233],[101.73265017385643,3.378799821330233],[101.73336972556399,3.379530152241216],[101.73401022293194,3.3796900518150892],[101.73456987385725,3.3796900518150892],[101.73530020235137,3.3791304020982125],[101.73642040327456,3.3787297528825775],[101.73713995256531,3.3787297528825775],[101.73803018425861,3.3784899035218245],[101.73874973354935,3.3775996730369684],[101.73904977122686,3.3763896434044227],[101.73940011346497,3.3756700904884269],[101.74025980085941,3.3739102924782856],[101.74173034402071,3.3743899936166599],[101.74260979530214,3.3747897413428518],[101.74396984316928,3.3749496433335366],[101.74549967436633,3.3748795724690694],[101.74653992308578,3.3748795724690694],[101.7475002208098,3.3744798247428776],[101.74838955463895,3.3735895930495872],[101.74895010222002,3.3731898429065268],[101.74999035093941,3.3727101417681524],[101.75136028256264,3.3712602627748538],[101.75273021539437,3.370539813203095],[101.75393036247914,3.370539813203095],[101.7555302621239,3.3712701453225691],[101.75658039218257,3.3718396739618584],[101.75826024282264,3.3715998258095397],[101.75931037408981,3.3715198760226031],[101.7600299233805,3.3719304065775191],[101.76128037865124,3.3731503175493458],[101.76095967922254,3.3737997996008744],[101.76110969987394,3.3749298794465403],[101.76167024745496,3.376699560004397],[101.76254969631952,3.3771900403461927],[101.76350999525204,3.3787198715432964],[101.76439034439761,3.3800098533796472],[101.76510989731361,3.3811399332252563],[101.7658303444685,3.3817903131409253],[101.76599024645918,3.3830003451903394],[101.766629845963,3.3831602447641558],[101.76719039354401,3.3842103748228851],[101.76711044375708,3.3854204044554308],[101.76685981277603,3.3877596172778794],[101.76654001483678,3.3894502471213741],[101.76492035130502,3.3946101708414176],[101.76450982195854,3.396060048626282],[101.76474967011092,3.3974299814580036],[101.76563001925649,3.3984801115166761],[101.76667026797588,3.3986400110905493],[101.7674796520181,3.3977596619449741],[101.76812014938605,3.3977596619449741],[101.76867980031136,3.3984100430690773],[101.77116993044092,3.3997000224885028],[101.77532014732355,3.4022099165051145],[101.77674038350744,3.4040900899403823],[101.77739974689825,3.4063197089579944],[101.77861965907852,3.4074300261250414],[101.78049983130535,3.4082097637325433],[101.78170986093789,3.4088799075352085],[101.78237012460971,3.4104402818227868],[101.78281029797404,3.4122198437199245],[101.78391971727694,3.4135601289084434],[101.78579001058131,3.4154600662307075],[101.78789027190714,3.4171300331146313],[101.78998963536884,3.4186904074021527],[101.7917602125824,3.4201402888123198],[101.79374998103089,3.4230400480073513],[101.79374009848317,3.4238197868232874],[101.79274027540191,3.4256999590501209],[101.78996987148184,3.427810101715238],[101.78919013266591,3.4290300163123675],[101.78785972881673,3.4297001601150328],[101.78708987254851,3.4306999831962912],[101.78609004825887,3.4325801566315022],[101.78574958615155,3.4341396330549401],[101.78553039854199,3.4350298635397962],[101.78508034021303,3.4369199183142882],[101.78463028550937,3.438480290184998],[101.78506956100961,3.4398097961700387],[101.78506956100961,3.4410701327800552],[101.78351008700304,3.4440696092743792],[101.78107026143408,3.4473996641197573],[101.77950988956337,3.4513998615594232],[101.77917032532025,3.455850113702752],[101.77950000822409,3.4581902255977752],[101.77872026940821,3.4606300487498629],[101.7769299283076,3.4659696347223417],[101.77517012788059,3.4690903808805729],[101.77410023272643,3.4711798630029875],[101.77361963493234,3.4723898950524017],[101.77224970572598,3.4732702417811083],[101.77145020423143,3.4739098437017333],[101.77096960522891,3.475119873334279],[101.770160224812,3.4762499543883791],[101.76895019155415,3.4773800342339882],[101.76895019155415,3.4776198860116097],[101.7686303936149,3.4788299156441553],[101.76903014496634,3.479790214576667],[101.76926999311871,3.4806804450615232],[101.76861961441148,3.4822102762586269],[101.76805996348617,3.483340356104236],[101.76781023036921,3.4846303355237183],[101.76789018257301,3.4853498884397141],[101.76700983342744,3.4867997674330127],[101.76699995087972,3.4874501485571159],[101.76676010031053,3.4891398793280359],[101.76643041982356,3.4910802410800557],[101.76594982082099,3.4919596899446219],[101.76458977053704,3.4926001897294441],[101.7637004403332,3.492840039090197],[101.76353964047837,3.4930798908678184],[101.7637004403332,3.4936503209965508],[101.76402023948089,3.4951001999898494],[101.76360970892597,3.4966300299785189],[101.76384956070359,3.4972804123110564],[101.76425020871079,3.498490441943602],[101.76401035693317,3.5002601225014587],[101.76359982637825,3.5016300541246892],[101.76343992680444,3.5031598853217929],[101.76374984702966,3.5044498647412752],[101.76350999525204,3.5062303269194217],[101.76350999525204,3.5076002561258406],[101.76423044482374,3.5088102881752548],[101.76526979567905,3.5102601671685534],[101.76607019624612,3.5115501490048473],[101.76694964511069,3.5126901113982285],[101.76775004446932,3.5133297109020418],[101.77015034226429,3.5135003896792796],[101.77063004340266,3.5136602916700213],[101.77151039254824,3.5152000017895375],[101.77222994183893,3.5167298329866412],[101.77295039261912,3.5185902449517243],[101.7731102909845,3.5200401263618915],[101.77398974105751,3.5213301057813169],[101.77503987111623,3.5235103168940896],[101.77639003885247,3.5257803615499483],[101.77704042118495,3.5266598104145146],[101.77758030822326,3.5273200716694646],[101.77823967161407,3.5279803353412831],[101.77828997496624,3.5289100911833202],[101.77816960316648,3.5321799565035121],[101.77876967610467,3.5332803935397123],[101.77897988265596,3.5343197443949634],[101.77904007097271,3.5350797193239032],[101.77985034925382,3.5363499372732008],[101.78066961221845,3.5368404176149966],[101.78131999455098,3.5376695631273947],[101.78192006748918,3.5387098118467861],[101.78235036193109,3.5400797398447708],[101.78251026029653,3.541229583577433],[101.7831103356516,3.542160239700479],[101.78375981770313,3.5424899201874496],[101.78473988052264,3.5427701951863924],[101.78540014177759,3.5429399760994897],[101.78600021713265,3.5435903584320272],[101.78654010417091,3.5444698072965934],[101.78670000253635,3.5454597514553825],[101.78707999000079,3.5464496956142284],[101.78778966036907,3.5470003618559076],[101.78866012817537,3.5467200880653991],[101.78932038943032,3.5461200127103893],[101.79012977105566,3.5458002135626998],[101.79117001977511,3.5456897206852886],[101.79253006885062,3.5461900799495538],[101.79361972426648,3.5471701427690618],[101.79427010659901,3.5477801006718437],[101.79497977455048,3.5477801006718437],[101.79640000952588,3.5472896203300479],[101.79738007234539,3.5468503448298065],[101.79808974271367,3.5466904428391217],[101.79923958402946,3.5471899066560582],[101.80055022761695,3.5475698941205565],[101.80135960924235,3.5482301553755065],[101.80217977248799,3.5494401850080521],[101.80282026985594,3.5502899910631527],[101.80346975190747,3.5505702648536612],[101.80461959564008,3.5501300914893363],[101.80653031095738,3.5496503915593394],[101.80695970753516,3.5498102911332126],[101.80729028588627,3.5505801474013765],[101.80729028588627,3.5514595986828112],[101.80717979300886,3.5521099785984802],[101.80625003716688,3.5528196489667607],[101.80596976337631,3.5534197206965246],[101.8068402311826,3.5559996831607918],[101.80798019236755,3.5609404180627848],[101.8094902596776,3.5658703713444879],[101.81003014671592,3.5665800392959],[101.80965015925148,3.5676301693545724],[101.80948037833832,3.5684503326002641],[101.80965015925148,3.5690001009778598],[101.81046044115783,3.5708102059654721],[101.81062033952321,3.5718495568207231],[101.8102403532672,3.5726104296137464],[101.80986036580276,3.573269793004556],[101.80887042406084,3.5740297679334958],[101.80843024827959,3.5750700166528873],[101.80821016280584,3.5760599608116763],[101.80843024827959,3.5771002095311246],[101.8091902220001,3.5781602209290782],[101.80961961857787,3.5795903396606832],[101.80961961857787,3.580409602625366],[101.80956032812526,3.5822197076129783],[101.80956032812526,3.5837504354657312],[101.80960973723859,3.585070061319982],[101.8100400280552,3.585609949566674],[101.81130036466521,3.5864902999206834],[101.81222023916797,3.5872601561889041],[101.81232983418118,3.5877596175889721],[101.81244032705854,3.589399941663487],[101.81286972363637,3.5905497853960924],[101.81340961067463,3.5921999908098883],[101.81412017769861,3.5929096587613003],[101.81532032599188,3.5938501938067589],[101.81590962214352,3.5945598641750394],[101.81607041837304,3.5955498059170168],[101.81595992549569,3.5966403616138791],[101.81580002713025,3.5976303057726682],[101.81573983760507,3.599109829992301],[101.81589973959581,3.6008103399666993],[101.81643962663406,3.602919584767676],[101.81622043902445,3.6040703263644787],[101.8156697703659,3.6047799967327592],[101.81436002705942,3.6051599841972006],[101.81305028375289,3.6052695767935461],[101.8116399276999,3.605319883771017],[101.8108700738486,3.6055399716616421],[101.81032030184571,3.6062496396130541],[101.81003014671592,3.6073096522194987],[101.80998972470303,3.608550224942519],[101.81014962306841,3.6092598953107995],[101.81048020504483,3.6100899374789037],[101.81042989806735,3.6111795928947572],[101.80955044920279,3.6121704349176866],[101.80861979307974,3.6123797436048903],[101.80753013766389,3.6128702227382519],[101.80676028139567,3.6135295873375526],[101.80540023111172,3.6142895610580013],[101.80496993666981,3.6142895610580013],[101.80455042505662,3.6142796797187202],[101.80382009535401,3.6142302730222582],[101.802559758744,3.6140703710315165],[101.80163000411039,3.6144997676092885],[101.80071012719083,3.6152103334248977],[101.799889966362,3.6162002775836868],[101.79966987847138,3.6165299580706574],[101.79965999592366,3.6172899329995403],[101.79934019798441,3.6180597892677611],[101.79943990803304,3.6186095576453567],[101.79976959214531,3.6193803141945295],[101.79971030290113,3.6206900575010081],[101.79894044663297,3.622829842975591],[101.79817957504832,3.6241898932595404],[101.79784989093605,3.6252301419789887],[101.79779958758388,3.6262398463995282],[101.79775017847055,3.6271201955450465],[101.797039612655,3.6276699675479449],[101.79550978145789,3.6277696775965751],[101.79430963074776,3.6281002583645545],[101.79321997654034,3.6285898408422668],[101.79233962618633,3.6288602332934943],[101.79021960218188,3.6287497404160831],[101.78950993423047,3.6289599469674272],[101.78906975844927,3.6296202082223772],[101.78841039505846,3.6301699765999729],[101.78776001514279,3.6318597073708929],[101.78705034719133,3.6325199710427114],[101.78594991015518,3.6331200427724752],[101.78530042810365,3.6339402072266012],[101.78506956100961,3.6359704001047817],[101.78506956100961,3.637829911788856],[101.78621042005864,3.6405203659220433],[101.7862598303804,3.641280339642492],[101.7862598303804,3.6422199780322444],[101.78637032204938,3.6435899072386633],[101.78554027746441,3.644840363717833],[101.7854899729038,3.6459902050336268],[101.78580977205149,3.6471499313139475],[101.78652034028391,3.6485198629372348],[101.78634966150662,3.6495601116566263],[101.78586007902896,3.6501601870116929],[101.78433024783186,3.6520700044648038],[101.78351008700304,3.6526799599507171],[101.78208984840234,3.6527796724162158],[101.78012972638862,3.6530500648674433],[101.77942005843715,3.6539304140130184],[101.77925027389875,3.6549697648682695],[101.77754976513279,3.6571499759810422],[101.77557976057136,3.6598898368106916],[101.77471019062921,3.6616900616674002],[101.77407957218372,3.6619397935759253],[101.7731102909845,3.6623997296188691],[101.77131994988395,3.6634202180765669],[101.76969040622134,3.6648503355996809],[101.76896995544115,3.6654701712164979],[101.77055009361573,3.6681803892366815],[101.77177000579599,3.6702402249243278],[101.77247967253902,3.6716200366784619],[101.77212034682572,3.6724401999240968],[101.77130018599689,3.6729504429445115],[101.7701799850737,3.6739197241437296],[101.7694101312224,3.6755600482181876],[101.76883969988518,3.6777600220095223],[101.76889000565427,3.6795000597579701],[101.76934006156631,3.680840344946489],[101.76939036854378,3.682319869166065],[101.76857020529815,3.682730399720981],[101.76770961883113,3.6826800927435102],[101.76699006954044,3.6822695658138969],[101.76577015856856,3.6814997095457329],[101.76479997708839,3.681600319875372],[101.76443975351094,3.682109663823212],[101.76373008314266,3.6832801680985767],[101.76327014589128,3.6833295747950388],[101.76277966554943,3.6828696375436607],[101.76182026448112,3.6824097015007169],[101.76136032722974,3.6824600084781878],[101.76100010365229,3.6832199821986933],[101.76078989830944,3.6837401053499548],[101.76073959133197,3.6844003666049048],[101.76002004204122,3.6851702228731256],[101.75931037408981,3.6852196319864561],[101.75859980585739,3.6847004042824096],[101.75706997466028,3.6849097129696133],[101.75599019816684,3.6854702605506304],[101.75532993691183,3.686390137470255],[101.75511973156898,3.6872597049954834],[101.75486011832118,3.6884903987960911],[101.75414955371406,3.689459678786875],[101.75291975656921,3.6904801660360818],[101.75169984559739,3.6910901203136177],[101.75022032137775,3.6914000405388379],[101.74991040115248,3.6920099972331855],[101.74979990948356,3.6928795647584707],[101.74970019580962,3.6938003383338014],[101.74834014794249,3.6950696572105244],[101.74761969837078,3.695429883204838],[101.74623988782508,3.6963497577075373],[101.74537031788299,3.696649795385099],[101.74486007365414,3.6964000610597623],[101.74415040570267,3.6962401614858891],[101.74303020477947,3.6965401991634508],[101.74154978390419,3.6970504433922997],[101.74165039423383,3.6977699926829928],[101.74148959437895,3.6989000737370361],[101.74098025163954,3.6995100304313837],[101.74047000741069,3.7000696801482604],[101.74021039416294,3.7010003338544379],[101.74001007015937,3.7019597349228093],[101.73986005313321,3.7028796094255654],[101.73940011346497,3.7038497896973581],[101.73924021389115,3.7045702404774943],[101.73918990933055,3.7058997464625349],[101.73933992756508,3.7068798068652313],[101.73994988425943,3.707390049885646],[101.74147971303967,3.7081096028016418],[101.74189024359458,3.7085704379171602],[101.74204026303755,3.709449889198595],[101.74173034402071,3.710260167479646],[101.74100989444901,3.7105197807274521],[101.73948006566877,3.7106203910570912],[101.73872009073989,3.7110803307253377],[101.73768972215134,3.7118403056542206],[101.73625960341974,3.7123999553710973],[101.73514030277755,3.7127601801569767],[101.73463005975714,3.7123496496020607],[101.73350986125081,3.7115797921254057],[101.73274988632193,3.7116804036635358],[101.73228994907055,3.7121403409149138],[101.73152009280233,3.7122903603578834],[101.73115986922494,3.7131599302999803],[101.73077000042116,3.7130602166260473],[101.72994983717552,3.7129596062964083],[101.72933988289799,3.7127502976092615],[101.72821968439166,3.7117702347897534],[101.72766003467478,3.7110497876348632],[101.72714979044594,3.7106401549440875],[101.72592987826567,3.7100796073630704],[101.72470996729385,3.7092001560816357],[101.72369037670029,3.7084302986050375],[101.72266989186789,3.7083799952528693],[101.72099004364469,3.707959582150238],[101.72046991807656,3.7080098891277089],[101.7200198633729,3.7082200932621276],[101.71894008687946,3.7088803569339461],[101.71745966237887,3.709699619898629],[101.71638977084996,3.7096897385593479],[101.71511955290066,3.7094301253115418],[101.7143703571752,3.7096304493151706],[101.71298964634855,3.7105503238178699],[101.71248030240071,3.7113102987468096],[101.71202036635776,3.7123397670543454],[101.71171044613249,3.7124403785924187],[101.71141040845498,3.7118196439030839],[101.71068996130009,3.7103904242440535],[101.71002969762827,3.7100796073630704],[101.70956976037689,3.7095603820759493],[101.70895980609941,3.7087402188302576],[101.70830044270861,3.7087402188302576],[101.70737966792484,3.7092998685471912],[101.70590014370521,3.7100203193273273],[101.70380976492709,3.710570087704923],[101.70233023829064,3.7110300237478668],[101.70145977048435,3.7110300237478668],[101.70080040709354,3.7104595948275119],[101.70018955495192,3.7105602051572077],[101.69876033529289,3.7110704493859998],[101.69819978650344,3.7108701253824279],[101.69727991079225,3.7102996952536955],[101.69636003628949,3.7089701880601638],[101.69514012410923,3.7082003317919998],[101.693789956373,3.7073604070761803],[101.69297967567508,3.7073101013071437],[101.6918999015985,3.7078203443275584],[101.6902703579359,3.7087797453958729],[101.68934958315214,3.7093501755246621],[101.68848001562685,3.7102197430498904],[101.68802007595866,3.710570087704923],[101.68729962880377,3.7108800067217089],[101.68637975550945,3.711230348959873],[101.68561978058057,3.7120999189020267],[101.68545987858988,3.7130296735356296],[101.68525955458625,3.7142495857158906],[101.68520026655051,3.7151802418389366],[101.68489034632523,3.7157398915558133],[101.68478973599559,3.7165600523845796],[101.68458042972532,3.7171197033098906],[101.68393004739278,3.7171996530968272],[101.68341980678923,3.7171996530968272],[101.68234991284351,3.7177098961172419],[101.68167976904078,3.7180099337947468],[101.68143003834075,3.718580363923536],[101.68132044332754,3.7195002372178578],[101.6809700986725,3.7196996645657237],[101.67994961384011,3.7198496815918247],[101.67932977701491,3.7203096212600713],[101.6789695510206,3.7209797650627365],[101.67846020828119,3.7213399886401817],[101.67770023335231,3.7211800890663085],[101.67682976554602,3.7206698448375164],[101.67596019560392,3.7206096565207076],[101.67493971077153,3.7206599634981785],[101.67294994353148,3.7211199007495566],[101.67142011233437,3.7218295711178371],[101.6699899948112,3.7226003252501982],[101.66877008021407,3.7233099932016103],[101.66824995706281,3.7241301564473019],[101.66739026846,3.724280173473403],[101.66615957828469,3.7247904177022519],[101.6650402776425,3.7255000844452297],[101.66355985314186,3.7260103286740787],[101.66192042693154,3.7266202853684263],[101.66049030940837,3.7267703036030184],[101.65931980392457,3.7270299156423334],[101.65815019872178,3.7273299533198951],[101.65753035947972,3.7271799362937372],[101.6566697742212,3.7266104040291452],[101.6565601816248,3.7279902145748451],[101.65650987464733,3.7294796213421932],[101.65619995563048,3.7302997845878281],[101.65552981303625,3.7313202694202232],[101.65552981303625,3.7324503492658891],[101.65506987578487,3.7333702261854569],[101.65435032649418,3.7343404064572496],[101.65357957236182,3.7354102979861068],[101.65255998176826,3.7370003174999624],[101.65222041994201,3.738099855463588],[101.65165987115256,3.7391697494093137],[101.65043007763302,3.7406097482717655],[101.64936018368729,3.7416302331041607],[101.64879963610622,3.7418296604520265],[101.64793006616412,3.7423399010555727],[101.64756984258668,3.7432103688618668],[101.6473102305473,3.7437700222039894],[101.64664996566705,3.7448003883757224],[101.64557019279891,3.7469500551895862],[101.64490005020468,3.7481699673698472],[101.64407988695899,3.75016961715761],[101.64346993147308,3.7511397974294027],[101.64264976822744,3.7518602482095389],[101.64199040483658,3.7522096925835626],[101.64086032499097,3.7528798351777937],[101.64020006373602,3.7531798728552985],[101.63937990290719,3.7533298898814564],[101.63917957890362,3.7540000336841217],[101.63916969756434,3.7545102767045364],[101.63928018923326,3.7551804205072017],[101.63931971459044,3.7557400702240784],[101.63916969756434,3.7563599070493296],[101.63861004663903,3.7570201707211481],[101.63784019037081,3.7573803942985933],[101.63696972256457,3.7580900622500053],[101.63635976587022,3.7586003064788542],[101.63574981159269,3.7591698387434462],[101.63503025867669,3.7595201797731761],[101.63488024165059,3.7599801170245541],[101.63472034207672,3.7603403430188109],[101.63415979207883,3.7606502596187852],[101.63333963125007,3.760849686966651],[101.63253024962466,3.7611101992870317],[101.62997004983902,3.7624801284933937],[101.62848962775524,3.7630900863961756],[101.62721042753924,3.7637602289904635],[101.62644955232935,3.7636497361130523],[101.62603992205544,3.7642695729383036],[101.62603992205544,3.7647798159587182],[101.62624024726745,3.7655496722268822],[101.62654028494501,3.7662602404593031],[101.62700022098795,3.7673400145358755],[101.62746015823927,3.7690899336236043],[101.6279596196394,3.7705703557073775],[101.62815994364303,3.7711901937410062],[101.62791021294294,3.7718998616924182],[101.62739996992252,3.7724702918212074],[101.62648009541977,3.7722600876867318],[101.62577042746835,3.7732796758634208],[101.62474005887981,3.7737899188838355],[101.62371957404741,3.7737899188838355],[101.62300990367913,3.7737899188838355],[101.62138036122496,3.7734799998669928],[101.62056019797927,3.7733704048537788],[101.6182102059534,3.7738797512184874],[101.61575960118097,3.7745903158256056],[101.61372042603608,3.7745903158256056],[101.6117800654925,3.7746801481602574],[101.60953966847984,3.7747798606257561],[101.60730016691446,3.774060311335063],[101.60638029362013,3.773129655212017],[101.60516038143987,3.7710797008636519],[101.60466001975874,3.7694402746533342],[101.60364043279048,3.7687198274984439],[101.60292986455806,3.768099988256381],[101.60222019660665,3.7664596653903573],[101.60201987260302,3.7648202415968512],[101.60161023870387,3.762969710971106],[101.60070024674883,3.7607203304832524],[101.59998967851641,3.7589704113955804],[101.59958992837335,3.7559996834718845],[101.59897997409587,3.7546701762784096],[101.59796038350231,3.7530199708646137],[101.59673957466634,3.7520003838963589],[101.5958295827113,3.7518898910190046],[101.59450007551783,3.7499396503445723],[101.59379040514955,3.7487098568249735],[101.59321997502076,3.7475097061148972],[101.59210965906215,3.7461801989213654],[101.59118978214258,3.7457696683664494],[101.58956023727154,3.7450402377364753],[101.5879297957448,3.7442200769076521],[101.58670988477297,3.7431897071106732],[101.58527976604137,3.741649996991157],[101.58396014139561,3.7406196271941781],[101.5831498631145,3.7394904476295778],[101.58253990521172,3.7385696740542471],[101.58183023846874,3.7368296363058562],[101.58183023846874,3.7355998427862573],[101.58214015506871,3.7326300127267018],[101.58205032273406,3.7302701393615507],[101.58255966909877,3.7288400206299457],[101.58255966909877,3.7279102647879085],[101.5819595937437,3.7260696167098786],[101.58134963704936,3.724940434728353],[101.58063996909789,3.7240097810221755],[101.58063996909789,3.723089905311042],[101.58084029310152,3.7221700308082859],[101.57982968719153,3.7215501939830347],[101.57901042422685,3.7212402749662488],[101.57798993939446,3.7213399886401817],[101.57697035242626,3.7211396634281755],[101.57615018918057,3.7207201493981188],[101.57575043782907,3.7202099087945726],[101.57411011737992,3.7205099464720774],[101.57340044701164,3.7203096212600713],[101.57247967464474,3.7195900695524529],[101.57125976125604,3.7186603137104157],[101.57065968831785,3.7171197033098906],[101.57055997464391,3.715480277099573],[101.57055997464391,3.7146601162708066],[101.57025993696641,3.7134303227512078],[101.56955026659807,3.7117899986767497],[101.5687301057693,3.711480079659907],[101.56790994494048,3.7117899986767497],[101.56729998824613,3.711480079659907],[101.56628040127788,3.7110596701825784],[101.56556983304546,3.7109599565086455],[101.5645502460772,3.7104497122797966],[101.56404000184835,3.7099295867116666],[101.56383967784478,3.7093196324341875],[101.56343004757088,3.7085003694695047],[101.56221013297375,3.7078796323633014],[101.5616998923702,3.7071600830726084],[101.56161006003555,3.7057200842101565],[101.56139985469264,3.7046995957524587],[101.56058957278628,3.7041803704653375],[101.5594702721441,3.7038695535843544],[101.55855039884977,3.7041803704653375],[101.55762962406601,3.7037698399104215],[101.55615998239415,3.7041201845653973],[101.55514039421746,3.7036997726712002],[101.55453043752311,3.7038003830008392],[101.55381986929069,3.7041103032261162],[101.55269967078436,3.7030799334291373],[101.55168008381611,3.7025696928255911],[101.55045029029651,3.7022597726003141],[101.54923037932468,3.7020495672574611],[101.54851981109226,3.7018402585702574],[101.54750022291557,3.701330016758277],[101.54739961258593,3.7001999369126679],[101.54760981551192,3.6990698546501903],[101.547299898912,3.6972301068531124],[101.54669982355693,3.6960003133335704],[101.54608986686259,3.6947597406105501],[101.54446032440842,3.6926100701713835],[101.54334012348522,3.6907604398266471],[101.54252984520411,3.6885002777185036],[101.54039005731266,3.6875804032157475],[101.53926985880634,3.6869596673179785],[101.53896982112883,3.6856202812020342],[101.53988969563159,3.6840895497239217],[101.53948994669696,3.6831696752212224],[101.53683991457666,3.6822399205876195],[101.53622996029918,3.6814197597587963],[101.53693962825059,3.6799797596879102],[101.53683991457666,3.6793698029935626],[101.53562000360483,3.6807002068428005],[101.53502980958905,3.6812095532074522],[101.5345195689855,3.6808996341906663],[101.53370030602088,3.6813595702336102],[101.5320698632857,3.6811502651717092],[101.53155962026528,3.6813496888943291],[101.53151021115195,3.682380058691308],[101.53038013009785,3.682629789391342],[101.52952044270347,3.6826800927435102],[101.52874968857111,3.6822695658138969],[101.5281900376458,3.6817000335493049],[101.5271695528134,3.6817503381099073],[101.52660990309653,3.6818500505754059],[101.52624967951914,3.6813901133240279],[101.52564960416407,3.6802600334784188],[101.5252399714733,3.6789799329814059],[101.52457971021835,3.678309790387118],[101.52341010259869,3.6779495668097297],[101.52228002275308,3.6779495668097297],[101.52146974326354,3.6775803585487097],[101.52008993030103,3.6780402958000309],[101.5192697694722,3.6788101520682517],[101.51844960622651,3.6800902525652646],[101.51864993023014,3.6813200460848634],[101.51870023720761,3.6822902263566561],[101.51782976940132,3.6839799571275762],[101.51700960615563,3.6850004419599713],[101.5159397158352,3.6853597676732761],[101.51470992231566,3.6857604168888543],[101.51308037744462,3.686530273157075],[101.51242011618967,3.6872399435253556],[101.51220990963833,3.6882200039279951],[101.51180027694761,3.6890401671736868],[101.51067019710194,3.6898504454547378],[101.50985991882089,3.6908700324229926],[101.50962006704327,3.6910703576349988],[101.50906041611796,3.6916901956686274],[101.5083399665462,3.6918896230165501],[101.50809023584617,3.6912203770779684],[101.50748028156869,3.6910200530743964],[101.50651010008846,3.6918303349807502],[101.50559022316884,3.692339677720156],[101.50452033284841,3.6932101455264501],[101.50425981931966,3.6935595899004738],[101.50396966298143,3.6936197782172258],[101.50355015136819,3.6938398636909824],[101.50303990834777,3.6940698329208885],[101.50272998812255,3.6942198511554238],[101.50232035784865,3.69444982038533],[101.50212991518436,3.694699551085364],[101.50198977708067,3.6949897074235878],[101.50197001319367,3.6952996264404305],[101.5019403703842,3.6958601752298819],[101.50174004638063,3.6964000610597623],[101.50165021525441,3.6967701696017343],[101.50137982038632,3.6969902550754909],[101.50084981589572,3.6971995637626947],[101.50037999609663,3.6973998877662666],[101.49997036340591,3.6976496184663006],[101.49972961738939,3.6978598250176447],[101.49946012280236,3.6981904057856241],[101.49924003491174,3.6984203725986617],[101.49903971090816,3.6987302916155045],[101.49871990934361,3.6990096687503069],[101.49807042729208,3.6991003977406649],[101.49762037258841,3.6991102790799459],[101.49710024943715,3.6992198740931599],[101.49675978612146,3.6993303669705142],[101.49610042273065,3.6994803852051064],[101.49568001083645,3.6996196254446545],[101.49528026190183,3.6997202369827278],[101.49492003590751,3.6998199494482265],[101.49441967422644,3.6997103544350125],[101.49406034851313,3.6995998615576013],[101.49393997550487,3.6994597234539128],[101.49396961952277,3.6992899425408154],[101.49410975762646,3.6989899048632537],[101.49408011119169,3.6986503418285679],[101.49395973697506,3.6985003248024668],[101.49348003583663,3.6985003248024668],[101.49302998113302,3.6986296812858086],[101.49262035085911,3.6987599380502161],[101.49217029373858,3.6986000360595312],[101.49182983283976,3.6984599003727112],[101.49140043747042,3.6983503041510062],[101.49114980890619,3.6983296436083037],[101.49091983846785,3.6984203725986617],[101.49074017621541,3.6984904434631289],[101.49058027664159,3.6986997485250299],[101.49037007009031,3.6989297189633703],[101.48969992749602,3.6996600474575416],[101.4894097711578,3.6998603726695478],[101.48918968326717,3.6999097817828783],[101.48858961032897,3.6999699676827618],[101.48792036559888,3.6998702540088289],[101.48762032792132,3.6998702540088289],[101.48724034045688,3.7000499174696984],[101.48696006666637,3.7002700053603235],[101.48673009622803,3.7004900932508917],[101.48640041574106,3.7010102164022101],[101.48599976773392,3.7014000852059326],[101.4854598806956,3.7018097178967082],[101.48489034843101,3.7020396847097459],[101.4844600539891,3.7021501775871002],[101.48394981096868,3.702099874234932],[101.48342968781736,3.7019498535835282],[101.48305958169226,3.7018501399095953],[101.48259964202401,3.7017603087833777],[101.4822097756371,3.7018402585702574],[101.48189985662032,3.7019399722442472],[101.48138961239147,3.7021995867004307],[101.48095033689123,3.7025104011645453],[101.48064041787444,3.7028400840683844],[101.48040955078039,3.7032703785102967],[101.48023976865881,3.7035596345675117],[101.48011041338384,3.7040195706104555],[101.47969000028121,3.7043896791524844],[101.47929025013821,3.7046798354907082],[101.47917975726079,3.7051002449680368],[101.47894978923932,3.7055098776588125],[101.47862010633548,3.7058997464625349],[101.4785599204356,3.7060704252398295],[101.4785796843226,3.7065303624912076],[101.47847008930938,3.706770214268829],[101.47825000141876,3.7068896882045124],[101.47830030839623,3.7070998947557996],[101.47826976409738,3.707339746533421],[101.47809998318422,3.7075400705370498],[101.47795984508053,3.7075499494594624],[101.47744960085168,3.7074897635595789],[101.47726005967684,3.7076101389846485],[101.47717022734219,3.7076900875631509],[101.47725017712912,3.7077700373500875],[101.47762028325428,3.7080197680501215],[101.47788977784137,3.7081697887015252],[101.47800027071872,3.708370112705154],[101.47774963852925,3.7085902005957223],[101.47754033346735,3.7088004047301979],[101.47750979037687,3.708929763630465],[101.47757985761609,3.7091103237469838],[101.47777030028038,3.7094400066508229],[101.47774963852925,3.7097301629891035],[101.47774963852925,3.7100104367796121],[101.47784037114485,3.7103401172665826],[101.47795984508053,3.7105503238178699],[101.47784037114485,3.710770411708495],[101.47752955426392,3.7109895993181112],[101.47741007670294,3.7110596701825784],[101.47734989080305,3.7111998058693985],[101.47738043147666,3.7113902473252551],[101.47750979037687,3.7118995936899637],[101.47756997627681,3.7121601048019102],[101.47734000946377,3.7124996666281618],[101.47688995113481,3.7130296735356296],[101.47657015198712,3.7133198298738535],[101.47627999685733,3.7134303227512078],[101.47584970241542,3.7135695605738874],[101.47534035846758,3.7137698845775162],[101.4748597606735,3.7140303981062743],[101.47454984165665,3.7142298218288374],[101.47400995461834,3.7142998926933615],[101.4736299671539,3.7143196529550551],[101.47309996024649,3.7145604025968169],[101.47284034699868,3.714839778523185],[101.47257983709522,3.7150302211875328],[101.47178033439229,3.7153599052998061],[101.4715099431495,3.7155198036651882],[101.47142011081485,3.7157803147771347],[101.47148029671473,3.7160399268164497],[101.47148029671473,3.7163103216845457],[101.47148029671473,3.7164495595072253],[101.47142011081485,3.7165097454071088],[101.47117038011476,3.7165896976109138],[101.4710598872374,3.7167100706191718],[101.47084968189449,3.7168304448358072],[101.47057030475969,3.7168196656323857],[101.46993968631421,3.7167999017453894],[101.46962976971423,3.7167495971847302],[101.46937015404961,3.7166103593620505],[101.46905035611036,3.7162698972547901],[101.46879972512926,3.7160803524546395],[101.46852034799451,3.7159599770295699],[101.46815024307779,3.7159303342201042],[101.46762023858719,3.7156500604295957],[101.46734984371909,3.7156500604295957],[101.46708034913206,3.7158198413426931],[101.46680007534155,3.7158503844331676],[101.46640032640693,3.7158800272426333],[101.46613981408655,3.7158602645640144],[101.46617035717702,3.7157704322293625],[101.46642008787705,3.7153697842222186],[101.46640032640693,3.7151002896351315],[101.46613981408655,3.7150796278839948],[101.46590984606507,3.7149098469708406],[101.46576970796139,3.7146502337230345],[101.46557028182195,3.7144903353576524],[101.46536995660995,3.7144400283801815],[101.46513998979691,3.714570285144589],[101.46483995211935,3.7147697112840206],[101.46463962811578,3.714839778523185],[101.46433959043827,3.7147795926233016],[101.46402967142143,3.7146996404194965],[101.46367034449969,3.7146699976100876],[101.46347002049612,3.7147903730351572],[101.46339995325695,3.7149897967577772],[101.46329035824368,3.7152000033090644],[101.46302984713179,3.7153302588650376],[101.46266962355435,3.7154596153484363],[101.46225010952429,3.7160004026677029],[101.46211985275988,3.7161504196938608],[101.46188000339913,3.7161701835808572],[101.46164015162151,3.7160695720427839],[101.46133023502153,3.7158997911296296],[101.46114967127966,3.7160102840070408],[101.46102031600469,3.7162600147070748],[101.46098977291427,3.7167199519584528],[101.46106972270121,3.7171502464003652],[101.46107960404049,3.7175302338648066],[101.46092958701433,3.71764970780049],[101.46071039577947,3.7177000147779609],[101.46048042896643,3.7177404392077165],[101.46039957889849,3.7178500318040619],[101.46038969755921,3.7179704072291884],[101.46044988587596,3.7180997661293986],[101.46063044599254,3.7183099714723085],[101.46097989036656,3.7187501448366334],[101.46103019734403,3.7189603513879774],[101.46071039577947,3.7192001995402961],[101.46043012198896,3.7192702704048202],[101.46020015517593,3.7194400513179176],[101.46003037063747,3.7198901072300146],[101.45986957440795,3.7201802623598041],[101.45982016771148,3.7204901825850811],[101.45978962462101,3.720800101601867],[101.45965038438146,3.7209096941982693],[101.45950036614693,3.7209096941982693],[101.45935034912083,3.7206500809504632],[101.45922009235642,3.7202898573730181],[101.45907007170501,3.7202395516039815],[101.45876015510504,3.72051982539449],[101.45859037419189,3.7207201493981188],[101.45855983110147,3.7209402372886871],[101.45867032397882,3.7211702077270274],[101.45862001700135,3.7213399886401817],[101.45849964278466,3.7215996006795535],[101.45837028630132,3.7217298574439042],[101.45833974321084,3.721930181447533],[101.45839992911073,3.7221403879988202],[101.45859037419189,3.7223002875726934],[101.45887963024916,3.7223901186988542],[101.45914014256948,3.722639849398945],[101.45922009235642,3.7227701061633525],[101.45902964969213,3.7231402110800786],[101.45906019278254,3.7233998243278279],[101.45912037868248,3.7239298312352958],[101.45902964969213,3.7241696805960487],[101.45877991657517,3.7244400730472762],[101.45836040496198,3.7246799248248976],[101.45803970553334,3.724989841424815],[101.45806036728447,3.7252503537451958],[101.45811965532022,3.7255503914227006],[101.45813043452364,3.7258396498968409],[101.45801006272387,3.7260004473347976],[101.45780973872024,3.7260300925611318],[101.45747017326869,3.7260300925611318],[101.45710006835196,3.7262097560219445],[101.45698957547461,3.7264100800255733],[101.45687998046139,3.7264702659254567],[101.45693028623043,3.7266903538160818],[101.45715037532943,3.7275096167807078],[101.45695993266514,3.7278500788880251],[101.45693028623043,3.7281797593749957],[101.45707042554255,3.7287501895037281],[101.45701023601731,3.7289199704168823],[101.45690962568767,3.728999920203762],[101.45658982412311,3.7289900412813495],[101.45629966778489,3.7290403458419519],[101.45627002497542,3.7291598221945037],[101.45636973864941,3.7295002818848957],[101.45631044819675,3.729720370983955],[101.45605981963257,3.7297796590196981],[101.45575978195507,3.729829965997169],[101.4556501869418,3.7300302900007409],[101.45534026913344,3.7300599328102066],[101.45500968836541,3.7301704256876178],[101.45484979000003,3.7303500879399962],[101.45491985723925,3.7305701770390556],[101.45527019947735,3.7311001815296549],[101.45543010146804,3.7313301507595042],[101.45536991315129,3.7316499523240623],[101.45522977746447,3.7320703618013908],[101.45531960859068,3.7325204201303563],[101.45528008081664,3.7328402180696116],[101.4550501140036,3.733319919207986],[101.45481026222598,3.7335696499080768],[101.45445003864853,3.7338202808891197],[101.45395955830674,3.7341400824536777],[101.45368018238037,3.7344904246917849],[101.45339990858986,3.7349701246217819],[101.45323012646827,3.7354498257601563],[101.45311963479935,3.7355504360897953],[101.4530100385777,3.735580078899261],[101.45292020745148,3.7355100116600397],[101.45269023822158,3.7351704486253539],[101.45251955944428,3.7351902125123502],[101.45246027020011,3.7353698759732197],[101.45238032041317,3.7357597423601305],[101.45220963921901,3.735940306101952],[101.45201021549644,3.7361900368020429],[101.45195002717969,3.7365197172890134],[101.45189972261909,3.7370901498346143],[101.45181977041528,3.7376102717774415],[101.4517595845154,3.7378195804646452],[101.45164998950213,3.737889648912244],[101.45127988337697,3.7378797663645287],[101.45098972824718,3.7379399558897148],[101.450930439003,3.7380297870159325],[101.45088013323397,3.7384304362315675],[101.45079030089931,3.7387897619448722],[101.45063040132544,3.7390502718483276],[101.45061962212202,3.7390601531876086],[101.45036989142199,3.739280242286668],[101.44995037739193,3.7393898336746361],[101.44953984683701,3.7393098850961337],[101.44889036478548,3.7391499855222605],[101.44847983423057,3.7389802046091631],[101.44791030438284,3.7389802046091631],[101.44757972361487,3.7390700357353808],[101.4473003476885,3.739290123625949],[101.44707037725016,3.7396099227736386],[101.44692036022406,3.7398102467772105],[101.44672991755976,3.7404004395845618],[101.44678022212037,3.7408702593836551],[101.44694012411105,3.7412700095267155],[101.44678022212037,3.7414397904398129],[101.44659966079536,3.7417703712078492],[101.44643976242992,3.7421701201424185],[101.44626998030839,3.742460275272208],[101.44616038529512,3.7429103336011735],[101.4461298422047,3.7431097573237366],[101.4459798251786,3.7431897071106732],[101.44604001107848,3.7433298452143617],[101.44634993009532,3.7434699845264845],[101.44667961058229,3.7436101202133045],[101.44693024156334,3.7439200392301473],[101.4467703431979,3.7442003130206558],[101.44679010345965,3.7444401647982772],[101.44690958102063,3.7447402000589136],[101.44689969847286,3.7449504054018234],[101.4467703431979,3.7452504430793283],[101.44662032254649,3.7453995634497232],[101.44639035573346,3.745449870427251],[101.44608043550824,3.7453798019795954],[101.44572021193079,3.7453501567532612],[101.4455998377141,3.745459751766532],[101.445430056801,3.7457499081047558],[101.44520008636266,3.7460301818952644],[101.44481021755894,3.7465000004859235],[101.44452994376837,3.746770392937151],[101.44415983764327,3.7473596890887393],[101.4439002256039,3.7476399628793047],[101.44378973272654,3.7477100301184691],[101.44345016727493,3.7480199503437461],[101.44345016727493,3.7482903415865394],[101.44346993116199,3.7484996502736863],[101.44351035680018,3.7486703290509809],[101.44343040701324,3.7488904169415491],[101.44333967439758,3.749120384963021],[101.44343040701324,3.7492802869537627],[101.44382027340009,3.7498300553313584],[101.44414995630393,3.7502495669445466],[101.44406012517771,3.7505199618125857],[101.44393974975264,3.7506196754865186],[101.44364959462285,3.7506403360292779],[101.44348969504898,3.7506798613864589],[101.44344028593565,3.7508199994901474],[101.44343040701324,3.7512700541937534],[101.4433297930583,3.7515197848938442],[101.44330015024883,3.7517497553321846],[101.44339986392276,3.752059671932102],[101.44336033614871,3.7522195739228437],[101.44330015024883,3.7523103029132017],[101.44307017981049,3.7523498282703827],[101.4429300453321,3.7522896411620081],[101.44278990601998,3.7520902150225766],[101.44255005786766,3.7518000586843527],[101.44216018785551,3.7515296674415595],[101.4419499825126,3.7513904296188798],[101.44155023116116,3.7510697301901814],[101.44117024369666,3.7509295920864929],[101.44091961513249,3.7510598488509004],[101.44066988201558,3.7513697678677431],[101.44042015131549,3.7514299537676266],[101.44012011363799,3.7517003462188541],[101.43951015936051,3.752129742796626],[101.43901967901866,3.7523695909489447],[101.43876006577091,3.7526103405907065],[101.43818963322525,3.7531295658778276],[101.43799020950269,3.7533298898814564],[101.43747996648227,3.7534197222161083],[101.43715028237,3.7533604329718742],[101.43638042851865,3.7530801591813656],[101.43586030295052,3.7528403074037442],[101.43549019803379,3.7525797975002888],[101.43537970515644,3.7524100165871346],[101.43528987403022,3.7520497930096894],[101.43525034625617,3.7519599606750376],[101.43495031099553,3.7520497930096894],[101.43453978044062,3.7522698784834461],[101.43429004732371,3.7523597096096637],[101.43414003029756,3.7523695909489447],[101.43391005985927,3.7523695909489447],[101.43370973585564,3.7523902527001383],[101.43344024126856,3.7523902527001383],[101.43315008493033,3.7524297804741309],[101.43284016833036,3.7524504410168902],[101.43244041818735,3.752339948139479],[101.43209007353232,3.7522096925835626],[101.431630136281,3.7520300291226931],[101.43100041811647,3.7519500793357565],[101.43041022410068,3.7519500793357565],[101.43012006897089,3.75201026523564],[101.42982991263267,3.7521099789096297],[101.42960982474204,3.7523004215739206],[101.42946968905522,3.7524998477133522],[101.42932955095154,3.7527001717169242],[101.42915977003844,3.75303973475161],[101.42890015679063,3.7531897541946364],[101.42876001868694,3.7531798728552985],[101.42836027096075,3.7531295658778276],[101.42787967195824,3.7528196468610417],[101.4271502377029,3.7522195739228437],[101.42644955443507,3.7515197848938442],[101.42620970265745,3.7511901044068736],[101.42595009061813,3.7509700165162485],[101.42574976540607,3.7509700165162485],[101.42570035991804,3.7511299160901217],[101.42572012017979,3.7513598865284052],[101.42579019104426,3.7517596366714656],[101.42595997195741,3.7519204341094223],[101.42621958520516,3.752059671932102],[101.42625012829564,3.7522402356739804],[101.42616029596098,3.7524396593966003],[101.42583959774072,3.752470202487018],[101.42527994681541,3.752470202487018],[101.42510028456297,3.752330066800198],[101.42471041455082,3.7519500793357565],[101.4244499046473,3.7519401979964755],[101.4242001715304,3.7520399104619742],[101.42407979610533,3.7521899286965095],[101.42391001519218,3.7522096925835626],[101.42376987950536,3.7520497930096894],[101.42362974140167,3.752129742796626],[101.42347972437557,3.7523004215739206],[101.42329017957536,3.752470202487018],[101.42307997302407,3.7524396593966003],[101.42211967409156,3.7522303531262651],[101.42188970365328,3.7522698784834461],[101.42166961938796,3.7526902903776431],[101.42146031070075,3.7529804467158669],[101.42133005393634,3.7532795865292883],[101.42125998548875,3.7536595739937297],[101.42111984980193,3.7542201215747468],[101.42090964445902,3.7546701762784096],[101.42071021711115,3.7549001467166931],[101.42042006198136,3.7552199446559484],[101.42030956910401,3.7555496287682217],[101.42033023085514,3.7556700029849139],[101.42040029809436,3.7561101763492388],[101.42042994332064,3.756480281265965],[101.42032034830743,3.7571998341820176],[101.42032034830743,3.7575097507819351],[101.42043982586836,3.7579903485760724],[101.42057007900746,3.758440406904981],[101.42056019766818,3.7587099014920682],[101.42052965699457,3.7589802939432957],[101.4203499935337,3.7591401923086778],[101.42014966953013,3.7592300246433297],[101.41989993641323,3.7592300246433297],[101.41968972986189,3.7591797200827273],[101.41915972537134,3.7587602048442363],[101.418929754933,3.7586497131753163],[101.41832968320324,3.7584700497144468],[101.41804042472916,3.7583595568370924],[101.41713043277412,3.7582598431631595],[101.41687980179307,3.7583200326883457],[101.4167001383322,3.758540120578914],[101.41658964545485,3.7587602048442363],[101.41654023875839,3.7590701250695133],[101.41648005044158,3.7596702004245799],[101.4164001006547,3.7599298124638949],[101.41619977665107,3.76029003604134],[101.41596980983803,3.7605298878189615],[101.41580002529963,3.7607499732927181],[101.41548022736038,3.7608398044189357],[101.4151703071351,3.760859568305932],[101.41497986447081,3.7607499732927181],[101.41478043833138,3.7605298878189615],[101.41484960891484,3.7601903235758414],[101.41475977658018,3.7599001672376176],[101.41457023178003,3.7597402676637444],[101.41412017707643,3.7597896743602064],[101.41376983483826,3.7597402676637444],[101.41354974694764,3.7595803692983623],[101.41284995791864,3.7590997702958475],[101.41246008911492,3.7589299869658248],[101.41218969666369,3.7588796824052224],[101.41188965898618,3.7589299869658248],[101.41163004694681,3.7589299869658248],[101.41150967273018,3.7590997702958475],[101.4113497731563,3.7594096868957649],[101.41126982336937,3.7596998432339888],[101.41113956660502,3.7599199311246139],[101.41088983590492,3.7600196447985468],[101.41057991688814,3.7600798306984871],[101.41011997963676,3.7600995945854834],[101.40964027849839,3.7601301376759579],[101.40936000470782,3.7602397326891719],[101.40918034245544,3.760389749715273],[101.40910039266851,3.7606799060534968],[101.40907973091731,3.7609898250703395],[101.40898001724338,3.7611200794178785],[101.40873028654335,3.7611299607571596],[101.40829999210143,3.76081016160947],[101.40804038006206,3.7606296014928944],[101.40772956318108,3.7605101239319652],[101.40746994993333,3.7605604284925676],[101.40740976161658,3.7608299230796547],[101.40732981182964,3.7610203681608141],[101.40745018604633,3.7610796561965572],[101.40754001838093,3.7611901490739115],[101.40778974908102,3.7614398797740023],[101.40786969886796,3.7616204410990122],[101.40782029217144,3.7617497999992224],[101.40731004794264,3.7617596813385603],[101.40678004345204,3.761829749786159],[101.40654019409129,3.7619797668122601],[101.40633987008772,3.7621001410289523],[101.4061000183101,3.7625196562674432],[101.40589969430647,3.7627199802710152],[101.40557989515878,3.7627801661709555],[101.4052295505038,3.762809812605667],[101.40501036289419,3.7629795935188213],[101.40489987001683,3.7631197292056413],[101.40481992143833,3.7633398170962664],[101.4048495642478,3.7636003294165903],[101.4048702247905,3.764089909477434],[101.40473996802609,3.7647097487194969],[101.40488010733822,3.7650502084098889],[101.40506965213837,3.7650996175232194],[101.4052996189514,3.7650196653194712],[101.4056796064159,3.7649001913837878],[101.40590957564575,3.7649495980802499],[101.40596976154569,3.7652101104006306],[101.40593023739694,3.7654301958743304],[101.40571014950632,3.7655999767874846],[101.40527985748128,3.765720352212611],[101.40499958369077,3.7659197783520426],[101.40466001823921,3.7660599164557311],[101.40438962699642,3.7660599164557311],[101.40414977763567,3.7659602027817982],[101.4039701141748,3.7658200646781097],[101.40380033084477,3.7656404024256744],[101.40359012791879,3.7653700099744469],[101.40330985050298,3.765270296300514],[101.40308976502922,3.7652199893230431],[101.40293974558625,3.765260414961233],[101.4028499132516,3.7655595547745975],[101.40256963946109,3.7659000144650463],[101.40228038219544,3.766079677925859],[101.40193992129656,3.7661596277127956],[101.4015796953023,3.7662000521425512],[101.40125989615461,3.7663698330557054],[101.40107035135446,3.7665602757199963],[101.40093021325077,3.7668504320582201],[101.40084038212456,3.7672097601883934],[101.40072001032473,3.7674900339789019],[101.40055022578628,3.7676903591909081],[101.40034002286029,3.76794997123028],[101.40011005242195,3.768370383124477],[101.3999402715088,3.7686901822721097],[101.39988008319204,3.7691402369757725],[101.39980013340511,3.7696603625439025],[101.39955040270507,3.7699604002214642],[101.39905992236322,3.7702801993691537],[101.39849039009863,3.7706404253634105],[101.39796038560809,3.7708398490860304],[101.39746990526623,3.7706700681728762],[101.39713034102311,3.7705595752955219],[101.39685006602417,3.7706296461599891],[101.39656979223366,3.7707302576980624],[101.39647996110745,3.7709296814206823],[101.39645031588111,3.7712602621886617],[101.39640001132051,3.7716195879019097],[101.39629041630729,3.7717201994399829],[101.39618980476922,3.7717201994399829],[101.39602990640378,3.7715701812054476],[101.39577029315603,3.771439924441097],[101.39546037413919,3.7714596883280933],[101.39516033646169,3.7715998240149133],[101.39474980590677,3.7718396757925348],[101.39451983909373,3.7720696426055724],[101.39441024287208,3.7724002233735519],[101.39432041174587,3.7727397888251062],[101.39429974999467,3.7730497054250804],[101.39418027364218,3.7732796758634208],[101.39395030682914,3.7734503546407154],[101.39349036957776,3.7735401857669331],[101.39314990626207,3.7735599496539294],[101.39273039464882,3.773649780780147],[101.39238993254156,3.7736300168931507],[101.39215996210322,3.7735500671062141],[101.39199018119012,3.7734000500800562],[101.39132991993512,3.7728098560643275],[101.39076038767053,3.7723301561343874],[101.39049987776707,3.7721702565605142],[101.39001029528936,3.7719196255794714],[101.38965995305125,3.7717696085533134],[101.38935003403441,3.7717300807793208],[101.38904011380913,3.7718702188830093],[101.38842027819237,3.7723795628308494],[101.38819030775403,3.772659836621358],[101.38815976466356,3.7728404003631795],[101.38819030775403,3.7730101812763337],[101.38851010931859,3.7733102189538954],[101.38850022797931,3.7735401857669331],[101.38813012185415,3.7735096426764585],[101.38783008417658,3.7735698309932104],[101.38769982741223,3.773649780780147],[101.38762976017301,3.7737899188838355],[101.38762976017301,3.7739902440958417],[101.38780043895031,3.7740998354838098],[101.38807981487668,3.7741303797826617],[101.38851010931859,3.7741896678184617],[101.38871043332216,3.7742498561352136],[101.38894040134363,3.7743603490125679],[101.38907964158318,3.7746100797126587],[101.38903023246985,3.7749199999378789],[101.38888021544375,3.7751697306379697],[101.38868977277946,3.7753799359808227],[101.38845980234112,3.775490428858177],[101.3879702198634,3.7756099040022946],[101.38743033403358,3.7757203956712146],[101.38713029635602,3.775859637119197],[101.3870997532656,3.7760401972357727],[101.38715994158235,3.7762099781489269],[101.38748962206932,3.7763501174610496],[101.38766030326349,3.7765297797134849],[101.38785972698605,3.7767301049254911],[101.38785972698605,3.7769403102683441],[101.38777977719911,3.7771002098422173],[101.3875201651598,3.7772996359816489],[101.38722012748224,3.7776796234460903],[101.38701980347867,3.7779203706710405],[101.38701980347867,3.7781000329234757],[101.38714017769536,3.7783497672488124],[101.3875399290468,3.778770176726141],[101.38778965974683,3.7790001459560472],[101.38778965974683,3.779199573303913],[101.38761987883373,3.7793702520812076],[101.38733960383479,3.7793702520812076],[101.38676019023086,3.7792202338466154],[101.38652034087011,3.7792301163943876],[101.38646015255335,3.7793998973074849],[101.38660029065704,3.7796199827812416],[101.38698027812148,3.7799802087755552],[101.3875399290468,3.7802002942493118],[101.38762976017301,3.7805704027912839],[101.3879702198634,3.7811902384081009],[101.38827025754097,3.7815899897595386],[101.38814988332427,3.782119994250138],[101.38790015262424,3.7824299144753581],[101.38768006473362,3.7827101882658667],[101.38761987883373,3.7829203936087765],[101.38781032028959,3.7833902134078699],[101.38786960953377,3.783669589334238],[101.38770970995995,3.7837297752341215],[101.38744021537286,3.7836300615601886],[101.38713029635602,3.7834198562173356],[101.38676019023086,3.78334978776968],[101.38654010234029,3.7836902510853747],[101.38619964264984,3.7840603560021009],[101.38610981152362,3.7842499008022514],[101.38568041494585,3.7843999178284093],[101.38520969849105,3.7846801928273521],[101.38515040924688,3.7849002807179204],[101.38520969849105,3.7851796566442886],[101.38557980340778,3.7856395938956666],[101.38557980340778,3.7858003937505487],[101.3854603294721,3.7858902248767663],[101.38500039222077,3.7858201540122423],[101.38487013545637,3.7858902248767663],[101.38480994713962,3.786069888337579],[101.38495996779102,3.7864103480280278],[101.38524024158153,3.7866600811449302],[101.38570017762447,3.7866600811449302],[101.38576036714966,3.7868801666186869],[101.38545044692438,3.7870598300795564],[101.3850201536909,3.7874595802225599],[101.38493032135625,3.7877398540130685],[101.3850201536909,3.7882698621289705],[101.38535971793402,3.7887001529455802],[101.38579000995912,3.7891699727446735],[101.38576036714966,3.789450246535182],[101.38545044692438,3.7895400776613997],[101.38495008524325,3.7896002659781516],[101.38488989934336,3.7897502842127437],[101.38477042178243,3.7901302716771852],[101.38480006821715,3.7907402283715328],[101.38460962313599,3.7910501473883187],[101.38418022897508,3.7911399797229706],[101.38341037270686,3.7911399797229706],[101.38269980689131,3.7911399797229706],[101.38263961857456,3.7912603515227943],[101.38258033053881,3.7919799032303558],[101.38245007377441,3.7925000263816742],[101.38222998830065,3.7928701325068346],[101.38220034307432,3.7932698826498381],[101.38214015717443,3.7934899705404632],[101.38266027911726,3.7937397012404972],[101.38275011145191,3.7938600766656236],[101.38253990490063,3.7940801645561919],[101.38192006928381,3.7943900811561662],[101.3814897748419,3.7947898325076608],[101.38121039770709,3.7950997515244467],[101.38117985824192,3.7952497685506046],[101.38121039770709,3.795489620328226],[101.38131011138103,3.795900150883142],[101.38122028025481,3.7959396762402662],[101.38114033046793,3.7959396762402662],[101.38098043089406,3.7956800629925169],[101.38078010689048,3.7954096705412894],[101.38068039321655,3.7952102444018578],[101.38046030532593,3.7951895826506643],[101.38034981244857,3.7953503800886779],[101.3801899128747,3.795489620328226],[101.37996982498413,3.7955902318662993],[101.37979016273169,3.7955902318662993],[101.37960960140668,3.795489620328226],[101.3793904113802,3.7954303322924261],[101.37914966536374,3.7954303322924261],[101.37892957626468,3.7954698576496071],[101.3787696778993,3.795619874675765],[101.37865020033831,3.7957797766664498],[101.37860977590856,3.7960196260272028],[101.37857025055143,3.7961804246736506],[101.37841035097756,3.7964202740344035],[101.37826033153459,3.796810142838126],[101.3782199095217,3.7973500298764407],[101.37815971999652,3.7975296933373102],[101.3779198718442,3.7978099695446303],[101.37783992205726,3.7982195998185375],[101.37769978395357,3.7986597755997877],[101.37754976571904,3.7990199991772329],[101.37730991394136,3.7991798987510492],[101.37716977825454,3.7992598485379858],[101.37702964015085,3.7992203231808048],[101.3767897907901,3.7990999489641126],[101.37656970289953,3.7991403746023025],[101.37631009086016,3.7993595622119187],[101.37626966522197,3.7996003106452463],[101.37624990254341,3.7998599238930524],[101.37618971543503,3.8000701292359054],[101.37610976685659,3.8002300288097786],[101.37596962754446,3.8003899283835949],[101.37571989684437,3.8005300664872834],[101.37554023459194,3.8007501543779085],[101.37533990937993,3.8010897174125944],[101.37533990937993,3.8016601463328925],[101.37535967326698,3.8022602216879591],[101.37519977127624,3.8025800232525171],[101.37502010902381,3.8027003950523408],[101.3739699777567,3.8018901167712329],[101.37337978494935,3.8009396991780591],[101.37323964926253,3.8007501543779085],[101.37308962861113,3.800650441912353],[101.37275006678487,3.8004896420575278],[101.37251021742406,3.8004501167003468],[101.37210956941692,3.8003899283835949],[101.37178976785236,3.8002803357872494],[101.3715903405045,3.8003000972573773],[101.37153015460456,3.8003899283835949],[101.37144032347834,3.8006001349348821],[101.37136037369146,3.800810340277792],[101.37125976336182,3.8013699912031029],[101.37130018537465,3.8015101293067914],[101.37126964228423,3.801829928454481],[101.37117980994958,3.8022099147104882],[101.37107021856161,3.8025297162750462],[101.37086989334961,3.8028297539525511],[101.37071987390664,3.8029600107169585],[101.37041983622913,3.8031396741778281],[101.37010991962916,3.8032196239647647],[101.36989971307781,3.8031800961907152],[101.3697703541776,3.8031297916301128],[101.36959967540031,3.803020196616842],[101.36935982603956,3.8028800585131535],[101.36910021037488,3.8026500917001158],[101.36899960004524,3.8024497664881096],[101.36889988637131,3.8021299661319858],[101.36869956236774,3.8018703528842366],[101.3686196125808,3.8017796238938786],[101.36838964576776,3.8016197219031369],[101.36823962511636,3.8015801977543902],[101.36806984420321,3.8015703152066749],[101.3679198271771,3.8016098429807244],[101.36773028237695,3.8017203358580787],[101.36736017625179,3.8020203699103376],[101.36690023658355,3.8024102399224944],[101.36678974370619,3.8025198349357652],[101.366370232093,3.80281987261327],[101.36629028230607,3.803020196616842],[101.36608007575472,3.8032995725432102],[101.36605043052845,3.8034100654206213],[101.36598036328922,3.8035196616422695],[101.36587975175115,3.8037801715457817],[101.36578003807722,3.8039499524588791],[101.36570008829028,3.8040200209065347],[101.3656399023904,3.804049666132812],[101.36540005061278,3.8041898042365005],[101.36519972660921,3.8042598714757219],[101.36478021499596,3.8043703643530762],[101.36443975168027,3.8044700780270091],[101.36404988287654,3.8045203825876683],[101.36376960908603,3.8045401464746647],[101.36300963415715,3.8044404328007317],[101.36267007233084,3.8043398212626585],[101.36176995929827,3.8038798852197147],[101.36160017838512,3.8038196956945285],[101.36140973572083,3.8037199856458415],[101.36130014070761,3.8037199856458415],[101.36084020345623,3.8033399981814],[101.36048986121807,3.8028998224002066],[101.36004968543688,3.8024596490358249],[101.35964993529382,3.8021102022449895],[101.35940020338535,3.8018595736807583],[101.35924030501997,3.8017796238938786],[101.35882977446505,3.801829928454481],[101.3585899251043,3.8020203699103376],[101.35834019198734,3.8024300038095475],[101.35814974932305,3.8028396365002664],[101.35790001862301,3.8031100277430596],[101.35754967396798,3.8031100277430596],[101.35742031748464,3.8030300791646141],[101.35726041791077,3.802780347256089],[101.35714992503341,3.8023204075878425],[101.35698014412026,3.8010798348648791],[101.35669986791288,3.8007097299481529],[101.35585994319706,3.800650441912353],[101.35537036071941,3.8009100539517249],[101.3546903392027,3.80061001627422],[101.35442982567389,3.8002399113574938],[101.35426004476079,3.7995203608583097],[101.35365008806644,3.7989104041639621],[101.35373991919266,3.7985600619258548],[101.35443970822161,3.7980498189054401],[101.35436963977401,3.7973500298764407],[101.35387017595701,3.7972799626372193],[101.35246970366018,3.7973096078635535],[101.35181033906093,3.7972000128502827],[101.35166031961796,3.796560412138092],[101.35215978343496,3.7960196260272028],[101.35247958499946,3.7956504177661827],[101.35268978913393,3.7950198017375669],[101.35213013820862,3.7947898325076608],[101.35150042004409,3.7948095963946571],[101.35108988948923,3.7948904428372998],[101.35067037787604,3.7948904428372998],[101.3499696909829,3.7943999624954472],[101.34938039603969,3.7943802022337536],[101.3492097172624,3.7949398519506303],[101.34905969661099,3.7953800253149552],[101.34904981768858,3.7960600504569584],[101.34874978001102,3.7966897686214907],[101.34874978001102,3.7969197390597742],[101.34923037780516,3.7974102181931926],[101.34955017695285,3.7976698314409987],[101.34957982217912,3.7980399363577249],[101.34940015871825,3.798300449886483],[101.34880996591096,3.7983803996734196],[101.3483599112073,3.7978198484670997],[101.3478900914082,3.7973203870669749],[101.34744003670454,3.7970203493894701],[101.34686960415894,3.7968397892728944],[101.34622012210741,3.7967301942596237],[101.34554010059071,3.7965397515953327],[101.34521041647844,3.7959801006700218],[101.34501009247487,3.7956099957532956],[101.34508016092252,3.7949102067242961],[101.34501009247487,3.7944897948300991],[101.34478012324496,3.7944197263825004],[101.34435971376763,3.7949102067242961],[101.34394019852914,3.7952901941887376],[101.34325029446472,3.7950395632076948],[101.34275981412293,3.7946200503860723],[101.34214985742858,3.7947601896981951],[101.34152013926405,3.7952704303017413],[101.34087963947923,3.7950701062981693],[101.34038017687072,3.7946299329337876],[101.3401798528671,3.7949003253850151],[101.33976033883704,3.7954698576496071],[101.33947018249881,3.7956504177661827],[101.3389096349178,3.7953297183374843],[101.33857995080552,3.7949596134207582],[101.3383598665402,3.7947503071504798],[101.33812001476258,3.7940002147693122],[101.33784962231135,3.7932698826498381],[101.33818020307933,3.7924101952554565],[101.33830955956273,3.7917104086433255],[101.33828979567573,3.7910896727454997],[101.33799963933751,3.7905803263807911],[101.3376097729506,3.7903296978166168],[101.33682015279538,3.7907402283715328],[101.33605029652722,3.7911399797229706],[101.33525977850786,3.7906396168334595],[101.3351304232329,3.7903800047940877],[101.33509988014242,3.7897098585745539],[101.3351304232329,3.7890999042970748],[101.33511964282104,3.7888097491672283],[101.33475043576846,3.7885698973896069],[101.33397968163609,3.7884001152680753],[101.33311999303328,3.7882797410513831],[101.33213004887449,3.7879401792251315],[101.33169975805782,3.7878395676870582],[101.33123981838963,3.7878395676870582],[101.33053015043816,3.7874703594260382],[101.33015016297372,3.787149661205774],[101.32962015848318,3.7870499475318411],[101.32913955706374,3.7869897616319008],[101.32871016290284,3.7869196943927363],[101.32816039452524,3.7863600434674254],[101.32780017094785,3.7857402042253057],[101.32782981375726,3.7851302499478265],[101.32886018355424,3.7838196063603391],[101.3298600066355,3.7829895641922349],[101.32969022572235,3.7824002680406466],[101.32878023135049,3.7825098642622947],[101.32835982187316,3.782369724950172],[101.32791964488348,3.7811102886211643],[101.32809032728608,3.78028024645306],[101.32850983889927,3.7792498766560811],[101.32854038198974,3.7788303650428929],[101.32796007052167,3.7785204460260502],[101.32692970314156,3.7782895777236263],[101.32612032030778,3.7782096291451239],[101.326210151434,3.7773400592029702],[101.32637993234709,3.7766501551385545],[101.32654971688555,3.775950366109555],[101.32629998256016,3.7750798983033178],[101.32524985250149,3.7749999485163812],[101.32443957422038,3.774830167603227],[101.3238898046344,3.7742399747959325],[101.32417007963335,3.7732599119764245],[101.3241098901081,3.772760446950997],[101.32364007151745,3.772419987260605],[101.32327984794006,3.7723696802830773],[101.32256029864931,3.7728700431726452],[101.32199974744299,3.7729203489416818],[101.32169971339079,3.7727496677475756],[101.3217302528559,3.7719196255794714],[101.32155957407866,3.7712701435279428],[101.32129007949158,3.7707697818468091],[101.3211795878226,3.7692399506497054],[101.32096039658774,3.7684296723686543],[101.3214095570525,3.7678996642528091],[101.32227014231108,3.7682095844780292],[101.32281991068868,3.7681799380433176],[101.32357000427828,3.7676795787790525],[101.32404970420822,3.7672097601883934],[101.32456982735948,3.7669303842620252],[101.32499023925368,3.7672699460882768],[101.32560019715646,3.767990396868413],[101.32604037052084,3.7681098708040963],[101.32614996553406,3.7680200396778787],[101.32609965855659,3.7676903591909081],[101.32579962087908,3.7671001651751226],[101.3258301639695,3.7666303465844635],[101.32615984687334,3.7663797156034207],[101.32672039566279,3.7661802882555548],[101.32721985947978,3.7657095718006985],[101.32811008754777,3.764290233481006],[101.32839036496358,3.7637898717998723],[101.32862033177662,3.7621998547028852],[101.3290102005804,3.7615000692991885],[101.3290102005804,3.76081016160947],[101.32840024388605,3.7604696995022096],[101.32810020862536,3.7598498626770152],[101.327989715748,3.7591797200827273],[101.3282098012217,3.7585095774884962],[101.32873980812917,3.7575097507819351],[101.32825022565146,3.7567300155913586],[101.32772022116092,3.7561703646660476],[101.32758008305723,3.7554400325465735],[101.32781005349557,3.7547698899523425],[101.32825022565146,3.7542704261353492],[101.32900031924106,3.7541096286973357],[101.32953032614853,3.754019797571118],[101.32975041162229,3.7532400587552388],[101.33006033184751,3.7524100165871346],[101.33068016746432,3.7514299537676266],[101.33139972038032,3.7509295920864929],[101.33183989374464,3.751770415874887],[101.33212016753515,3.752330066800198],[101.3323097123353,3.7523597096096637],[101.33242020521271,3.7522501170132614],[101.33240044132566,3.7517201101058504],[101.33231959367464,3.7508801853900309],[101.33248039352947,3.7504597734958338],[101.33288014125566,3.7497896296931685],[101.33364999873226,3.7495398989930777],[101.33407041062645,3.7502396880220772],[101.33437044830401,3.7502396880220772],[101.33623984132737,3.7492497438632881],[101.3367402030085,3.7490503165154223],[101.33749029659811,3.7488904169415491],[101.33792957209829,3.7486397859605063],[101.33816043919234,3.7481897312568435],[101.33816043919234,3.7476300803315326],[101.33827003420555,3.747300399844562],[101.33877039709512,3.746829680972894],[101.33877039709512,3.7463796262692313],[101.33821972722808,3.7457597894440369],[101.33799963933751,3.7453501567532612],[101.33817032174005,3.7448399125244691],[101.33827991675332,3.7443700939337532],[101.33827991675332,3.7439496844564246],[101.33822960977585,3.7430603506272746],[101.33839040963068,3.7424701578199802],[101.33915038335113,3.7409699718491538],[101.33928962238224,3.7401596911512343],[101.33895993826997,3.739290123625949],[101.3384398151187,3.737789935238311],[101.33849011967931,3.7374198303215849],[101.33896982081768,3.7367299226318664],[101.33949982772515,3.73609032312811],[101.33965972729897,3.7356797925731939],[101.33965972729897,3.7348497504050897],[101.33988969652887,3.7338202808891197],[101.34027956654103,3.7319796328110328],[101.34033975244097,3.7312196578821499],[101.34069997601841,3.7299997469103232],[101.34112038791261,3.729270315071858],[101.34104043812567,3.7286603583775104],[101.3409101825697,3.7277898905712163],[101.34117967594835,3.7276497548843963],[101.34178963385114,3.7277099407843366],[101.34204026241531,3.7276003457710658],[101.34201960066417,3.7270703412805233],[101.34162973186045,3.7263400091610492],[101.34154978207351,3.7256501050966335],[101.34188036284149,3.7251704039582592],[101.34213997488087,3.7249000102985974],[101.34183005586402,3.7242199875735196],[101.34163961319973,3.723859761579206],[101.34171956298667,3.7232498073017268],[101.34208967152864,3.7221296063785303],[101.34242024987981,3.7216301437699713],[101.34283976390981,3.7210803753923756],[101.34281011868353,3.7205701323719609],[101.34336976840041,3.720020363994422],[101.34380006284232,3.7192100820880114],[101.34402014831608,3.7189603513879774],[101.34479988713201,3.7187097204069346],[101.34496966804511,3.7185695847200577],[101.3449400252357,3.7182102577983756],[101.34486007544876,3.7177898459041785],[101.34496966804511,3.7174799268873358],[101.34547002972624,3.7169499223967932],[101.34545026825606,3.7161701835808572],[101.34569999895615,3.7156096359998401],[101.34589044162044,3.7151101709744125],[101.34592008805521,3.7146098092933357],[101.34567035372982,3.7141902976800907],[101.34545026825606,3.7138300741027024],[101.34547991106552,3.7135201538774254],[101.34568023627753,3.7132102348605827],[101.34617970009452,3.7129901469700144],[101.34714988036632,3.712939842409412],[101.34765023963058,3.7128598926224754],[101.34787032872958,3.7125796188319669],[101.34814970465595,3.7117702347897534],[101.34820989055589,3.7114396564385856],[101.34784966697845,3.7108997681918936],[101.34762957908782,3.7105404412701546],[101.34782002416898,3.7099798936891375],[101.34810029795949,3.7096196701116924],[101.34788021006892,3.7088695777305247],[101.34797004119514,3.7080296505978367],[101.34799968762985,3.7071403191855552],[101.34750022260448,3.7065501263782039],[101.34724959162338,3.7061297144840069],[101.34676001156259,3.7051002449680368],[101.34637014275881,3.7042297771617996],[101.34617970009452,3.7038102655486114],[101.34539996248702,3.7028903886289868],[101.34487983571046,3.7020199208226927],[101.34463010501042,3.7014099665452136],[101.34418993164604,3.7007101787246484],[101.34349014382548,3.7004299037257056],[101.34290983235746,3.6992800599930433],[101.34221992466775,3.697970317894999],[101.34145006839958,3.6972202243053971],[101.34138000116036,3.6971402745184605],[101.34608986896831,3.6925301203845038],[101.34659023064944,3.6917000782163996],[101.34827996142036,3.689880090681072],[101.35056976633791,3.6871599913215505],[101.34818024774643,3.6855403314150976],[101.35018977887347,3.682970249081734],[101.35019965900437,3.6788101520682517],[101.34992028549482,3.678050178347803],[101.34931032759204,3.67732972756761],[101.34806975486907,3.6763999717255729],[101.34757029105208,3.6757199465836266],[101.34728013471386,3.6748899044155223],[101.34724959162338,3.6742404223639937],[101.34736008450079,3.6728103048408229],[101.34758017239136,3.6717404108950973],[101.34688038698766,3.6682603390236181],[101.34666029788866,3.6673602259909899],[101.34723971270097,3.6650299978521161],[101.34713999902704,3.6619496749152063],[101.34654980621968,3.660750424486082],[101.34565957452639,3.6597802442142893],[101.34398960764247,3.658699569856708],[101.34337965094812,3.6582701769042387],[101.34310027381332,3.6576197945717013],[101.34303020657416,3.6566199702820654],[101.34574042459434,3.6435396026780609],[101.34773019304276,3.6348304377114573],[101.35068025921532,3.5992499680959895],[101.41034006752733,3.5470803116428442],[101.47151982448878,3.483379881461417],[101.46194018929901,3.4500703543659483],[101.46179017227291,3.4354996821304553],[101.46165991550851,3.4227103675203807],[101.46142006614775,3.3993595627981108],[101.46180005361219,3.3992203225585627],[101.46269028530548,3.3994996984849308],[101.46377005817368,3.3996497191363346],[101.46414016429878,3.3994098673587132],[101.46432970909899,3.3987001994073012],[101.46433959043827,3.3980004103783017],[101.46354009136058,3.3971497064590608],[101.46339995325695,3.3965801754028462],[101.46382036515115,3.3962495946348668],[101.464709695355,3.3964903430681943],[101.46536995660995,3.3972503179971341],[101.46569964072222,3.3975799984841046]]]},"properties":{"Daerah":"HULU SELANGOR","Negeri":"SELANGOR","Nam":"Hulu Selangor"}},{"type":"Feature","geometry":{"type":"Polygon","coordinates":[[[101.70574024413139,2.9833497877336868],[101.69910977845848,2.982589812804747],[101.69287996200114,2.9819699771879868],[101.65419042450344,2.9803601962039465],[101.63512997235063,2.9799496656490874],[101.63456044008603,2.9803098892264757],[101.62474994021909,2.9803404323169502],[101.60958009049273,2.9807698264778537],[101.60072000821896,2.9803898390134123],[101.59503996255609,2.9806296907910337],[101.58505968177604,2.9805003318907666],[101.58227041062463,2.9803898390134123],[101.58025998163345,2.9799703274002241],[101.57887028854003,2.9800700398657227],[101.57793963362542,2.9803799576741312],[101.57695957080591,2.9798598345228697],[101.58521958014148,2.9644501354356976],[101.60072000821896,2.9336199568494976],[101.61586021513591,2.9044902906545644],[101.63574981159269,2.8672102089288387],[101.64249975120129,2.8540103637639049],[101.64489016765697,2.8509003980175294],[101.6467397980017,2.8467501799264596],[101.64787975918665,2.844780175365031],[101.65004020882924,2.8407997418123614],[101.66720970834342,2.8231999478563239],[101.66876020129166,2.8238197870983868],[101.67155036547348,2.823829669646102],[101.67413032672926,2.8232098304040392],[101.67640036896825,2.8213503187199649],[101.67899021277179,2.8185502695735636],[101.68044009418196,2.8175199021934532],[101.68311976911167,2.8158598154403762],[101.68456965052184,2.8146201393731189],[101.67348982936136,2.8019296405728369],[101.64740994059599,2.7720498807883018],[101.63300006821532,2.7552001828386778],[101.63264972356035,2.72808004535392],[101.59705039154733,2.7285103397958324],[101.59730012224736,2.7104398305933728],[101.59775018057633,2.6781400091268779],[101.59796038350231,2.6694497065578275],[101.59864040864431,2.6512803839624439],[101.59896021020887,2.6504701056813929],[101.59937972182206,2.6490498670806346],[101.5993303151256,2.648260249342286],[101.59859998663143,2.6480500427909988],[101.59813016804077,2.6475299172228688],[101.59798014738936,2.6466899937154835],[101.59823975942868,2.6460602755509512],[101.59851015429678,2.6454799640829378],[101.59835025230609,2.6451098579577774],[101.59761992381192,2.6447900563932194],[101.5966802866306,2.6445798510503096],[101.59155988826774,2.6425604397924189],[101.5917296715977,2.6423098088113761],[101.59168026248437,2.6420304316765737],[101.59159043135816,2.6417798043207767],[101.59167038114509,2.6415498338824364],[101.591900350375,2.6414600027562187],[101.5924303548656,2.6416199023300919],[101.59291005600397,2.6418902959896968],[101.59320021113376,2.6420097711338144],[101.59392964297223,2.6417798043207767],[101.59503008000837,2.6410503724823116],[101.59570022381109,2.6405302469141816],[101.59604966818506,2.6403101590236133],[101.5966802866306,2.6403200403628944],[101.59703961234385,2.6401601407890212],[101.5976100412642,2.6397002047460774],[101.59796038350231,2.6394396912173193],[101.59808974240258,2.6391001293910676],[101.59882995344446,2.6388899228397236],[101.59921982224819,2.6387596660753161],[101.59990972993791,2.638299728823938],[101.60038044518427,2.638040116784623],[101.60120959069667,2.6375604156462487],[101.60168030715147,2.6371301248295822],[101.60225972075534,2.6368103232650242],[101.60299993179723,2.6365201669268004],[101.60361977103935,2.6360099239063857],[101.60566972538771,2.6350298635037461],[101.60614044425938,2.6348304373643145],[101.60664978699879,2.6347495872963691],[101.60730016691446,2.6347801303868437],[101.60811044882081,2.6346597561701515],[101.6086099126378,2.6344100242616832],[101.60930969924993,2.6336796957675119],[101.61022957254426,2.6331802307421412],[101.61064010309912,2.632919720838629],[101.61166957261509,2.6329502615122351],[101.61460975986523,2.6329403825897657],[101.61504005189028,2.6329601428515161],[101.61586021513591,2.6331802307421412],[101.61641986485279,2.6332098771768528],[101.61709000865551,2.6329502615122351],[101.61763977703311,2.6329601428515161],[101.61844017397488,2.6330796204124454],[101.61928998002998,2.6329295997610416],[101.62027004284948,2.6325801565955089],[101.62109020609518,2.6323600711217523],[101.62209991051566,2.6324903242608571],[101.62244037383141,2.6325603951253242],[101.62269998587072,2.6324597811703825],[101.62436007141537,2.6320402695571943],[101.62522964135752,2.6320501508964753],[101.62589978395175,2.6325496122966001],[101.62610999050304,2.6330697390731643],[101.62606956486491,2.632480442921576],[101.62619982162926,2.6322298143573448],[101.62701998245808,2.631890251322659],[101.62825965731696,2.6315695531023948],[101.62949035111751,2.6311599204116192],[101.63073990610724,2.6306101520340235],[101.63204965183058,2.6304197093697326],[101.63358037968339,2.6295797846539131],[101.63671999186448,2.6282403961211003],[101.63950027833232,2.6273896922018594],[101.64232008774042,2.626469816490669],[101.64528991900841,2.6255301781009166],[101.64798037314159,2.6247998496068021],[101.65042019629368,2.623879975104046],[101.65275042684942,2.623040047971358],[101.65300015754951,2.6231298803060099],[101.65313041431386,2.6233598495359161],[101.65308010733639,2.6238602112169929],[101.65364963960104,2.6234002751741059],[101.65405028881662,2.6231397616452909],[101.65498992599794,2.6229600981844214],[101.65674972400808,2.6228100811583204],[101.65734979936315,2.6227202500321027],[101.65803970584443,2.6223896692641233],[101.65905030933754,2.6216800013127113],[101.66004025349633,2.6209002624967752],[101.66060978576093,2.620530157580049],[101.66124040420647,2.6202696440512341],[101.66208032892229,2.6201699315857354],[101.66324993291664,2.6202498837895405],[101.66408985763246,2.6201501701156076],[101.6655702821331,2.619750418764113],[101.66673000720499,2.6194997877830701],[101.66768042479822,2.619139564205625],[101.66860029930098,2.6190003263829453],[101.67020019773724,2.6186904073661026],[101.67071044196609,2.618369707937461],[101.67105000379235,2.6181100946896549],[101.67159977458681,2.6179996018123006],[101.67244958064191,2.6180597913374868],[101.67320955557079,2.6179304324372197],[101.6739398852734,2.6176896827954579],[101.6750403223096,2.6169800148440459],[101.67637970842554,2.6162299224628782],[101.67771999361401,2.6154600661946574],[101.67801014995229,2.6152804027337879],[101.6786102253073,2.6151196028789627],[101.67908992644573,2.6148599908395909],[101.68125037487988,2.6132600911948884],[101.6822196560791,2.6126402555781283],[101.68392016847031,2.6111301858511524],[101.68469002232166,2.6102695993841962],[101.68507989112538,2.6098698492411359],[101.68553982837676,2.6097503740970751],[101.6859198158412,2.6098204425446738],[101.68603030871861,2.6099695617066345],[101.68605995394489,2.6105399942522354],[101.68595035893168,2.6109801676166171],[101.68562965950298,2.6118497375587708],[101.68625039660918,2.6121497752362757],[101.68664026541296,2.6112200169773701],[101.6871702699035,2.6106298265868872],[101.68792036590997,2.6098204425446738],[101.68827969162328,2.6092302485288883],[101.68860038863511,2.6081495753797412],[101.68890042631261,2.6075000933282126],[101.68899025743883,2.6065999827125097],[101.68910973379138,2.6058597716706231],[101.68933970422972,2.6052695788632718],[101.68932982168201,2.6044503134817774],[101.68939989012961,2.6036795593494162],[101.68951038300696,2.6031100270848242],[101.68981042068452,2.6026204470239804],[101.69032964597164,2.6020904401165694],[101.69037995294912,2.6018703546428128],[101.69022993229771,2.6015397738748334],[101.68998020159768,2.6010699552841743],[101.69000984682395,2.600600135485081],[101.69024969618471,2.6000602496552006],[101.69061980110143,2.5996398365526261],[101.69138965857809,2.5990900681750304],[101.69188013771145,2.5986597749414955],[101.69287008307867,2.5977704435292139],[101.69363993693003,2.5971101798573955],[101.69462988108882,2.5966601239453553],[101.69508981834019,2.5962702551415759],[101.69536020958299,2.5958399643249663],[101.69545992325692,2.5955399266474046],[101.69566024726055,2.5952901959473706],[101.69648041050618,2.5949703943828126],[101.69728979213153,2.5947700703792407],[101.69795993472582,2.5944197281410766],[101.69880974078092,2.5943002505801473],[101.69919961079307,2.5943802003670839],[101.69991017902555,2.5947799517185217],[101.70037011506849,2.5950602255090303],[101.70074022119366,2.5951302939566858],[101.70121003978431,2.5950898707353645],[101.70145977048435,2.5950099185315594],[101.70207960972641,2.5949299687446228],[101.70258985274683,2.5947898330578028],[101.70328963935896,2.5943703190277461],[101.70370016991387,2.5940397406766351],[101.70412956407478,2.5939400270027022],[101.70507998045957,2.5940999265765754],[101.70606992461836,2.5942795900373881],[101.70671042319475,2.5942400646802639],[101.70780008102747,2.5940496195991045],[101.70892027832537,2.5939400270027022],[101.71036027839625,2.5938304319894883],[101.71091004677385,2.5938699573466693],[101.71128015169057,2.5940100954503578],[101.71173021001948,2.5944799140410169],[101.7122000286102,2.5954303316341907],[101.7123698095233,2.5956099938866259],[101.71300042555197,2.5957896573474954],[101.71331034577719,2.596060049798723],[101.71343970467746,2.5964795638287796],[101.71329956536533,2.5970401114097967],[101.7125701347353,2.5978503933161505],[101.71315044620337,2.5983103305675286],[101.71188022704564,2.6001896049301649],[101.70833008551801,2.6022602210297237],[101.70550039235377,2.6033804219529202],[101.7047502999726,2.6040200214567335],[101.70444038095576,2.6046497396212089],[101.70425981963075,2.605730412770356],[101.70470987554285,2.607020395815141],[101.70527042554073,2.6082304254476867],[101.70637984484364,2.6096201173326676],[101.70846034228242,2.611490411845466],[101.71169966692906,2.6140398300108245],[101.71444042562285,2.6160700204721365],[101.71492012555279,2.6163296361368111],[101.7152201632303,2.6160996656984707],[101.71525969100435,2.6165101962533868],[101.71554984734257,2.6168003525916106],[101.71758991914322,2.6179304324372197],[101.72048968196356,2.6190596144186884],[101.72211024215102,2.6196004017380119],[101.72379009037422,2.6198501324380459],[101.72485010298067,2.6198195893476282],[101.72586968994892,2.6192204142735704],[101.727050076772,2.6179196532337983],[101.72804990106169,2.6165299601403831],[101.72886018175961,2.6160403776627277],[101.72942971402421,2.6158499349983799],[101.72993995825306,2.6159298847853165],[101.73069005063422,2.6161697341460695],[101.73115986922494,2.6165596029498488],[101.73177970605013,2.6176600399859922],[101.73213993204445,2.6189203765960087],[101.73243008838267,2.6216099304481872],[101.73230971295754,2.623040047971358],[101.73228994907055,2.6238602112169929],[101.73197014871442,2.6260503036690466],[101.73112034265932,2.6289698279595655],[101.73036036773038,2.6306999831602411],[101.72940995013721,2.63259003793479],[101.72857990796911,2.6335197937768271],[101.72738963980674,2.6346696375094893],[101.7268802958589,2.6355302227680113],[101.72677968432077,2.6362102479100145],[101.7275001326841,2.6379502856584054],[101.72811997071773,2.6386599524013832],[101.72852960099164,2.6392501464171687],[101.73053014864354,2.6424104191410152],[101.73312987378637,2.6455796765484365],[101.7344800415226,2.6467995887286975],[101.7360799411673,2.6477598876611523],[101.73767983960363,2.6485800484899755],[101.73945042044244,2.6494397358844139],[101.74002983404637,2.6495403474224872],[101.74102965712757,2.6499203336784944],[101.74213997671148,2.650770139733595],[101.74450973262441,2.651750202553103],[101.74569999836996,2.6519604091044471],[101.74689026653232,2.6524302276951062],[101.74852969274264,2.6538899916529886],[101.74910012287143,2.6546302014864409],[101.749300446875,2.6551503270545709],[101.74939027920965,2.655750399992769],[101.74904981589395,2.6581399197926885],[101.74855035449383,2.6597901252064844],[101.74790985470901,2.6623898479324453],[101.74762957971006,2.6646095856107763],[101.74737984901003,2.6653399177302504],[101.74669982507646,2.6658501583337966],[101.74660999274181,2.666090010111418],[101.74682019929315,2.6663002166627052],[101.74741038968358,2.6662400271375191],[101.7469495557765,2.6666802029187693],[101.74587966062239,2.6670296472927362],[101.74559040577356,2.6673799895309003],[101.74335000634403,2.6685702576932613],[101.74249031894965,2.6695997272092313],[101.7419297701602,2.6705797900287394],[101.74186958184339,2.6715903923134192],[101.74196031325062,2.6733600728712759],[101.74243013304971,2.6746500547076266],[101.74287030641409,2.6755196246497235],[101.743100275644,2.675589693097379],[101.74375963903481,2.6754800968757309],[101.74329969936656,2.6759597980141052],[101.74326017521781,2.6764700422429542],[101.74375963903481,2.6767898401822094],[101.74568023689977,2.6787203205948913],[101.74615005549043,2.6795800079893297],[101.74744991745763,2.680780158699406],[101.74935973611917,2.6817000332021621],[101.7501502529301,2.6816596075639723],[101.75290987764674,2.6811403822768511],[101.75343000079806,2.6816299647545634],[101.75426992551388,2.6842898757972762],[101.75433011383063,2.6851801038652638],[101.75348030777553,2.6870800436043965],[101.75319015143725,2.6879100857724438],[101.75352971447199,2.6886898245883799],[101.75411002594001,2.6906903722402831],[101.75421962095328,2.6913596145535621],[101.75532005557255,2.6919102832121098],[101.75620040471813,2.6926199511635787],[101.75608991184077,2.6936700812222512],[101.75639983206599,2.6942000893380964],[101.75567040022759,2.6942998030120862],[101.75556978868951,2.6947202124894147],[101.75618962551471,2.695879937561358],[101.75666034196951,2.6970297812939634],[101.75707985599956,2.6975597857845628],[101.75821981839289,2.6984500174778532],[101.75952956169942,2.6989297186162275],[101.76040991084494,2.6989800243852642],[101.76078001576167,2.6992504168364917],[101.76146004090367,2.6995603358532776],[101.76139985500379,2.7000301556524278],[101.76114023933911,2.7005098555823679],[101.76114023933911,2.7013497802981874],[101.7615597545776,2.7020801087923587],[101.76238979674571,2.7029200335081782],[101.76333033179117,2.7035596366372374],[101.76314977167459,2.71081981684938],[101.76282009118762,2.7228698182817084],[101.76132978413926,2.7420704085382113],[101.75929959488639,2.7731000120554086],[101.7577095741641,2.7917499324449295],[101.757060093321,2.8061104017543812],[101.75643037515647,2.8153100458543463],[101.75630999973134,2.8202202388743558],[101.75588958783715,2.8232295942910355],[101.75427980685316,2.851039635840209],[101.75405972137941,2.8583402441074099],[101.75351983192428,2.8625003411208922],[101.75268978975618,2.8705896692623014],[101.76793958926947,2.870620212352776],[101.77653017695616,2.8701198506716423],[101.77819026491761,2.8697704062976186],[101.77992041770142,2.8695700822940466],[101.79108018744046,2.8692296201867862],[101.79095981322376,2.8697003390584541],[101.7907801497629,2.8703102933359332],[101.79039028337604,2.8713496441911843],[101.78996987148184,2.8722201119974784],[101.78957012013035,2.8729198998180436],[101.78903023430053,2.8736699934076455],[101.78850022618468,2.8742997115721778],[101.78756957247845,2.8752195872833113],[101.78693985431397,2.8758403219727029],[101.78601997860278,2.8765697538111112],[101.78480006642252,2.8774698656353053],[101.78450002874501,2.8776899547343078],[101.78374005381608,2.8781804338677262],[101.78209973095005,2.8790796466192887],[101.78065973087917,2.8797201476125451],[101.7785100640653,2.8808196843677365],[101.77766025680177,2.881209553171459],[101.77646998863935,2.8817296763227205],[101.775680370901,2.8819901886431012],[101.77410023272643,2.8827196204815095],[101.77321000465844,2.8832002194840811],[101.77213022937343,2.8838802434175932],[101.77078994297648,2.8849195942729011],[101.77053032972873,2.8850902730501389],[101.76999044389885,2.8854999069493488],[101.76957991334393,2.8859203188435458],[101.76921968614124,2.8865203917817439],[101.76896007410187,2.8871195692726701],[101.76871034340184,2.8877403027535706],[101.76851990073754,2.8881598179920616],[101.76841030572427,2.8885703485469776],[101.76834023727667,2.8892099480507909],[101.76828004895987,2.8900103474094294],[101.76829981284692,2.8911700700645042],[101.76821986305998,2.8928903439258988],[101.7681596771601,2.8953903553947384],[101.76802043692055,2.8981302162243878],[101.76796024981223,2.8996304046120258],[101.76791982538248,2.9006302289017185],[101.76785963948254,2.9011799972793142],[101.76772039924299,2.9020801103118856],[101.76760002623479,2.9027700167931698],[101.76743024290477,2.9037303157256247],[101.76715985045354,2.9048603955712906],[101.7669801882011,2.905550302052518],[101.76667026797588,2.9061899027647655],[101.76640975807237,2.9066399574684283],[101.76608995650781,2.9071600830365583],[101.76567044489462,2.9077996837488058],[101.76509013342661,2.9086000831074443],[101.76463019617523,2.9091399689373247],[101.76372020180338,2.9098397555494557],[101.76319019610435,2.9102996952176454],[101.76259012074928,2.9107704116725017],[101.76139985500379,2.9113803659499808],[101.7607099485225,2.9119202554051071],[101.76011975450672,2.9124700237827028],[101.75974964958999,2.9130000282732453],[101.75893038662537,2.9142199428704316],[101.75841026105724,2.9150203398122017],[101.75789013548905,2.9161998287711413],[101.75760986169854,2.9171295846131784],[101.75754967579866,2.9175499965073755],[101.757479607351,2.9184096826933796],[101.75746972601172,2.9194696940913332],[101.757479607351,2.9200598881071187],[101.75753979325094,2.9207497945884029],[101.75759010022841,2.9211199007135633],[101.75772035457595,2.9219903673113663],[101.75797996661527,2.9230198368273932],[101.75849021084412,2.9245299041374437],[101.75866987309655,2.9253401860437975],[101.75871029873474,2.9257695789963236],[101.75873994154421,2.9265403331286279],[101.75866987309655,2.927179936257744],[101.7584803282964,2.9279497901090394],[101.75820005450589,2.9289100890415511],[101.75792966205466,2.9297302522872428],[101.75760986169854,2.9307498392554407],[101.75728018121157,2.9317604451654233],[101.75676993698272,2.9329201678204981],[101.75636030670881,2.9339801804269428],[101.75621028605741,2.9343898131177184],[101.7558302998014,2.9354597070633872],[101.75552037957618,2.936349936339866],[101.75477028719496,2.9381501611965746],[101.75446037059504,2.9390996785087964],[101.7539797691756,2.940679816683371],[101.75350006924566,2.94233002209711],[101.75333028712413,2.9429399763745892],[101.75310032031109,2.944169769894188],[101.75305989588134,2.9447896091362509],[101.75305989588134,2.9452603255910503],[101.75311020165037,2.9457696683304562],[101.75314972700755,2.9467802742404388],[101.75320003398502,2.9473902321432206],[101.75321979424672,2.9484197004507564],[101.75320003398502,2.9495803245952743],[101.75306977722062,2.9502298054383687],[101.75289011375975,2.9508298783765667],[101.75273021539437,2.9511595612804058],[101.75221997116552,2.9524198978904224],[101.75182021981402,2.9536398100706833],[101.7513800464497,2.9546602949030785],[101.751259672233,2.9548696035902253],[101.75100994153297,2.9552199446199552],[101.75062007272919,2.9557499527358004],[101.74999035093941,2.9567596583647742],[101.74934985357146,2.9578699767402554],[101.74867971097723,2.9588796823691723],[101.74800956717451,2.959949576314898],[101.74700974167644,2.9616599676285773],[101.74658034751553,2.962380415991845],[101.74623988782508,2.9631197291695912],[101.74570987970924,2.9641195546677181],[101.74533977479251,2.9648804274607414],[101.74498044907921,2.9658703716195305],[101.74479000641492,2.9664300225448414],[101.74464986831123,2.9669600270354408],[101.74427976218607,2.9683398399979524],[101.74413962649925,2.9691501194874945],[101.7440003862597,2.9698696711950561],[101.74387013191216,2.9708497315976956],[101.74377041823823,2.9717300807432707],[101.74375963903481,2.972320273550622],[101.74374975769553,2.9729302314534038],[101.74378030078594,2.9733596256143073],[101.74387013191216,2.9743801104467025],[101.74387013191216,2.9756898561700496],[101.74388001083463,2.9771002098061672],[101.74383958882174,2.9775897922838794],[101.74379017970841,2.9779598972006056],[101.74378030078594,2.9782698174258257],[101.74368956937877,2.9790495526164591],[101.74363028013454,2.9796199827452483],[101.74357009423466,2.9805299771171008],[101.7435296698049,2.9811300524721673],[101.74347038176916,2.9816304117364325],[101.74341019224397,2.982090351404679],[101.74313980100118,2.9829302761204985],[101.74206990584702,2.9851904358117167],[101.74142042500392,2.9863196190016197],[101.74001007015937,2.9887297993442985],[101.73974956025586,2.9894798917254661],[101.73844969587179,2.9918002409419273],[101.7371803782035,2.9942697093203492],[101.73615989095424,2.9956701816171858],[101.73504957378719,2.99702034935342],[101.73395991595447,2.9978503915215242],[101.7316997562632,2.9996299534186619],[101.73112034265932,2.9998895690833365],[101.73054991253053,3.0003899283475448],[101.72910003112037,3.0016296032064247],[101.7282798702916,3.0022898680866774],[101.72684975276843,3.0040101407396378],[101.72612032092997,3.005080032268495],[101.72483033909367,3.0074497881814182],[101.72403982107431,3.0088996695915853],[101.72205005383427,3.0122800302060568],[101.72164042356036,3.0121201282153152],[101.72106999343163,3.0117904477283446],[101.72053998652422,3.0112703221602146],[101.71977012904756,3.0102696012148158],[101.7191700573178,3.0091197574822104],[101.71857986330201,3.0079501498625518],[101.71944044856059,3.0075899262851067],[101.72007016672512,3.0075503985110572],[101.72007016672512,3.0053396455163011],[101.72023994884665,3.0042203448741134],[101.7200000994859,3.0036400334060431],[101.71993991358602,3.0029698896033779],[101.72003962363465,3.0022701041996811],[101.7200000994859,3.0015101292707413],[101.72032977997287,3.0006001348988889],[101.72053998652422,2.9990801850410662],[101.72082026031472,2.9967598394499078],[101.72075019186707,2.9951401771266433],[101.72061993510266,2.9938897218559077],[101.7205498678635,2.9931602876005741],[101.720150116512,2.9923203628847546],[101.71972970703467,2.9904096475675033],[101.71972970703467,2.9897601655159747],[101.71886013709258,2.9887495596060489],[101.7184001998412,2.9884800650189618],[101.71710033666557,2.9881602670797065],[101.71632958253321,2.9877596178640715],[101.71518962013988,2.9876796680771918],[101.71455002063607,2.9875098871640375],[101.7148204130873,2.9861103103144728],[101.71550043702081,2.984220255539924],[101.71052017797012,2.9838196063243458],[101.70929038445053,2.9837504369492649],[101.70574024413139,2.9833497877336868]],[[101.66437013383984,2.9641096733284371],[101.66430006418375,2.9647304104346404],[101.66485971390063,2.9653700099384537],[101.66509956567825,2.9656296219777687],[101.66565023191998,2.9660096094422101],[101.66640032430115,2.9665503967615336],[101.66680007565265,2.9672501821652304],[101.66700039965622,2.9675295593000328],[101.66715042030762,2.9676301696296719],[101.66755016803381,2.9678799039550086],[101.66800022636278,2.9682697703419194],[101.66815024338888,2.9683703830884269],[101.66869013042719,2.9687198274624507],[101.66924978014407,2.9690099838006745],[101.66933961247867,2.9694097315268095],[101.6697699057122,2.9696801263949055],[101.67003041682409,2.9697897189913078],[101.67030979275046,2.9698696711950561],[101.67083980086636,2.9699199757556585],[101.6710904282221,2.9700098068818761],[101.67132039866044,2.9701795877950303],[101.67204983049891,2.9708596129370335],[101.67258971632873,2.9710797008276018],[101.67348982936136,2.9713698571658256],[101.67405037815081,2.9713797385051635],[101.67430999019012,2.9715198741919835],[101.67493971077153,2.9718495583042568],[101.6758703644777,2.9719196255434213],[101.6772897027974,2.9716797761826683],[101.67771011469159,2.9719600499731769],[101.67771011469159,2.9721702565245209],[101.67905040108855,2.9721998993339298],[101.67967023791374,2.9721397134340464],[101.68022000629134,2.9720804253983033],[101.68046973940824,2.9720597636471098],[101.68074013185947,2.9720301184208324],[101.68142015700147,2.9719402872946148],[101.68135008613694,2.9716195878659164],[101.68133032466682,2.9715198741919835],[101.68170043079198,2.9715099928526456],[101.681769600167,2.9718899803171439],[101.68278020366012,2.9716698948433873],[101.68363989226293,2.9714803500432367],[101.68414025394407,2.9714399244050469],[101.68432979874422,2.9714300430657659],[101.68461007253472,2.971180312365675],[101.68530986156372,2.9709602244751068],[101.6863195671927,2.9709099199145044],[101.68712984789062,2.9712000762527282],[101.6884198273101,2.9714803500432367],[101.68878993343526,2.9716797761826683],[101.68984006349399,2.9720597636471098],[101.69045002018834,2.9722403249721197],[101.69083989020049,2.9723499199853336],[101.69128006235644,2.9725197008984878],[101.69190978414622,2.9728404003271862],[101.69186037503289,2.9729697556021506],[101.69583991072136,2.9754598857317092],[101.6958497920607,2.9754302405054318],[101.69590009903817,2.9754598857317092],[101.69711012867072,2.9761003830996628],[101.69793029191635,2.9764004207771677],[101.69835968607725,2.9764004207771677],[101.69843963586419,2.9764201846642209],[101.69849982176407,2.9764803705641043],[101.69858965289029,2.9765603227679094],[101.69892023365827,2.9768298173549965],[101.69936040943952,2.9767399862287789],[101.69937028957037,2.9767202223417257],[101.70040964042562,2.9770400214894153],[101.70189006492626,2.9773598230539733],[101.70245959719085,2.9773598230539733],[101.70321957091136,2.9775296039671275],[101.70378011970081,2.9777002851612338],[101.70432000553063,2.9784503775424014],[101.70433976941769,2.9784701390125861],[101.70518957547279,2.9790800957069337],[101.70531983223719,2.9790800957069337],[101.70628013116965,2.9790899782546489],[101.70653974441746,2.979799646206061],[101.70744973878931,2.9800898013359074],[101.70820971371825,2.9809701504814825],[101.70843968053128,2.9832303137980034],[101.70901011066002,2.9834396188599044],[101.70948981058996,2.9834899258373753],[101.71010964983208,2.9829500363821921],[101.70955987903761,2.9824002680045965],[101.70974044157106,2.9806503525422272],[101.70949969313773,2.980220058100258],[101.70911970567323,2.9795301516190307],[101.70893016087308,2.979310066145274],[101.70745961771178,2.9776796234100971],[101.70721976835102,2.9775098400800744],[101.70538990068479,2.9762198606606489],[101.70450955033084,2.9757599234092709],[101.70461016186891,2.9755802611568356],[101.70224040595599,2.9734503546046653],[101.70156038202242,2.9720804253983033],[101.70144000901422,2.9703897943463176],[101.701350177888,2.9703897943463176],[101.70122980367131,2.9686596391456419],[101.70351960858886,2.9683497225457245],[101.70483024975948,2.9672403008259494],[101.70483024975948,2.9669995548094903],[101.70484013109882,2.9636901617151921],[101.70542044377527,2.9636901617151921],[101.70739044712826,2.9637099219769425],[101.70976020304118,2.9637296858639388],[101.71008988594502,2.9637296858639388],[101.71027044727003,2.9637296858639388],[101.71028032860931,2.9621702118574262],[101.71062977298334,2.9623301114312426],[101.71154964627766,2.9621504479703731],[101.71205000916717,2.9618297497501658],[101.71281986543539,2.9618198672023937],[101.713949945281,2.9623902973311829],[101.71430028993603,2.962710098895684],[101.71442964641938,2.9631403897123505],[101.71491024421351,2.9634700738246238],[101.71530011301724,2.9642399300927877],[101.7156702191424,2.9643396425582864],[101.71605020660684,2.963990195767451],[101.71681018032734,2.9642902334449559],[101.71681018032734,2.9554903394879943],[101.73256034152178,2.9554103872842461],[101.73403986815822,2.9534197221800582],[101.73404974828912,2.9531098019548381],[101.73404974828912,2.9524198978904224],[101.73404974828912,2.9509798990279705],[101.73404974828912,2.9493296924057404],[101.73404974828912,2.9473201612786966],[101.73404974828912,2.9461002490984356],[101.73404974828912,2.9455100562910843],[101.73404974828912,2.9446800141229801],[101.73404974828912,2.9429498589223044],[101.73404974828912,2.9427603129137196],[101.7340596296284,2.9416796397645726],[101.7340596296284,2.9405801030093812],[101.73408029137954,2.9388400652609903],[101.73410005526659,2.937220402937669],[101.73410993660588,2.9360202558528954],[101.73411981794516,2.9340601302138793],[101.73418000384504,2.9316301884010159],[101.73418988639281,2.9308800960198482],[101.73420965027981,2.9293601461620824],[101.732870261747,2.9293502648227445],[101.73198003005371,2.9293502648227445],[101.73116975177265,2.9293502648227445],[101.72879999585973,2.9293296030716078],[101.7286203336073,2.9293197217323268],[101.72720997634588,2.9293403834834635],[101.72352958047077,2.9293197217323268],[101.72267977441561,2.9293197217323268],[101.7220796990606,2.9293197217323268],[101.72183984969979,2.9293098403930458],[101.72100980511487,2.9292900765059926],[101.72016988039906,2.9292703150358648],[101.71988960660855,2.9292703150358648],[101.71932995568324,2.9292604336965269],[101.71849003217585,2.9292496544931055],[101.71765998638244,2.9292397719453902],[101.71683982676205,2.9292298906061092],[101.71683982676205,2.9294697387584279],[101.71666016330119,2.9294697387584279],[101.71470992020988,2.9294697387584279],[101.71289981522233,2.9295002818489024],[101.71129003423829,2.9295101643966177],[101.70926972269939,2.9295002818489024],[101.70909006044695,2.9295002818489024],[101.70909994178623,2.9282201849771354],[101.70915024876371,2.927179936257744],[101.70922031600293,2.9255099669569518],[101.70926972269939,2.9245900924541957],[101.70930026578981,2.9238804220859151],[101.70910982312552,2.9220298950854158],[101.70894992476013,2.9204803000013158],[101.70878014263855,2.918530056910015],[101.70868043017305,2.9168196655963357],[101.70868043017305,2.9166301207961851],[101.70868043017305,2.9150598675862511],[101.70872983566107,2.9131895730734527],[101.70660981165668,2.9132201161638704],[101.70540966336341,2.9132398800509236],[101.70453021208198,2.9132596415210514],[101.7043496519654,2.9132596415210514],[101.70327975801968,2.9132803020637539],[101.70256020752055,2.913290184611526],[101.70192958907501,2.913300065950807],[101.70194037190373,2.9114701970761985],[101.7019502508262,2.9096403318268358],[101.70186041969998,2.9096403318268358],[101.70113997133666,2.9096502131661168],[101.6994196986837,2.9096699746363015],[101.69887980922857,2.9096897385232978],[101.69887980922857,2.9095900248493649],[101.69888969056785,2.9086602690073278],[101.69888969056785,2.9078598696486893],[101.69889957311557,2.9075795958581807],[101.69891035231899,2.9065600076814917],[101.70022997696481,2.9062303247776526],[101.70189994626554,2.9058197966396051],[101.70294019498499,2.9055601821834216],[101.70300038088487,2.90507958318085],[101.70306955146839,2.903839908322027],[101.70317016542333,2.9018501398735452],[101.70318992568502,2.9014602710698227],[101.70241019049439,2.8998603726334977],[101.70071955944246,2.8994004353821197],[101.69895976143232,2.8987401741271697],[101.69896964035479,2.8942000896492459],[101.6978503397126,2.8936404399323692],[101.69562970658694,2.893159838512986],[101.69318988101793,2.8933296218429518],[101.69128006235644,2.8932397907167342],[101.68971969169417,2.8919102847316935],[101.68944031455936,2.8894497974115438],[101.68880969611382,2.8877501853012859],[101.68832999618388,2.8848297631466835],[101.68680016498678,2.8849097129335632],[101.68666991063924,2.8849097129335632],[101.68657019817374,2.8840599068784627],[101.68650012730927,2.8834795954104493],[101.68638963443192,2.8828301133589207],[101.68622973485805,2.8819102400645988],[101.68551018556735,2.8816901509655395],[101.68493975543856,2.8819704259644823],[101.6845903110646,2.8820503745429846],[101.68398035437025,2.8820503745429846],[101.68312965045095,2.8817799833001914],[101.68263018663401,2.8817898646394724],[101.68208041825642,2.8817799833001914],[101.68206963784456,2.8812796216190577],[101.68216036804336,2.8802196090126699],[101.68095033720238,2.8802501521030877],[101.68096021975009,2.8798297402088906],[101.67991008969136,2.8792602079442986],[101.67899021277179,2.88016032097687],[101.67875036341098,2.8804001691292456],[101.67832995151679,2.8808098018199644],[101.67818981582997,2.8809499411320871],[101.6779903884821,2.8811502651357159],[101.67794996405235,2.8812697390713424],[101.6775699765879,2.8812697390713424],[101.67678035643269,2.8812697390713424],[101.67682976554602,2.8798899285256994],[101.67636982829464,2.8799303505385865],[101.67628987609089,2.8794704132872084],[101.67650008264218,2.8790203585835457],[101.67633030172908,2.8785604213321676],[101.67637970842554,2.8781103642116364],[101.67612997772545,2.8776504269603151],[101.67597007815164,2.8764197355765759],[101.67595031426458,2.8762903790931773],[101.67483999830597,2.8778902787379366],[101.67378986703886,2.8796500767480211],[101.67333980991833,2.8804001691292456],[101.67330028456115,2.8805897139293961],[101.67335957259695,2.8805995964771114],[101.67322033477427,2.8812302149225957],[101.6730703153313,2.8819201189870114],[101.67295982245389,2.8824402445551414],[101.67285022985754,2.8829702490457407],[101.67272985564085,2.883510138500867],[101.67271997309314,2.8835604430614694],[101.67266966611567,2.8835604430614694],[101.67130961945702,2.8824896512516034],[101.67014001183736,2.8815796592966194],[101.66935039168214,2.8809795839415528],[101.6672698942433,2.8794299912743213],[101.66697973911351,2.8800597094387967],[101.66607962849776,2.8820701384299809],[101.66567987714632,2.8829495872945472],[101.66500973455203,2.8841003313082183],[101.66465040763035,2.8847201681334127],[101.66423987828387,2.8854199571624122],[101.66413028206222,2.8855996194148474],[101.66417968875868,2.8861502856565835],[101.66423987828387,2.8868797174950487],[101.66427042137434,2.8871599912855572],[101.6651696341259,2.8885496867957841],[101.6651696341259,2.8892297119377872],[101.66490013953882,2.8895800529675171],[101.66416980983621,2.8899600404319585],[101.66347990335498,2.890760439790597],[101.66342959637751,2.8909598671384629],[101.66333976525129,2.891310209376627],[101.66317986567742,2.8919498088804403],[101.6630199661036,2.8925804273259246],[101.66285018519045,2.8932397907167342],[101.66271004708676,2.8937697952073336],[101.66263997863916,2.8940401876585042],[101.66258967166169,2.8942297324586548],[101.66195995349716,2.8967099812489892],[101.66195007215788,2.8967099812489892],[101.66122962258612,2.8995199117346715],[101.66165003448032,2.9017198867344405],[101.66327957935135,2.9032398353838289],[101.66346013946793,2.9034203967088388],[101.6645902193136,2.9044804081067923],[101.66498008932575,2.9062500886647058],[101.66477976411375,2.9063201559038703],[101.66477976411375,2.9064800578945551],[101.66482018975188,2.9067702142328358],[101.6648902569911,2.907189725846024],[101.66491990221743,2.9073702871710339],[101.66492978476515,2.9075499494234123],[101.66500973455203,2.9078302268392235],[101.66500973455203,2.9079703625260436],[101.66498997066503,2.9082200932261344],[101.66505015656492,2.9084096380262849],[101.66518041332932,2.9085803192203912],[101.6652495827044,2.9088596951467593],[101.66539960335581,2.9090195947206325],[101.66566011325926,2.9089603066848895],[101.66582001283314,2.9088803568979529],[101.66612993305841,2.9086503864596125],[101.66627995250138,2.9085803192203912],[101.6663697836276,2.9086099620298569],[101.66647039516567,2.9086701503466088],[101.66659975164907,2.9087797453598796],[101.66675965122289,2.9089603066848895],[101.6669896204528,2.9092603443623943],[101.6669896204528,2.9093600580363272],[101.66718994445637,2.9094202439362675],[101.66723037009456,2.9097103990660571],[101.66742979381712,2.9096996198626357],[101.66772983149468,2.9096996198626357],[101.6679696832723,2.9097202816137724],[101.66980044880262,2.9098900625269266],[101.67006006205042,2.9099403695043975],[101.67029002886346,2.9100203192912772],[101.67049035407547,2.9101299106792453],[101.67062959431502,2.9102296243531782],[101.67077961134112,2.9103697624568667],[101.67092963199258,2.9105404412341613],[101.67104012486993,2.9107299860343119],[101.6711101921091,2.9108800066857157],[101.67118026055675,2.9111099734987533],[101.67120990578309,2.9112501116024418],[101.67121978712237,2.9114001298369772],[101.67121978712237,2.911519606189529],[101.67120990578309,2.911700167514482],[101.67069966155424,2.9151101709384193],[101.67067989887562,2.9152700729291041],[101.67110031076982,2.9152601915898231],[101.67110031076982,2.9157901960803656],[101.67165996048669,2.9157803147410846],[101.6731897916838,2.91574977165061],[101.67333980991833,2.9158000774197035],[101.67334969125767,2.9166202382484698],[101.67335957259695,2.9167495971487369],[101.67339999823514,2.9168699725738065],[101.67345030279574,2.9170002257129113],[101.67352037245178,2.9171197032738974],[101.67360032223871,2.9173496725038035],[101.67363984759589,2.9175904197286968],[101.67362996504818,2.9178500317680687],[101.67361020478643,2.9181096474326864],[101.67354013392196,2.9183701573361986],[101.67350959324835,2.9185498207970682],[101.67348982936136,2.9187896701578211],[101.67354013392196,2.9189801152389805],[101.67362008612571,2.9191498961520779],[101.67371979738283,2.9193196770652321],[101.67382041012934,2.9194903558425267],[101.67385993548646,2.9196700193033962],[101.67383028905175,2.9198496815558315],[101.67364972893517,2.9201901448715262],[101.67329040322187,2.9208800513528104],[101.6731897916838,2.9211396646005596],[101.67316014645752,2.9214100558433529],[101.67319967423151,2.9216903296338614],[101.67331016710892,2.9219499428816675],[101.67353025499949,2.92219967599857],[101.67373956006139,2.9223595755723863],[101.67394976661268,2.9224997136760749],[101.67400007359015,2.9225203754272684],[101.6739201213864,2.9230899052749919],[101.67346018413502,2.9236001482954066],[101.6731700277968,2.9240502042075036],[101.6726202594192,2.9249000102626042],[101.67240017152858,2.9259501427381451],[101.67141022978666,2.9264100799895232],[101.67135004146991,2.9264298402512736],[101.67148029823426,2.9266202865408673],[101.67140034844738,2.926659810689614],[101.67125032779597,2.9266903537800317],[101.67071044196609,2.9267999487933025],[101.67088022287925,2.9269796122541152],[101.67098981789246,2.927310190605283],[101.6710904282221,2.9276596337708156],[101.66991992394674,2.9280998107604432],[101.66981033135033,2.9281599966603835],[101.66973037914659,2.9282103024294202],[101.66968007458598,2.9282803708770189],[101.66965042935965,2.9283603206639555],[101.66966031069893,2.9285202226546403],[101.66974026048587,2.9287798346940122],[101.6697896695992,2.928960396019022],[101.6698202102728,2.9291499408191726],[101.66980044880262,2.9293502648227445],[101.66974026048587,2.9297401336265239],[101.66969983847298,2.9298703879740629],[101.66956958170857,2.9301102397516843],[101.66927044189521,2.9306097011517522],[101.66912042486911,2.9308396715900926],[101.66903957480116,2.9309896886162505],[101.66900004944398,2.9311495906069354],[101.66894974246651,2.9314298643974439],[101.66895962501422,2.9315897639712603],[101.6689901681047,2.9317496659620019],[101.66915006767852,2.9322796704525445],[101.66944022280836,2.9332399693850562],[101.66992980528602,2.9348901747987952],[101.66993968783373,2.9349099362689799],[101.67006006205042,2.935379754859639],[101.67050023541475,2.9370398428210933],[101.67039962387668,2.9375599683892801],[101.67030979275046,2.9384196557836617],[101.67021996162424,2.9388203049992967],[101.67013012928959,2.9392200527254317],[101.66993968783373,2.9398201280804983],[101.66977978825992,2.9401803516579434],[101.66955970036929,2.9405998668964344],[101.66923001988232,2.941100228577568],[101.66886979388801,2.941589808638355],[101.66855987607966,2.9420201030802673],[101.66818976874606,2.942530346100682],[101.66802986917219,2.9427396523710172],[101.66794003804597,2.9428600265876526],[101.66783044182432,2.9430001646913411],[101.6676903061375,2.9431403003781611],[101.66754028669453,2.9432498953914319],[101.66731031988149,2.9434502206034381],[101.66627007116205,2.9443503336360095],[101.66642996952748,2.9443099079978765],[101.66665005862654,2.9442802627715423],[101.66691955321357,2.9443099079978765],[101.66717018056937,2.9443898577847563],[101.66744955770417,2.9445596386979105],[101.6677100700245,2.9447797265885356],[101.66801010528519,2.9450096946100075],[101.66832002430203,2.9452297825005758],[101.66870001176648,2.9454399878434856],[101.66923001988232,2.9456600757340539],[101.66999987373367,2.9458397391949234],[101.67054964452808,2.94591968898186],[101.67211989773807,2.9460795885557332],[101.67306043640883,2.9461703175460912],[101.67320955557079,2.9462799125593051],[101.67400995251262,2.9463904054366594],[101.67428034738066,2.946340100876057],[101.67509961034534,2.9463203369890607],[101.67567004047407,2.9466697813630276],[101.67580029723848,2.9469401738142551],[101.67590988862645,2.9471701442525955],[101.67634018306836,2.9499198864215259],[101.67622969019095,2.9506295543729379],[101.6757401077133,2.9512700541577601],[101.67458038505822,2.9522501169772681],[101.67357966169595,2.9534197221800582],[101.67279992288007,2.9539901511003563],[101.67259959887645,2.9541599332219448],[101.67089010421853,2.9555604079356499],[101.67042028562787,2.95537984661064],[101.66969983847298,2.95537984661064],[101.66810981895912,2.9565503520944389],[101.66801010528519,2.956599758790901],[101.6671396374789,2.9571198819422193],[101.66645961596225,2.9576804319401049],[101.66577959082025,2.9582400828654158],[101.66469981432681,2.9611596059474437],[101.66437013383984,2.9641096733284371]]]},"properties":{"Daerah":"SEPANG","Negeri":"SELANGOR","Nam":"Sepang"}},{"type":"Feature","geometry":{"type":"Polygon","coordinates":[[[101.49521019224574,3.183949863399846],[101.49392021282631,3.1842597812082545],[101.49272006211618,3.184920044880073],[101.49174000171354,3.1861201919648465],[101.49129982593234,3.1869699992284382],[101.49125041923583,3.1877299729488868],[101.4914300826967,3.1882195554265991],[101.49146960684544,3.1890603780065589],[101.49101955214178,3.1895104351270334],[101.49045001987719,3.1898203517270076],[101.48991013283893,3.1908004145465156],[101.49016974608668,3.1914696604850405],[101.48991013283893,3.1920903939659979],[101.48960021382209,3.1921802263006498],[101.48800031538582,3.1921703461697462],[101.48716039067,3.1923095852008601],[101.48649024686728,3.1925700951043723],[101.48498017955723,3.1931504065723857],[101.4843603415236,3.1927398760175265],[101.48248016808833,3.1923401282913346],[101.48123959536531,3.1920697334232386],[101.48013017606246,3.1924703814304394],[101.47893002535233,3.1930497950343124],[101.47822035860935,3.193129744821249],[101.47711003902543,3.1935798031502145],[101.47621980854058,3.1943802000919845],[101.47608955419304,3.1951302948900207],[101.47489030376391,3.1958399628414327],[101.47341976060261,3.1962397141929273],[101.47191957342335,3.1960097449630211],[101.47094041088485,3.195339601160299],[101.46930996814967,3.1933803758022918],[101.46855987576851,3.1925700951043723],[101.46704980845846,3.1925700951043723],[101.46306039022221,3.1924703814304394],[101.4525303386477,3.1921802263006498],[101.42934033015496,3.1922502959566827],[101.46375029428663,3.1685698083305738],[101.47476992954728,3.1608496872417504],[101.47228968075694,3.1584799325372614],[101.47006994307861,3.1580702998464858],[101.46365956529627,3.1530199711397131],[101.45937999193023,3.1469302927860667],[101.45686021899121,3.1418000155007917],[101.45541033758104,3.1380899731909153],[101.45354992561596,3.1379498350872268],[101.45271000090014,3.1364801934153661],[101.45288966436101,3.1343404043154806],[101.45607958351957,3.134309861225006],[101.45617031250993,3.1197598507407065],[101.45404040595781,3.1197598507407065],[101.45453986977475,3.1172598392718101],[101.45406016984481,3.1140501598515016],[101.45152961407706,3.1135596795097058],[101.45157992105453,3.1123999544377625],[101.44589987539166,3.112740416545023],[101.44599958544029,3.110379642898863],[101.44343040701324,3.1100598437511735],[101.44407000651705,3.102629879000574],[101.44546958094975,3.0927403272108904],[101.44565014227476,3.0927502085501715],[101.46203002163367,3.0926199529941982],[101.46247019741492,3.0930197031372586],[101.46997022940468,3.0928598011465169],[101.47019031729525,3.0915302951614763],[101.4715297070365,3.0901900087645231],[101.47397042684435,3.0882002403160413],[101.47713968425171,3.0857101101864828],[101.47743972192927,3.0742197620963339],[101.4809395576878,3.0743203736344071],[101.48107969337462,3.0701000883041729],[101.48145968083907,3.0615903494770009],[101.48164024337251,3.0606102866574929],[101.49037007009031,3.0632701977002057],[101.49084977122868,3.0636699490517003],[101.49213975064816,3.0632701977002057],[101.49213975064816,3.0631803665739881],[101.49196996852658,3.0599302615155466],[101.49193044437783,3.0580096636505232],[101.49184959430988,3.055109900830189],[101.49175976318367,3.0533303389330513],[101.49172023782654,3.0526601963387634],[101.49154955904925,3.0504099179868263],[101.49120011225835,3.0493400240411006],[101.49120011225835,3.0479997376441474],[101.49174000171354,3.046849893911542],[101.49204991831351,3.0461402259600732],[101.49213975064816,3.0452401129275017],[101.49351956361068,3.045249995475217],[101.49639956254401,3.0453398266014347],[101.49853036696032,3.0457997638528127],[101.49896964246051,3.0451700456883373],[101.49853036696032,3.0446400375724352],[101.49756018668853,3.0432099200493212],[101.49697987401203,3.0419100592905579],[101.4972098420335,3.041159965700956],[101.49779015350157,3.0406200762457729],[101.49907025399858,3.0403200421935139],[101.50022997907053,3.0404502953326187],[101.50101959680887,3.0402796165553809],[101.50212991518436,3.0400999543029457],[101.50355015136819,3.0400999543029457],[101.50523988213916,3.0400604265288962],[101.50623970522037,3.0400900717552304],[101.5081396449595,3.0400900717552304],[101.50888973734067,3.0400900717552304],[101.50947993135645,3.0401502576551138],[101.51045999055066,3.0410297101449828],[101.51115977957966,3.0422002144203475],[101.51127027245701,3.0431398528100999],[101.51203024738589,3.0434901938398298],[101.51260966098982,3.0430796669102165],[101.51296000322793,3.0421499074428766],[101.51302018912787,3.041159965700956],[101.5136597910485,3.0394603535906981],[101.51417003286048,3.0383599165545547],[101.51435957766068,3.0379404049413097],[101.51536030102289,3.036370148106073],[101.51622987096505,3.0350900488174375],[101.5164697203258,3.0338602552978955],[101.51688025088072,3.0326295639141563],[101.5185699804432,3.0310602085683627],[101.52001986185337,3.0300100773011991],[101.52113017902042,3.0297199221714095],[101.52152992916342,3.0303604195393632],[101.52205005473161,3.0314797201815509],[101.52281002966049,3.0331101617082936],[101.52291962225684,3.0342797693279522],[101.523090303451,3.0363899119930693],[101.52349005480244,3.0375002291601163],[101.52431021563126,3.0375002291601163],[101.52494981513507,3.0371498869219522],[101.52536034568999,3.035750312489256],[101.52536034568999,3.0334703889109846],[101.52566038336749,3.0312497533685132],[101.52623979697142,3.0309595970302894],[101.52665032752628,3.0311401583552424],[101.52705007646091,3.0320196096366772],[101.52688029554776,3.0331802325727608],[101.52705007646091,3.0347603683304669],[101.52733035025142,3.0355203420509724],[101.52790976385529,3.0362803169798553],[101.52843977197119,3.0363997945407846],[101.52960039490728,3.0357601914117254],[101.53106015523986,3.0348897236054313],[101.53175006292958,3.0349499131306175],[101.53286037888819,3.0351897612829362],[101.53314963736227,3.0360602290892302],[101.53261963166324,3.0365300476798893],[101.53187043714621,3.036939680370665],[101.53017980609428,3.0379799290900564],[101.53000014384185,3.0383895617808321],[101.53034958700744,3.0387497853582772],[101.53122005481373,3.0396202531645713],[101.53231959398573,3.0397397307255005],[101.53388984840416,3.0395699461871004],[101.53468036521508,3.0395196428348754],[101.53590027739534,3.0391100089357224],[101.53689022155413,3.0384102235320256],[101.53769960317953,3.0384201048713066],[101.53821972874766,3.0390597055834974],[101.53926985880634,3.0396498983908486],[101.54025980296512,3.0401197169815077],[101.54100989655478,3.0403496850029796],[101.5415902080228,3.0397702701906724],[101.54136023758446,3.0393597432610591],[101.54054995930341,3.0391198914834376],[101.5396202010445,3.0385395800153674],[101.53926985880634,3.0380697614247083],[101.53926985880634,3.0375397557257315],[101.54031998886506,3.0365498115669425],[101.54130993423229,3.035799719185718],[101.54160008936208,3.035799719185718],[101.54236006429102,3.0363198423370363],[101.54351978694609,3.0371498869219522],[101.54426988295251,3.0373196678351064],[101.54491038032046,3.0371498869219522],[101.54521041799802,3.0369199176921029],[101.54526970603376,3.036210249740634],[101.54607998794012,3.0351098114960564],[101.54671958744393,3.034579807005457],[101.54723971059519,3.0349301492436211],[101.54776971750266,3.0349301492436211],[101.54828984065392,3.0345896895531723],[101.54789009292773,3.034000393401584],[101.54654980653078,3.0336500511634199],[101.54568023658868,3.0332296392692228],[101.54555986237199,3.0328298879177851],[101.54591020340172,3.0324804435437613],[101.54707981102138,3.0318399461758077],[101.54858987833143,3.0313099392683966],[101.55050957833231,3.0303801834263595],[101.55173038837671,3.0296300898367576],[101.55260983965815,3.0291602712460985],[101.5534201215645,3.0290497783687442],[101.55424028118489,3.0288099265911228],[101.5543498761981,3.0282296151230526],[101.5541199069682,3.0278801719575199],[101.55289999478794,3.0271696037250422],[101.55185974727692,3.026239847883005],[101.55185974727692,3.0253603990184388],[101.55221008830665,3.025070242680215],[101.55302037021301,3.0253603990184388],[101.55477028688387,3.0260098798615331],[101.555290412452,3.0266503784379211],[101.55563985561758,3.0267096664736641],[101.55714992413607,3.0254295683935197],[101.55779042392089,3.0246498307860179],[101.55832042841143,3.0237101923962655],[101.55813986829486,3.0225998740207842],[101.55855039884977,3.0221902437468771],[101.55931037257022,3.0216701181787471],[101.55959963104436,3.0212595876238311],[101.55931037257022,3.0206801764368265],[101.55860968688552,3.020789769033172],[101.55785959450435,3.0204403246592051],[101.55734036921723,3.0199696082044056],[101.55663968232409,3.0193803120527605],[101.55600008282028,3.0199696082044056],[101.55553026422962,3.0216602356310318],[101.55558955226542,3.0228298432506904],[101.55547007470443,3.0237595990927275],[101.55523022655211,3.0237595990927275],[101.55477028688387,3.0231199995889142],[101.55465979400651,3.0220698695302417],[101.55436963766823,3.0216602356310318],[101.55291975867493,3.0213602015787728],[101.55232956586764,3.0210098569237971],[101.55262960354514,3.0206002266498899],[101.5532701009131,3.0202498819949142],[101.55367973360387,3.0196102824911009],[101.55600008282028,3.0179798397559239],[101.55669986822397,3.0176896846261343],[101.55705021287901,3.0179798397559239],[101.55757033603027,3.0183903703108399],[101.55820993553408,3.0183903703108399],[101.55861956822486,3.0179304330594618],[101.55890972456308,3.0169297096971945],[101.559320255118,3.0164697724458733],[101.559320255118,3.0160601397550977],[101.55891960590236,3.0157097975169336],[101.55815963218191,3.0154097598394287],[101.55805003596021,3.0151797906095226],[101.55815963218191,3.0144198156806397],[101.55817041138533,3.0140101854067325],[101.55792966174357,3.0137200302768861],[101.55769969493053,3.0137200302768861],[101.55706009180142,3.0140703713066159],[101.55624981352037,3.0147602789963344],[101.55537036223893,3.0150504341261239],[101.55485023908767,3.0149399412487696],[101.55462026864933,3.0153998785001477],[101.55466967534579,3.0157502207382549],[101.55502002000077,3.0163404135456062],[101.55502002000077,3.0172198660354752],[101.55461038731005,3.0175702070651482],[101.55426004507189,3.0174498328485129],[101.55390970041691,3.0168003507969843],[101.55367973360387,3.0159298829906902],[101.5528703495616,3.0156900348383715],[101.55241041231022,3.015510371377502],[101.55176991494233,3.0149300599094886],[101.55123990803486,3.015099840822586],[101.55118960347426,3.015510371377502],[101.55100994122182,3.0160996675291472],[101.55060030732267,3.0162101604065015],[101.55024996629294,3.0157403406074081],[101.54956005981165,3.0156199663907159],[101.54915042591244,3.0159200040682776],[101.54873989898283,3.0167302823493287],[101.54844974264461,3.0177301090558899],[101.54804010995389,3.0178397016522354],[101.54774995482404,3.0173195785009739],[101.54792961707648,3.0165596035720341],[101.54810029585377,3.01597030862888],[101.5473502034726,3.0157897473038702],[101.54676989200453,3.01597030862888],[101.54642044763057,3.0157295589871183],[101.54642044763057,3.0154403041382807],[101.54706004713438,3.0145096480152347],[101.54817036671824,3.0135197062733141],[101.54921959891283,3.0127597313444312],[101.54973972206409,3.0124695750062074],[101.55055988530978,3.0117096000772676],[101.550850041648,3.0107196559184786],[101.55072966622288,3.0100800564146653],[101.54993016472838,3.0069799695907591],[101.54993016472838,3.006099620445184],[101.55050957833231,3.0054600197329364],[101.55109977234804,3.0045796705873613],[101.55155970959942,3.0038196956584784],[101.55464991387561,3.002369817873614],[101.55546019336515,3.0015496534194881],[101.55576023104265,3.0000898930869084],[101.55540988880455,2.9988097937982729],[101.55343988182619,2.9962298313340625],[101.55262960354514,2.9947098826846741],[101.55264038274856,2.9935402750650155],[101.55380010782051,2.9916699841775198],[101.55578987626899,2.9881099601022356],[101.55671963211103,2.9858902248407162],[101.55852973709864,2.9826796451393989],[101.55842014208537,2.9816501756234288],[101.55873994364993,2.9808497762647903],[101.55946039080482,2.980079922413438],[101.56002992306941,2.9794600831713751],[101.56095967891144,2.9787800580294288],[101.56138009080564,2.978320121986485],[101.56236015362515,2.9779598972006056],[101.56353964016722,2.977909591431569],[101.56463019586414,2.9774397716324756],[101.56581956374549,2.9768199360156586],[101.56793958895838,2.9763096917868097],[101.57357022792479,2.9773104163575113],[101.57510994046118,2.9784602600901735],[101.57598040826741,2.9794403192843788],[101.57695957080591,2.9798598345228697],[101.57793963362542,2.9803799576741312],[101.57887028854003,2.9800700398657227],[101.58025998163345,2.9799703274002241],[101.58227041062463,2.9803898390134123],[101.58505968177604,2.9805003318907666],[101.59503996255609,2.9806296907910337],[101.60072000821896,2.9803898390134123],[101.60958009049273,2.9807698264778537],[101.62474994021909,2.9803404323169502],[101.63456044008603,2.9803098892264757],[101.63512997235063,2.9799496656490874],[101.65419042450344,2.9803601962039465],[101.69287996200114,2.9819699771879868],[101.69910977845848,2.982589812804747],[101.70574024413139,2.9833497877336868],[101.70929038445053,2.9837504369492649],[101.71052017797012,2.9838196063243458],[101.71550043702081,2.984220255539924],[101.7148204130873,2.9861103103144728],[101.71455002063607,2.9875098871640375],[101.71518962013988,2.9876796680771918],[101.71632958253321,2.9877596178640715],[101.71710033666557,2.9881602670797065],[101.7184001998412,2.9884800650189618],[101.71886013709258,2.9887495596060489],[101.71972970703467,2.9897601655159747],[101.71972970703467,2.9904096475675033],[101.720150116512,2.9923203628847546],[101.7205498678635,2.9931602876005741],[101.72061993510266,2.9938897218559077],[101.72075019186707,2.9951401771266433],[101.72082026031472,2.9967598394499078],[101.72053998652422,2.9990801850410662],[101.72032977997287,3.0006001348988889],[101.7200000994859,3.0015101292707413],[101.72003962363465,3.0022701041996811],[101.71993991358602,3.0029698896033779],[101.7200000994859,3.0036400334060431],[101.72023994884665,3.0042203448741134],[101.72007016672512,3.0053396455163011],[101.72007016672512,3.0075503985110572],[101.71944044856059,3.0075899262851067],[101.71857986330201,3.0079501498625518],[101.7191700573178,3.0091197574822104],[101.71977012904756,3.0102696012148158],[101.72053998652422,3.0112703221602146],[101.72106999343163,3.0117904477283446],[101.72164042356036,3.0121201282153152],[101.72205005383427,3.0122800302060568],[101.72260970355114,3.0124902367573441],[101.72365983360987,3.0132304477992307],[101.72454018275545,3.0136203166029532],[101.72528039742258,3.0139203542805149],[101.7254995850322,3.0142500347674854],[101.72531004023205,3.0150001271486531],[101.72531004023205,3.0156603884036031],[101.72606013261321,3.0175504468034546],[101.72676980298149,3.019109919601533],[101.72782981558794,3.0208697212369771],[101.72802025825223,3.0214500327049905],[101.72927969458124,3.0240003487344893],[101.72977017371466,3.0241898935346399],[101.73010973916621,3.0245896412608317],[101.73063974365675,3.0258904035090382],[101.7311302239986,3.0271103144808649],[101.73102961366897,3.0288602335685937],[101.73132965013804,3.029579784067721],[101.73185965583707,3.0304502506655808],[101.73211028681811,3.0313997703946143],[101.73215969351457,3.0351798799436551],[101.73174018069295,3.035549988485684],[101.73128024465001,3.0362901995275706],[101.73091013852485,3.0369495629183803],[101.73019957029243,3.0378595548734211],[101.72946025711468,3.0372999039481101],[101.72903984522048,3.0367195924800399],[101.72837958396553,3.0362497738893808],[101.727749865801,3.0358697864249393],[101.7262200346039,3.0345600431184607],[101.72544029578802,3.0336895765206009],[101.72458959307716,3.0331496894823431],[101.72380985426128,3.0338198320765741],[101.72363019080041,3.035850022537943],[101.72432997741254,3.0360602290892302],[101.7250998336807,3.0362497738893808],[101.72561995924889,3.0364303340059564],[101.72561007790955,3.0388800421226847],[101.72554989200967,3.0393103341477286],[101.72506030953201,3.0401295971124114],[101.72453030141611,3.0409299964710499],[101.72253963631192,3.0404997044459492],[101.72220995582495,3.0403802280934542],[101.72198986793438,3.0419298231775542],[101.72179044058646,3.0426700330110066],[101.72184972862226,3.0435800261744816],[101.72168983025682,3.0449903822274678],[101.72147962370553,3.0454898436275926],[101.7212703174352,3.0462102944077287],[101.72101968645416,3.0470699818021103],[101.72079959856353,3.0472801883534544],[101.71941978801783,3.047040336575833],[101.71895985076651,3.0475200365057731],[101.71894008687946,3.0481102305215586],[101.71876042462702,3.0487498300253719],[101.71833013018511,3.0493696692674348],[101.71796990660766,3.0497200115055421],[101.71705003210496,3.0495897547411914],[101.71687036985253,3.0498296065188129],[101.716619737663,3.0510099909250243],[101.71632958253321,3.0516199476193719],[101.71581035724608,3.0519999350838134],[101.71637000696296,3.0530303012554896],[101.71631969998549,3.0534803595844551],[101.71564955739126,3.053720208945208],[101.71515997733042,3.0535001210546397],[101.71447007084913,3.05326027169383],[101.71242999542324,3.0537300902844891],[101.7118200411457,3.0527203846555722],[101.71137986536451,3.0517097787455896],[101.71076002974775,3.0506596486869171],[101.71065043352604,3.050439560796292],[101.7105695870834,3.0492097672766931],[101.71055970453568,3.047759885866526],[101.70992010503193,3.0478497169927437],[101.70952035368043,3.0477697684142981],[101.70963983124142,3.0467798266723207],[101.70874959954807,3.0464699064471006],[101.7081504220572,3.0462695824434718],[101.7076797056024,3.0475299190534884],[101.70770036735354,3.0490804107933513],[101.70736978658556,3.0491100536027602],[101.70583007646604,3.0488504415634452],[101.70497038786317,3.0488198984729706],[101.70453021208198,3.048930391350325],[101.70247037639433,3.0488100195505581],[101.7019700147132,3.0485396246824621],[101.70033957197802,3.0485000993252811],[101.70040964042562,3.04628036164695],[101.70050037183285,3.0456802862918835],[101.70017967240415,3.0450900959014007],[101.69759971114837,3.0451296200501474],[101.69698975445402,3.0443399998949303],[101.69606987995127,3.0443696463296419],[101.69522007389617,3.0445097844333304],[101.69501974989259,3.045209569837084],[101.69426965751143,3.045209569837084],[101.6941995866469,3.044749632585706],[101.693770192486,3.0442896965427622],[101.69273982631432,3.0444298322295822],[101.69225024383661,3.0434102440528932],[101.69123964034355,3.043359940700725],[101.690440138849,3.0434497718269427],[101.68989037047146,3.0438297592913841],[101.68961997802023,3.0443498824426456],[101.68915015942957,3.0447397512463681],[101.68848989575775,3.0450595528109261],[101.68787994027178,3.0448996508202413],[101.68690976000005,3.044790058223839],[101.6861704468223,3.0446795653464847],[101.68441962987043,3.0437803501780536],[101.68393004739278,3.0433895835101339],[101.6829401056508,3.0428802395622938],[101.68232026640874,3.0427598653456585],[101.68182978727538,3.0425298949073181],[101.68027031326881,3.0417501597166847],[101.67970976447936,3.0414303581521267],[101.67876024595876,3.0414402406998988],[101.6781197449655,3.0416603285904671],[101.67663033940659,3.0420304335071933],[101.67659979631611,3.0423295709037461],[101.67617040215521,3.042379877881217],[101.67552002223954,3.0422999280942804],[101.67454984196775,3.0424598276680968],[101.67378986703886,3.0426897968980029],[101.67257983498945,3.0421903330810665],[101.67173991027363,3.0418301095036213],[101.67122966725321,3.0414698835093077],[101.67042028562787,3.0412300341485548],[101.67044993085415,3.0439097090783207],[101.67058018520169,3.0443597637819266],[101.67074996853171,3.0454000125013749],[101.67081015443159,3.046070155095606],[101.66840985663663,3.0461402259600732],[101.66765976304703,3.0460602737563249],[101.66665993996583,3.0460503948339124],[101.66590984395935,3.0461698687695389],[101.66368022735855,3.0461501048825426],[101.6630199661036,3.0460800376433212],[101.66205966717109,3.0463701927731108],[101.66196983604488,3.0463504300945488],[101.66139042123257,3.0462201757470098],[101.65879968077331,3.0463504300945488],[101.65778009380506,3.0462300570862908],[101.65658982443426,3.0461797513172542],[101.65574001837916,3.0462102944077287],[101.65516958945881,3.0462300570862908],[101.65432966474299,3.0461698687695389],[101.65348974002717,3.0461599874302578],[101.6533603811269,3.0461698687695389],[101.65160956538352,3.0463001255339464],[101.65160956538352,3.0464097205471603],[101.65195002749078,3.0469603867888964],[101.65215035149436,3.0472801883534544],[101.65227970797775,3.0476601758178958],[101.65239020085517,3.0479898563048664],[101.65283037663636,3.048599812999214],[101.65285013810654,3.0486195744693987],[101.65313041431386,3.0490597502505921],[101.65330019522702,3.0492097672766931],[101.65361011182699,3.0494999236149738],[101.65370982550093,3.0496795858674091],[101.65382031837828,3.0498700285317],[101.65423983361677,3.0509498050251409],[101.65453987129433,3.0512498427026458],[101.65462970242055,3.0513396738288634],[101.65512018276235,3.0509399224774256],[101.65543009936232,3.0506901917773348],[101.65566006859223,3.0501296441963177],[101.65639039829483,3.0501296441963177],[101.65694016908924,3.050199711435539],[101.65703000021546,3.0501898300962011],[101.65770014401818,3.0500595733318505],[101.65822026716944,3.0494496190543714],[101.65892005499001,3.0489896818029933],[101.65978962251529,3.0490597502505921],[101.66031963063114,3.0496104164923281],[101.66051995463471,3.0502796612224188],[101.66058014053459,3.051380098258619],[101.66059990442164,3.0516900160670275],[101.6607696853348,3.0524598723351914],[101.66088017821215,3.0532297286034122],[101.66074004252533,3.0542196727622013],[101.6606403288514,3.0552599214815928],[101.66075980278703,3.0569298883655165],[101.66067985420858,3.0575200811728678],[101.66063044751206,3.0579297150720777],[101.66036993640017,3.0586304007567833],[101.65947970591532,3.0582198702018673],[101.65894969779941,3.0584103128661582],[101.65815019872178,3.0586402796791958],[101.65745041090122,3.0589996053925006],[101.65724020434993,3.0590400310306336],[101.65556035612673,3.0580096636505232],[101.65554957571482,3.0579997823112421],[101.65512018276235,3.0575497276075794],[101.65445003895968,3.0572595712693555],[101.65414011994284,3.0578201188503726],[101.65340978782342,3.0591604052473258],[101.65225006516835,3.0584498370149049],[101.65217999430382,3.0573098758299579],[101.65134007079644,3.0572299260430782],[101.65078041987113,3.057720406384874],[101.65063040284502,3.0578497652851411],[101.6502396361771,3.0575901496204665],[101.65002044494224,3.0574401325943654],[101.64983000348639,3.0584201942054392],[101.65094032186181,3.0593203048211421],[101.65116040733557,3.0597299375119178],[101.65128976623583,3.0599796682120086],[101.65021987229011,3.061070223908871],[101.65018034693293,3.0613702615863758],[101.65022975362939,3.0614996180697744],[101.65037977186392,3.0618598440640881],[101.64983988482567,3.062300017428413],[101.64973028981245,3.0623799672153496],[101.64879963610622,3.0621598793247244],[101.64884994066688,3.0628704475572022],[101.64915985968366,3.0635001657216776],[101.64983000348639,3.0640301726291455],[101.65005009137695,3.064310446419654],[101.65033036516746,3.0646401269066246],[101.65273964522913,3.0673602274745235],[101.65424971495605,3.0679800630912837],[101.65589991795298,3.0688101088846906],[101.65611012450427,3.0689502445715107],[101.65708030477606,3.0695700826051393],[101.65736956325014,3.0699698315397654],[101.65764983704071,3.0703695828912601],[101.65838016674326,3.0717296319667753],[101.65886974922097,3.0726396239217593],[101.65904043041508,3.072939661599321],[101.65922009266751,3.0732495818245411],[101.65990011539265,3.0739799103187124],[101.66000971040586,3.0740400986354643],[101.66168956225437,3.0750596868121534],[101.6627396923131,3.0759301534100132],[101.66284030264273,3.0760002218576687],[101.66481030720416,3.0778803977097482],[101.66598979737154,3.0791901398077925],[101.66666981888824,3.0801603212880195],[101.66738038712066,3.0810999584693377],[101.66792027415897,3.0820395968590901],[101.66629971397151,3.0825803805531109],[101.66547955314275,3.0835802072596152],[101.6650402776425,3.0843096378896462],[101.66575982693325,3.0858197051996967],[101.6653403129032,3.0869704467964993],[101.66533043277229,3.0869803293442146],[101.66430006418375,3.088500277993603],[101.66394972194564,3.0887095866807499],[101.66334964659058,3.0892503715832049],[101.66202013939704,3.0906499484327696],[101.66179017258401,3.0914503453745397],[101.66165991581965,3.0916201262876939],[101.66118021588966,3.092360339746449],[101.66035017372155,3.0923297966559744],[101.66029986674408,3.0953104071273856],[101.6603896978703,3.0956104448048904],[101.66102031631584,3.0961503306347709],[101.66111014744206,3.0967800487993031],[101.66110026610278,3.0988398881122521],[101.66135987814209,3.0993097067029112],[101.66180005513178,3.1001801745092052],[101.66185035848395,3.1008296553522996],[101.66133023533263,3.1035596348426111],[101.66110026610278,3.1045396976621191],[101.66074004252533,3.1067100262271765],[101.66057025798688,3.1079299371990032],[101.66050019074771,3.1088004050052973],[101.66031963063114,3.1094903114865247],[101.65853018618623,3.1098496384082637],[101.65876015299926,3.1102700503024607],[101.65907007322454,3.1111099750182802],[101.65910959979016,3.1118600673994479],[101.65989023647023,3.1140303959645053],[101.65980040413558,3.1140303959645053],[101.65958031624496,3.1138803789384042],[101.65935034701505,3.1137402396262814],[101.65810977429203,3.1131302853488023],[101.65640027963411,3.1119804416161401],[101.65586039380423,3.1114297729575355],[101.65503035042769,3.110899768466993],[101.65438985064293,3.1108198186800564],[101.65394967727855,3.111000378796632],[101.65362987571399,3.1116804039385784],[101.6530603434494,3.1128401302189559],[101.65285013810654,3.1138103104907486],[101.65264981289448,3.1148496613459997],[101.65187995904319,3.1164801040811767],[101.65142990192265,3.1171601255978771],[101.65073999785824,3.1180198142007498],[101.6503600103938,3.1184402260949469],[101.64980036067692,3.1187699089987859],[101.64896043354423,3.1189199272333212],[101.64800013461172,3.1189001633462681],[101.64723027834356,3.1189199272333212],[101.64634004906713,3.1190097583595389],[101.64535010490829,3.1189998770202578],[101.64502042442132,3.1192002010238298],[101.64505994857006,3.1197903938311811],[101.64556031145963,3.120560250099345],[101.64581004215967,3.121129782363937],[101.6470101928698,3.1223200493179206],[101.64811961096427,3.1233396362861754],[101.64845019173225,3.124040321970881],[101.65000966573882,3.1256096809419773],[101.65004020882924,3.1262798235362652],[101.64907990989678,3.1268502536649976],[101.64740006167352,3.1275096170558072],[101.64550012555975,3.1274997357165262],[101.64428021096262,3.1284402707619847],[101.64353999992073,3.1293197220434195],[101.64255993710123,3.1297904384982189],[101.64157987790696,3.129599995833928],[101.64008957085866,3.1302997848629275],[101.63855973966156,3.1313696763917847],[101.63767040945771,3.1323497392112927],[101.63682958446088,3.1321601944111421],[101.6347401035469,3.1316400712598806],[101.63307013666298,3.1311199456917507],[101.63157983323993,3.1307004304532597],[101.63093034877153,3.1310696387142798],[101.63068960154664,3.1316697140693464],[101.63068960154664,3.1326596582281354],[101.63068960154664,3.1337798567344635],[101.63082973723346,3.1349997689147244],[101.63081985589417,3.1358801180602995],[101.6303599186428,3.1370003153581933],[101.62961970760091,3.1379201922778179],[101.62785002704305,3.1410103953455746],[101.62681965845451,3.1417497085233208],[101.62617017640298,3.1415601637231703],[101.62482000866675,3.1417901329530764],[101.62393966193804,3.1426300576688959],[101.62118003722139,3.1452396641510063],[101.62052965488886,3.1459897577406082],[101.6200598362982,3.1472096687124349],[101.61973015581117,3.14861014342614],[101.61893963779187,3.1503402962099472],[101.61745023223295,3.1510796093876934],[101.6166597142136,3.1521998103108899],[101.61647016941345,3.1529903283302474],[101.61646028686567,3.154910025914262],[101.61655011920033,3.1562700761982114],[101.61678008843023,3.1592596701447633],[101.61709988757792,3.1599603570379031],[101.61742957048176,3.1607598561155328],[101.61792993216289,3.1618800546218608],[101.6182102059534,3.1638096359620249],[101.61797035417578,3.1647896987815329],[101.61763977703311,3.1661003399521519],[101.61787962518542,3.1668001277727171],[101.61843029384403,3.1677397661624696],[101.61860995730484,3.1690504061246543],[101.61852012617862,3.170169706766842],[101.61869978843106,3.170829968021792],[101.61949030403355,3.1723202750701489],[101.62050989341867,3.1728403982214104],[101.62102013523065,3.1736803241456641],[101.62102013523065,3.1745696555579457],[101.62110996635687,3.176069841528772],[101.62142976792143,3.1768199339099397],[101.62162021058572,3.1778503037069186],[101.62171004171194,3.1786399202368329],[101.62156990602512,3.1793397092658324],[101.6211396115832,3.181169578140441],[101.62127975089533,3.18248021931106],[101.621230341782,3.1833201428184452],[101.62141000403443,3.1848598565632642],[101.62169027782494,3.1860797675351478],[101.62183041592863,3.1869196922509673],[101.62178011015959,3.1887396785778606],[101.62168039890247,3.1906099718822247],[101.62140012269509,3.1917301703885528],[101.62082969256636,3.1932303563593223],[101.62068955687954,3.1939903312882052],[101.62102013523065,3.1948302572124589],[101.62119979748309,3.1953000770115523],[101.62101025630824,3.1961903050795968],[101.62096983067005,3.196929618257343],[101.62115039199506,3.1975000508029439],[101.62151959904764,3.1976797142638134],[101.62212955695043,3.1975395749516906],[101.62306020944817,3.1972197745955668],[101.62384982960339,3.1974102196767262],[101.62464034520588,3.1978800382673853],[101.625659934591,3.1982501431841115],[101.62678013309733,3.199099949239212],[101.62881032597551,3.2025602608489976],[101.62956041956511,3.2036400337171926],[101.6297903863782,3.2047602322235207],[101.63042998950726,3.2069602060148554],[101.63080009442399,3.2078504377081458],[101.63103006123703,3.2087397703288616],[101.63140016977906,3.2091197577933031],[101.63073002355952,3.2093398432670597],[101.62930978858407,3.209450336144414],[101.62171992425965,3.209109876454022],[101.61997988651126,3.2089095524504501],[101.61855965032737,3.2080696277346306],[101.61563024469757,3.2052902391309317],[101.61472025274259,3.2043398227461921],[101.61275024576429,3.2023796971071761],[101.61117011000658,3.2010304296518939],[101.60955044768326,3.2004303542968842],[101.60797030950869,3.2002201477455401],[101.60647012474635,3.2004599995231615],[101.60480015786243,3.2009702401267077],[101.60312030601392,3.2017904033723994],[101.60205041206819,3.201870353159336],[101.60039032773199,3.2017095545128882],[101.59761992381192,3.2011400222482962],[101.59655002986619,3.200980122674423],[101.59488994190468,3.2013403462518681],[101.59311038000754,3.2020500166201487],[101.59101011868171,3.2028001090013731],[101.58899968969052,3.2033103532301652],[101.58768994638405,3.2038996469649419],[101.58633977864781,3.2048096413368512],[101.58368974894438,3.2061598090730854],[101.58139994402683,3.2070203943316073],[101.57881998277099,3.2077300622830194],[101.57778961539088,3.2083696629952669],[101.57755964616098,3.2088403818669349],[101.57671972144516,3.2100297497483439],[101.5734498537081,3.2136903853617014],[101.56993025406251,3.2174201903501398],[101.5652500314809,3.2233302064513509],[101.5637004400221,3.2254699919259338],[101.56161994258326,3.2302301642944826],[101.55298982712259,3.2259200466295965],[101.54865994677908,3.2186598652090197],[101.53009985630734,3.2184496598661099],[101.52970998750362,3.2199696085154983],[101.52937042567737,3.2208598377919202],[101.52865985744495,3.2214500305992715],[101.52743006392535,3.2215398617254891],[101.52540975238645,3.221489558373321],[101.52461025330882,3.2211499929217098],[101.52423026584432,3.2205499199835685],[101.52372990416325,3.2197504184890136],[101.5233903411285,3.2174597144988866],[101.52242016085677,3.2174498331596055],[101.52225037994361,3.2182601150659593],[101.52123977403363,3.2179600773884545],[101.52031001819159,3.218250232518244],[101.51757015736194,3.2189203763209662],[101.5163403638424,3.219429719060372],[101.51532975793242,3.2196399256116592],[101.51453025885479,3.2201501698405082],[101.51385023371284,3.2208598377919202],[101.51329956505424,3.221629694060141],[101.51245964033842,3.2222603125056253],[101.51144005337017,3.2229403364391942],[101.51104030201867,3.2230202862261308],[101.50964971226955,3.2231801857999471],[101.50826001675932,3.2228397261095552],[101.5074200920435,3.2224597386450569],[101.50577976917742,3.2207098195573849],[101.50457962088421,3.220199575328536],[101.50339025179437,3.2204196644275953],[101.50210026995802,3.2218803250411838],[101.49804976554088,3.2248995617972014],[101.49639956254401,3.2276600843779875],[101.49534044780171,3.2293102897917834],[101.49441967422644,3.2305697285376596],[101.49442955556572,3.2269198733361009],[101.49431996296931,3.2172099837988526],[101.49462988077772,3.216849757804539],[101.49472959324322,3.213460414923361],[101.49454993099079,3.2121704355039356],[101.49521019224574,3.183949863399846]]]},"properties":{"Daerah":"PETALING","Negeri":"SELANGOR","Nam":"Petaling"}},{"type":"Feature","geometry":{"type":"Polygon","coordinates":[[[101.81142972356548,3.1523300646584289],[101.81138031445215,3.1523498285454821],[101.80968968702547,3.1528403088872778],[101.80806014215443,3.1529400213527765],[101.80611978040247,3.1522195717810746],[101.80480015575665,3.1515997361642576],[101.80397999492789,3.1505702666482875],[101.80358024478483,3.1500600224194386],[101.80163000411039,3.1513904274771107],[101.80061041351684,3.1513904274771107],[101.79928989100694,3.1521000978453912],[101.79571010546147,3.1552702519085187],[101.7928399890759,3.1575196336047497],[101.78905987710993,3.1602801549771584],[101.78525012112618,3.154760008888104],[101.77919997054659,3.1476597246245319],[101.77589955851062,3.1512098661521009],[101.77486020765537,3.1519204343845217],[101.77420982894813,3.1522501148714923],[101.77374989169675,3.1520201480584547],[101.7732396474679,3.1508801856651303],[101.77300968065487,3.1503798239839966],[101.77253986206421,3.1505496048971509],[101.77035964853457,3.1519896049680369],[101.7696302166961,3.152599559245516],[101.76936970679265,3.1529903283302474],[101.76924034789238,3.153770064729315],[101.7690597877758,3.1548004333178596],[101.76928975700571,3.1554400340301072],[101.76881993841505,3.1583299118858577],[101.76873998862811,3.1590503614575596],[101.76701971476672,3.1593503991351213],[101.76479997708839,3.1596998435090882],[101.76303029773896,3.1600995948605828],[101.76291980486155,3.1611497249192553],[101.76238979674571,3.161449762596817],[101.76184990970739,3.1612799816836628],[101.75992032836729,3.160469699777309],[101.75925018456462,3.1606502611023188],[101.75802039225346,3.1608999942192213],[101.75643037515647,3.1610796576800908],[101.75556978868951,3.1606897876679341],[101.75418997572694,3.1609502987798237],[101.75306977722062,3.1609898253454389],[101.75207983306183,3.1598597430829614],[101.75154982857123,3.1596899621698071],[101.75046017073851,3.1585904254146158],[101.75138992899741,3.158109826412101],[101.75214002137858,3.1577496004177874],[101.75052035905526,3.1541401720629096],[101.74985021525259,3.1530298536874284],[101.7481802459518,3.1533101274779369],[101.74774995513519,3.1524998479884516],[101.74789009082201,3.1513095798260338],[101.74798980449594,3.1500303796100297],[101.74775983647447,3.1495003727025619],[101.74752986724457,3.1493997611644886],[101.74700974167644,3.1493395752646052],[101.74631983761202,3.1494204229156821],[101.74540984203168,3.1498004103801236],[101.74371022992148,3.1506403338875089],[101.74292959444983,3.1506403338875089],[101.74196031325062,3.1508298786876594],[101.74181029380765,3.1493503544680266],[101.74195043191133,3.1486397862356057],[101.7422298078377,3.147840287157976],[101.74204026303755,3.1468799882254643],[101.74175010790776,3.1459699938536119],[101.74100001431816,3.1453501570283606],[101.74033975064634,3.1445704194208588],[101.74185970292098,3.1437197155016179],[101.74201960249485,3.1433100828108422],[101.74150037358243,3.1425195647915416],[101.74090030185266,3.1415404022529856],[101.73994988425943,3.1410103953455746],[101.7386500210838,3.1400195533226452],[101.73819008383242,3.139500328035524],[101.7377499104681,3.1387502344459222],[101.73738968447378,3.1381402777515746],[101.73698993553921,3.1370596070192391],[101.73685967877481,3.1364703108676508],[101.73682015462606,3.1354201808089215],[101.73680039073906,3.134580256093102],[101.73684979743553,3.1336999069475269],[101.73714983511303,3.1332696125056145],[101.73751005869048,3.1323596205505737],[101.73809037015849,3.1309896889273432],[101.7385799526362,3.1302198326591224],[101.73949982713896,3.1290502274563323],[101.74021039416294,3.1278401954069182],[101.7414500702302,3.1257102912716732],[101.7418300576947,3.125129979803603],[101.74188036104687,3.1246601612129439],[101.74181029380765,3.1242101040924126],[101.74142042500392,3.1231599728253059],[101.74127040676939,3.1219499431927602],[101.74127040676939,3.1212798005985292],[101.74110960691451,3.120609656795807],[101.74063978832385,3.119899988844395],[101.74044036460128,3.1187303824331707],[101.7398501705855,3.1179596283008095],[101.73936957279142,3.117359552945743],[101.73887999031371,3.1158396030879771],[101.73881980199695,3.1155898723878863],[101.7392797416652,3.1142801290814077],[101.7402795647464,3.1130296750191064],[101.74112038732636,3.1122903618413602],[101.74207978839473,3.1105997307894313],[101.74257026873653,3.1099502487379027],[101.74283976332362,3.1098199919735521],[101.74334012500475,3.109919705647485],[101.74403003148603,3.1099098243081471],[101.74443966175994,3.110379642898863],[101.74544038512215,3.110860243109812],[101.7463800235119,3.1107901734537222],[101.74775983647447,3.1104901357762174],[101.74855035449383,3.110340117541682],[101.74933997223218,3.1098199919735521],[101.75004964260046,3.1094202442473602],[101.75067037608136,3.1091597307185452],[101.7514303510103,3.1090501381221998],[101.75203042636537,3.1087195573542203],[101.75279040129425,3.1082596213112765],[101.75345964602434,3.107419696595457],[101.75413967116634,3.1066300764402399],[101.75534970079889,3.1048603958823833],[101.75470021874736,3.1044804096263761],[101.75517003854645,3.1035398709556148],[101.7546597943176,3.1029496781482635],[101.75408038071373,3.1027502532172662],[101.75214002137858,3.1016102920323192],[101.7522801570654,3.100739824226082],[101.75413967116634,3.0972399860506812],[101.75417021425676,3.0964395891088543],[101.75370039324923,3.0955502564881385],[101.75327010122419,3.0946699061341292],[101.7529799460944,3.0936098947361756],[101.75288023242047,3.0926001891072019],[101.7522999209524,3.0918500967260343],[101.75156959124985,3.091220378561502],[101.75092011040675,3.0907200156719341],[101.74999035093941,3.089720190173864],[101.74880996774158,3.0884203282066665],[101.74713999723241,3.0867997680192047],[101.74652016161559,3.0862203544153317],[101.74659022885481,3.0854801433734451],[101.74666029730241,3.0847596938017432],[101.74674024708935,3.084030261963278],[101.7473502037837,3.0835002574726786],[101.74759993448379,3.083040317804489],[101.74779037714808,3.0826199083271604],[101.74766012400897,3.0811601443692211],[101.74784966880912,3.0809598203656492],[101.74838955463895,3.080279795223646],[101.74924025855825,3.0793096149519101],[101.74933997223218,3.0789197485649993],[101.74936961745846,3.0771303017032778],[101.74940016054893,3.0760801716445485],[101.75044040926832,3.076269716444699],[101.75121026553654,3.0762795977840369],[101.75130009666276,3.0759795601064752],[101.75123002700667,3.0754998601765351],[101.75098029630664,3.0751099937896242],[101.75055000186472,3.073810129405615],[101.75147976012363,3.0731301042636119],[101.75153994602351,3.0723099434347887],[101.7516001319234,3.0714996627368691],[101.75146987878429,3.0703399388733601],[101.7514303510103,3.068689733459621],[101.75137016511036,3.065540239939196],[101.75140968925911,3.0644496842423337],[101.7514303510103,3.0634804042515498],[101.75146987878429,3.0606695759016702],[101.7514303510103,3.0587903003305996],[101.75130997679361,3.0572299260430782],[101.75133962201994,3.0558698757590719],[101.75135040122336,3.0549796476910842],[101.7504296300649,3.0549203596553411],[101.74961036468341,3.0551000219077764],[101.74730977935394,3.0550497149303055],[101.74663963555128,3.0548996979041476],[101.74577994815684,3.0548996979041476],[101.74511968690189,3.055109900830189],[101.74303020477947,3.0551000219077764],[101.74238970741158,3.0549203596553411],[101.74138988191345,3.0549697651433689],[101.7406999766406,3.0550595974780208],[101.73845957841951,3.0551000219077764],[101.73774002792038,3.0549302385777537],[101.73696029031288,3.0549500024648069],[101.73614012948406,3.0551296647172421],[101.73403986815822,3.055109900830189],[101.7333796044864,3.0550003082338435],[101.7324004419479,3.0550398335910245],[101.73182013047989,3.0550200697039713],[101.73180036659284,3.0529395722651316],[101.7318300130276,3.0520601209837537],[101.7318497769146,3.0488504415634452],[101.73193960804082,3.0463701927731108],[101.73198003005371,3.0440902691948963],[101.73206986117992,3.0432296839363175],[101.73204021837046,3.0422604003202309],[101.73207974372764,3.0396498983908486],[101.73201955782775,3.0379898116378286],[101.73215969351457,3.0351798799436551],[101.73211028681811,3.0313997703946143],[101.73185965583707,3.0304502506655808],[101.73132965013804,3.029579784067721],[101.73102961366897,3.0288602335685937],[101.7311302239986,3.0271103144808649],[101.73063974365675,3.0258904035090382],[101.73010973916621,3.0245896412608317],[101.72977017371466,3.0241898935346399],[101.72927969458124,3.0240003487344893],[101.72802025825223,3.0214500327049905],[101.72782981558794,3.0208697212369771],[101.72676980298149,3.019109919601533],[101.72606013261321,3.0175504468034546],[101.72531004023205,3.0156603884036031],[101.72531004023205,3.0150001271486531],[101.7254995850322,3.0142500347674854],[101.72528039742258,3.0139203542805149],[101.72454018275545,3.0136203166029532],[101.72365983360987,3.0132304477992307],[101.72260970355114,3.0124902367573441],[101.72205005383427,3.0122800302060568],[101.72403982107431,3.0088996695915853],[101.72483033909367,3.0074497881814182],[101.72612032092997,3.005080032268495],[101.72684975276843,3.0040101407396378],[101.7282798702916,3.0022898680866774],[101.72910003112037,3.0016296032064247],[101.73054991253053,3.0003899283475448],[101.73112034265932,2.9998895690833365],[101.7316997562632,2.9996299534186619],[101.73395991595447,2.9978503915215242],[101.73504957378719,2.99702034935342],[101.73615989095424,2.9956701816171858],[101.7371803782035,2.9942697093203492],[101.73844969587179,2.9918002409419273],[101.73974956025586,2.9894798917254661],[101.74001007015937,2.9887297993442985],[101.74142042500392,2.9863196190016197],[101.74206990584702,2.9851904358117167],[101.74313980100118,2.9829302761204985],[101.74341019224397,2.982090351404679],[101.74347038176916,2.9816304117364325],[101.7435296698049,2.9811300524721673],[101.74357009423466,2.9805299771171008],[101.74363028013454,2.9796199827452483],[101.74368956937877,2.9790495526164591],[101.74378030078594,2.9782698174258257],[101.74379017970841,2.9779598972006056],[101.74383958882174,2.9775897922838794],[101.74388001083463,2.9771002098061672],[101.74387013191216,2.9756898561700496],[101.74387013191216,2.9743801104467025],[101.74378030078594,2.9733596256143073],[101.74374975769553,2.9729302314534038],[101.74375963903481,2.972320273550622],[101.74377041823823,2.9717300807432707],[101.74387013191216,2.9708497315976956],[101.7440003862597,2.9698696711950561],[101.74413962649925,2.9691501194874945],[101.74427976218607,2.9683398399979524],[101.74464986831123,2.9669600270354408],[101.74479000641492,2.9664300225448414],[101.74498044907921,2.9658703716195305],[101.74533977479251,2.9648804274607414],[101.74570987970924,2.9641195546677181],[101.74623988782508,2.9631197291695912],[101.74658034751553,2.962380415991845],[101.74700974167644,2.9616599676285773],[101.74800956717451,2.959949576314898],[101.74867971097723,2.9588796823691723],[101.74934985357146,2.9578699767402554],[101.74999035093941,2.9567596583647742],[101.75062007272919,2.9557499527358004],[101.75100994153297,2.9552199446199552],[101.751259672233,2.9548696035902253],[101.7513800464497,2.9546602949030785],[101.75182021981402,2.9536398100706833],[101.75221997116552,2.9524198978904224],[101.75273021539437,2.9511595612804058],[101.75289011375975,2.9508298783765667],[101.75306977722062,2.9502298054383687],[101.75320003398502,2.9495803245952743],[101.75321979424672,2.9484197004507564],[101.75320003398502,2.9473902321432206],[101.75314972700755,2.9467802742404388],[101.75311020165037,2.9457696683304562],[101.75305989588134,2.9452603255910503],[101.75305989588134,2.9447896091362509],[101.75310032031109,2.944169769894188],[101.75333028712413,2.9429399763745892],[101.75350006924566,2.94233002209711],[101.7539797691756,2.940679816683371],[101.75446037059504,2.9390996785087964],[101.75477028719496,2.9381501611965746],[101.75552037957618,2.936349936339866],[101.7558302998014,2.9354597070633872],[101.75621028605741,2.9343898131177184],[101.75636030670881,2.9339801804269428],[101.75676993698272,2.9329201678204981],[101.75728018121157,2.9317604451654233],[101.75760986169854,2.9307498392554407],[101.75792966205466,2.9297302522872428],[101.75820005450589,2.9289100890415511],[101.7584803282964,2.9279497901090394],[101.75866987309655,2.927179936257744],[101.75873994154421,2.9265403331286279],[101.75871029873474,2.9257695789963236],[101.75866987309655,2.9253401860437975],[101.75849021084412,2.9245299041374437],[101.75797996661527,2.9230198368273932],[101.75772035457595,2.9219903673113663],[101.75759010022841,2.9211199007135633],[101.75753979325094,2.9207497945884029],[101.757479607351,2.9200598881071187],[101.75746972601172,2.9194696940913332],[101.757479607351,2.9184096826933796],[101.75754967579866,2.9175499965073755],[101.75760986169854,2.9171295846131784],[101.75789013548905,2.9161998287711413],[101.75841026105724,2.9150203398122017],[101.75893038662537,2.9142199428704316],[101.75974964958999,2.9130000282732453],[101.76011975450672,2.9124700237827028],[101.7607099485225,2.9119202554051071],[101.76139985500379,2.9113803659499808],[101.76259012074928,2.9107704116725017],[101.76319019610435,2.9102996952176454],[101.76372020180338,2.9098397555494557],[101.76463019617523,2.9091399689373247],[101.76509013342661,2.9086000831074443],[101.76567044489462,2.9077996837488058],[101.76608995650781,2.9071600830365583],[101.76640975807237,2.9066399574684283],[101.76667026797588,2.9061899027647655],[101.7669801882011,2.905550302052518],[101.76715985045354,2.9048603955712906],[101.76743024290477,2.9037303157256247],[101.76760002623479,2.9027700167931698],[101.76772039924299,2.9020801103118856],[101.76785963948254,2.9011799972793142],[101.76791982538248,2.9006302289017185],[101.76796024981223,2.8996304046120258],[101.76802043692055,2.8981302162243878],[101.7681596771601,2.8953903553947384],[101.76821986305998,2.8928903439258988],[101.76829981284692,2.8911700700645042],[101.76828004895987,2.8900103474094294],[101.76834023727667,2.8892099480507909],[101.76841030572427,2.8885703485469776],[101.76851990073754,2.8881598179920616],[101.76871034340184,2.8877403027535706],[101.76896007410187,2.8871195692726701],[101.76921968614124,2.8865203917817439],[101.76957991334393,2.8859203188435458],[101.76999044389885,2.8854999069493488],[101.77053032972873,2.8850902730501389],[101.77078994297648,2.8849195942729011],[101.77213022937343,2.8838802434175932],[101.77321000465844,2.8832002194840811],[101.77410023272643,2.8827196204815095],[101.775680370901,2.8819901886431012],[101.77646998863935,2.8817296763227205],[101.77766025680177,2.881209553171459],[101.7785100640653,2.8808196843677365],[101.78065973087917,2.8797201476125451],[101.78209973095005,2.8790796466192887],[101.78374005381608,2.8781804338677262],[101.78450002874501,2.8776899547343078],[101.78480006642252,2.8774698656353053],[101.78601997860278,2.8765697538111112],[101.78693985431397,2.8758403219727029],[101.78756957247845,2.8752195872833113],[101.78850022618468,2.8742997115721778],[101.78903023430053,2.8736699934076455],[101.78957012013035,2.8729198998180436],[101.78996987148184,2.8722201119974784],[101.79039028337604,2.8713496441911843],[101.7907801497629,2.8703102933359332],[101.79095981322376,2.8697003390584541],[101.79108018744046,2.8692296201867862],[101.79656979406434,2.8690598380651977],[101.84232008926,2.8680097080065252],[101.86612005082179,2.8667897970346417],[101.86928032475407,2.8663199772355483],[101.87100958209061,2.8666397788001063],[101.87212978059694,2.8666999646999898],[101.88332997355724,2.8661897216796319],[101.88332997355724,2.866199603018913],[101.88483016073644,2.8693401130641405],[101.88749995432693,2.8764799214764594],[101.89090007641153,2.8843599445560244],[101.89303986188611,2.8898001420665196],[101.89470983118684,2.8940303063192232],[101.89680020996497,2.8987599380142228],[101.89804976737156,2.9022498912250398],[101.90008984158908,2.9070100635935887],[101.90082017129168,2.9092298012719198],[101.90150019643363,2.9115600294108503],[101.90302014508302,2.914790372999164],[101.90453021239307,2.9183800398839139],[101.90605016225089,2.922610206553486],[101.90756022956094,2.926860134693186],[101.90840015427676,2.9299296784266744],[101.90892027984489,2.9316697137581968],[101.90991022400374,2.9334196328459257],[101.91085974010747,2.935379754859639],[101.91129003454938,2.9363903607696216],[101.9113798656756,2.9373803049284106],[101.91304983618483,2.9398704350579692],[101.91388975969221,2.9419895599898496],[101.9147799877602,2.9444204008752308],[101.91619034502168,2.9471198372751246],[101.91719016810288,2.9492802869177126],[101.91775970036747,2.9509798990279705],[101.91786031190554,2.9518198225353558],[101.91823041682227,2.9531403450452558],[101.91838043747373,2.9542497643481624],[101.91917005521208,2.9545201592162584],[101.92006028569693,2.9563203816560986],[101.9201096923934,2.9575897005328784],[101.92106011240344,2.9583802185522359],[101.92146974267735,2.9597797929849321],[101.9224102777228,2.9621001409929022],[101.92366971646868,2.965280178812236],[101.92481956020134,2.9677604263940793],[101.92523997209554,2.9696100567388726],[101.92544029730755,2.9708299701275678],[101.92560019567298,2.9724702917851573],[101.92564960236945,2.9736803238345715],[101.92607001547208,2.9747403364410161],[101.92727016255691,2.976169553683178],[101.92805978271207,2.9764902531118196],[101.92926981234461,2.9769699530418166],[101.93053014895463,2.9780802726256752],[101.93130988777057,2.9790800957069337],[101.93167999268729,2.9812001209197661],[101.93174018221248,2.9824999816785294],[101.93166023000873,2.9832204312502881],[101.93128024254429,2.9847601449951071],[101.93120029275735,2.9869699977088544],[101.93142038064798,2.9899802534065998],[101.9318803178993,2.9911399796869773],[101.93288014339743,2.9919897857420779],[101.93295021184503,2.9934504439387979],[101.93279031227121,2.995380025278962],[101.9327103600674,2.9973096078275034],[101.93348021633562,2.9983902809766505],[101.93417012281691,2.9989301680149651],[101.93608982281773,2.9988600995673664],[101.93854042638168,2.99871008012434],[101.94062002595638,2.998250142872962],[101.9416899199021,2.9987199614636779],[101.94191988913201,2.9997997379571189],[101.94229987659645,3.0011903277062402],[101.94343983898978,3.003039960467845],[101.94412974305419,3.0041197333360401],[101.94488971798313,3.0070599193776957],[101.94442978073175,3.0082897153141062],[101.94365992446353,3.0083696651010428],[101.94281999974771,3.0091296388214914],[101.94182017666651,3.0111400690211099],[101.94104043785057,3.0142203919580197],[101.94142042531502,3.0153801146130945],[101.94196031235333,3.0156900348383715],[101.94288018806452,3.0163898226589367],[101.94418005003166,3.016699739258911],[101.94648961883627,3.0161598534290306],[101.94771042767223,3.0162398032159672],[101.94948010823009,3.0179403131903086],[101.95207983337292,3.0218003749431546],[101.95391958358681,3.0235098683926935],[101.95527963145395,3.0237101923962655],[101.95611955858664,3.0254098045065234],[101.95688043017122,3.0257996745186801],[101.95857016094214,3.0260296413317178],[101.96002992369165,3.0258095558579612],[101.96186967148867,3.0251897166158983],[101.96333033331075,3.024349793108513],[101.96555995232836,3.026200322525824],[101.96762967056378,3.0263602220996972],[101.96970028545485,3.0255903658314764],[101.9703102421492,3.0275199471716405],[101.97146008588186,3.029530377371259],[101.97007039158001,3.0313000567206814],[101.97007039158001,3.0319198959627442],[101.97052044870054,3.035549988485684],[101.96928975489999,3.0370896986052003],[101.96943977555139,3.0384802907711901],[101.96951972533827,3.0401700215421101],[101.96912985532612,3.04140969640099],[101.96851001970936,3.0430302565884517],[101.96881993630927,3.0443804255331202],[101.96881993630927,3.0456901688395988],[101.96820009948408,3.046849893911542],[101.96674033673463,3.048700423328853],[101.96595970126299,3.0516298301670872],[101.96572973324152,3.0529395722651316],[101.96818033680552,3.0557998085199074],[101.96910021251665,3.0573404189204325],[101.96656965795734,3.0580303254017167],[101.96479997739948,3.0595700379381014],[101.96426008915279,3.0604899124408576],[101.96387021914057,3.0611897014698002],[101.96265030816875,3.0611097480576177],[101.96164958722335,3.0613397184959581],[101.96079977995981,3.0624895622285635],[101.96117976742426,3.0634902855908308],[101.96117976742426,3.0650398782580623],[101.96147980268495,3.0658097345262831],[101.96279044627244,3.0672802776875869],[101.96331955289884,3.0686699695725679],[101.96323960311196,3.0706696205687649],[101.96355042120132,3.0713703062534705],[101.96338962134649,3.0719802605309496],[101.96338962134649,3.073299888802012],[101.96414959627538,3.0749896183645546],[101.96398969670156,3.0773099651641473],[101.96355042120132,3.0784301660873439],[101.96108993629804,3.0803498660881701],[101.96024013024294,3.0812796219302072],[101.95962029100087,3.0826603303400475],[101.96000027846532,3.084279992663312],[101.9586896372947,3.086900379557278],[101.95745984498353,3.0921501344035391],[101.95744996243582,3.0929999404586397],[101.95775987903579,3.0943096825567409],[101.95744996243582,3.0954604241534867],[101.95522034341815,3.0972301071282118],[101.95529041307424,3.0990896188122861],[101.95206006948592,3.1017001231585368],[101.95052035936635,3.1049403456693199],[101.95035955951153,3.1090303754436377],[101.95057964740215,3.1123397685378791],[101.95150041976905,3.1131204040094644],[101.95212025901111,3.1131204040094644],[101.95350006955681,3.112740416545023],[101.95625969427346,3.1147499476720668],[101.95888007995899,3.1160803527297389],[101.96033984029157,3.1181599523044383],[101.96255957917839,3.1218098075059402],[101.96440022725642,3.1250895553738474],[101.96440022725642,3.1264801487482714],[101.96363037098826,3.1290996341527944],[101.96384956101474,3.1329498145663592],[101.96399957804084,3.1341104375024429],[101.96514043829831,3.1364002436284295],[101.96515031963764,3.1364298864378952],[101.96599024435346,3.1392802401448989],[101.96683016786085,3.1400599777524008],[101.96820998203179,3.1406798169944636],[101.96775004478042,3.1415296230495642],[101.96644030147394,3.1415996914972197],[101.9660603140095,3.1422204273949887],[101.96420978459213,3.1439901079528454],[101.96290004128565,3.1452199014723874],[101.96037038459048,3.1462197245536458],[101.95944961222358,3.1476004353803546],[101.95920976044596,3.1485301912223917],[101.9595897479104,3.15029987419706],[101.96082044171101,3.1530002072527168],[101.95812010623854,3.1567003706401238],[101.95766016898716,3.1585499997764828],[101.95697026250588,3.1596297762699237],[101.95434987561191,3.1603996325380876],[101.95327998408305,3.1610095868155668],[101.95258019505405,3.1625501972161487],[101.95150041976905,3.1653295858197907],[101.94972984134705,3.1674100832586305],[101.94903993486577,3.1693297832594567],[101.94895998507883,3.1712602624637043],[101.94795027944986,3.1748104051997643],[101.94694955608765,3.1788501267881202],[101.94678965651377,3.1818496032824441],[101.94571976256805,3.1830901760054076],[101.94203038200936,3.1855497630445484],[101.943710231441,3.1871703232320101],[101.94976038443747,3.1934297824987539],[101.94976038443747,3.194429609205315],[101.9491396485397,3.1990604226735968],[101.94736008664256,3.2061598090730854],[101.95141957211797,3.2080202186213],[101.95203042667646,3.2085601080764263],[101.94995980936852,3.2115595809454476],[101.95086980374037,3.2151097236814508],[101.95078985395344,3.2161104446267927],[101.95070990174969,3.2168803008950135],[101.94909024184324,3.2197396392855921],[101.94924025886934,3.2226699427795324],[101.9489303398525,3.2237802611550137],[101.94761969868188,3.2256999611558399],[101.9465102805874,3.2278199839518606],[101.94595961192886,3.2293596964882454],[101.94431030558763,3.2321399817475935],[101.94273016862149,3.236179706961309],[101.94180041277946,3.2378002671487707],[101.93984028955731,3.2393804016980425],[101.93564964703648,3.2415695974943901],[101.93299961854149,3.2461896329676847],[101.93407041035135,3.2473502571122026],[101.93514030429708,3.2497397732868194],[101.9367797305074,3.2517897300520531],[101.93508999731961,3.2529099273499469],[101.93358981134884,3.2548898144591476],[101.93312987409746,3.2554997711534952],[101.93298973599377,3.2556695520665926],[101.93192972459576,3.2558501133916025],[101.93182013199942,3.2558195727180532],[101.93122993798363,3.2556497881795963],[101.9307098124155,3.2556902138177861],[101.92995972003433,3.2562804066251374],[101.92984024489027,3.2569101247896128],[101.9298797702474,3.2571400952279532],[101.93001990835108,3.2579503735090043],[101.92979982046052,3.2587804193024112],[101.92956985002218,3.2591702881061906],[101.92934976575685,3.259480204706108],[101.92919974510545,3.2596499892445649],[101.92864009418014,3.2602599435220441],[101.92842988883723,3.2603901990780173],[101.92806966525984,3.2606102881770198],[101.92784957736922,3.2612202424545558],[101.92696024595693,3.261399904706991],[101.9266099013019,3.2615301614713417],[101.92605025158502,3.2616900610452149],[101.92576997779452,3.261649635407025],[101.92412965372006,3.2612903096937202],[101.92366971646868,3.2612301237938368],[101.92308042031709,3.2611501740069002],[101.92270043285259,3.2611699378938965],[101.92122001197731,3.2613397188070508],[101.92109963655219,3.2613801408199379],[101.92096039872951,3.2613801408199379],[101.92021030634834,3.2612597690201142],[101.92015011803159,3.2612400063415521],[101.91979977579342,3.2610001545639307],[101.91941978832898,3.2607396434519842],[101.91909998676442,3.2606902367555222],[101.91864004951304,3.2605797450866021],[101.91734018875428,3.2607504238638967],[101.91626041346927,3.2612301237938368],[101.91606008825727,3.2607998293519245],[101.91544025264045,3.2602599435220441],[101.91493988975094,3.2602698248613251],[101.9146299707341,3.260119807835224],[101.91386011446593,3.2596697495062585],[101.91320973455026,3.2592502378930703],[101.91238957130457,3.2588603690893478],[101.91169966724016,3.2588998932380946],[101.91139962956265,3.2589304363285123],[101.91106006531948,3.2590795566989641],[101.91093969351971,3.2591496263549971],[101.91093969351971,3.2592403553453551],[101.9107303848325,3.2602797074090404],[101.91066031638491,3.2615598042808074],[101.91047975385146,3.2623997314134954],[101.91021025926437,3.2626997666741318],[101.90990034145602,3.2630501113291643],[101.90965959302264,3.2633097233684794],[101.90941974366189,3.2634399801328868],[101.90874960106765,3.2636699469459245],[101.90739044864785,3.2641298841973025],[101.90583995569955,3.2641801911747734],[101.90568993867345,3.26426014096171],[101.90489043597051,3.2644496857618606],[101.90407027635013,3.2651997781430282],[101.90330041887353,3.2658303965885693],[101.90273987129251,3.2662795546364691],[101.90251978340189,3.2663604010791119],[101.90164033212045,3.2667601524306065],[101.90153972058238,3.2667996765792964],[101.90077974686193,3.2667197280008509],[101.90025962371067,3.2667197280008509],[101.89896964066588,3.266620014326918],[101.89729967499039,3.2666002528567333],[101.89614983125773,3.2663397405364094],[101.89446998182609,3.2650201146821587],[101.89347015632802,3.262820140890824],[101.89292038795043,3.2616702971581617],[101.89265987442167,3.2611402926676192],[101.89256016437298,3.260980393093746],[101.89199961316666,3.260450386186335],[101.89072041295066,3.2610001545639307],[101.89044013916015,3.2614502116844619],[101.88906032619758,3.2614502116844619],[101.88823028282104,3.2612202424545558],[101.88710020297543,3.2612202424545558],[101.8870202531885,3.2612498876808331],[101.88667979108124,3.2614196685939874],[101.88618032968111,3.2616604182357491],[101.8854095719235,3.262720427216891],[101.88452024171966,3.2637696606198574],[101.88425973181614,3.2639097987235459],[101.88392016636459,3.2640903588401216],[101.8835204186384,3.2642996675273253],[101.88299041052255,3.2645601786392149],[101.88287003630586,3.2646203645391552],[101.88279996785826,3.2646598911047136],[101.88278020397121,3.2646796549917667],[101.88244962682853,3.2649599287822753],[101.88202023025076,3.2653201523597204],[101.88174983779953,3.2655501227980608],[101.8816501241256,3.2656399539242216],[101.88149022455178,3.2657800896110984],[101.88143991878275,3.2658097348373758],[101.88137973288281,3.2658699207372592],[101.88135996899581,3.2658798032850314],[101.88127013666116,3.2659902961623857],[101.88064041849663,3.2666999665306662],[101.88037002362859,3.2670000017913594],[101.88024965182876,3.2671401398950479],[101.88014005681555,3.2672596162475429],[101.8801202929285,3.2672802779987364],[101.88001968259886,3.2673503452379009],[101.8796998810343,3.2675704343369603],[101.87932977611757,3.2678300463762753],[101.87899021308289,3.2680698957370851],[101.87894978865313,3.2681004388275028],[101.87855991864097,3.2692098569219752],[101.87817005225406,3.2704297691022362],[101.87750978858224,3.2715903920383198],[101.87689983430477,3.2721500429636308],[101.87560985246841,3.2722102312804395],[101.87557032711129,3.2722003487326674],[101.87491006585628,3.2717898193861856],[101.87470974185271,3.271659562621835],[101.87464955353596,3.2716299198123693],[101.87435041613941,3.2714996630479618],[101.87392012169749,3.2713101182478113],[101.87317002931633,3.2709804377608407],[101.87296970410432,3.2708995876928952],[101.87278015930417,3.2708097565667344],[101.87264002361735,3.2707495706667942],[101.87091975096439,3.2703004126188944],[101.86992980680554,3.2704701935319918],[101.86901981122526,3.2703695832023527],[101.86882038750269,3.2703498193153564],[101.86823019348691,3.2703498193153564],[101.86746033721874,3.2703498193153564],[101.8670004011758,3.2703498193153564],[101.86659975196017,3.2703498193153564],[101.86650992083395,3.2703695832023527],[101.86553973935372,3.2705097213060412],[101.86519029497975,3.2705600258666436],[101.86489025730219,3.2705896710929778],[101.86469981584634,3.2706202117665271],[101.86437013173406,3.2706498569928613],[101.86401979070439,3.2706804000833358],[101.86400002681734,3.2706804000833358],[101.86346013977908,3.2709804377608407],[101.86316998464923,3.2711295581312356],[101.86294001421095,3.2712598136872089],[101.86289959219806,3.2712903567776834],[101.86278011463708,3.2714197132610821],[101.86256990929422,3.271659562621835],[101.86242977360735,3.2717997007255235],[101.86230041470714,3.271939838829212],[101.86221956705606,3.2720197886160918],[101.86129969013643,3.272839949444915],[101.86121974155799,3.2728695946712492],[101.86059002339346,3.273169632348754],[101.86044000515892,3.2732495821356906],[101.86011032225508,3.2733995991617917],[101.85907007353563,3.2743401354156845],[101.85862989775444,3.2747803111969347],[101.85428025594081,3.2778202097040889],[101.85513994454362,3.2761601217425778],[101.85468000729225,3.2752698936745901],[101.85444015793149,3.2748099540063436],[101.85424971285033,3.2744497304289553],[101.85363975857285,3.2736699916130192],[101.85333972089529,3.2734499061392626],[101.85322024333436,3.2733600750130449],[101.85299027652133,3.2732001730223601],[101.85226982694957,3.2727195752282228],[101.85097984753014,3.2717601765767768],[101.85066992730486,3.2717898193861856],[101.85011027758799,3.2718500077029944],[101.84889036540773,3.2722497554291294],[101.84870980529115,3.2723000624066003],[101.8480998485968,3.2724500806411925],[101.84732999232858,3.2724698433197545],[101.84725992388098,3.2724797258674698],[101.84657989873898,3.2726504046447644],[101.84652959176151,3.2726099826318773],[101.84636969339613,3.2724896072068077],[101.8460202490221,3.272270417180323],[101.845849567828,3.2721599243029118],[101.84565014289694,3.271659562621835],[101.84535010521944,3.2708699448834864],[101.84520996711575,3.2705097213060412],[101.84485962487759,3.2692404000124498],[101.84420026148678,3.2679800634024332],[101.8438499204571,3.267619839824988],[101.84263988719925,3.2665301819922661],[101.84257970129931,3.2655096971598709],[101.84163018157028,3.2644101604046796],[101.84086032530206,3.2645601786392149],[101.83997997615654,3.2639097987235459],[101.83907986674922,3.2634300975851716],[101.83869987928477,3.2632297735815996],[101.83799020891649,3.2622802538525093],[101.83748984602693,3.2622003052740638],[101.83732006511377,3.262169760975155],[101.83627981639438,3.2621598796358739],[101.83596989737759,3.2615499253583948],[101.83556026710369,3.2608402549900575],[101.83505990542255,3.2601997576221606],[101.83469967821981,3.2598404307004216],[101.83381034801596,3.2596095636063751],[101.83360014146467,3.2595799183800409],[101.83300994865732,3.2590795566989641],[101.83261019972269,3.2587399936642214],[101.83212959951175,3.257909951496174],[101.8321700239415,3.2576602183792147],[101.83247006161901,3.2564699514252879],[101.83247006161901,3.256450188746669],[101.83284016774417,3.2536303781301399],[101.83284016774417,3.2535504283432033],[101.83293988020966,3.2528200962237293],[101.83162025556391,3.2525101772069434],[101.83131033654706,3.2518903403816921],[101.83202988825468,3.2507701418753641],[101.83120972500899,3.2490202227876921],[101.82959006268572,3.2461501064020695],[101.82846986417934,3.244659801770581],[101.82795962115898,3.24398965917635],[101.82663999530473,3.2425496591054639],[101.82592044601404,3.2415201907979281],[101.82532037065897,3.2397801530494803],[101.8238902531358,3.2371103606674865],[101.82368992913223,3.2360799932873761],[101.82287964722588,3.234949913441767],[101.8206401480773,3.2331999943540382],[101.81981998724854,3.2322801198512821],[101.81930974422812,3.2308401209888302],[101.8179901195823,3.2293004084524455],[101.81800000092164,3.2275603707040545],[101.81860995519912,3.2258095537522422],[101.81809971459558,3.2248896804579203],[101.81718971901523,3.2230400501131271],[101.81678008994976,3.2213997260386691],[101.81352998489132,3.2173896472597221],[101.81282031452304,3.2162595674140562],[101.81282031452304,3.2152399768205555],[101.81414982050808,3.2124695729004316],[101.81445974073335,3.2094898639184635],[101.81405998938186,3.2063098260991865],[101.81375995170436,3.204779996110517],[101.81335032143045,3.2037496287304066],[101.81183037278106,3.2026204467489379],[101.81141984222614,3.2008696297970687],[101.8108098855318,3.1989202869867768],[101.80989989236838,3.1976096433992893],[101.8091902220001,3.1947404260862413],[101.80828023004506,3.1930902206725023],[101.80634975084081,3.1902201030784454],[101.80441028695293,3.1870301851283216],[101.80411025169229,3.1856997800706495],[101.80421984428864,3.1845697002250404],[101.80626980105387,3.1802703629720099],[101.80433033716599,3.1788303653179923],[101.80730016722555,3.1728799247870256],[101.80883988097037,3.1697097707238981],[101.81048020504483,3.1662198163046469],[101.81140995967843,3.1631502725711584],[101.81120963567486,3.1618198687219774],[101.81232983418118,3.1607903992060074],[101.81294967342325,3.1583299118858577],[101.81325959002322,3.1570596963534285],[101.81275024607538,3.1553097772656997],[101.81193996537746,3.1532598229173345],[101.81142972356548,3.1523300646584289]]]},"properties":{"Daerah":"HULU LANGAT","Negeri":"SELANGOR","Nam":"Hulu Langat"}},{"type":"Feature","geometry":{"type":"MultiPolygon","coordinates":[[[[101.37479014100234,2.9038803327517826],[101.37654993901248,2.9040195717828965],[101.3787696778993,2.905069701841569],[101.38124004414186,2.9068501640197155],[101.38320016615558,2.9088902382372339],[101.38468957533979,2.9112599941501571],[101.38609004763663,2.9139100238535889],[101.38725965525629,2.9170702965774353],[101.3879702198634,2.9192397272782955],[101.38854963467577,2.9219301814114829],[101.38887033289603,2.9243601232242895],[101.3886700088924,2.9286199327033273],[101.38833044585772,2.9317101381879525],[101.3883196666543,2.9346602055688891],[101.38877960390568,2.9367595690305848],[101.38928984450922,2.9385400275834854],[101.3900695833251,2.9403797790058093],[101.39117990290902,2.9418197778682611],[101.39235040718438,2.9432400140521509],[101.39358020070398,2.944169769894188],[101.39533999871412,2.9452899708173845],[101.39716986758873,2.946340100876057],[101.39926024636685,2.9477199126301912],[101.40160035705344,2.9493099297271783],[101.40400963953198,2.9518099411960748],[101.40518014501578,2.9531196845025534],[101.40589969430647,2.9547600085770114],[101.40693006047815,2.9575196320852228],[101.40745018604633,2.9598902858622864],[101.40860991232665,2.9652702962644639],[101.40931958027812,2.9677002404941959],[101.41022957464997,2.970200249546167],[101.41140008013377,2.9727604469149469],[101.41290026489611,2.9752595617281372],[101.41420012686331,2.9763096917868097],[101.41582967052591,2.9773697043932543],[101.41810959531261,2.9781602224126118],[101.42001042929058,2.9781701037518928],[101.42177022971759,2.9777802349481703],[101.42471041455082,2.9769995982680939],[101.42799016483559,2.9752999861578928],[101.43132021968103,2.9732796758273707],[101.43439964233693,2.9709898697013841],[101.43747008393456,2.968310194771675],[101.43950027681274,2.9663401902101896],[101.44028989455114,2.9650996174872262],[101.44081990145855,2.9634601912769085],[101.44068964590258,2.9621504479703731],[101.43952004069979,2.9603699857922265],[101.43853997788028,2.9592497884943327],[101.4374296595048,2.9585904238950889],[101.43530963670884,2.9576903144878202],[101.43301983179123,2.9568997964684627],[101.43094023221659,2.9561002937655303],[101.42905017502517,2.9551804204712084],[101.42663011576008,2.953729641196901],[101.42435019097337,2.9518800084352392],[101.42317968669801,2.9501103290858168],[101.43355971762111,2.9503304169764419],[101.4440295820873,2.9500896673346801],[101.44527015481026,2.9502899913382521],[101.4502297533183,2.951359886492412],[101.45228958900594,2.9521198602128607],[101.47122966935899,2.9518997723222355],[101.50646967565871,2.9503600597858508],[101.52560019505074,2.9499800723214094],[101.55075032797407,2.9646702209094542],[101.55137016479927,2.9646801034571695],[101.55146987726476,2.9643603043094799],[101.55159025268989,2.9581403691914261],[101.56447029629027,2.9651202792383629],[101.56229008517749,2.970200249546167],[101.56848037506921,2.9733299791795957],[101.5707504173082,2.975099662154264],[101.57229012984459,2.9763501174249996],[101.57357022792479,2.9773104163575113],[101.56793958895838,2.9763096917868097],[101.56581956374549,2.9768199360156586],[101.56463019586414,2.9774397716324756],[101.56353964016722,2.977909591431569],[101.56236015362515,2.9779598972006056],[101.56138009080564,2.978320121986485],[101.56095967891144,2.9787800580294288],[101.56002992306941,2.9794600831713751],[101.55946039080482,2.980079922413438],[101.55873994364993,2.9808497762647903],[101.55842014208537,2.9816501756234288],[101.55852973709864,2.9826796451393989],[101.55671963211103,2.9858902248407162],[101.55578987626899,2.9881099601022356],[101.55380010782051,2.9916699841775198],[101.55264038274856,2.9935402750650155],[101.55262960354514,2.9947098826846741],[101.55343988182619,2.9962298313340625],[101.55540988880455,2.9988097937982729],[101.55576023104265,3.0000898930869084],[101.55546019336515,3.0015496534194881],[101.55464991387561,3.002369817873614],[101.55155970959942,3.0038196956584784],[101.55109977234804,3.0045796705873613],[101.55050957833231,3.0054600197329364],[101.54993016472838,3.006099620445184],[101.54993016472838,3.0069799695907591],[101.55072966622288,3.0100800564146653],[101.550850041648,3.0107196559184786],[101.55055988530978,3.0117096000772676],[101.54973972206409,3.0124695750062074],[101.54921959891283,3.0127597313444312],[101.54817036671824,3.0135197062733141],[101.54706004713438,3.0145096480152347],[101.54642044763057,3.0154403041382807],[101.54642044763057,3.0157295589871183],[101.54676989200453,3.01597030862888],[101.5473502034726,3.0157897473038702],[101.54810029585377,3.01597030862888],[101.54792961707648,3.0165596035720341],[101.54774995482404,3.0173195785009739],[101.54804010995389,3.0178397016522354],[101.54844974264461,3.0177301090558899],[101.54873989898283,3.0167302823493287],[101.54915042591244,3.0159200040682776],[101.54956005981165,3.0156199663907159],[101.55024996629294,3.0157403406074081],[101.55060030732267,3.0162101604065015],[101.55100994122182,3.0160996675291472],[101.55118960347426,3.015510371377502],[101.55123990803486,3.015099840822586],[101.55176991494233,3.0149300599094886],[101.55241041231022,3.015510371377502],[101.5528703495616,3.0156900348383715],[101.55367973360387,3.0159298829906902],[101.55390970041691,3.0168003507969843],[101.55426004507189,3.0174498328485129],[101.55461038731005,3.0175702070651482],[101.55502002000077,3.0172198660354752],[101.55502002000077,3.0163404135456062],[101.55466967534579,3.0157502207382549],[101.55462026864933,3.0153998785001477],[101.55485023908767,3.0149399412487696],[101.55537036223893,3.0150504341261239],[101.55624981352037,3.0147602789963344],[101.55706009180142,3.0140703713066159],[101.55769969493053,3.0137200302768861],[101.55792966174357,3.0137200302768861],[101.55817041138533,3.0140101854067325],[101.55815963218191,3.0144198156806397],[101.55805003596021,3.0151797906095226],[101.55815963218191,3.0154097598394287],[101.55891960590236,3.0157097975169336],[101.559320255118,3.0160601397550977],[101.559320255118,3.0164697724458733],[101.55890972456308,3.0169297096971945],[101.55861956822486,3.0179304330594618],[101.55820993553408,3.0183903703108399],[101.55757033603027,3.0183903703108399],[101.55705021287901,3.0179798397559239],[101.55669986822397,3.0176896846261343],[101.55600008282028,3.0179798397559239],[101.55367973360387,3.0196102824911009],[101.5532701009131,3.0202498819949142],[101.55262960354514,3.0206002266498899],[101.55232956586764,3.0210098569237971],[101.55291975867493,3.0213602015787728],[101.55436963766823,3.0216602356310318],[101.55465979400651,3.0220698695302417],[101.55477028688387,3.0231199995889142],[101.55523022655211,3.0237595990927275],[101.55547007470443,3.0237595990927275],[101.55558955226542,3.0228298432506904],[101.55553026422962,3.0216602356310318],[101.55600008282028,3.0199696082044056],[101.55663968232409,3.0193803120527605],[101.55734036921723,3.0199696082044056],[101.55785959450435,3.0204403246592051],[101.55860968688552,3.020789769033172],[101.55931037257022,3.0206801764368265],[101.55959963104436,3.0212595876238311],[101.55931037257022,3.0216701181787471],[101.55855039884977,3.0221902437468771],[101.55813986829486,3.0225998740207842],[101.55832042841143,3.0237101923962655],[101.55779042392089,3.0246498307860179],[101.55714992413607,3.0254295683935197],[101.55563985561758,3.0267096664736641],[101.555290412452,3.0266503784379211],[101.55477028688387,3.0260098798615331],[101.55302037021301,3.0253603990184388],[101.55221008830665,3.025070242680215],[101.55185974727692,3.0253603990184388],[101.55185974727692,3.026239847883005],[101.55289999478794,3.0271696037250422],[101.5541199069682,3.0278801719575199],[101.5543498761981,3.0282296151230526],[101.55424028118489,3.0288099265911228],[101.5534201215645,3.0290497783687442],[101.55260983965815,3.0291602712460985],[101.55173038837671,3.0296300898367576],[101.55050957833231,3.0303801834263595],[101.54858987833143,3.0313099392683966],[101.54707981102138,3.0318399461758077],[101.54591020340172,3.0324804435437613],[101.54555986237199,3.0328298879177851],[101.54568023658868,3.0332296392692228],[101.54654980653078,3.0336500511634199],[101.54789009292773,3.034000393401584],[101.54828984065392,3.0345896895531723],[101.54776971750266,3.0349301492436211],[101.54723971059519,3.0349301492436211],[101.54671958744393,3.034579807005457],[101.54607998794012,3.0351098114960564],[101.54526970603376,3.036210249740634],[101.54521041799802,3.0369199176921029],[101.54491038032046,3.0371498869219522],[101.54426988295251,3.0373196678351064],[101.54351978694609,3.0371498869219522],[101.54236006429102,3.0363198423370363],[101.54160008936208,3.035799719185718],[101.54130993423229,3.035799719185718],[101.54031998886506,3.0365498115669425],[101.53926985880634,3.0375397557257315],[101.53926985880634,3.0380697614247083],[101.5396202010445,3.0385395800153674],[101.54054995930341,3.0391198914834376],[101.54136023758446,3.0393597432610591],[101.5415902080228,3.0397702701906724],[101.54100989655478,3.0403496850029796],[101.54025980296512,3.0401197169815077],[101.53926985880634,3.0396498983908486],[101.53821972874766,3.0390597055834974],[101.53769960317953,3.0384201048713066],[101.53689022155413,3.0384102235320256],[101.53590027739534,3.0391100089357224],[101.53468036521508,3.0395196428348754],[101.53388984840416,3.0395699461871004],[101.53231959398573,3.0397397307255005],[101.53122005481373,3.0396202531645713],[101.53034958700744,3.0387497853582772],[101.53000014384185,3.0383895617808321],[101.53017980609428,3.0379799290900564],[101.53187043714621,3.036939680370665],[101.53261963166324,3.0365300476798893],[101.53314963736227,3.0360602290892302],[101.53286037888819,3.0351897612829362],[101.53175006292958,3.0349499131306175],[101.53106015523986,3.0348897236054313],[101.52960039490728,3.0357601914117254],[101.52843977197119,3.0363997945407846],[101.52790976385529,3.0362803169798553],[101.52733035025142,3.0355203420509724],[101.52705007646091,3.0347603683304669],[101.52688029554776,3.0331802325727608],[101.52705007646091,3.0320196096366772],[101.52665032752628,3.0311401583552424],[101.52623979697142,3.0309595970302894],[101.52566038336749,3.0312497533685132],[101.52536034568999,3.0334703889109846],[101.52536034568999,3.035750312489256],[101.52494981513507,3.0371498869219522],[101.52431021563126,3.0375002291601163],[101.52349005480244,3.0375002291601163],[101.523090303451,3.0363899119930693],[101.52291962225684,3.0342797693279522],[101.52281002966049,3.0331101617082936],[101.52205005473161,3.0314797201815509],[101.52152992916342,3.0303604195393632],[101.52113017902042,3.0297199221714095],[101.52001986185337,3.0300100773011991],[101.5185699804432,3.0310602085683627],[101.51688025088072,3.0326295639141563],[101.5164697203258,3.0338602552978955],[101.51622987096505,3.0350900488174375],[101.51536030102289,3.036370148106073],[101.51435957766068,3.0379404049413097],[101.51417003286048,3.0383599165545547],[101.5136597910485,3.0394603535906981],[101.51302018912787,3.041159965700956],[101.51296000322793,3.0421499074428766],[101.51260966098982,3.0430796669102165],[101.51203024738589,3.0434901938398298],[101.51127027245701,3.0431398528100999],[101.51115977957966,3.0422002144203475],[101.51045999055066,3.0410297101449828],[101.50947993135645,3.0401502576551138],[101.50888973734067,3.0400900717552304],[101.5081396449595,3.0400900717552304],[101.50623970522037,3.0400900717552304],[101.50523988213916,3.0400604265288962],[101.50355015136819,3.0400999543029457],[101.50212991518436,3.0400999543029457],[101.50101959680887,3.0402796165553809],[101.50022997907053,3.0404502953326187],[101.49907025399858,3.0403200421935139],[101.49779015350157,3.0406200762457729],[101.4972098420335,3.041159965700956],[101.49697987401203,3.0419100592905579],[101.49756018668853,3.0432099200493212],[101.49853036696032,3.0446400375724352],[101.49896964246051,3.0451700456883373],[101.49853036696032,3.0457997638528127],[101.49639956254401,3.0453398266014347],[101.49351956361068,3.045249995475217],[101.49213975064816,3.0452401129275017],[101.49204991831351,3.0461402259600732],[101.49174000171354,3.046849893911542],[101.49120011225835,3.0479997376441474],[101.49120011225835,3.0493400240411006],[101.49154955904925,3.0504099179868263],[101.49172023782654,3.0526601963387634],[101.49175976318367,3.0533303389330513],[101.49184959430988,3.055109900830189],[101.49193044437783,3.0580096636505232],[101.49196996852658,3.0599302615155466],[101.49213975064816,3.0631803665739881],[101.49213975064816,3.0632701977002057],[101.49084977122868,3.0636699490517003],[101.49037007009031,3.0632701977002057],[101.48164024337251,3.0606102866574929],[101.48145968083907,3.0615903494770009],[101.48107969337462,3.0701000883041729],[101.4809395576878,3.0743203736344071],[101.47743972192927,3.0742197620963339],[101.47713968425171,3.0857101101864828],[101.47397042684435,3.0882002403160413],[101.4715297070365,3.0901900087645231],[101.47019031729525,3.0915302951614763],[101.46997022940468,3.0928598011465169],[101.46247019741492,3.0930197031372586],[101.46203002163367,3.0926199529941982],[101.44565014227476,3.0927502085501715],[101.44546958094975,3.0927403272108904],[101.44407000651705,3.102629879000574],[101.44343040701324,3.1100598437511735],[101.44599958544029,3.110379642898863],[101.44589987539166,3.112740416545023],[101.45157992105453,3.1123999544377625],[101.45152961407706,3.1135596795097058],[101.45406016984481,3.1140501598515016],[101.45453986977475,3.1172598392718101],[101.45404040595781,3.1197598507407065],[101.45617031250993,3.1197598507407065],[101.45607958351957,3.134309861225006],[101.45288966436101,3.1343404043154806],[101.45271000090014,3.1364801934153661],[101.45354992561596,3.1379498350872268],[101.45541033758104,3.1380899731909153],[101.45686021899121,3.1418000155007917],[101.45937999193023,3.1469302927860667],[101.46365956529627,3.1530199711397131],[101.47006994307861,3.1580702998464858],[101.47228968075694,3.1584799325372614],[101.47476992954728,3.1608496872417504],[101.46375029428663,3.1685698083305738],[101.42934033015496,3.1922502959566827],[101.40279960989943,3.1921398030793284],[101.40203963497049,3.1920499719531108],[101.40158957664158,3.1915900347017327],[101.40155005249284,3.1871496614808734],[101.40155005249284,3.1867795565641472],[101.40087990989855,3.1865603653292283],[101.39915963603715,3.1865495861258069],[101.37115016714012,3.1864696363388703],[101.37113040446155,3.1753502910295879],[101.34448996690674,3.1754598860428587],[101.34456991911054,3.1624801299769274],[101.32976029417,3.1630298983545231],[101.32652007045078,3.1592596701447633],[101.31767975206407,3.1679400901660415],[101.31741025747704,3.1683398378922334],[101.31730964593891,3.1687997775604799],[101.31664040120882,3.1688402007818013],[101.31609961388949,3.1687503684471494],[101.31532975762133,3.1684296702268853],[101.31442964700562,3.1677002383884201],[101.31379992642422,3.1675601027016],[101.31329956715996,3.1675601027016],[101.31266984657861,3.1676104072622024],[101.31176973596286,3.1675097957241292],[101.31091004856847,3.1670103343240044],[101.31009976666212,3.1666501083297476],[101.30901999379392,3.1657796405234535],[101.30826989778745,3.1649900227851049],[101.30846034286861,3.1648400033421353],[101.30855017399483,3.1647097465777279],[101.30854029265555,3.1646001539813255],[101.30844956124832,3.1644303730682282],[101.30839027200415,3.1641797420871285],[101.30848998567808,3.1638302977131616],[101.30869030968165,3.1634197671582456],[101.30887985448186,3.1628601162329346],[101.30884033033311,3.1624298229994565],[101.30886997314252,3.1621998549779846],[101.30896968681645,3.1620201927255494],[101.30900022990693,3.1617399189350408],[101.30895980426874,3.1615395937230346],[101.30886009180324,3.1612799816836628],[101.30891039878071,3.1609898253454389],[101.30901011124621,3.1607302108891986],[101.30903975405568,3.1603699873118103],[101.30902987271639,3.1602199690772181],[101.30931014892377,3.1597995571830211],[101.30926972449402,3.1590198183671419],[101.3092796058333,3.15876020632777],[101.30937033482365,3.1584898138765425],[101.30942962406783,3.1583299118858577],[101.30933979173318,3.1580801811858237],[101.30923019671997,3.1577397214953749],[101.30923019671997,3.1573696129533459],[101.3093299103939,3.1569797465664919],[101.30939009871065,3.1566599450019339],[101.30939998125842,3.1560095662946992],[101.30953023439747,3.1557499530468931],[101.30969013638821,3.1555702895860804],[101.30970989785834,3.1552001822524858],[101.30990034052263,3.1548696039013748],[101.31012042841326,3.1547501263403888],[101.31021025953947,3.1544698525498802],[101.31005035996566,3.1539003202852882],[101.31008988532278,3.153649691721057],[101.30997041017872,3.1534403842423444],[101.30993986708825,3.1531996346005826],[101.30994974963596,3.1530002072527168],[101.31007012385265,3.1528196471361412],[101.31006024251337,3.1526498662229869],[101.30998029272644,3.1523103031883011],[101.31001981687518,3.1520003841714583],[101.30987968118836,3.1507301662221607],[101.3099596309753,3.1505496048971509],[101.31038004045263,3.1500896676457728],[101.31041956822662,3.1499396482028033],[101.31036028019088,3.149769867289649],[101.31024978731352,3.1495497818158924],[101.31015995497887,3.1492398615906723],[101.31012042841326,3.1490197737000472],[101.31013030975254,3.1487898068870095],[101.31027044785623,3.1486200235569868],[101.31036028019088,3.148329867218763],[101.31046987157885,3.14809001785801],[101.31045999265638,3.1478896938544381],[101.31031985455269,3.1476103179280699],[101.31030009066569,3.1474504183541967],[101.31036028019088,3.1470704308897552],[101.31039980433962,3.1465601866609063],[101.31044022876938,3.146340098770338],[101.3105803644562,3.1461397747667093],[101.31063965611725,3.1456798375153312],[101.31066031666001,3.145299851259324],[101.310859741591,3.1443395523268691],[101.31104030412445,3.1440098718398417],[101.31116966060785,3.1431196401465513],[101.31156042727571,3.1420704079520192],[101.31177961730219,3.1415296230495642],[101.31189999031039,3.1413301969101326],[101.31203024586637,3.1409403268979759],[101.31212007820102,3.1406402892204142],[101.31227997656646,3.1404399652168422],[101.31275967770483,3.1399800279654642],[101.3129600017084,3.1399602652869021],[101.31326992193368,3.1399396035357086],[101.31339029615032,3.1398704329522502],[101.3134298215075,3.1397599400748391],[101.31336963439918,3.1397204159260923],[101.3132303965765,3.1397096367226709],[101.31317020825975,3.1396799902879593],[101.3131504443727,3.1395901591617417],[101.31318008959903,3.1394500234749216],[101.31333010783356,3.1393296492582294],[101.31358972349824,3.13929012148418],[101.31381969031128,3.13929012148418],[101.31395982841491,3.1391904078102471],[101.31403977820185,3.1389999663543904],[101.31403977820185,3.1387996411423842],[101.31388975755044,3.1387295739031629],[101.31363014551107,3.13862986022923],[101.31341006003737,3.1384304340897984],[101.31310014102053,3.1378698853003471],[101.31301030868588,3.1377099869349081],[101.31280010334302,3.1375402048133765],[101.31253959223108,3.1373398808097477],[101.31215960476663,3.1371602173488782],[101.31198982143661,3.1370299617929618],[101.31189011017955,3.1369095863678353],[101.31189999031039,3.1367999913546214],[101.31195029607943,3.1367002813059344],[101.31207965256283,3.1366499743284635],[101.31229974045345,3.1366104489713393],[101.31243987855714,3.1364999560939282],[101.31253959223108,3.136260105524741],[101.31266984657861,3.1361397300996714],[101.31306959672162,3.1361100872902057],[101.31320973603374,3.1360400164256816],[101.3133597530599,3.1358801180602995],[101.31341993895978,3.1352701601575177],[101.31348012727653,3.1351300244706977],[101.3140002504278,3.1348497506801891],[101.31455002243069,3.1347302743276373],[101.31473956360554,3.134629662789564],[101.31478987058301,3.1344302366501324],[101.31477998924373,3.1341499628596239],[101.31459044444358,3.1339702993987544],[101.31415027107926,3.1336702617212495],[101.3140802026316,3.1335301260343726],[101.31411972798878,3.1333396833700817],[101.314189795228,3.1331501385699312],[101.31431017065307,3.1330100004662427],[101.31432993333163,3.132739608015072],[101.31432005199235,3.1323802823017672],[101.31437035896982,3.1321197687729523],[101.31480963447007,3.1313301522430379],[101.31515009416046,3.1303204441972525],[101.31537018205108,3.1295398075171761],[101.31551032015477,3.129069988926517],[101.31556960939895,3.1288499034527604],[101.31492012734742,3.1285103392096403],[101.31463985355691,3.1283100139976341],[101.31457966524016,3.1282498280976938],[101.31455990135311,3.1281303517451988],[101.31452037599598,3.1279497904201889],[101.31465961381866,3.1273398361427098],[101.31478987058301,3.1269796101483962],[101.31522016502498,3.1260498543063591],[101.31568998361564,3.1250599125644385],[101.31651014444441,3.123220162350492],[101.31667992535756,3.1229596488217339],[101.31692965847446,3.1222697447573182],[101.31829958768088,3.1190501827892945],[101.31958957072561,3.1160399270915491],[101.31970994252544,3.1159195528749137],[101.32008992998988,3.1161603025166755],[101.32018964245538,3.1161701838559566],[101.3203100178805,3.1159698598523846],[101.32028037507104,3.1155898723878863],[101.32037020619725,3.1153500206102649],[101.32047979879366,3.1151802396971675],[101.32053010577113,3.1149502728841298],[101.32061993689729,3.1144103834289467],[101.32071965057128,3.1142603651944114],[101.3208597862581,3.1139899739516181],[101.32100980570107,3.1137195790835221],[101.32116970527488,3.1133898985965516],[101.32136014793917,3.1132102351356821],[101.3215999997168,3.1131302853488023],[101.32242016054562,3.1129497252322267],[101.32303011723997,3.1128796543677026],[101.32347029060435,3.112750297884304],[101.32401017764261,3.112649687554665],[101.32481956047644,3.1123900718900472],[101.3251896666016,3.1122795814295046],[101.32554000883971,3.1122795814295046],[101.32584992785655,3.1123496498771601],[101.32612032030778,3.1123101221031106],[101.3265101891115,3.1121502225292943],[101.32669973391165,3.112080155290073],[101.32690994046294,3.1121196794388197],[101.32713990727603,3.112220290976893],[101.32728004537967,3.1121897478864184],[101.32769956061816,3.1118196417613149],[101.32772022116092,3.111560029721943],[101.3277597465181,3.111419894035123],[101.327989715748,3.1112599920443813],[101.32831041275983,3.1111503994480358],[101.32855026332902,3.1111297376968992],[101.32878023135049,3.1112195700314942],[101.32888982636371,3.1114297729575355],[101.3290299644674,3.1117495745220936],[101.32923028847097,3.1123703116282968],[101.32934976361508,3.1126002784413345],[101.32952044480925,3.1128697730284216],[101.32969022572235,3.1131895745929796],[101.32998038206057,3.1129703833580606],[101.32980969965803,3.1126703493058585],[101.32978993939628,3.1124601427545144],[101.32980969965803,3.112210409637612],[101.33001990620932,3.1116804039385784],[101.33011961988325,3.111419894035123],[101.33016992686072,3.1112501107051003],[101.33024987664766,3.110850361770531],[101.33029030107741,3.1096196679699233],[101.33033970777387,3.1094903114865247],[101.33039989367376,3.1091902738090198],[101.33040977501309,3.1088399327792899],[101.33023011276066,3.1080098869859398],[101.33023011276066,3.1078302247335046],[101.33030017999982,3.1077799201729022],[101.33039001233448,3.107809562982311],[101.33053015043816,3.1079200558597222],[101.33061998156438,3.1080296508729361],[101.3306900488036,3.1080000080634704],[101.33066040599414,3.107760156285849],[101.33071969523832,3.1076999703859656],[101.33085983092514,3.1076604438203503],[101.33096044367164,3.1076703251596314],[101.3311598686027,3.1077996840598985],[101.33136019260627,3.1080503126241297],[101.33161980464564,3.1077700388335643],[101.33130988804567,3.1074601186083441],[101.33107003626804,3.1070199452439624],[101.33084006945501,3.1066696005889867],[101.3306900488036,3.1063498026497314],[101.33062986290366,3.1061899006590465],[101.33064962679072,3.1060497649722265],[101.33076011966807,3.105979696524571],[101.33100985036816,3.1060003582757076],[101.3311598686027,3.1059698151852899],[101.33178958918404,3.1053796211695044],[101.33198003184833,3.1052897900432868],[101.33205998163527,3.1051703136907918],[101.33196026796134,3.1051002452431362],[101.33176982529704,3.1051298904694704],[101.33173029752299,3.1050903639038552],[101.33178958918404,3.1050104141169186],[101.33203033520056,3.1048801573525679],[101.3323097123353,3.1048397353396808],[101.332410322665,3.1047499042134632],[101.33244985043899,3.1044597478751825],[101.33252980022593,3.1043097272237787],[101.3327103603425,3.104229777436899],[101.33290978769037,3.1042001322105648],[101.33298973747731,3.10406987907146],[101.33301039802006,3.1038201447461233],[101.33306968605581,3.1036800090593033],[101.33363023726213,3.1031401232294229],[101.33427971931366,3.1025400478743563],[101.33445039809089,3.1024196724492867],[101.33475043576846,3.10238014830054],[101.33504957316495,3.1024097911099489],[101.33516994738164,3.1023702669612589],[101.33524001824611,3.1022597740838478],[101.33531008548533,3.101969617745624],[101.33546010371987,3.1018501413930721],[101.33562000571055,3.1016399348417849],[101.33624972387508,3.1011395731606513],[101.33644016533094,3.1008197740129617],[101.33658030464306,3.1007299428867441],[101.33675008555622,3.1006401105520922],[101.33685967815256,3.1005296176747379],[101.33693963035637,3.1003795982317683],[101.33699981625625,3.1003499554223026],[101.33708964738247,3.1003903774351897],[101.33722978548616,3.1005296176747379],[101.33735015849442,3.1006697533615579],[101.33748041405033,3.1007497067737972],[101.33757024638498,3.1006095674616745],[101.33738968505997,3.1004604482997138],[101.33729985393381,3.1002798845578354],[101.33726032615976,3.1001101036446812],[101.33714983328235,3.0999996107673269],[101.33711030913361,3.0998702542839283],[101.33720014025982,3.0997804231577106],[101.33734027836351,3.0997103547100551],[101.33750017793739,3.0997498800672361],[101.33759989161132,3.0996995730897652],[101.33766995885054,3.099599863041135],[101.33774990863742,3.0994103170325502],[101.33791968955057,3.0992297544991061],[101.33804994631498,3.0990500910382366],[101.3382098458888,3.0989701412513568],[101.33824038897927,3.0988596483739457],[101.33827003420555,3.0986503433121015],[101.33830955956273,3.0985003226606977],[101.33908031369509,3.0977996369759921],[101.33918002616059,3.0976496187414],[101.33927973983452,3.0974304311318406],[101.33932016547271,3.0973100569151484],[101.33992024082778,3.0967899313470184],[101.34010978200263,3.096669555921892],[101.34029034574451,3.0966497956601984],[101.34039993834085,3.0965797247956743],[101.34047989054466,3.0964395891088543],[101.34047000920538,3.0961000248657342],[101.34051043121826,3.0960596016444129],[101.3406101448922,3.0961503306347709],[101.34072962124469,3.0962203990824264],[101.3408401141221,3.0963398754349214],[101.34094970913532,3.0961799770695393],[101.34075028299588,3.0960200750787976],[101.34057960180172,3.0959302427441457],[101.34047989054466,3.0958404116179281],[101.34052031255754,3.0955502564881385],[101.34067033320895,3.0953903569143222],[101.3409901311482,3.0949897076986872],[101.34123986547354,3.0947300956593722],[101.34163961319973,3.0940599518566501],[101.3418597010903,3.093839863966025],[101.34200971932489,3.0936503191658744],[101.34205014375465,3.0934598765015835],[101.34216962131558,3.0933098594754824],[101.34245977644537,3.0931697213717939],[101.34273016889659,3.0930897715848573],[101.34284964645758,3.0929999404586397],[101.342860425661,3.0928301583371081],[101.34287030700028,3.0925202393202653],[101.34299966348368,3.0923899825558578],[101.34347037993848,3.0920297589784695],[101.3438602487422,3.0916398901746902],[101.34400038684589,3.091429683623403],[101.34415040508048,3.0911700715840311],[101.34440013578052,3.0908996791328036],[101.34498044724859,3.0900301091907068],[101.34515023057855,3.0897695992871945],[101.34556974340018,3.0893096620358165],[101.3459398483169,3.0889296721545065],[101.34620036184572,3.0885595660293461],[101.34671958713284,3.0879801548423416],[101.34842009710718,3.0864799664547036],[101.34879020202391,3.0862203544153317],[101.34919983471468,3.0860002665247066],[101.34951963627924,3.0858700121771676],[101.34977026484341,3.0856400429472615],[101.34997957353062,3.0853400052697566],[101.35018977887347,3.0851001559090037],[101.35045028998542,3.0849797816923115],[101.35077009154998,3.0848800680183786],[101.35101982225001,3.0848800680183786],[101.35131985992751,3.0850202061220671],[101.35160013371808,3.0851603418088871],[101.35167020095724,3.0848297634577762],[101.35139980971445,3.0846896253540876],[101.35123002759292,3.0845000805539371],[101.35118960316316,3.0843302996407829],[101.35123002759292,3.0841299756372109],[101.3513099773798,3.0839997188728034],[101.35146987695367,3.0839000051988705],[101.35175015074418,3.0837697520597658],[101.35198012118252,3.0836502744988366],[101.35244005722546,3.0831903372474585],[101.3532395599284,3.0826001444401072],[101.35350006983185,3.0823800565494821],[101.35394024319623,3.0818895762076863],[101.35449989412155,3.0813398078300906],[101.35463014967752,3.0810999584693377],[101.3548601201158,3.0808295636012417],[101.35512961470289,3.0805699515619267],[101.35529041093247,3.0804603589655244],[101.35562997638402,3.0804603589655244],[101.35590036883525,3.0804199333273345],[101.35601984277093,3.080279795223646],[101.3560899136354,3.0799501147366755],[101.35616986342234,3.0798000952937059],[101.35635042353891,3.0796401957198896],[101.35656961356534,3.079570127272234],[101.35676993877735,3.0794201078292645],[101.35679958158681,3.0792503269161102],[101.35675017489035,3.0790095796912169],[101.35669986791288,3.0787903896647322],[101.35670974925216,3.0786897781266589],[101.35689031057717,3.0785397611005578],[101.35709961926437,3.0785002333265084],[101.35729006072023,3.0784202835395718],[101.35743020003235,3.0783196732099327],[101.35752991249785,3.0780995853193645],[101.35755955530732,3.0779001579714418],[101.35762962617179,3.0777600222846218],[101.35782006883608,3.0777097153071509],[101.35806979953611,3.077680072497742],[101.35826024220046,3.0776998339678698],[101.35852973678749,3.0777896650940875],[101.35873006079112,3.0778902766321607],[101.35919987938178,3.0773000862416779],[101.35800961363623,3.0768599092520503],[101.35783983030626,3.0767799594651137],[101.35782995017536,3.0766398213614252],[101.35767993073239,3.0766002972126785],[101.35738977439416,3.0765796354615418],[101.35694960102978,3.0763200234221699],[101.35684988735585,3.0762301910875181],[101.35684000601657,3.0761098168708827],[101.35694960102978,3.0759597998447816],[101.35752991249785,3.0757702550446311],[101.35841026164343,3.075230365589448],[101.35926994782938,3.0749797370252736],[101.35946039291053,3.0748000735644041],[101.35952956228562,3.0746302926512499],[101.35962029248441,3.0742098807570528],[101.35972988749762,3.0741200484224009],[101.36050962268826,3.0735002128056408],[101.36099022048234,3.0732495818245411],[101.36130014070761,3.0731696320376614],[101.36193974021143,3.0733304282671838],[101.36222001400193,3.0726701670122338],[101.36201968999831,3.0727896445732199],[101.36184002653744,3.0727501167991704],[101.36123007225996,3.0725201499861328],[101.3608896101527,3.0723297073218419],[101.36053028443939,3.0720602127347547],[101.36022036663104,3.0717296319667753],[101.36010987496206,3.0713999490629362],[101.36009999241435,3.071099913802243],[101.36018982354057,3.0707001636592395],[101.36049974134897,3.0703597003434879],[101.36071982923954,3.0701396148697881],[101.36085996734323,3.0698296958529454],[101.36095968101716,3.069349994714571],[101.36095968101716,3.0688199902239717],[101.36086984868257,3.0682702194295643],[101.36093003458245,3.0675901967044297],[101.36106029134686,3.0673395657233868],[101.36123007225996,3.066510421419423],[101.36146992162071,3.0660100585298551],[101.36171965473767,3.0656399536131289],[101.36177984063755,3.0653695611619014],[101.36184002653744,3.0645700596674033],[101.36183014761502,3.0639897481993899],[101.36169000951134,3.063280080247921],[101.36161994227217,3.0628902102357642],[101.36162982361145,3.0627096501191886],[101.36171965473767,3.0624697983415672],[101.36187955431149,3.0621401178545966],[101.36193974021143,3.0618203162900386],[101.36201968999831,3.0592295758307841],[101.36191997994968,3.0588397070270616],[101.36193974021143,3.0582001063148141],[101.36191997994968,3.0575901496204665],[101.36196040196256,3.0572398073823592],[101.36176995929827,3.056750224904647],[101.36171965473767,3.0564304269653917],[101.36173043514952,3.0562399843011008],[101.3618696729722,3.055949827962877],[101.36185979042449,3.0554701280329368],[101.36189033351491,3.0549598838040879],[101.36185979042449,3.0545798963396464],[101.36138009049455,3.0541801449881518],[101.36123995480767,3.0540202466227697],[101.36116988394321,3.0538298039584788],[101.36122019092068,3.0536303766105561],[101.36123007225996,3.0532503903545489],[101.36135044768508,3.0530698290295391],[101.36247962966655,3.0520295803101476],[101.36266018978313,3.051970289857536],[101.36290003914388,3.0519999350838134],[101.36305994113462,3.0519900537445324],[101.36388010196339,3.0512201962679342],[101.36410018985401,3.0511303651417165],[101.36432027774464,3.0509201585903725],[101.3645197014672,3.050709955664388],[101.36317043401198,3.0488702054504415],[101.36247962966655,3.049250192914883],[101.36221013507947,3.0493903310185715],[101.36202957254602,3.0494999236149738],[101.36194962275914,3.0497298928448799],[101.36185979042449,3.0500703525352719],[101.36174031648881,3.0503596110093554],[101.36155975274693,3.0504997491130439],[101.36146004028143,3.0506003606511172],[101.36130014070761,3.050850091351208],[101.36117976528249,3.0509498050251409],[101.36102974825639,3.0509695689121372],[101.36087972760498,3.0509695689121372],[101.36072971057888,3.0509300411380877],[101.36052040189168,3.0507800229035524],[101.36016017831423,3.050439560796292],[101.3599104476142,3.0501700662092048],[101.35977030951051,3.0497999612924787],[101.35965981663315,3.0494999236149738],[101.35963017382369,3.0492798381412172],[101.35964005516297,3.0476799360796463],[101.35967958052015,3.047510155166492],[101.35977030951051,3.0465902806637359],[101.35979995473684,3.0454997261753078],[101.35986014063673,3.045300298827442],[101.35981971862384,3.0448601254630603],[101.35973976642003,3.0445996155595481],[101.35957986684622,3.0441998642081103],[101.35941996727234,3.0435997888530437],[101.35938044070679,3.0433500581530097],[101.35931037225913,3.0430302565884517],[101.35929959305571,3.0426799155587219],[101.35929959305571,3.0423601139941638],[101.35939032204607,3.0420403148464743],[101.359470271833,3.0403999919804505],[101.359470271833,3.0397298481777852],[101.35949991705928,3.0391603159131932],[101.35952956228562,3.0380302360675273],[101.35944961008181,3.0376700100732705],[101.35956010295922,3.037249600595942],[101.35964005516297,3.0370097488183205],[101.35969035972357,3.0367501355705144],[101.35966969797244,3.0365695754539388],[101.35961040993669,3.0361895879894973],[101.35944961008181,3.035750312489256],[101.35939032204607,3.0355598674080966],[101.35935977895559,3.0354197317212765],[101.35936966029487,3.0352400682604639],[101.3594397311594,3.0350702873473097],[101.35956998550694,3.0347998924792137],[101.35949991705928,3.0345196186887051],[101.35942984982012,3.0343498377755509],[101.35938044070679,3.0339698503111094],[101.35940020338535,3.0336204059371426],[101.35941996727234,3.0334398458205669],[101.35951968094633,3.0331595708216241],[101.35959963073321,3.0330499758083533],[101.35970024106285,3.0325900397654664],[101.35972988749762,3.0325298502402234],[101.35987990452372,3.0323403054400728],[101.36010987496206,3.0321103386270352],[101.35964005516297,3.0317896391983368],[101.35956998550694,3.0316396221722357],[101.3595897481855,3.0312102255944637],[101.35964005516297,3.0309802587814261],[101.35966969797244,3.0307996950395477],[101.35966969797244,3.0305796095657911],[101.35976042696279,3.0302104025132053],[101.35981971862384,3.030109790975132],[101.35984038037498,3.0298897030845637],[101.35988978586306,3.0296202084974766],[101.3599104476142,3.0291899140555643],[101.3599104476142,3.0285503145517509],[101.35992032895348,3.028209854861359],[101.36007034718801,3.027650203936048],[101.36007034718801,3.0268596859166905],[101.36000027874042,3.0257996745186801],[101.35994997297138,3.0256002471708143],[101.35988978586306,3.025220259706316],[101.35994009042366,3.0247297805729545],[101.35994997297138,3.0242204366251144],[101.35992032895348,3.0231703065663851],[101.35993021150119,3.0222701935338137],[101.35988978586306,3.0216000497311484],[101.3599104476142,3.0208203121236465],[101.36002992154988,3.0200396754435701],[101.36010987496206,3.0196803497303222],[101.36007034718801,3.0190703954527862],[101.36007034718801,3.0184200131202488],[101.36005956798459,3.0179501945295897],[101.36009011107507,3.0177597518652988],[101.36022036663104,3.0161598534290306],[101.36025989198816,3.0159397655384055],[101.3603398417751,3.0156702709513183],[101.36040003009185,3.0152597403964592],[101.36043955544903,3.0147396172451408],[101.36052040189168,3.0140299468768603],[101.36060035409548,3.0137397905386365],[101.36075037233002,3.013390347373047],[101.36078989647876,3.0128396811313678],[101.36079977902648,3.0125198795668098],[101.36095968101716,3.0124300484405921],[101.36110969804332,3.0124596936668695],[101.36121030837296,3.0124902367573441],[101.36126959761714,3.0124004056311264],[101.36093003458245,3.0120096353379608],[101.3608896101527,3.0116700735117092],[101.36099022048234,3.0111499503603909],[101.36116000502079,3.0106801317697318],[101.36131002204689,3.0103396684540371],[101.36149956684704,3.0100899377540031],[101.36162982361145,3.009869849863378],[101.36184990908521,3.0091098749344951],[101.36198016584956,3.0085601065568994],[101.36238979854033,3.0074201453719525],[101.36262964669265,3.0069700870430438],[101.36280032546995,3.0064302012131634],[101.36305005979528,3.005740293523445],[101.36328002660832,3.005150103133019],[101.36348035061195,3.0050198463686115],[101.36360970951216,3.0049003700160597],[101.36365013515035,3.0046901634647725],[101.36376960908603,3.0045697916649488],[101.36391962973744,3.0044601966517348],[101.36393040894086,3.0043703643170829],[101.36390974718972,3.0042697539874439],[101.36388998330267,3.0041502764264578],[101.36412983266348,3.0038897665229456],[101.36450982012792,3.003039960467845],[101.36503982703533,3.0019197595446485],[101.36548000039971,3.0011301418062999],[101.36585998786416,3.0006504418763598],[101.366370232093,2.9978899192955737],[101.36670979391926,2.9978099695086371],[101.36869956236774,2.9977902056216408],[101.37422959100445,2.997599762957293],[101.37736022091889,2.9978198484310496],[101.37912001892897,2.9976797127442296],[101.37968955119362,2.9979096807657015],[101.38149965618118,2.9978998006348547],[101.38218956266246,2.9980201736431127],[101.38443984101445,2.9981603117468012],[101.38465004756574,2.9983103287729023],[101.386349659676,2.9990101178019017],[101.38783008417658,2.9996299534186619],[101.38834032840543,2.9999398736439389],[101.38874995867934,3.0005902523511736],[101.38937967684387,3.0012100915932365],[101.39107030668737,3.0002201474344474],[101.39205036950688,2.9996703790568517],[101.39321009337039,2.9986903162373437],[101.39292981837144,2.9981899569730786],[101.39365026915158,2.9970401132404163],[101.3945899063329,2.9946200515585133],[101.39496989379739,2.9931899328269083],[101.39519986061043,2.9897197410862191],[101.39553044137841,2.9878000435022614],[101.39548013802619,2.9867499122351546],[101.3937904048384,2.9837198938588472],[101.39314002492273,2.9824002680045965],[101.39247976366778,2.9810096782554751],[101.39237016865457,2.9807401836684448],[101.39216984465094,2.9804500273301642],[101.39192999529018,2.9801904152908492],[101.39170990739962,2.9799703274002241],[101.39157965063521,2.9797403569618837],[101.39163983895196,2.9794996109454246],[101.39172967128661,2.9792301163583375],[101.39192999529018,2.9789498401509604],[101.39179973852583,2.9788097044641404],[101.39167038204243,2.9790800957069337],[101.39139998717434,2.9793397089547398],[101.39129039578643,2.9794304403619094],[101.39119966317077,2.9794097786107727],[101.3908699826838,2.9791196234809831],[101.39020972142879,2.978589615365081],[101.38889009678303,2.9776095537540073],[101.38869965411874,2.9770804459191709],[101.38860982299252,2.9769600717024787],[101.38829990276724,2.9769897169288129],[101.38822983552808,2.9768998858025952],[101.38826037620169,2.9766501551025613],[101.38812024051481,2.9764803705641043],[101.38806005219806,2.9764300672119361],[101.3878202028373,2.9765001344511575],[101.38763964151229,2.9764695913606829],[101.38730995860845,2.9763195743345818],[101.38679971800491,2.9759395868700835],[101.38633977833666,2.9756503283960001],[101.38587984108528,2.9752901048186118],[101.3855699220685,2.9749199999018856],[101.38478030433015,2.9744304174241734],[101.38403021194898,2.9740899541084787],[101.38280041842938,2.973199726040491],[101.38267016166503,2.9729796381498659],[101.38261985468756,2.9727999746889964],[101.38275999279119,2.9725601229113749],[101.38260009321738,2.9726499576628953],[101.38230993808759,2.9727604469149469],[101.38208985019696,2.9727397887891129],[101.38183023694916,2.9724199872245549],[101.38132987526808,2.9719995753303579],[101.38069027576427,2.9713402119395482],[101.37985035104845,2.9707095959108756],[101.37927991850285,2.9700897566688127],[101.37864031899903,2.9694699210520525],[101.37796029385703,2.9688500818099328],[101.37692992647692,2.9675798662775037],[101.37609000296953,2.9667300602224032],[101.37530038281432,2.9658497098683938],[101.37471019121546,2.9650502083738957],[101.37401040339489,2.9642201662057914],[101.37351992305304,2.963600329380597],[101.37311029036226,2.9629400657087785],[101.37258028587172,2.9622699231144907],[101.37202961600468,2.9614901867154231],[101.37147984762709,2.9604696994661595],[101.37132983060098,2.9602298501054065],[101.37134959448798,2.9599603555183194],[101.37154991849161,2.9596702003885298],[101.37177000396537,2.9594698763849578],[101.37204039883341,2.9593899265980212],[101.37228024819416,2.9594303486109084],[101.37207992298215,2.959319855733554],[101.37187959897858,2.9593000942633694],[101.37166041136896,2.9594096868597717],[101.37146008736539,2.9595803692623122],[101.37134959448798,2.9596998431979955],[101.37125976336182,2.9596899606502802],[101.37117980994958,2.9595399436241223],[101.37079982369357,2.9587799686952394],[101.37010003708144,2.9572797839329041],[101.36974969242641,2.9558604456131548],[101.36942989448715,2.9547501260292961],[101.36916039990007,2.9535095533062758],[101.36910021037488,2.9530801591453724],[101.36917028123941,2.9529499035893991],[101.3692996377228,2.9529301397024028],[101.36942989448715,2.9530199708286204],[101.36954038736457,2.9531502275929711],[101.36964998237778,2.9529301397024028],[101.36941013060016,2.9527100542286462],[101.36905978836199,2.9525303907677767],[101.36889988637131,2.9520596718961087],[101.36883970047143,2.9515503279482687],[101.3684695955547,2.9507104044408834],[101.36840042497118,2.9501300929728131],[101.36820998230689,2.949159911492643],[101.36759014306483,2.9471198372751246],[101.3672398020351,2.9463598623462417],[101.3669397643576,2.9451902571433948],[101.36656965823244,2.9439901064333185],[101.36586987041187,2.9418799637681445],[101.36578992062493,2.9416203517288295],[101.36560037582478,2.9410400402607593],[101.36557971407365,2.9408397162571873],[101.365670443064,2.9407498839225354],[101.36593993765104,2.9408397162571873],[101.36622021385841,2.9411101074999806],[101.36613038273219,2.9408801406869429],[101.36595970153809,2.9408001909000063],[101.36564978252125,2.9405702216701002],[101.36552042603785,2.9404004395485686],[101.36527967639609,2.9399297230937123],[101.36503982703533,2.9392901235899558],[101.36474967190554,2.9384897242313173],[101.36410018985401,2.9369302478078794],[101.36372020238957,2.9358899990884879],[101.36333033358579,2.9349800071334471],[101.36277966734406,2.9338301634008417],[101.36154987140765,2.931899682988103],[101.36102974825639,2.9308702146805672],[101.36024012810117,2.92928019758358],[101.35969035972357,2.9279399111866269],[101.35925018635925,2.9264100799895232],[101.35901033458163,2.9245999750019109],[101.35905974369496,2.9224898323367938],[101.35919987938178,2.9212303935909176],[101.35976042696279,2.9196799006426772],[101.35684988735585,2.9182596644587875],[101.35849021143031,2.9155099222898571],[101.35961040993669,2.913950445866476],[101.36209964220211,2.9111998058334052],[101.36504970958305,2.908839931259763],[101.36752995716495,2.9066803831066181],[101.36981976329093,2.9053095536191904],[101.37230001087278,2.9042001343162838],[101.37479014100234,2.9038803327517826]]],[[[101.27749990751806,2.8958197495556988],[101.27738043358238,2.8958799378724507],[101.27681000345365,2.8962203987712769],[101.27649020188909,2.8964198249107653],[101.27611021442465,2.8967297439275512],[101.27566015972099,2.8969399504788953],[101.27534035815648,2.8969498330266106],[101.27496037069199,2.8967998123752068],[101.27464955381106,2.8965303177881196],[101.27424980245956,2.8966201489143373],[101.27388957888212,2.8966300314620526],[101.27359043906876,2.8965204364488386],[101.27317002959143,2.8962302801105579],[101.27299036613056,2.895780225406952],[101.27294006036152,2.8949897073875945],[101.27284034668759,2.8945701957744063],[101.2728798732532,2.8941803257621928],[101.2739704265332,2.8928598032522927],[101.27461002966231,2.8917602640802329],[101.2753502407042,2.8911898339515005],[101.27647043800209,2.8905996411442061],[101.27709027724416,2.8902097711319925],[101.278279646334,2.8892602526113933],[101.27902973871517,2.8885002776825104],[101.27978971364405,2.8880097973406578],[101.28067006278962,2.8873899617238976],[101.28166988828769,2.8866003415686805],[101.2823301495427,2.8862095736923266],[101.28295986770718,2.8859301977659584],[101.28330033102287,2.885679569201784],[101.28357970453237,2.8854298385016932],[101.28373960652311,2.8852402937015427],[101.28400011642657,2.8851199194849073],[101.28434956080059,2.8852402937015427],[101.2849002294592,2.8855600928492322],[101.2853296236201,2.8859301977659584],[101.2857500355143,2.886220354104239],[101.28618032753934,2.8863901374342049],[101.28620009142639,2.8863802560949239],[101.28635998979178,2.8864602058818605],[101.28671033444681,2.8866398681342957],[101.28710020445897,2.886789886368831],[101.28742988494594,2.8870297369380182],[101.28796977077582,2.8874600289630621],[101.28908009035968,2.8882496491182792],[101.28976011550168,2.8885999913564433],[101.29022005154462,2.8889602173507001],[101.29067010745672,2.889200066711453],[101.29119023302485,2.8894399148638286],[101.29144984506416,2.8896896491891653],[101.29146960895122,2.8899896868666701],[101.29115968993437,2.8902699606571787],[101.29059015766978,2.8906301842346238],[101.28996043950525,2.8906301842346238],[101.28969004463721,2.890649948121677],[101.28979963965043,2.89086015346453],[101.28979963965043,2.8910802389382866],[101.28923010738583,2.8918797404327847],[101.28894983359532,2.8921600154317275],[101.28892019078586,2.8922696104449415],[101.28916992148589,2.8921097084542566],[101.28975023295396,2.8913703952765104],[101.29005027063147,2.8910595771870931],[101.29116957127366,2.8904999274702163],[101.29130970696048,2.8903795556704495],[101.2915495587381,2.8902798419965166],[101.29193044406674,2.8902501967701824],[101.29224036308352,2.8902403142224671],[101.29264999335743,2.8904100963439987],[101.29355010639,2.8909598671384629],[101.29421036764501,2.8914503474803155],[101.29492003801329,2.8920603017577946],[101.2950799375871,2.8923801033223526],[101.29522995461326,2.8928301580259586],[101.29537997526467,2.8932397907167342],[101.29547968773016,2.8933799264035542],[101.29563958730398,2.8935398259774274],[101.29595040418496,2.8936898466288312],[101.29633039164941,2.8938102208454666],[101.29663042932697,2.8939503565322866],[101.29698975624865,2.8942000896492459],[101.29743981095231,2.8945504318873532],[101.29803000375966,2.8951397280389983],[101.29827973566813,2.8954900690687282],[101.29831027875861,2.8956697325295409],[101.29828961700741,2.8957999892939483],[101.29817013944648,2.8959302424330531],[101.29803000375966,2.8959598876593873],[101.29785034150723,2.8959095806819164],[101.29712000938775,2.8959095806819164],[101.29691968538418,2.896029956106986],[101.29674990447103,2.8961700942106745],[101.29661965012349,2.8963102298974945],[101.29643998666262,2.8965896058238627],[101.29623966265905,2.8967899310358689],[101.29611030375878,2.8968600006919587],[101.29591986109449,2.896869883239674],[101.29559018060752,2.8968303554656245],[101.29523983716098,2.8968501193526777],[101.29497034257389,2.8969498330266106],[101.29478978124888,2.8970800861657153],[101.29470983146194,2.8972696309658659],[101.29470983146194,2.8974403121599721],[101.29475025468327,2.897670280181444],[101.29483020688707,2.8978301821721857],[101.29504040981305,2.8980197233470335],[101.29516976871332,2.8982200485590397],[101.29524971850026,2.8984302539019495],[101.29523983716098,2.8989997861665415],[101.29540961807407,2.8992602996952996],[101.29568001294217,2.8995396732047993],[101.29586955532545,2.8996402871597979],[101.29613006764583,2.8997301182859587],[101.29637979834587,2.8998702539728356],[101.2961004224195,2.8996304046120258],[101.29572043495506,2.8994399619477349],[101.29547968773016,2.8992001113785477],[101.29531978573942,2.8989602620177948],[101.29531978573942,2.8987096310367519],[101.29536021137761,2.8984904434271357],[101.29535033003833,2.8983098796852573],[101.29517965126104,2.8980197233470335],[101.29493979948342,2.8977601113076616],[101.29484996714876,2.8976298569601227],[101.29482032433936,2.8973702425039392],[101.29487961358353,2.8971995637266446],[101.29498022391317,2.8970603246955307],[101.2952003118038,2.8969695932883042],[101.29552999229077,2.8969399504788953],[101.29598004699443,2.8969902550394977],[101.29641034143634,2.8969803724917824],[101.29674990447103,2.8964297074584806],[101.29728979392621,2.8961197872332036],[101.29757006771672,2.8960802630844569],[101.29780003452976,2.8960802630844569],[101.29810995354654,2.8961395511201999],[101.29836956679435,2.8961197872332036],[101.2986004338884,2.8959500063200494],[101.29878997868855,2.8957999892939483],[101.29892023545295,2.8957999892939483],[101.29922027313046,2.8959598876593873],[101.29961013951737,2.8961296697809189],[101.29999012698181,2.8963398751238287],[101.30030992854631,2.8966300314620526],[101.3005596592464,2.8969399504788953],[101.30093964671084,2.8973603623730924],[101.30150019670873,2.8978697063209324],[101.30250002099842,2.8986602243402899],[101.30272010888899,2.8989503794700795],[101.30289977114143,2.899239637944163],[101.30297972092836,2.8994696047572006],[101.30308033246644,2.9001900555373368],[101.30315039970566,2.9004802106671832],[101.30330042035706,2.9007200600279361],[101.30349984407962,2.9008296550411501],[101.30392025597382,2.9008997234888056],[101.30346031993088,2.9006302289017185],[101.30333006316647,2.9003903795409656],[101.30328964115358,2.9000499174336483],[101.30318992747965,2.8997103543989624],[101.30317016359265,2.8993698922917019],[101.3030003826795,2.8990500931440124],[101.30278029478893,2.8987599380142228],[101.30174992740876,2.8978697063209324],[101.30139958275379,2.897540025833905],[101.30075010191069,2.8967099812489892],[101.30059020233688,2.896550081675116],[101.30021021487238,2.896300350975082],[101.29982034606866,2.8960596013333202],[101.29916008481371,2.8956203258330788],[101.29853036664917,2.8951702675041702],[101.29809019086798,2.8947902800397287],[101.29779015319042,2.8944300564622836],[101.29737962505243,2.8940698328848384],[101.29701041679141,2.8938003382977513],[101.29641034143634,2.8935703690678451],[101.29598992954215,2.8934203520417441],[101.29570965575164,2.8931203143642392],[101.29558029926824,2.892960414790366],[101.29553987483848,2.8927798510484877],[101.29557041792896,2.8926801409998575],[101.29569977320392,2.8926100701353903],[101.29582014862899,2.8926001887960524],[101.29607976066836,2.8926702584521422],[101.29675978581031,2.8930098214868281],[101.29810995354654,2.8937401499809994],[101.29991017719487,2.8950202504780123],[101.30045994557247,2.8952699811781031],[101.30101959649778,2.8957002756200154],[101.30154960340519,2.896300350975082],[101.30230957833408,2.8970297816051129],[101.30318992747965,2.8976999254077782],[101.3038501887346,2.8983197610245384],[101.30439007577291,2.8990204479176782],[101.30477994457664,2.8996196254086044],[101.30584983852236,2.900700296140883],[101.30668976323818,2.9019004468510161],[101.30765006217069,2.9032003076097794],[101.30839027200415,2.9040599962125953],[101.30891039878071,2.9047597852415947],[101.30923019671997,2.9051703157965107],[101.31000005298819,2.9061997841040466],[101.31039980433962,2.9069498776936484],[101.31059024700392,2.9073496254198403],[101.31089028468148,2.9075499494234123],[101.31115977926851,2.9080000077523778],[101.31200958532366,2.9088803568979529],[101.31233028354393,2.9093097510588564],[101.31298964814317,2.9100400795530277],[101.31343970284678,2.9104497122438033],[101.31386011474098,2.9106698001343716],[101.31411972798878,2.9108000544819106],[101.31440000177929,2.9110596701465852],[101.31477998924373,2.9112599941501571],[101.3154797770643,2.9118097625277528],[101.31591995042868,2.9122104105348967],[101.31623975199318,2.9123999553350473],[101.31652990833146,2.9125302096825862],[101.31689013190885,2.9126595685828534],[101.31721981481269,2.9129101971470845],[101.31765998817707,2.913150048924706],[101.3181801137452,2.9134500866022108],[101.31852955811922,2.9136504106057828],[101.31947009316468,2.9138399529890648],[101.32055974858054,2.9140402769926936],[101.32157035449052,2.914069922218971],[101.32319989815312,2.9140196188668028],[101.32349993583063,2.914069922218971],[101.32356012173057,2.9140896861060241],[101.32370025983425,2.9139396666630546],[101.32407036595941,2.913820191518937],[101.32427967222969,2.9137698845414661],[101.32511959815395,2.913810310179656],[101.32674015834141,2.9134599655246234],[101.3280597841956,2.9130296734995795],[101.32869039901584,2.9128500112471443],[101.32993995642244,2.9120702724312082],[101.33086971226447,2.9115097248501911],[101.3318102497268,2.9107299860343119],[101.33374971119775,2.9090501378111071],[101.33412969866225,2.9085902005597291],[101.33553017337596,2.9068501640197155],[101.33601975343674,2.9061899027647655],[101.33673032166917,2.9053598569713586],[101.33706988349547,2.9048801594582869],[101.3375900090636,2.9040303534031864],[101.33799963933751,2.9035497519838032],[101.33841016989237,2.9029299163669862],[101.33925997594753,2.9013704399436051],[101.33983040849313,2.900359836450491],[101.34078980714463,2.8990303292570161],[101.34167015629015,2.8978795888686477],[101.34282000002281,2.8966695580276678],[101.34342007537788,2.8962302801105579],[101.34388989396854,2.8960703805367416],[101.34454027388421,2.8959796515463836],[101.34549967495258,2.896029956106986],[101.3463800240981,2.8962796892238885],[101.34719030358764,2.8966003862357184],[101.34851980957268,2.8972301068171191],[101.34919983471468,2.8974996014042063],[101.34955017695285,2.8977996390817111],[101.34994992830428,2.8983296435722536],[101.35019965900437,2.8987895808236317],[101.35023020209479,2.8991003977046148],[101.35012959055672,2.8998900178598319],[101.34981967153988,2.9008799596017525],[101.34942980515302,2.9019696174345313],[101.34903993514087,2.9027897782632976],[101.34857011655015,2.9036701274088728],[101.34804010964274,2.9044498650163746],[101.34777959853085,2.905069701841569],[101.34640966690756,2.9069902997065356],[101.34552033670371,2.9080503111045459],[101.3445600377712,2.9091300875979869],[101.34365992473863,2.9101299106792453],[101.34295025678722,2.9107704116725017],[101.34214985742858,2.9116399816145986],[101.34144018947711,2.9121403408788638],[101.34105032067339,2.9126299233565192],[101.34052031255754,2.9131302850376528],[101.33903989047377,2.9148999655955095],[101.33851976490564,2.9157201288412011],[101.33812989610186,2.9164001527747132],[101.33769960528525,2.9177700819811321],[101.33705012323372,2.9199404141714353],[101.33699981625625,2.9201497192333363],[101.33711030913361,2.9204201141014323],[101.33710042658589,2.9206797273491816],[101.33705012323372,2.9208001015658738],[101.33693963035637,2.9208602874657572],[101.3367402030085,2.9208701700134725],[101.33645004787866,2.9208099804882863],[101.3363395550013,2.9207300307013497],[101.33617965542743,2.9205297066977778],[101.33605029652722,2.9203895710109578],[101.33582032971418,2.9202503307714096],[101.33560024182356,2.9201497192333363],[101.33534961084251,2.920170380984473],[101.33578978662371,2.9202997398847401],[101.33595956753686,2.9204201141014323],[101.33607006041422,2.9205701323359676],[101.3363395550013,2.9208099804882863],[101.33660006490481,2.9209698824789712],[101.33688033869532,2.9210902579040976],[101.33697017102998,2.9212896816266607],[101.33700969759553,2.9217801619685133],[101.33707976604319,2.9231896177404906],[101.33719025892054,2.9241202738635366],[101.33766995885054,2.92506979359257],[101.33773014475042,2.9255899167438884],[101.33880003990458,2.9268996600503669],[101.33941987793821,2.9274099030707816],[101.34031998855392,2.9280504040639812],[101.34160997039027,2.9287798346940122],[101.34254960878002,2.9293799076322102],[101.34335988706113,2.9296404211610252],[101.3444100171198,2.9300599327742134],[101.34512957003585,2.9302800206647817],[101.34585001719068,2.9303303276422525],[101.34673036633626,2.9306797720162763],[101.34768976740463,2.9308297890423773],[101.34851980957268,2.9310103503673872],[101.3491899533754,2.9310301130459493],[101.34979991006975,2.9311199453806012],[101.35031015188173,2.9313103880448921],[101.35076020900226,2.9316903743009561],[101.35122014625358,2.9321997206656647],[101.35163965786677,2.93286986446833],[101.35196035729547,2.9334304120493471],[101.35218044518609,2.9338903493007251],[101.35216966598267,2.9343098633307818],[101.35224961576955,2.9351497880466013],[101.35227027631231,2.9354695859858566],[101.35227027631231,2.9358801165407726],[101.35242029454685,2.9362098006530459],[101.35250024675065,2.9364703105565013],[101.35244993977318,2.9366203299994709],[101.35239963279571,2.9366903984471264],[101.35245982111246,2.9367002797864075],[101.35257031398982,2.9367496864828695],[101.35261972068628,2.9369401291471604],[101.35267002766375,2.9373201166116019],[101.3528398085769,2.9380603300703569],[101.35299970815078,2.9383001794311099],[101.35319015081507,2.9384196557836617],[101.3533895769545,2.938729572383636],[101.35367973329272,2.9389200150479269],[101.35400043151299,2.9391796307125446],[101.35439030152514,2.9393997161863012],[101.35464003222523,2.9396395679639227],[101.35530029348018,2.940169572454522],[101.35494006990274,2.9398102467412173],[101.35476040644187,2.9396099227376453],[101.3545600824383,2.9394401406160569],[101.35431035173826,2.9392101713861507],[101.35403995687017,2.9390601543600496],[101.35387017595701,2.9389496614826385],[101.35362044404854,2.9387196910443549],[101.35350006983185,2.9385103847740197],[101.35343000259269,2.938319943318163],[101.35340035615792,2.9380800915405416],[101.35343988393197,2.9378096990893141],[101.3534596454021,2.9374198302855916],[101.3534596454021,2.9372302854854411],[101.35335005280575,2.9366499740173708],[101.35335993172816,2.9364200059958989],[101.35340035615792,2.9361002044313409],[101.35337969561522,2.9360301371921764],[101.35334017025804,2.9360301371921764],[101.35329974582828,2.9360498986623043],[101.35321979604134,2.9364397674660836],[101.35325033913182,2.9367299225958732],[101.35337969561522,2.9371395564950831],[101.35330962716756,2.9377701749405674],[101.35322967738068,2.9380297869799392],[101.35318026826735,2.9381402798572935],[101.35307965793766,2.9381699226667592],[101.35299970815078,2.9380800915405416],[101.35288023421509,2.937540204502227],[101.35282992723762,2.9370497241604312],[101.35276974133774,2.9366400914696555],[101.352609839347,2.9361801542182775],[101.35244993977318,2.9358603562790222],[101.35242029454685,2.9355001290762743],[101.35236010864696,2.9349800071334471],[101.35229992153864,2.9342900994437286],[101.35229992153864,2.9340295895402733],[101.35221009041243,2.9333603436016915],[101.35229992153864,2.9333998689588725],[101.35250024675065,2.9336199568494976],[101.35290987702456,2.9341796065663743],[101.35342012004497,2.9350698382596647],[101.35429956890954,2.9362897492314914],[101.3548601201158,2.9371395564950831],[101.35524998891958,2.9380297869799392],[101.35561021249703,2.9390296100611408],[101.35688043165476,2.9426803643352741],[101.35743020003235,2.9443898577847563],[101.35744996271092,2.9447698452491977],[101.3574104361453,2.9450797642660405],[101.35715980758113,2.9453699206042643],[101.35684000601657,2.9458199753079271],[101.35676005622963,2.9457696683304562],[101.35661991812594,2.9454399878434856],[101.35653008699973,2.9454597517304819],[101.35667022510341,2.9458801612078105],[101.35677982011669,2.946129895533204],[101.35683012467729,2.9464002867759405],[101.35715980758113,2.947000362131007],[101.35770957595872,2.9475896558657837],[101.35785959298482,2.9477702183992278],[101.35788025473596,2.9479903038729844],[101.35783983030626,2.9482795623470679],[101.35768981207167,2.9487799240281447],[101.35764040537521,2.9492200973925264],[101.35773023770986,2.9497797483178374],[101.35791978251001,2.9504903165502583],[101.35815963066233,2.9509601351409174],[101.35825035965269,2.951049966267135],[101.35826024220046,2.9512296297280045],[101.35813986677533,2.951359886492412],[101.35787037339668,2.9514003109221676],[101.35774011904914,2.951369767831693],[101.35749038593224,2.9514595989579107],[101.35719034825473,2.9514901420483852],[101.35692983714279,2.9514497176186296],[101.35641959412237,2.951040084927854],[101.35635042353891,2.9510302023801387],[101.35633964433543,2.9511397973933526],[101.35636030487819,2.9511802230315425],[101.35651032311273,2.9512601728184791],[101.35671963179988,2.9514200723922954],[101.3568696512429,2.9515404466089876],[101.35684988735585,2.951710227522085],[101.35677982011669,2.9518099411960748],[101.35679958158681,2.9518395864223521],[101.35688043165476,2.9518297050830711],[101.35700978692972,2.9516895669793826],[101.35720022959401,2.9516302777352053],[101.35731970715494,2.9516203963958674],[101.3574104361453,2.9516895669793826],[101.35743020003235,2.9518701295128267],[101.35739965694188,2.9521701647734631],[101.35716968650354,2.9524100165510845],[101.35681036079023,2.9525896788035197],[101.3561896261009,2.9533801968228772],[101.35547995573262,2.9542201215386967],[101.35511973215517,2.954290188777918],[101.35479004925133,2.9543099526649144],[101.35456996377758,2.9542497643481624],[101.3542196191226,2.9538302527349742],[101.35408038129992,2.9536200461836302],[101.35397977097028,2.9535203325096973],[101.35396988842251,2.9536999959705668],[101.35409026384764,2.9538302527349742],[101.35426992610007,2.9540997473220614],[101.35426004476079,2.9542704260992991],[101.35411002773463,2.9544402094293218],[101.3534596454021,2.9548803827936467],[101.35426004476079,2.9544896161257839],[101.35457984632529,2.9543997849995662],[101.35494006990274,2.9544402094293218],[101.35532005736718,2.954389902451851],[101.35554014525781,2.9544204455423255],[101.35568028094463,2.9546297518126039],[101.35578987595784,2.9548399571555137],[101.35594977553171,2.9549702139198644],[101.35613033564829,2.9552001843582048],[101.35630999910916,2.9553897291583553],[101.35636030487819,2.9555702892749309],[101.35641959412237,2.955829902522737],[101.35651032311273,2.9562700758870619],[101.35646990109984,2.9555801718226462],[101.35644025466513,2.9554202698319614],[101.35635042353891,2.9552801341451413],[101.35615998087457,2.9550303998198046],[101.35592013272225,2.9547896538032887],[101.35580963984489,2.954709704016409],[101.35571980751024,2.9545300405555395],[101.35570004362324,2.9543198352126296],[101.35575034818385,2.9541302904124791],[101.35585006185778,2.9539497290874692],[101.35615009953528,2.9536802345004389],[101.35633964433543,2.9533298898454063],[101.35656961356534,2.9530603952583192],[101.35691007446422,2.9527199355679272],[101.35714004369407,2.9526103405547133],[101.35731970715494,2.9524899663380211],[101.35750026727152,2.9522896411260149],[101.35758021705846,2.9520497929736962],[101.35760986228479,2.9518297050830711],[101.35767004818467,2.9516895669793826],[101.35774011904914,2.9515997346447307],[101.35781018628836,2.9515296674055094],[101.35797008586218,2.9515799743830371],[101.35836983721367,2.9516203963958674],[101.3586599935519,2.9514200723922954],[101.358810010578,2.9514200723922954],[101.35908040544609,2.9516895669793826],[101.35911004825556,2.9518395864223521],[101.35896991256874,2.9521099788735796],[101.35883965580433,2.9523803713248071],[101.35887019889481,2.9525797974642387],[101.35928971171643,2.9529597849286802],[101.35931037225913,2.9532301773799077],[101.35925018635925,2.9536002822966338],[101.35911992959484,2.9539200838611919],[101.35925018635925,2.9542704260992991],[101.35918011549472,2.9545003953292053],[101.35909028436851,2.9545902264554229],[101.3587399421304,2.9545902264554229],[101.35837971855295,2.9544698522387876],[101.35811022396587,2.9543602572255168],[101.35790001862301,2.9543701385648546],[101.35849021143031,2.954539919477952],[101.35888996036493,2.9547600085770114],[101.35908040544609,2.9549001466806999],[101.35910016570784,2.9553600827236437],[101.35939032204607,2.9557598340750815],[101.3594397311594,2.9559898008881191],[101.35911992959484,2.9565395704741491],[101.3589402673424,2.9567201330075932],[101.358810010578,2.9567003691205969],[101.3585899251043,2.9565503520944389],[101.3586599935519,2.9567201330075932],[101.35865011100418,2.9568396081517108],[101.35843002311356,2.9569698637076272],[101.3582099376398,2.957219594407718],[101.358810010578,2.9569303395588804],[101.35910016570784,2.9568997964684627],[101.35941996727234,2.9570300496075674],[101.35957986684622,2.9571701889196902],[101.35959963073321,2.9572600200459078],[101.35928971171643,2.957719957297229],[101.35928971171643,2.957879855662668],[101.3594397311594,2.9582796070141057],[101.3594397311594,2.9585697633523864],[101.35935977895559,2.9589299869297747],[101.35938044070679,2.9593998055204906],[101.35932025480685,2.9599100497492827],[101.35928971171643,2.9600600691923091],[101.35918011549472,2.9600699481147217],[101.35866987489118,2.9598202174146877],[101.35850997290049,2.9596001295240626],[101.35829976876602,2.9594599938372426],[101.35812998543605,2.9592695511729517],[101.35805991819683,2.9588698010298913],[101.35794044305277,2.9583802185522359],[101.35787037339668,2.9587503234689621],[101.35791978251001,2.9592902129240883],[101.35790001862301,2.9596396572981121],[101.35781018628836,2.9596504365015335],[101.35766016684539,2.9597402676277511],[101.35747960552038,2.9597303862884701],[101.35729006072023,2.9595597075111755],[101.35683012467729,2.959520179737126],[101.35721011214173,2.9596198934110589],[101.35743020003235,2.9598902858622864],[101.35774011904914,2.9599396949756169],[101.35792966143242,2.9597303862884701],[101.35807968087545,2.9594896366466514],[101.3582099376398,2.959510298397845],[101.35845966833989,2.9596702003885298],[101.35868963636136,2.959949576314898],[101.35913969348184,2.9602199687661255],[101.35929959305571,2.9606197201176201],[101.35932025480685,2.961069774821226],[101.35927982916866,2.9617102721891797],[101.35906962261737,2.9622303977573097],[101.35837971855295,2.9634503099375706],[101.35800961363623,2.9640099596544474],[101.35790001862301,2.9646100350095139],[101.35768981207167,2.9647896984703834],[101.35751014981923,2.9648103590131427],[101.35732958849428,2.9646603395701163],[101.35714992503341,2.9643899471189457],[101.35692983714279,2.9641500977581359],[101.3566603425557,2.9640997919890992],[101.35689031057717,2.964300115992728],[101.35698014412026,2.9644797782451633],[101.35684000601657,2.9646998661357316],[101.35660015423895,2.9648400018225516],[101.35677982011669,2.9648400018225516],[101.35729006072023,2.9649001913477377],[101.35760986228479,2.9649900224739554],[101.35768981207167,2.9650996174872262],[101.35764040537521,2.9653700099384537],[101.35753979504557,2.9657697612898914],[101.3574104361453,2.9666797532449323],[101.35726041791077,2.9674603887165745],[101.3574104361453,2.9682500088717347],[101.35776976185861,2.968869845696986],[101.35797996840989,2.9695103454817513],[101.35808956342316,2.9700196894295914],[101.35794044305277,2.9703601515369087],[101.35739965694188,2.9713896210528787],[101.35699990559038,2.9719196255434213],[101.35654985088678,2.9721495947733274],[101.35593001164472,2.972320273550622],[101.35390970252263,2.9729401127926849],[101.35275985878997,2.9731404380046911],[101.35218044518609,2.9731404380046911],[101.35179955985751,2.9731799621534378],[101.35118960316316,2.9730595879368025],[101.34966965330534,2.9730398240497493],[101.34928966704933,2.9731700808141568],[101.34900040857525,2.9733704048177287],[101.34880008457162,2.9733299791795957],[101.3486599488848,2.9731799621534378],[101.34859975935962,2.9724604128627448],[101.3486599488848,2.9718603375076782],[101.34868959169427,2.9712899073789458],[101.34867970914655,2.9709799883621031],[101.34872013478474,2.9705703556713274],[101.34888991569784,2.9699900429948798],[101.34898962937183,2.9693504434910665],[101.34895998656236,2.9689803385743403],[101.34888991569784,2.968300313432394],[101.34882972979796,2.9680299209811665],[101.34885039034071,2.9677703077333604],[101.34894022267531,2.9674999164905671],[101.34934985294922,2.9671495718355914],[101.34972983920522,2.9669896722617182],[101.35055000245092,2.96685043202217],[101.35123002759292,2.9668198913486208],[101.35166031961796,2.9667695843711499],[101.35196035729547,2.966669870697217],[101.35213013820862,2.9666797532449323],[101.35223973322184,2.9665998034579957],[101.35219032652537,2.9664902084447817],[101.35216966598267,2.9663599516803743],[101.35235022609925,2.96619017076722],[101.3527095518125,2.9656601650682433],[101.35231968300877,2.9659898455552138],[101.35198012118252,2.9663698330196553],[101.35163965786677,2.9665800395709994],[101.35092998991536,2.9666501068101638],[101.35015025230786,2.96671029633535],[101.34941004126603,2.9668603133615079],[101.34909023970147,2.9670202153521927],[101.34879020202391,2.9673202530296976],[101.34870037089769,2.9675996265392541],[101.34865006633709,2.9681898205549828],[101.34872013478474,2.9687198274624507],[101.34871025223703,2.9692300692744311],[101.34864018499781,2.970200249546167],[101.34853957345973,2.9705703556713274],[101.34838955401676,2.9710698194883207],[101.34829972168211,2.9713896210528787],[101.34830960422983,2.9720597636471098],[101.34838955401676,2.9725996506854244],[101.34842009710718,2.9733102189178453],[101.34820989055589,2.9737997989786891],[101.3477903789427,2.9743998731253214],[101.34713999902704,2.9750502530409335],[101.34667018043638,2.9754796496187623],[101.34579971263008,2.9759503660735618],[101.34458968058067,2.9767498651511914],[101.34325029446472,2.9778503021873917],[101.34197019396771,2.9792696405070842],[101.34148959617357,2.9798203067488203],[101.34133957552217,2.9799299017620342],[101.34122010158654,2.9799299017620342],[101.34109972736985,2.9798903776132875],[101.3410098950352,2.979799646206061],[101.34095958805773,2.9796002212750636],[101.3408904186827,2.9791501641545324],[101.34092994524826,2.9786596838127366],[101.34093982779603,2.9783102394387129],[101.34101977758291,2.9780299656482043],[101.34127040614715,2.9777802349481703],[101.34139976504741,2.9777101640837031],[101.34153990073423,2.9776904038219527],[101.34184981975102,2.9777002851612338],[101.34209955045111,2.9776095537540073],[101.34236006397987,2.9774200089538567],[101.34258015187049,2.9770696667157495],[101.34266998299671,2.9767103410024447],[101.34266998299671,2.9763501174249996],[101.34262955735852,2.9758802988343405],[101.34254960878002,2.9750601343802714],[101.34256038798344,2.9745400124373873],[101.34259003079291,2.9740504299597319],[101.34265021910966,2.9734898811702806],[101.3427104050096,2.9731799621534378],[101.34289006847047,2.9728197385759927],[101.3431595630575,2.9723400374376183],[101.34342007537788,2.9718199118694884],[101.34380994539003,2.9708901560274512],[101.3438395881995,2.9704904058844477],[101.3438395881995,2.9702200134332202],[101.34374975586485,2.9698103807424445],[101.34366980607791,2.9694303932780031],[101.34367968862568,2.9691797647137719],[101.34379018150304,2.9690198651399555],[101.34393031718986,2.9688896083755481],[101.34415040508048,2.9687701320230531],[101.34451961213307,2.9686003511098988],[101.34486007544876,2.968419789784889],[101.34433006733292,2.9686201149968952],[101.34401026939366,2.9687602494752809],[101.3438602487422,2.9688896083755481],[101.34362040058988,2.9690297440623681],[101.34355032972542,2.9691797647137719],[101.34352966797422,2.9693297817399298],[101.3435602110647,2.9694995638614614],[101.34367968862568,2.9699801640724672],[101.34372011305538,2.9704095582333707],[101.34367968862568,2.9708102062405146],[101.34342995792559,2.9714902313825178],[101.34314968050978,2.9719196255434213],[101.34266010165743,2.9728296199153306],[101.34258015187049,2.9731197762535544],[101.34257026932278,2.9733497430665921],[101.34251008100597,2.9739399370823776],[101.34235018143215,2.9743702303158557],[101.34234030009287,2.9748795742636958],[101.34236006397987,2.9752703409315586],[101.34250019966669,2.9760500797474947],[101.34251008100597,2.9765899655773751],[101.34236006397987,2.9770202600192874],[101.34213009354153,2.9772502268323251],[101.34191988699024,2.9774101288230099],[101.34148959617357,2.9775197214193554],[101.34106020201267,2.9776796234100971],[101.34090030002199,2.9778601847351069],[101.34075028299588,2.9781799826743622],[101.34069009347064,2.978649804890324],[101.34071973990541,2.9790702143676526],[101.34071973990541,2.9792903022582209],[101.34063979011847,2.9793801333844385],[101.34057960180172,2.9793801333844385],[101.34047000920538,2.9792804209189399],[101.34009990308022,2.9789004334544984],[101.33976033883704,2.978589615365081],[101.33940999659893,2.9780596108745385],[101.33923033313806,2.9776302142967666],[101.33897970215702,2.9771397339549139],[101.33885034567362,2.9764597100214019],[101.33889975237008,2.9755595994056421],[101.33898958470473,2.9751400841671511],[101.33918990870831,2.9745597726991377],[101.33930040158572,2.9741600249729458],[101.33932016547271,2.9734701184916617],[101.33927973983452,2.9729203489056886],[101.33912972280842,2.972320273550622],[101.33912972280842,2.9718603375076782],[101.33915038335113,2.9716303670693378],[101.33935968962146,2.9712899073789458],[101.33986993385031,2.9706601867975451],[101.34079968969235,2.9693800887174007],[101.34108984482214,2.9689102701267416],[101.34131981526048,2.9684602154230788],[101.34150037537705,2.9679598537419452],[101.34160008905098,2.9675699837297884],[101.34160997039027,2.9670597407093737],[101.34145006839958,2.9663096471197719],[101.34142042559012,2.9657598787421762],[101.34142042559012,2.96538977382545],[101.34152013926405,2.9651598033871096],[101.34181029439384,2.964830122900139],[101.34208967152864,2.9646100350095139],[101.34224957110251,2.964549846692762],[101.34251008100597,2.9645902711225176],[101.34264033777038,2.9645202038832963],[101.34267986191912,2.9644698969058254],[101.34269962580618,2.9643800657796078],[101.34266998299671,2.9643396425582864],[101.34256038798344,2.9643198798797243],[101.34228999553227,2.9643099973320091],[101.34214985742858,2.9642596903545382],[101.34208967152864,2.9642300475450725],[101.34197019396771,2.9642902334449559],[101.34181029439384,2.9644303727570787],[101.34132969659976,2.9649100726870756],[101.34117967594835,2.9651598033871096],[101.34113027046033,2.9654203144990561],[101.34113027046033,2.9656799289552396],[101.34135035835089,2.9669699083747219],[101.34136023727336,2.9673400144998823],[101.34124974439595,2.9678601400680122],[101.34097037088645,2.968559925471709],[101.34064967145775,2.9691402369397792],[101.339310282925,2.9708003249012336],[101.33894017800827,2.9714201617264848],[101.33887998848309,2.9718199118694884],[101.33893029546056,2.9725897681377091],[101.33903000913449,2.9735096426404084],[101.33900036390816,2.9738195616572511],[101.33889975237008,2.9743001606597659],[101.33877039709512,2.974769979250425],[101.33871020756993,2.9748795742636958],[101.33859971469258,2.9748499290373616],[101.33816043919234,2.974520248550391],[101.33765019617192,2.9742300922121672],[101.33708964738247,2.9740603112990129],[101.33630002722725,2.9735895948442135],[101.33599011062728,2.9732697932796555],[101.33589039695335,2.9730497053890872],[101.33589039695335,2.9727999746889964],[101.33620031717862,2.9707095959108756],[101.33637009809178,2.9701499449855646],[101.33644016533094,2.9696298194174346],[101.33658030464306,2.9681098707680462],[101.33686955949184,2.9664497852234604],[101.33771038448867,2.9655703339420256],[101.33766995885054,2.9655002667028043],[101.3376097729506,2.9655002667028043],[101.3367599668955,2.9662701205541566],[101.33666025322157,2.9663096471197719],[101.33658030464306,2.9663096471197719],[101.3363898595619,2.9662000521065011],[101.33491033534227,2.9649100726870756],[101.33426983676594,2.9642695729022535],[101.33402998498826,2.9639201285282866],[101.33354040251061,2.9633802414899719],[101.3332798926071,2.9628897611481193],[101.33319994282022,2.962860115921842],[101.33304004324634,2.962860115921842],[101.33298973747731,2.9628798798088383],[101.33301039802006,2.9629499470480596],[101.33325024738082,2.9631502722600658],[101.33409017451351,2.9641896231153169],[101.33492021668155,2.9650403270346146],[101.33640962224052,2.9664399038841793],[101.33653987900487,2.9666797532449323],[101.33657042209535,2.9669797909224371],[101.33646981176571,2.9674603887165745],[101.33621019610104,2.9687800133623341],[101.33557958007242,2.9722403249721197],[101.33555981618537,2.9731296551759669],[101.33570983683677,2.9734602359439464],[101.3360799417535,2.973859987295441],[101.33661982879181,2.9741402610859495],[101.33728997138604,2.9744196370123177],[101.33796011518876,2.9747196746898226],[101.3382098458888,2.9749496427112945],[101.33830955956273,2.9751400841671511],[101.33834998399249,2.9754302405054318],[101.3383598665402,2.9760599610867757],[101.33849011967931,2.9768100534679434],[101.33857007188311,2.9774604333836123],[101.33880003990458,2.9778601847351069],[101.3390596519439,2.9782895776875762],[101.33948994638587,2.9788600078163086],[101.33998042672766,2.9794097786107727],[101.34031010721463,2.9798104278264077],[101.34031010721463,2.9800700398657227],[101.34025980265403,2.9804096029004086],[101.34000018940628,2.9806701128039208],[101.33963996341197,2.9808201334553246],[101.33930040158572,2.9807895903649069],[101.33865990421776,2.980730302329107],[101.33748041405033,2.9806503525422272],[101.33690010258232,2.9805497410040971],[101.33613024631416,2.9802901253394793],[101.33537027138522,2.9800601585264417],[101.33457975457429,2.9800296154359671],[101.33370030450129,2.9801499896526593],[101.33305980471653,2.9803898390134123],[101.33249027245188,2.9805200957778197],[101.33187043683512,2.9805102132301045],[101.33094966205135,2.9803404323169502],[101.33007021318679,2.9799802087395051],[101.32918986404121,2.9793397089547398],[101.32895001468046,2.9792103524713411],[101.32842988911233,2.9788698903640238],[101.32781993241798,2.9785096667866355],[101.32720009559279,2.9780901515481446],[101.32689017657594,2.9778197590969171],[101.32676980115087,2.9775897922838794],[101.32675991981154,2.977340059166977],[101.32691982180228,2.9771100911455051],[101.32708960271538,2.9769699530418166],[101.32786035684774,2.97636987768675],[101.32829963234792,2.9758497545354885],[101.32903984580668,2.9753296289673017],[101.32963991874487,2.9750098310281032],[101.32996960164871,2.974569655246853],[101.33034958911315,2.9733802861570666],[101.33030017999982,2.9726203112281269],[101.33016992686072,2.9716402496170531],[101.33015016297372,2.9711201264657916],[101.32991031361297,2.9704598627939731],[101.32963003740559,2.9698400259687787],[101.32946025649244,2.9694196140745817],[101.32922040713169,2.9692201891435275],[101.32881975791611,2.969080051039839],[101.32925993128043,2.9693603248303475],[101.32961027593541,2.9699702827331294],[101.32998038206057,2.9709198024622196],[101.33021034887361,2.9731601982664415],[101.3299300750831,2.9742696175693482],[101.32964980129259,2.974840050114949],[101.32821968256104,2.975750042069933],[101.32782981375726,2.976169553683178],[101.32752977607976,2.9764300672119361],[101.32673027700213,2.9770499028286963],[101.32653983433784,2.9771199736932203],[101.32624967920799,2.9771002098061672],[101.32596042073391,2.9769097671418763],[101.32460037044996,2.9755901424961166],[101.32390956610453,2.975040374118521],[101.32279026546234,2.9743702303158557],[101.32030013533279,2.9719196255434213],[101.31887001780962,2.9703502701975708],[101.31714974394822,2.9684099084456079],[101.31659997557063,2.9674397269653809],[101.31636012741831,2.9668998411355005],[101.31637000875759,2.9665701582316615],[101.31679041823492,2.9663096471197719],[101.31721981481269,2.9660203886456884],[101.31776958319028,2.9655703339420256],[101.31812980676773,2.9652101103645805],[101.31862028710958,2.9643297612190054],[101.31917005548712,2.9629104228993128],[101.31940990726474,2.9624397064445134],[101.31958957072561,2.9624001786704639],[101.31994979430306,2.9625798421313334],[101.32021030420657,2.9628403556600915],[101.31985008062912,2.9624199425574602],[101.31960034992909,2.9622097372146072],[101.3195796881779,2.9619797667762668],[101.31976024950291,2.9615000692631384],[101.31993003041606,2.9611299607211663],[101.32006028718041,2.960609837569848],[101.32014023575891,2.9600097622148382],[101.32006028718041,2.9594896366466514],[101.31988960477787,2.9587503234689621],[101.31961023126837,2.9581098261010084],[101.31940990726474,2.9576804319401049],[101.31939014337775,2.9574495648460584],[101.31947997450396,2.9573498511720686],[101.31967041716825,2.9574001581495395],[101.31938026203846,2.9570902391327536],[101.31915029160012,2.9567497758170589],[101.31905956260977,2.9564003314430352],[101.31912963105742,2.95604010786559],[101.31924012393478,2.9558200199750218],[101.31950961731343,2.9555604079356499],[101.32009981132916,2.9554103872842461],[101.32053010577113,2.9552397085069515],[101.32099004181401,2.9550303998198046],[101.32175001674295,2.9547303657675457],[101.32268965513271,2.9543000713256333],[101.32319001681384,2.9540898647742893],[101.32374966653072,2.9539901511003563],[101.32431021532017,2.9540000336481285],[101.32471984801089,2.954150053091098],[101.32521032835274,2.9543099526649144],[101.3257798594089,2.9544402094293218],[101.32622991532099,2.9545201592162584],[101.32652007045078,2.95471958535569],[101.32680034424129,2.9549396708294466],[101.32697012636288,2.9551103520235529],[101.32706983882838,2.9551903018104895],[101.32713990727603,2.955169641267787],[101.32729980926672,2.9550798089331352],[101.32729980926672,2.955050163706801],[101.32722974081906,2.9549998591461986],[101.32650030656379,2.9545498020256673],[101.32622991532099,2.954389902451851],[101.32569991083039,2.9543000713256333],[101.32528039559196,2.9542102389909815],[101.32488962892404,2.9540898647742893],[101.32471984801089,2.9539497290874692],[101.3246596584857,2.9538598979612516],[101.3246596584857,2.9536802345004389],[101.32443957422038,2.9537197598576199],[101.32403982286894,2.9537197598576199],[101.32355024039123,2.9538095909837807],[101.32284955349809,2.9540197975351248],[101.32192968020382,2.9543800211125699],[101.32134038405218,2.9546504123553632],[101.32071965057128,2.9549603325805833],[101.32023994943285,2.9551301134937376],[101.31967041716825,2.9552397085069515],[101.31929042970381,2.9553600827236437],[101.31899039202631,2.9556098146321119],[101.31881971324901,2.9558496664097333],[101.3187101182358,2.9558900884226205],[101.31851967557145,2.9558496664097333],[101.3180300930938,2.9554597963975766],[101.31752973141266,2.955050163706801],[101.31730964593891,2.9547303657675457],[101.31704015135188,2.953879658223002],[101.31682006346125,2.9526597472511753],[101.31651014444441,2.9519896046568874],[101.31635024487059,2.9516203963958674],[101.31583011930246,2.9508298783765667],[101.31564955918589,2.9503501808634383],[101.31543036795097,2.9496099674046832],[101.31524980783439,2.9491302662663088],[101.31515997670817,2.9484798863506398],[101.3149300086867,2.9474396376312484],[101.3149300086867,2.9471602617048802],[101.31500007713436,2.9467703929011009],[101.31515009416046,2.9463697436855227],[101.31517973938679,2.9452998497397971],[101.31521028368564,2.9450797642660405],[101.31539982848579,2.9448497950361343],[101.31560015248942,2.9445201145491637],[101.31585976452874,2.9443000266585386],[101.31603044330603,2.9439703461715681],[101.31627029508365,2.9436703084940632],[101.31650026310513,2.9434502206034381],[101.31688024936113,2.9432103688258167],[101.31714974394822,2.9430899970259929],[101.31742013881632,2.9430298075008068],[101.31766986951635,2.9431097572877434],[101.31796002585457,2.9432202501650977],[101.31817023240592,2.9432903210296217],[101.31859962535839,2.9433199638390306],[101.31948985705168,2.9436496467428697],[101.31993991175534,2.9437403757332277],[101.32015011830663,2.9438104441808832],[101.320409730346,2.9439901064333185],[101.32063970078434,2.944179651233469],[101.32083014344863,2.9442299582109399],[101.32114006004861,2.9442101943238868],[101.32146974295244,2.9439999889810338],[101.32205005442046,2.9434601019427191],[101.32230966766826,2.9432804396902839],[101.32250011033256,2.9430001646913411],[101.32270043433613,2.9426498212447996],[101.32242016054562,2.9429399763745892],[101.32208957977764,2.9432103688258167],[101.32168983084301,2.9436101201772544],[101.32142033625598,2.9439200391940972],[101.32114994138789,2.9440502959585046],[101.32081037956164,2.9440502959585046],[101.32026959224231,2.9437098326428099],[101.31993991175534,2.9436200015165923],[101.31940990726474,2.9435301703903747],[101.31903979872277,2.9434196775129635],[101.31867957514532,2.9432696592784282],[101.31829958768088,2.9432202501650977],[101.31804985698079,2.9431600642652143],[101.31772017407695,2.9430001646913411],[101.31751985007338,2.9429399763745892],[101.31723957628287,2.9429597402616423],[101.31704015135188,2.9430199261615257],[101.31674999622203,2.9432103688258167],[101.31647960135399,2.9433496090653648],[101.31621998810618,2.9435400517296557],[101.31582023796312,2.9440799387679704],[101.31575016951552,2.9442101943238868],[101.31558038860237,2.9441904316453247],[101.31553996417261,2.9443898577847563],[101.31540970982513,2.9446000643361003],[101.31515009416046,2.9448201522266686],[101.31507014437352,2.9450303551527099],[101.31502971994382,2.9454696342781972],[101.31506026303424,2.9459098076425789],[101.3150396012831,2.9462601486722519],[101.31494977015689,2.9466302572142808],[101.31485993903067,2.9468799879143717],[101.31475034643427,2.9469599377012514],[101.3146299710092,2.9469500551535361],[101.31417991388867,2.9465098829976455],[101.31372985797663,2.9461703175460912],[101.31316032692041,2.94591968898186],[101.31264020376915,2.9456403130554918],[101.31232040220459,2.9453402753779869],[101.31212007820102,2.9449899331398228],[101.31206977364042,2.9445299958884448],[101.31197005996648,2.9440601772977857],[101.31177961730219,2.9437098326428099],[101.31189011017955,2.9443395508072854],[101.3119799425142,2.9447896091362509],[101.31198982143661,2.9450501190397063],[101.31207965256283,2.9452998497397971],[101.31230962300117,2.9455495840651338],[101.31271027100837,2.9458801612078105],[101.31316032692041,2.9461604386236218],[101.31329956715996,2.9463095577855825],[101.31331034636344,2.9464002867759405],[101.31336963439918,2.9464398121331214],[101.31355019572419,2.946470355223596],[101.31371009529801,2.9465197643369265],[101.31404965954113,2.9467802742404388],[101.31437035896982,2.9470704305786626],[101.31456978269244,2.9473102799394155],[101.31475034643427,2.9478304055075455],[101.31490036346042,2.9485400722505233],[101.31507014437352,2.9494698317178631],[101.31518962193451,2.9502298054383687],[101.31538994593808,2.950699625237462],[101.31558038860237,2.9509996617065326],[101.31589030761921,2.9513796491709741],[101.31639965156705,2.9525600335772424],[101.31673023233503,2.9544500883517344],[101.31696019914807,2.9549100280199809],[101.31730964593891,2.9553502013843627],[101.31808040007127,2.9560904124261924],[101.31849991289289,2.9569195567301563],[101.31859962535839,2.957219594407718],[101.31904968127049,2.9579598090748505],[101.31925000527406,2.9584197451177943],[101.31939014337775,2.9590296993953302],[101.31953027906457,2.9594698763849578],[101.31968029971597,2.9600995945494333],[101.31958957072561,2.9604795808054973],[101.31938026203846,2.9611398420604473],[101.31838043774877,2.9632598672732797],[101.3180300930938,2.9643297612190054],[101.31773993796401,2.9648400018225516],[101.31756027450314,2.9651202792383629],[101.31743001773873,2.9652298718347652],[101.31711021979947,2.9654301958383371],[101.31674011367431,2.9656404023896243],[101.31646971880622,2.9656799289552396],[101.31600978276333,2.965779640212304],[101.31575016951552,2.9657904218326507],[101.31553996417261,2.9656502837289622],[101.31477998924373,2.9647699345833871],[101.31393018318863,2.9636703978281957],[101.3131504443727,2.9627801661349054],[101.31275967770483,2.9622196185538883],[101.31236980890105,2.9614201170593901],[101.31179039771405,2.9605703110042896],[101.31132956018166,2.9597995568719284],[101.31093969137794,2.9590800063728011],[101.31053006110403,2.9583900998915169],[101.31013030975254,2.9579400451878541],[101.30980961032384,2.9573696150591218],[101.30950957264633,2.9566599446908413],[101.30877025946859,2.9554499150582956],[101.30839027200415,2.9549001466806999],[101.30809023432664,2.9541599332219448],[101.30767970739703,2.9533002470359406],[101.30732038168372,2.9527603575808143],[101.3067598304774,2.9518800084352392],[101.30644991387743,2.951049966267135],[101.30605016252599,2.9503304169764419],[101.30472964001603,2.9481403245243882],[101.30424994008609,2.9472303301524789],[101.3034800826095,2.94591968898186],[101.30280994001521,2.9449099833528862],[101.30248025711137,2.944169769894188],[101.30212003353392,2.9437295965298063],[101.30188018417317,2.9431798281522106],[101.30127022747882,2.9418799637681445],[101.30060008367616,2.9407103597737887],[101.30052013388922,2.9404202034355649],[101.30061984756315,2.9402396409021208],[101.30088035746667,2.9399099604151502],[101.30128999015744,2.9392901235899558],[101.30148043282173,2.9389002547861764],[101.30123968438835,2.9391598668255483],[101.30068003346304,2.9400402159711234],[101.30048959079875,2.9401803516579434],[101.30027040318919,2.9401498085674689],[101.30008984065574,2.9400797413283044],[101.2998095656568,2.9397599421806149],[101.29823032897167,2.9371296739473109],[101.29764013495588,2.9362699865529294],[101.29658012234944,2.9342802181044476],[101.29596028673268,2.9333899864111572],[101.29517965126104,2.93220960321338],[101.29446997968432,2.9311998951675378],[101.29410975610688,2.9304498015779359],[101.29401992498066,2.9300698141134944],[101.29445021942263,2.9298596087705846],[101.29400016109366,2.9299197970873934],[101.29379983709009,2.9298596087705846],[101.29354022384229,2.9295002818489024],[101.29286019990877,2.9282902522163567],[101.29214963409316,2.9268798985801823],[101.29168969442497,2.9259097183083895],[101.29131958950825,2.9252701175961988],[101.29111028323791,2.9247095675983132],[101.29081024556041,2.924079849433781],[101.29050032654357,2.9235803844084103],[101.29038983366621,2.923169857478797],[101.29030988387927,2.9226802750010847],[101.29045001956609,2.9224601871104596],[101.291379777825,2.9220703170983029],[101.29193044406674,2.921770279420798],[101.29134025005095,2.9219301814114829],[101.29087043146029,2.9221296063424802],[101.29052997176984,2.9222400980114571],[101.29040959634477,2.9221403879628269],[101.29023981543162,2.9217999258555096],[101.29001972754105,2.9214298197303492],[101.2898301827409,2.9209797650267433],[101.28966040182775,2.9204003502143792],[101.28949960197286,2.9196700193033962],[101.28934958494676,2.9184501071230784],[101.2892804143633,2.918189597219623],[101.28908997169901,2.9179398641026637],[101.28906032647268,2.9177700819811321],[101.28914027625962,2.9175598766382222],[101.28910973316914,2.9174996907383388],[101.28910973316914,2.9172400774905327],[101.28906032647268,2.9170604140297201],[101.2888797663561,2.9167603763521583],[101.28838030133068,2.9164702212223688],[101.28826980845332,2.9162797785580779],[101.28834975824026,2.9157901960803656],[101.28832999677007,2.9154398538422583],[101.28823028430457,2.9152997157385698],[101.28786017817941,2.9150095606087802],[101.28758978331138,2.9146601162347565],[101.28754037661486,2.9144400283441314],[101.28764997283656,2.9140896861060241],[101.28784041429242,2.9137501218629041],[101.28831023409151,2.9133997796247399],[101.28911961450842,2.9127197544827368],[101.28941965218598,2.9122903603218333],[101.2895795517598,2.9117899986406997],[101.28978975831114,2.9108898856081282],[101.28987958943736,2.9102799313306491],[101.28997032084459,2.910049962100743],[101.2901302204184,2.90995024842681],[101.29021017020534,2.9098702986398735],[101.29021017020534,2.9097696871018002],[101.29004038929219,2.9096600920885862],[101.28992989641483,2.9095397202887625],[101.28992001386706,2.9087896254907264],[101.28979963965043,2.9083701126691039],[101.28967028316703,2.9080000077523778],[101.28966040182775,2.9075795958581807],[101.28970980852421,2.907189725846024],[101.28976999684096,2.9069399951459332],[101.28987958943736,2.9067199072553649],[101.289980199767,2.906569890229207],[101.29009967732793,2.9064504126682777],[101.29029011999222,2.9063803454290564],[101.29047966479237,2.9063399197908666],[101.29072041443419,2.9063803454290564],[101.29083000703054,2.9064899404423272],[101.29098990902122,2.9067199072553649],[101.29107974014744,2.9069301138066521],[101.29121987583426,2.9070702519103406],[101.29134025005095,2.9070900133805253],[101.29156033794158,2.9070100635935887],[101.29171035617611,2.9070001810458734],[101.29182983252861,2.9070702519103406],[101.2918702581668,2.9072103875971607],[101.29183971507638,2.9073397464974278],[101.29175976528944,2.9076101389486553],[101.29174000140245,2.9078697509879703],[101.29174000140245,2.9081302608914825],[101.29182983252861,2.9082704002036053],[101.2919798507632,2.9083395695786294],[101.29218017476677,2.9083602313298229],[101.29262035054796,2.908179670004813],[101.29278025012184,2.9081895525525283],[101.29304974470892,2.9082497384524117],[101.2932500687125,2.9084401811167595],[101.29342973217337,2.9086099620298569],[101.29363993751622,2.9086800328943809],[101.29451040532251,2.9088803568979529],[101.29477001736188,2.9088803568979529],[101.29499998780017,2.9087501001335454],[101.29530002547773,2.9087402187942644],[101.29552011095149,2.9088596951467593],[101.2956297059647,2.9090699016981034],[101.29557041792896,2.9092801046241448],[101.29540961807407,2.9095603820398992],[101.29535033003833,2.9097400442923345],[101.29537009271689,2.9098900625269266],[101.29548956786101,2.9101002678697796],[101.29551022840377,2.9103095741401148],[101.29551022840377,2.9106599187950906],[101.2955596375171,2.9108997681558435],[101.29566024905517,2.9110300237118167],[101.29575996272911,2.9110704493500066],[101.29590009841593,2.9110102610332547],[101.29606000040661,2.9108602427986625],[101.29619025354572,2.9108000544819106],[101.2963501555364,2.910790175559498],[101.29651993644956,2.9108997681558435],[101.29661965012349,2.9110201423725357],[101.29674002192331,2.9112797544119076],[101.2968002114485,2.9115402679406657],[101.29683973559725,2.9116300990668833],[101.2969502284746,2.9120100865313248],[101.29686039734838,2.9114800796239138],[101.29675978581031,2.9111000921594723],[101.29664031187468,2.9108296997082448],[101.29649029122328,2.9106500374558095],[101.29638968089358,2.9105898503474918],[101.29626032441024,2.9105997304783386],[101.29614983153283,2.9106599187950906],[101.29604023651962,2.9107398685820272],[101.29588033694574,2.9108800066857157],[101.2957797229908,2.9109096494951814],[101.29567013039446,2.9108800066857157],[101.29559018060752,2.9107704116725017],[101.2956099420777,2.9102197430138972],[101.29559018060752,2.9099601297660911],[101.2955596375171,2.9098002301922747],[101.2955596375171,2.9096502131661168],[101.29578960553852,2.9093196323981374],[101.29580038474199,2.90914985148504],[101.29578960553852,2.9090097133813515],[101.29573031629434,2.908839931259763],[101.29557041792896,2.9086602690073278],[101.29545004250383,2.9085596574692545],[101.29524971850026,2.9085596574692545],[101.29498022391317,2.90862972591691],[101.29475025468327,2.9087096757037898],[101.29454992947126,2.9086701503466088],[101.29385014406756,2.9086000831074443],[101.29364982006393,2.9085497761299735],[101.29348992049012,2.9084401811167595],[101.29324018737321,2.9082901628821674],[101.2930596260482,2.90812038196907],[101.2929096090221,2.9080000077523778],[101.29273982448365,2.9079398194356259],[101.2925502796835,2.9079497007749069],[101.29224036308352,2.9081096027655917],[101.29217029221905,2.9081302608914825],[101.29204992041923,2.9080997214263107],[101.2919798507632,2.9080098890916588],[101.29196008929301,2.9077898012010905],[101.29202027519295,2.9074996460712441],[101.29218017476677,2.9071403191495619],[101.29309016913868,2.9061997841040466],[101.29335966372571,2.9059204081776784],[101.29337044292919,2.9058701012002075],[101.29335966372571,2.9058099153003241],[101.29326983259949,2.9057703875262746],[101.29316023758628,2.9058799825395454],[101.29231043153118,2.9066399574684283],[101.29196996821548,2.9067998570422446],[101.29166993295479,2.9068896881684623],[101.29150014962477,2.9068896881684623],[101.29131958950825,2.9067998570422446],[101.29113004349966,2.9066300761291473],[101.29104021237345,2.9064099882385221],[101.29092971949603,2.9062896164386984],[101.290679988796,2.9061997841040466],[101.29030000133156,2.9062402061169337],[101.28997032084459,2.9063695650172008],[101.28982030140156,2.9066004333196815],[101.28968016571474,2.9069597590329863],[101.28956967283739,2.9075203066140034],[101.28955979028967,2.9080799575393144],[101.28960021351099,2.9083503487821076],[101.28975023295396,2.9089800705718858],[101.28981041885385,2.9094202439362675],[101.28981041885385,2.9098496368887368],[101.28970980852421,2.910379645004582],[101.28944031393712,2.9114800796239138],[101.28909985424673,2.9123397670182953],[101.28890042689886,2.9126299233565192],[101.28813955531422,2.913150048924706],[101.28778022839248,2.9133701343984058],[101.28751971607215,2.9134303227152145],[101.28728974925912,2.9133800157377436],[101.28711008579825,2.9132596415210514],[101.28683969093015,2.9129802680115517],[101.28656031500378,2.9124897876696991],[101.28627015866556,2.9119103728573918],[101.2858201039619,2.9108503614593815],[101.28538980951998,2.9101200317568328],[101.28514007881995,2.9096097887364181],[101.28454000346488,2.9089504241371174],[101.28413037319098,2.9083503487821076],[101.283780028536,2.9076900875271008],[101.28357970453237,2.9069597590329863],[101.28355994306224,2.9065600076814917],[101.28327966927174,2.9059500509871441],[101.28264994869033,2.9051604332487955],[101.28239033544259,2.9048702781190059],[101.28242986321663,2.9046897143771275],[101.28264006735105,2.9044399836770936],[101.28286015524168,2.9042396596734648],[101.28327966927174,2.9039602825386623],[101.28431003665185,2.9031697645193049],[101.28501970460326,2.9028796093895153],[101.2853098597331,2.9027098284764179],[101.28555959285001,2.9025104011284952],[101.2857500355143,2.9023001982025107],[101.28585962811064,2.9020199207866995],[101.2860096487621,2.9017603087473276],[101.28619020887862,2.9016004091735113],[101.28638963622655,2.9014800349568191],[101.28663038465987,2.9013704399436051],[101.28683969093015,2.9011701147315989],[101.2870498974815,2.9010003338184447],[101.28725022148507,2.9009697907279701],[101.28754037661486,2.9008296550411501],[101.28779998986266,2.9005898032635287],[101.28793024662707,2.9004397862374276],[101.28816021585698,2.9002601227765581],[101.28848989634395,2.9000103920765241],[101.28852043943436,2.8999304422895875],[101.28842971044401,2.8999699676467685],[101.28820962255344,2.9001397485598659],[101.28778022839248,2.9004299036897123],[101.28748019071497,2.9007200600279361],[101.28721967839465,2.9008601981316247],[101.28688999790762,2.9009599118055576],[101.28672021699452,2.9010802836053813],[101.28653965325265,2.9013003714959495],[101.28629980389189,2.9014297303962167],[101.28604019185252,2.901540223273571],[101.28593958031445,2.9016102917212265],[101.28581022141418,2.9018097178606581],[101.28568984719755,2.9020801103118856],[101.28552994762367,2.9023100771249233],[101.28531974107239,2.9025400463548294],[101.28511043601048,2.9026900670062332],[101.28408994876122,2.903140121709896],[101.28383033551347,2.9033099038314276],[101.28353029783591,2.9035802950742209],[101.28295986770718,2.9039998103127118],[101.28276044156775,2.9041004206423509],[101.2824002179903,2.9043896791164912],[101.28211006165208,2.9045001719938455],[101.28191961898779,2.9043196082519671],[101.28180014263523,2.9039701650864345],[101.2817004289613,2.9035497519838032],[101.28156029327448,2.9032901399444313],[101.2812297125065,2.902980223344457],[101.28077965780284,2.9026703031192369],[101.28065029890263,2.9023397223512575],[101.28050028187647,2.9018303796118516],[101.28038978899912,2.9015303419342899],[101.27975018828687,2.9007901284755349],[101.27964957795723,2.9002700053242734],[101.27946003315708,2.8998603726334977],[101.27944026927003,2.8996798113084878],[101.27958040737371,2.8993501308215173],[101.27947979341877,2.8991498068179453],[101.27908992703192,2.8988803122308582],[101.27861022710198,2.8987401741271697],[101.27817993266001,2.8984697816759422],[101.27794008329926,2.8980403850981702],[101.27754033194782,2.8977196892947745],[101.27687018935353,2.897530144494624],[101.27633030231527,2.8973298192826178],[101.27611021442465,2.8972696309658659],[101.27604014718543,2.897169917291933],[101.27608955388195,2.8970998500527116],[101.2763500637854,2.8967800509050221],[101.27657015167603,2.8964503680011831],[101.27690971350228,2.8962401614498958],[101.27727982204431,2.896029956106986],[101.27749990751806,2.8958601751938318],[101.27749990751806,2.8958197495556988]]],[[[101.2386495725824,3.048079687431084],[101.23866035178582,3.0479197878572677],[101.23869987714301,3.047759885866526],[101.23890020114658,3.0475595618629541],[101.23911040769792,3.047370019479672],[101.23930983383735,3.0472298813759835],[101.23960987151486,3.0470798631414482],[101.2399700950923,3.046949607585475],[101.24013987600546,3.046849893911542],[101.24033031866975,3.0466702304506725],[101.24058993433437,3.0464699064471006],[101.24088008946421,3.0460998015303744],[101.24093039402482,3.0458797136397493],[101.24088996959506,3.0455796759621876],[101.24081001980812,3.0454898436275926],[101.24061957714383,3.0453200627144383],[101.24058005178665,3.0452598768145549],[101.24058993433437,3.0452302315882207],[101.24064023889503,3.0451898059500309],[101.24067976546058,3.0451296200501474],[101.24087020812487,3.0449499577977122],[101.24090973227362,3.0449203113629437],[101.24133014537625,3.0447397512463681],[101.24154035071916,3.0446598014594883],[101.24171013284075,3.0445798516725517],[101.2419203381836,3.0445097844333304],[101.24216018754436,3.0443498824426456],[101.2423901579827,3.0441702189817761],[101.24293992636029,3.0437902315173346],[101.24324984537714,3.0435997888530437],[101.24360018761524,3.0434102440528932],[101.24415983733212,3.0429799532362836],[101.24469972437043,3.0424499451203815],[101.2452997997255,3.0416199029522772],[101.24544981916847,3.0413198652747724],[101.24561960129,3.0410602532354005],[101.24541029260286,3.0411096587234852],[101.24521984993856,3.0412803411260256],[101.24503030513841,3.0415201892783443],[101.24482009858707,3.041820226955906],[101.2446000106965,3.0420798402036553],[101.24440956803221,3.0423601139941638],[101.24405024231891,3.04273021891089],[101.24367025485446,3.0430302565884517],[101.2433199126163,3.0432503456874542],[101.24281955093517,3.0435899075137627],[101.24255993889585,3.0437902315173346],[101.24217995143141,3.044020201955675],[101.24190955898018,3.0441396758913584],[101.2415196901764,3.0442600501079937],[101.2412699570595,3.0443696463296419],[101.24104987158574,3.0444801379986188],[101.2406698841213,3.0447101084369592],[101.24045967757002,3.0448897718978287],[101.24013987600546,3.0452904199049726],[101.23997997764002,3.0454602008181269],[101.23982995940548,3.0456398642789964],[101.23960987151486,3.0457799999658164],[101.23930983383735,3.0459596622182517],[101.23890020114658,3.0462399372171944],[101.23870975848229,3.0462902441946653],[101.23859028454666,3.0464195994696297],[101.23838007799532,3.0466603491113915],[101.23823993989163,3.0469999109376431],[101.23821029708216,3.047099624611576],[101.23814022621769,3.0472101174889872],[101.23807015897847,3.0472604244664581],[101.23799020919159,3.0472604244664581],[101.23791025940466,3.0472496452629798],[101.23768028896632,3.0469999109376431],[101.23753027194022,3.0467798266723207],[101.23738025249725,3.0466702304506725],[101.23720957371995,3.0464896703340969],[101.23678017955905,3.0460800376433212],[101.2364397162433,3.0456901688395988],[101.23620974701345,3.0454700833658421],[101.23610015441704,3.0453497079407725],[101.23610015441704,3.0452697581538359],[101.23593037350389,3.0450397889239298],[101.23568962386213,3.0447999395631768],[101.23548031517498,3.0445996155595481],[101.23529975505841,3.0444001894201165],[101.23527010983207,3.044269932655709],[101.23520992272375,3.0441001517426116],[101.23515961695472,3.0438396406306651],[101.23515961695472,3.0436896211876956],[101.23522968661075,3.0435297216138224],[101.23512009159754,3.0434803149173604],[101.2349997173809,3.0434596531662237],[101.23491976759396,3.0434102440528932],[101.23482993646775,3.0432799909137884],[101.2347203402461,3.0432198025970365],[101.23465027300688,3.0431003274529189],[101.23415979266503,3.0425496587943144],[101.23404031631253,3.0423699953335017],[101.23373039850412,3.0420097717560566],[101.23358037906115,3.0417896838654315],[101.23351031061355,3.0415695959748064],[101.23336029117053,3.0412497980355511],[101.23330010527064,3.0410000637102144],[101.23324979829317,3.0406901471102401],[101.23318961239329,3.0406299587934882],[101.23301983148014,3.0405697728936047],[101.23294976303248,3.0405302451195553],[101.23290035391915,3.0404700592196718],[101.23277997970251,3.0402499713290467],[101.23268026844545,3.0400999543029457],[101.23261019758093,3.0399301721813572],[101.23237034942861,3.0395798287348157],[101.23223021132492,3.0393597432610591],[101.23214037899027,3.0392699109264072],[101.23201012585116,3.0390597055834974],[101.23179003796059,3.0387704471094139],[101.23157983140925,3.0385198161283711],[101.23149000028303,3.038379680441551],[101.23138040406138,3.0381497100032107],[101.23126991239241,3.0380095743163906],[101.23079021125403,3.0374103968254644],[101.2304901759934,3.0367097111407588],[101.23040034486718,3.0364303340059564],[101.23022966367301,3.0360099245286278],[101.23002035740274,3.0354502748117511],[101.22983979366086,3.0350999301567754],[101.22957029907377,3.0346103500959316],[101.22939962029648,3.0343803808660255],[101.22909958261897,3.0340695639850424],[101.22898010626642,3.033909664411226],[101.22884985191888,3.0337102370633602],[101.22869983247591,3.033449727159848],[101.22853993290209,3.0332997065084442],[101.22831984501147,3.0330904014465432],[101.22817970932465,3.0328900774429712],[101.22806023176372,3.0326601070046308],[101.22783026253381,3.0321399814365009],[101.22760029572078,3.031709689411457],[101.22695979472752,3.0303999473134127],[101.22683043824412,3.0299696528714435],[101.22671006402749,3.0296696151939386],[101.22648997613686,3.0293102894806339],[101.22638038354046,3.0289698285818076],[101.22624024543677,3.0285898423258004],[101.22588002185938,3.0279897669707339],[101.22545960996518,3.0270600111286967],[101.22533025348179,3.0268300406903563],[101.22525030369485,3.0266099527997312],[101.22521976060443,3.0265003602033858],[101.22525030369485,3.0263997498737467],[101.22534013482107,3.0262703909734796],[101.22540032072095,3.0262299653352898],[101.2252898278436,3.0262102050735962],[101.22515957228762,3.0261598980961253],[101.22502033325651,3.0260700657614734],[101.22481012791366,3.0258203350613826],[101.2246403470005,3.0255499438185893],[101.22433042677528,3.0250001718157478],[101.22414986665871,3.0243300292214599],[101.22406991687177,3.0241503657606472],[101.22397020319784,3.0240201126215425],[101.22383006509415,3.0237595990927275],[101.22375999664649,3.0234999870533557],[101.22375999664649,3.0230795739507812],[101.22374023396793,3.0227400121244727],[101.22369981074661,3.022669943676874],[101.22358033439406,3.0225495694601818],[101.22342043482024,3.0224597383339642],[101.22336024650349,3.0223797885470276],[101.22324975362608,3.0222100076339302],[101.22297038011658,3.0214203874787131],[101.22285000469151,3.0211904170403727],[101.22274040967824,3.0209595523631947],[101.22260027157455,3.0207700075630441],[101.22242959279731,3.0206002266498899],[101.22225981188416,3.0204798524332546],[101.22216997954951,3.0203900200986027],[101.22198043474936,3.0201699322079776],[101.22193012898032,3.0200199151818765],[101.2219400103196,3.0197396377660652],[101.221889705759,3.0194602618396971],[101.22178011074578,3.0189796640455597],[101.22174956765531,3.0186904079883448],[101.22168039707185,3.018330181994088],[101.22157978674215,3.0180202653941137],[101.22148007306822,3.0176699207390811],[101.22128963040393,3.0172396287140373],[101.22117015405144,3.016539840893472],[101.2211099681515,3.0163098704551317],[101.22100037313828,3.0161104467325686],[101.22081981181327,3.0158202903943447],[101.22065991223946,3.0155400166038362],[101.22050989279643,3.015109722161867],[101.22036975710961,3.0147800416748964],[101.22019997257121,3.0143003417449563],[101.22010026252258,3.0138502834159908],[101.22004995554511,3.0134199925993812],[101.21989005597123,3.0122000804191202],[101.21982986765448,3.011050236686458],[101.21989005597123,3.0104798077661599],[101.21994036053184,3.009869849863378],[101.22005983688439,3.0095096262859329],[101.22017032976174,3.009209588608428],[101.22040029778321,3.0087801944474677],[101.22075962349652,3.0083499012139896],[101.22132017349441,3.0079196067720773],[101.22157978674215,3.0077803689493976],[101.22221040277083,3.0075503985110572],[101.2226200354616,3.0074300267112335],[101.22290030925211,3.0074399092590056],[101.22360009828111,3.0074201453719525],[101.2240196098943,3.0074695520684145],[101.22500955405309,3.0075602810587725],[101.22520987805666,3.0075800449458256],[101.22557998418182,3.0075701623981104],[101.22595008909855,3.0076303507148623],[101.22620970234635,3.0076896399590396],[101.22655016445361,3.0077902502886786],[101.22708017015265,3.0079797950888292],[101.22747992029565,3.0080804066269025],[101.22785990776009,3.0082097631103011],[101.22827043831501,3.0083301373269933],[101.22919031281776,3.0088700267821196],[101.23033027400265,3.0094602171726024],[101.23119984394481,3.0099300357632615],[101.23170020562594,3.0101698875408829],[101.23241975612507,3.0104501613313914],[101.23288957471573,3.0106801317697318],[101.23325967963245,3.0108696741530139],[101.23362978575761,3.0110798794959237],[101.23399001175193,3.0112496616175122],[101.23417955655208,3.0113700358341475],[101.23424962379124,3.0114598669603652],[101.23434035399004,3.011510173937836],[101.23485958169402,3.0116404307022435],[101.23505002435837,3.0117401407508737],[101.23535006203588,3.0118497357640877],[101.23612979722651,3.0123303347666592],[101.23653044523365,3.0125099970190945],[101.23738025249725,3.0128001533573183],[101.23772969566278,3.0129896981574689],[101.23798032664388,3.0132304477992307],[101.23815010876541,3.0134397564863775],[101.23822017600463,3.0136903850506087],[101.23823993989163,3.0137900975161074],[101.2382902468691,3.0140595921031945],[101.23828036432138,3.0143003417449563],[101.23823993989163,3.014589596593737],[101.23800997307859,3.0151196047096391],[101.23787971631418,3.0153603543514009],[101.23782042827844,3.0155804386167233],[101.23780964786658,3.0157996298515855],[101.23778000264025,3.0159604260811648],[101.2377997665273,3.0161104467325686],[101.23784018854019,3.0162802276456659],[101.23793002087478,3.0164203633325428],[101.23823005855235,3.016740164897044],[101.2384402638952,3.0169198283579135],[101.23881037002036,3.0172800519353586],[101.23902956004684,3.0175199025045458],[101.23917957707295,3.0178199401821075],[101.23920023882414,3.0180499082035794],[101.2392703060633,3.0184200131202488],[101.23928018861102,3.0188503075622179],[101.23930983383735,3.0196201638303819],[101.2392496455206,3.020290307633104],[101.23916969573366,3.0206101055723593],[101.2391202890372,3.0209299071368605],[101.23915981439438,3.0217500679656837],[101.23922000271114,3.0215398638312081],[101.23923976659813,3.0213296584883551],[101.23928018861102,3.0209200245891452],[101.23932959772435,3.020549919672419],[101.23942032671471,3.0201196252305067],[101.23951015784093,3.019889658417469],[101.23954968319811,3.0197297588436527],[101.23955956453739,3.0194997896137465],[101.23953980427569,3.0192698191754062],[101.23953980427569,3.0184900839847728],[101.23952004038864,3.0181298579904592],[101.23937001973724,3.0175199025045458],[101.2392496455206,3.0172701693876434],[101.23900979615985,3.0169800142578538],[101.23858040199889,3.0165802653232276],[101.23838007799532,3.0164500085588202],[101.23825970377862,3.0163197530028469],[101.23815010876541,3.0161499708813153],[101.23808004031781,3.0159801899681611],[101.23805039509148,3.0157996298515855],[101.23815010876541,3.0152902834868769],[101.23824982123091,3.0150100096963683],[101.23837019665604,3.0147099720188635],[101.23849955313943,3.0143596297806994],[101.23851033234286,3.0141700849805488],[101.23849955313943,3.0138404020767098],[101.23846990912153,3.0136796046387531],[101.23847979166925,3.0135197062733141],[101.23851033234286,3.0134397564863775],[101.23858040199889,3.0134199925993812],[101.2386495725824,3.0133696856219103],[101.23886965805616,3.0133103975861673],[101.23891008248586,3.0133202789254483],[101.23901967870756,3.013390347373047],[101.23908974594673,3.0134397564863775],[101.23937001973724,3.0136104352636721],[101.23947961475051,3.0136903850506087],[101.23995033120531,3.0140101854067325],[101.24017041909593,3.0141098990806654],[101.24043003234368,3.014189848867602],[101.2406698841213,3.0143398658937031],[101.24088996959506,3.0144997654675194],[101.24101034381175,3.0146596674582611],[101.24111005748568,3.0148698740095483],[101.24112982137268,3.0153001648261579],[101.24112982137268,3.0153298112609264],[101.24111005748568,3.0156298489384312],[101.24102022515103,3.0161796173160269],[101.24098968206056,3.0166602151101642],[101.24099956460827,3.0169395910365324],[101.24098968206056,3.0172998146139207],[101.24096992179886,3.0175199025045458],[101.24098968206056,3.0177597518652988],[101.24106963184749,3.0179897223036392],[101.24117024580244,3.0181496206690781],[101.2412699570595,3.0182403508678703],[101.24142985905019,3.0183202994463159],[101.24174965698944,3.0185098442464664],[101.24190955898018,3.018589794033403],[101.24208023775748,3.0187398146848068],[101.24214042365736,3.0188503075622179],[101.24222037586111,3.0190398523623685],[101.2424701065612,3.0193398900398734],[101.24267043177321,3.0194997896137465],[101.24286985791264,3.0196003999433856],[101.24301987614723,3.0196399277174351],[101.2432202001508,3.0197099949565995],[101.2433199126163,3.019830370381726],[101.24336033825449,3.019980387407827],[101.24345016938071,3.0201896960949739],[101.24356964452477,3.020399902646318],[101.2437699685284,3.020789769033172],[101.24382027550587,3.0209299071368605],[101.24382027550587,3.0210098569237971],[101.24384991831533,3.0210502813535527],[101.24387956354161,3.021070045240549],[101.24392986810221,3.021070045240549],[101.2439999377583,3.0210296208107934],[101.2440700062059,3.0210197382630781],[101.24414995599284,3.021060163901268],[101.24407988754518,3.0215802870525295],[101.2440700062059,3.0217895945312989],[101.24402958056771,3.0220599869825264],[101.24387956354161,3.0224004502982211],[101.24376008598068,3.0226304171112588],[101.24361995029386,3.0228496071376867],[101.24354000171536,3.0230104045757002],[101.24346004830312,3.0231298809282521],[101.24332979516402,3.0232700166150721],[101.24321031760309,3.0235601729532959],[101.24309982472568,3.0236904297177034],[101.24303963882579,3.0238296675403831],[101.24299022971246,3.0240201126215425],[101.24299022971246,3.0242896072085728],[101.24294980769957,3.0246399482383026],[101.24286985791264,3.0248402734503088],[101.24270995592195,3.025119649376677],[101.24255993889585,3.0252804456062563],[101.24240003932198,3.0253900418279045],[101.24225990121829,3.0255104160445967],[101.24212964445394,3.0256101297185296],[101.24208023775748,3.0257098421840283],[101.24194998099307,3.0258904035090382],[101.2419203381836,3.0262299653352898],[101.24218983277069,3.0259595740924965],[101.24242968213144,3.0256999608447472],[101.24255993889585,3.025579586628055],[101.24268031311249,3.0254897542934032],[101.24285997657336,3.0253397372673021],[101.24296956916976,3.0252301422540882],[101.24307018191627,3.0250801216026275],[101.2432202001508,3.0246597121252989],[101.24324984537714,3.0245096926823294],[101.24324984537714,3.0242204366251144],[101.24325972429955,3.0240201126215425],[101.2433495566342,3.023889855857135],[101.24347981219017,3.0235404114831113],[101.24361006895452,3.023320323592543],[101.24373044317122,3.0231703065663851],[101.24384003576756,3.0229897428245636],[101.24396041119269,3.0228298432506904],[101.2440700062059,3.0225702312113185],[101.24416971987984,3.0221597006564593],[101.24422002323206,3.0218102562824356],[101.24429009409653,3.0215299824919271],[101.24434039865713,3.0213602015787728],[101.24435027999641,3.0210898067107337],[101.24437004388346,3.0209703315666161],[101.24440956803221,3.0209299071368605],[101.24447963889668,3.0209200245891452],[101.2446197745835,3.0208697212369771],[101.24464043633463,3.0208203121236465],[101.24464043633463,3.0206702938891112],[101.24452994345728,3.0204403246592051],[101.24440956803221,3.0199696082044056],[101.24436016133569,3.019840251721007],[101.24415983733212,3.0196102824911009],[101.24402958056771,3.019569856852911],[101.24391010663209,3.0195896207399642],[101.24377984986768,3.0196201638303819],[101.24364959310327,3.0196399277174351],[101.24354988063777,3.0196102824911009],[101.24344028804143,3.0195402140434453],[101.24328038605069,3.0194000759397568],[101.24291027992552,3.0193003622658239],[101.2427701442387,3.0192797017231214],[101.24265965136135,3.0191701067099075],[101.24258958170526,3.0190102071360343],[101.24253029366952,3.0188799503716268],[101.24253029366952,3.0187802391145624],[101.24245034388258,3.018659864897927],[101.24230032564805,3.0185403885453752],[101.24208023775748,3.0183903703108399],[101.24194009965379,3.0183499458810843],[101.24180984530625,3.0182897599812009],[101.24147028106307,3.0179798397559239],[101.24129960228584,3.0177902949557733],[101.24119000727256,3.0174004261520508],[101.24118012472485,3.0168901819232019],[101.24123043170232,3.0166000267933555],[101.2412196524989,3.0159002401812245],[101.24128971973812,3.0153899971608098],[101.24131038148926,3.0153001648261579],[101.24142985905019,3.0149201773617165],[101.24149992628941,3.014840228783271],[101.24156999473706,3.0147701603356154],[101.24170025029298,3.0147297359058598],[101.24179996396691,3.0147198533581445],[101.24190955898018,3.0147396172451408],[101.24212964445394,3.014859991461833],[101.24267043177321,3.01531004737393],[101.24308006204711,3.015520252716783],[101.24345016938071,3.0156801522906562],[101.24383015684515,3.0158202903943447],[101.24413019210584,3.0159002401812245],[101.24445987500968,3.0160403758680445],[101.24518032216452,3.0163700587718836],[101.24627986254501,3.0168901819232019],[101.24704971881317,3.017260290465174],[101.24769021618113,3.0174695967355092],[101.24839988654941,3.0177399879783025],[101.24855978612328,3.0178702447427099],[101.24875022878757,3.0180499082035794],[101.24876999146613,3.0181199754427439],[101.24877987401385,3.0183202994463159],[101.24877987401385,3.0185098442464664],[101.24868016033992,3.0188000005847471],[101.24867027900063,3.0192302950266594],[101.24846007244929,3.0196300451696629],[101.24833969823266,3.019830370381726],[101.24817979865878,3.0201196252305067],[101.24806032109785,3.0203702562115495],[101.24793006795875,3.0206002266498899],[101.247869879642,3.0208400760106429],[101.24777016596806,3.0210502813535527],[101.24771986140746,3.0212802493750246],[101.24770009752041,3.0215003372656497],[101.24772974395518,3.0218497804311824],[101.247869879642,3.0222297678956238],[101.24795971076821,3.0224902814244388],[101.24801989908497,3.0229798614852257],[101.24800013519797,3.0231801854888545],[101.24801001774568,3.0234101547187606],[101.24800013519797,3.023899737196416],[101.24795971076821,3.0241297052178879],[101.24795971076821,3.0243596744477941],[101.24807020364557,3.024139586557169],[101.24813039196232,3.023879974517854],[101.24814027088479,3.0236904297177034],[101.24813039196232,3.0231703065663851],[101.24818967999812,3.0226995864862829],[101.24818967999812,3.0224803988767235],[101.24810973021118,3.0222297678956238],[101.24802977800738,3.0220096824218672],[101.2479498282205,3.0217895945312989],[101.24795971076821,3.0212595876238311],[101.24803966055509,3.0209299071368605],[101.24819956254584,3.0204798524332546],[101.24856966746256,3.0197198775043148],[101.24875022878757,3.0194396037138063],[101.24877987401385,3.0193398900398734],[101.2487996342756,3.0188700714492143],[101.24891012715295,3.018330181994088],[101.24892000970067,3.0182601135464324],[101.24907990927454,3.0181100965203314],[101.24922004737823,3.0180202653941137],[101.24952008505574,3.0179897223036392],[101.24998002230711,3.0180597895428605],[101.25040043420131,3.0181496206690781],[101.25048038398825,3.0182295704559579],[101.25057021511446,3.018330181994088],[101.2506699287884,3.0185197267942385],[101.25073999602756,3.0186904079883448],[101.25082982836221,3.0189302573490977],[101.25096008391819,3.0192500589136557],[101.25098972672765,3.0194198398268099],[101.25098972672765,3.0196102824911009],[101.25095020257891,3.0197998272912514],[101.25089001426215,3.0200100326341612],[101.25073999602756,3.0204304421114898],[101.25060974047165,3.020750243675991],[101.25051990813699,3.0210296208107934],[101.25041031554059,3.0213997257275196],[101.25030970279408,3.0217599493049647],[101.25026029609762,3.0225100416861324],[101.25026029609762,3.0229403361280447],[101.25028005998462,3.0233796116282861],[101.2502701774369,3.0236401251570442],[101.25033036333684,3.0239599230962995],[101.25035012722384,3.0241800121953588],[101.25028994132396,3.0244198603476775],[101.25025041354991,3.024799847812119],[101.25023963434649,3.0251600738064326],[101.25020999153702,3.0253999231671855],[101.25005997088562,3.0257502678222181],[101.24990007252018,3.0260898296484697],[101.24953984894279,3.0270097041512258],[101.24952008505574,3.0271103144808649],[101.24952996639502,3.0271902642678015],[101.24955960920448,3.0272998592810154],[101.24960003484267,3.0273896916156673],[101.24970962985589,3.0275495899811062],[101.24976981575583,3.0275900156192392],[101.24988030863318,3.02769961063251],[101.24993959666892,3.0279196985230783],[101.24993959666892,3.0280499528706173],[101.2499198351988,3.0281900909743058],[101.24985964688204,3.028349990548179],[101.24980035884624,3.0284802461040954],[101.24976981575583,3.028609602587494],[101.24974017294636,3.0287901663293724],[101.24975993320805,3.0289698285818076],[101.24992971532964,3.0284802461040954],[101.24999978498568,3.0282296151230526],[101.250040208207,3.0280499528706173],[101.250040208207,3.0278002221705833],[101.2499503758724,3.0275702517322429],[101.24984976554271,3.027369927728671],[101.24975005186877,3.027239673381132],[101.24967998462961,3.0270097041512258],[101.24975993320805,3.0267500909034197],[101.250040208207,3.0260404229520077],[101.25026029609762,3.0257403852745028],[101.25034024588456,3.0255104160445967],[101.25038965499789,3.0252804456062563],[101.25038965499789,3.0249399859158075],[101.25036000856312,3.0246695946730711],[101.25036989111084,3.0244998101346141],[101.25044984089777,3.0242698433215764],[101.25049026532753,3.0241099437477601],[101.25048038398825,3.0238700919700818],[101.25042019446306,3.0236401251570442],[101.25041031554059,3.0233104422532051],[101.25042019446306,3.0229897428245636],[101.25051002679771,3.0222198865563428],[101.25053967202399,3.0218704421823759],[101.25058009645375,3.0215901683918673],[101.25071035080128,3.0210502813535527],[101.25081006447522,3.0207403623367099],[101.25099960927537,3.0202498819949142],[101.25111010215272,3.0199004376208904],[101.25114962871834,3.0196498066398476],[101.25114962871834,3.0192500589136557],[101.25102026981807,3.019000324588319],[101.25083970970155,3.018659864897927],[101.25081006447522,3.0185601512239373],[101.25082982836221,3.0184298956680209],[101.25088013413125,3.0183104205239033],[101.25102026981807,3.0181100965203314],[101.25120981461828,3.0179798397559239],[101.25142002116957,3.017919651439172],[101.25278007145351,3.0179501945295897],[101.25314029503096,3.0179304330594618],[101.25339002573099,3.0179403131903086],[101.25348973940493,3.0179996036429202],[101.25377001319544,3.0182295704559579],[101.25391015129912,3.0183903703108399],[101.25392991518618,3.0184298956680209],[101.25402962523481,3.0188197644717434],[101.254070050873,3.0191000382622519],[101.254070050873,3.019320126152877],[101.25410957743861,3.0197504205947894],[101.25408981475999,3.0199399629780714],[101.25404040806353,3.0201896960949739],[101.25392991518618,3.0203495956688471],[101.25377989453477,3.020540038333138],[101.25369006340856,3.0206999366985201],[101.25362987750862,3.0209200245891452],[101.25355980664415,3.0210404000142717],[101.25349962074426,3.0211499950274856],[101.25346997551793,3.0212595876238311],[101.25344033270846,3.0216395750883294],[101.25348973940493,3.0224803988767235],[101.25344033270846,3.0226798262245893],[101.25342955350504,3.0231298809282521],[101.25338014439171,3.0236796493057909],[101.25331007594411,3.0242896072085728],[101.25329031205706,3.0246201843513063],[101.25331007594411,3.024879800015924],[101.25331007594411,3.0250001718157478],[101.25334960371811,3.0253002094932526],[101.25347985685721,3.0255104160445967],[101.25383020151224,3.0258499778708483],[101.25394967544787,3.0259802346352558],[101.25407993221228,3.0260503030828545],[101.25422007031597,3.0261598980961253],[101.25499980671503,3.0264895809999643],[101.25536003270935,3.0266997839259489],[101.25551993228316,3.0268003978808906],[101.25564030649986,3.0269198730250082],[101.2557696629832,3.0270195854905069],[101.25586039197356,3.0271300783678612],[101.25601041262496,3.0275603728098304],[101.25604005543443,3.0275900156192392],[101.25610024375118,3.0275199471716405],[101.25612000763823,3.0274301160454229],[101.25613976789992,3.0273501662584863],[101.25613976789992,3.0272199094940788],[101.25605981811304,3.0270797713903903],[101.25592956255707,3.0269396357035703],[101.25573013762607,3.0267698547904729],[101.25513006347944,3.0263997498737467],[101.25460993670288,3.026200322525824],[101.25439973377684,3.0260700657614734],[101.25419042508963,3.0258904035090382],[101.25397033719906,3.0256496538672764],[101.25378977708249,3.0253900418279045],[101.25369994474784,3.0251699563541479],[101.25363975884795,3.0248600361289277],[101.25355980664415,3.0243803361989308],[101.25355980664415,3.0240398728832361],[101.25356968919186,3.0235098683926935],[101.25362987750862,3.0231604240186698],[101.25369006340856,3.0226600623375361],[101.25368018206927,3.0221102939599973],[101.25366042059909,3.02162969616586],[101.25364963777037,3.0212901307143056],[101.25366042059909,3.0211697564976134],[101.25374037038603,3.0210502813535527],[101.25377989453477,3.0208796001593896],[101.25386972686942,3.020750243675991],[101.25402962523481,3.0205202744461417],[101.25410957743861,3.0203397131211318],[101.25421018897669,3.0201798147556929],[101.25425959567315,3.0199696082044056],[101.25428025621585,3.0196003999433856],[101.25428025621585,3.0192302950266594],[101.25422995044681,3.018909595597961],[101.25413023918975,3.0185098442464664],[101.25406016832528,3.0181702824202148],[101.254070050873,3.0180301443165263],[101.25417964588621,3.017919651439172],[101.25447968356377,3.0178900086297062],[101.25462970058987,3.0179097725167026],[101.25522977594494,3.0180696720905758],[101.25553969617016,3.0181100965203314],[101.25584961277013,3.0181604010809338],[101.25619995742517,3.0182403508678703],[101.25658982622889,3.0182996389036134],[101.2571297132672,3.0184604387584386],[101.25756988663153,3.0186095579204562],[101.25838016732945,3.018860188901499],[101.25946982274536,3.0195896207399642],[101.25968991063598,3.0198501306434196],[101.25985969154908,3.0201196252305067],[101.26001959353982,3.0202103578461674],[101.26016961177436,3.0202804250853319],[101.26030974987805,3.0202804250853319],[101.26044000301715,3.0203397131211318],[101.26028010344328,3.0201600508686965],[101.26019027231706,3.0200801010817599],[101.26008966198742,3.0199399629780714],[101.26005013421337,3.019830370381726],[101.26006989810043,3.0197001136173185],[101.26016961177436,3.0196003999433856],[101.26036005323022,3.0195303327041643],[101.26054959803037,3.0195896207399642],[101.26077956846871,3.0197998272912514],[101.26091970415553,3.0199103201686057],[101.26107960372934,3.0200396754435701],[101.26197971676197,3.0204304421114898],[101.26235970301798,3.0206496333463519],[101.26265974069548,3.0208499573499807],[101.26323017082427,3.0212497087014185],[101.26347990152431,3.0214203874787131],[101.26370987196265,3.0215901683918673],[101.26400990964015,3.0218704421823759],[101.26428030088294,3.0221399367694062],[101.2643503693306,3.0222396504433391],[101.26443032153435,3.0223097176825604],[101.26453003279141,3.0223797885470276],[101.26488037623801,3.0224597383339642],[101.26499985138213,3.0225298055731855],[101.26512022559876,3.0226304171112588],[101.26527024625017,3.0227903191019436],[101.26547955131207,3.0229601000150979],[101.26565023371461,3.0231199995889142],[101.26582001462776,3.0232996618413495],[101.26600955942791,3.0235296322796898],[101.26620988343149,3.0237200749439808],[101.26651980003146,3.024029991543955],[101.26686026334716,3.0242599607738612],[101.26726989603793,3.0246103030119684],[101.2673201993901,3.0247198980252392],[101.26739026783775,3.0249597498028606],[101.26740014917704,3.0251897166158983],[101.2673201993901,3.0256002471708143],[101.26726989603793,3.0258904035090382],[101.26726001349022,3.0260503030828545],[101.26730043671154,3.0265398855605667],[101.26733008193787,3.0267096664736641],[101.26739026783775,3.0269198730250082],[101.26746033870222,3.0272800966024533],[101.26755016982844,3.0275199471716405],[101.26756993129862,3.0276798467454569],[101.26756993129862,3.0278702894097478],[101.26751962673802,3.0281299026575539],[101.26738038891534,3.0284200577873435],[101.26723036826388,3.0286302643386875],[101.26696985836043,3.0288997589257178],[101.26672012403509,3.0291198468163429],[101.266470393335,3.0293102894806339],[101.26614969511473,3.029589665407002],[101.26592960964098,3.0297396824331599],[101.26572030095383,3.0298196358453424],[101.26553974083726,3.0298402963881017],[101.26537983884657,3.0298304150487638],[101.26512022559876,3.0297998719583461],[101.26478964724765,3.0297100396236942],[101.26447972823081,3.0296103271581956],[101.26422999753078,3.029579784067721],[101.26387965287574,3.0294899517330691],[101.26362992217571,3.0294701878460728],[101.2633496483852,3.0294504275843224],[101.26298044012418,3.0293902392675705],[101.26203990266185,3.0292303396936973],[101.26190964831432,3.0292195604902759],[101.26177040807477,3.0292599849200315],[101.26168956042369,3.029330053367687],[101.26159972929753,3.0293902392675705],[101.26152966084987,3.0294899517330691],[101.26147037281413,3.0296103271581956],[101.26144971106294,3.0299804320749217],[101.26148025173654,3.0303199951096076],[101.26145959119384,3.0304798971002924],[101.26144971106294,3.0306802211039212],[101.26142006583666,3.0308203567907412],[101.26136975885919,3.0309802587814261],[101.26129969161997,3.0310898513777715],[101.26124040237579,3.0312201069337448],[101.26121974183303,3.0313701275851486],[101.26124040237579,3.0319198959627442],[101.26125028492351,3.0321696266628351],[101.26121974183303,3.0324499004533436],[101.26104996091993,3.0328999563653838],[101.26094036590666,3.033340132146634],[101.26056037844222,3.0338000693980121],[101.26022979767424,3.0340399175503308],[101.25974021761346,3.0341998195410156],[101.2593000418322,3.0343103124184267],[101.25902964938098,3.0344495502411064],[101.25859037388079,3.0347495879186113],[101.25806036576495,3.0350604060080286],[101.25773966996155,3.0353299005950589],[101.25693028591928,3.0359003295154139],[101.25669043655853,3.0359802793022936],[101.2564703486679,3.0360198070763431],[101.25606970066076,3.0361401788761668],[101.25591968242622,3.0362901995275706],[101.2557498990962,3.0365102874181957],[101.25556035671292,3.0366998322183463],[101.25568971319632,3.0366800683312931],[101.25595022309977,3.0365695754539388],[101.25624037943805,3.0362497738893808],[101.25637961967755,3.0362201310799719],[101.2565997051513,3.036210249740634],[101.25666977601583,3.0362201310799719],[101.25673984325499,3.0362704356405743],[101.25674972580271,3.0363297236763174],[101.25670031910624,3.0364698617800059],[101.25688986148953,3.0363198423370363],[101.25702999959321,3.0361401788761668],[101.25750969952321,3.0357898366380027],[101.2577702106351,3.035549988485684],[101.25803970522219,3.0353604436855335],[101.2584502357771,3.0351295753830527],[101.25891017182005,3.0348196563662668],[101.25923985593232,3.0346301115660594],[101.25963960607532,3.0344495502411064],[101.26035017189093,3.0342402427623369],[101.2605702597815,3.034119869754079],[101.26083975436859,3.0338503763754829],[101.26101043314588,3.0335197943990693],[101.26113979204615,3.0331802325727608],[101.2612700488105,3.0327598206785638],[101.26148025173654,3.0322001697532528],[101.26150989696288,3.0320896768758985],[101.26142006583666,3.0316297408329547],[101.26141018449732,3.0314896015208319],[101.26143982972366,3.0313000567206814],[101.26157996541048,3.0309595970302894],[101.26163027238795,3.0308796472433528],[101.26171022217488,3.0307898161171352],[101.26174974632363,3.0306397954657314],[101.26177040807477,3.0304798971002924],[101.2618000533011,3.0298501753105143],[101.26182969852738,3.0297298035106905],[101.26188988442732,3.0296696151939386],[101.26204978400114,3.029530377371259],[101.26215039553921,3.0294998342807844],[101.26227975443948,3.0294998342807844],[101.26245043321677,3.02954025871054],[101.26272980914314,3.0295600201807247],[101.26316998492433,3.0296498513069423],[101.26342959817214,3.0296300898367576],[101.26356973385896,3.02968039439736],[101.26377993920181,3.0297199221714095],[101.2640296735272,3.0297298035106905],[101.26422011498306,3.0298097532976271],[101.26444020045682,3.0299103648357004],[101.26459022110822,3.0300100773011991],[101.26473035679504,3.0300603818618015],[101.26480042645107,3.0300397201106648],[101.26492978293447,3.0300298387713838],[101.2650501583596,3.0300801457488546],[101.26515975337281,3.0301699768750723],[101.26545979105032,3.0301996221013496],[101.26566011505395,3.0301502129880191],[101.26604010251839,3.0299804320749217],[101.26630959710548,3.0298699391975106],[101.26655034312193,3.0297100396236942],[101.26680995636968,3.029439648380901],[101.26716030102472,3.0291701537938138],[101.26740014917704,3.0289500659031887],[101.2675995765249,3.0286500282256839],[101.26779001918919,3.0283796357744563],[101.26786008642841,3.0282197337837715],[101.26788973165475,3.0278702894097478],[101.267850207506,3.0276600828584606],[101.26772983328931,3.0273097418287307],[101.26761035572838,3.0270797713903903],[101.26750974419025,3.0268300406903563],[101.2674702200415,3.0265596482391288],[101.26748009896397,3.0263997498737467],[101.2674702200415,3.0260197624093053],[101.2674702200415,3.0256604366960005],[101.26748998151169,3.025579586628055],[101.26754028728072,3.0254897542934032],[101.26758969397719,3.0254403475969411],[101.26772983328931,3.0253496186065831],[101.26781966441553,3.0253801592801892],[101.26791039340588,3.0254403475969411],[101.2680199884191,3.0255499438185893],[101.2682796016669,3.0257601467446307],[101.26874043557399,3.026200322525824],[101.2692497819387,3.0268596859166905],[101.26973037973278,3.027369927728671],[101.27014001363199,3.0277103898359314],[101.27049035466166,3.0281002598480882],[101.27059006833559,3.0282996859875198],[101.27060983222265,3.0284398216743966],[101.27058018578788,3.028599721248213],[101.27053976135812,3.0286302643386875],[101.27028014811037,3.0288000452517849],[101.27008970665452,3.0289698285818076],[101.26998011164125,3.0291198468163429],[101.26991004319365,3.0293399347069681],[101.26986961876389,3.0295195981678376],[101.26985973621618,3.0296399723844729],[101.26978966897695,3.0297603441842966],[101.26968007396374,3.0298699391975106],[101.26913030437771,3.0301996221013496],[101.26844039789643,3.0305400830002327],[101.26818976933225,3.0307404070038046],[101.2681295810155,3.0308203567907412],[101.26808017431904,3.0309802587814261],[101.26808017431904,3.0311599210338613],[101.26830026220961,3.0315695513077685],[101.26833978756679,3.0317402325018747],[101.26826971911919,3.0319100146234632],[101.26810981954532,3.0321498627757819],[101.2680002245321,3.0323403054400728],[101.26786008642841,3.0324597830010589],[101.26772983328931,3.0325496141272765],[101.26755016982844,3.0325603933306979],[101.26738038891534,3.03260980002716],[101.26709023257706,3.0327104139821017],[101.26696985836043,3.0328002451083194],[101.26695997581271,3.0329502633428547],[101.26708035123778,3.0328604310082028],[101.2673201993901,3.0327301754522864],[101.26761035572838,3.0326502256653498],[101.26773971462859,3.0325801572176942],[101.26794991755463,3.0325100899785298],[101.2680702929797,3.0323995971011186],[101.26818976933225,3.0322396951104338],[101.26837033065726,3.0319100146234632],[101.26847004312276,3.0316297408329547],[101.26847992567048,3.0315300271590218],[101.26841973735372,3.0314204321458078],[101.26832990501907,3.0313395844947308],[101.26824007389285,3.0312398708207979],[101.26818976933225,3.0311500396945803],[101.26819965187997,3.0310099015908918],[101.26824995523214,3.0309200692562399],[101.26839997588354,3.0307502883430857],[101.26863982524435,3.0306002713169846],[101.26897040601233,3.0304403693262998],[101.26915995081248,3.0303199951096076],[101.2693997989648,3.0301996221013496],[101.26959024162909,3.0300900270881357],[101.26975014361977,3.0299696528714435],[101.26986961876389,3.0298304150487638],[101.26998011164125,3.0296498513069423],[101.27004029995805,3.0294001206068515],[101.27008970665452,3.0292303396936973],[101.2701696564414,3.0291099642686277],[101.27030979454508,3.029010251803129],[101.27066013557481,3.0288898763780026],[101.27069966334886,3.02887999745559],[101.27084968037497,3.0288198091388381],[101.27098981968709,3.0287901663293724],[101.27115960060024,3.0288099265911228],[101.27147041748117,3.0290300156901253],[101.27188992909436,3.0294100019461325],[101.27242981613267,3.0300001959619181],[101.27266966791029,3.0303496403359418],[101.27294006036152,3.0307799347778541],[101.27299036613056,3.0309398331432362],[101.27297958692714,3.0311096152648247],[101.27284034668759,3.0313099392683966],[101.27271997126246,3.0314204321458078],[101.27238040943621,3.0316504013756571],[101.27224027374939,3.0316602839234292],[101.2721001356457,3.0316504013756571],[101.2719501186196,3.0316297408329547],[101.27171026684198,3.0315695513077685],[101.27158001007757,3.0315399084983028],[101.2714201105037,3.0315201446113065],[101.27129973628706,3.0315399084983028],[101.27117037980366,3.0316000943981862],[101.27104012303926,3.0316899267328381],[101.2708299176964,3.0319198959627442],[101.27081015622622,3.0320600316495643],[101.27074996790947,3.0322298125627185],[101.27029003065809,3.0332503010204164],[101.27013013108427,3.0336698126336046],[101.26993968841998,3.0341899382017345],[101.26980044818043,3.0348403181174035],[101.26975014361977,3.0351196940437717],[101.26971960052936,3.0353900864949992],[101.26963965074242,3.0355697487474345],[101.26947974875173,3.0358302622761926],[101.26935039347677,3.0359596187595912],[101.26912042303843,3.0361698241024442],[101.2688500305872,3.0363602667667919],[101.26847004312276,3.0366603044442968],[101.26784032495823,3.0372900226088291],[101.26748998151169,3.0375496382734468],[101.26710011149953,3.0377104345030261],[101.26677043101256,3.0378900979638388],[101.26642008998283,3.0380203547282463],[101.26609040587056,3.0380697614247083],[101.26572030095383,3.0381003045151829],[101.26550021306321,3.0381299497414602],[101.26530977039891,3.0382098995283968],[101.26504027581183,3.0383500352152168],[101.26476988336066,3.0385296974676521],[101.26455967801775,3.038720140131943],[101.26413028385684,3.039039941696501],[101.26387965287574,3.0391603159131932],[101.26354009104949,3.0392600295871262],[101.26345025871484,3.0393103341477286],[101.26273969048242,3.0395995914133778],[101.26240012865617,3.0397801527383876],[101.26224022666543,3.0399598149908229],[101.26179017196182,3.0403299211159833],[101.26157008286276,3.0404799417673871],[101.26135987993672,3.0405904334363072],[101.26125028492351,3.0406802657709591],[101.26104996091993,3.0407503330101804],[101.26088017879835,3.0407503330101804],[101.26077956846871,3.040739553806759],[101.2606996162649,3.0407000296580122],[101.26059990500784,3.0406703832232438],[101.26029986733033,3.0406901471102401],[101.26006001555271,3.040739553806759],[101.25988035330028,3.0408204014577791],[101.25983004873967,3.0408599280233943],[101.25988035330028,3.0408698105711096],[101.26000971220049,3.040830282797117],[101.26016961177436,3.0407799782364577],[101.26046964945186,3.0407503330101804],[101.26065020956844,3.0408204014577791],[101.26089006134606,3.0410099462579296],[101.26098977139475,3.0409901847878018],[101.2610697235985,3.0409497603580462],[101.2611200281591,3.0409398778103309],[101.26114967338543,3.0409497603580462],[101.26117033513657,3.0409803034485208],[101.26113979204615,3.0412300341485548],[101.26107960372934,3.0413099839354913],[101.26099965394246,3.0414195789487053],[101.26096012858528,3.0415695959748064],[101.26094036590666,3.0416998527392138],[101.26096012858528,3.0419495834393047],[101.26104007837222,3.041810345616625],[101.2610697235985,3.0416396668393304],[101.2611200281591,3.0415201892783443],[101.26115955593315,3.0414303581521267],[101.26119009660675,3.0412596793748889],[101.26125028492351,3.0410602532354005],[101.26133023471044,3.0409102325839967],[101.26136975885919,3.0407898607842299],[101.26143982972366,3.0407197899197058],[101.26172998485345,3.0405302451195553],[101.26209020963933,3.0403299211159833],[101.26226987189176,3.0400801904158925],[101.26248007844305,3.0399301721813572],[101.26274957303013,3.0397900340776687],[101.26302984682064,3.03969032161217],[101.26317986626361,3.0396696598610333],[101.26324993471127,3.0397199668385042],[101.26322028948493,3.0398996290909395],[101.26308015379811,3.0401295971124114],[101.26301008293365,3.0403002783065176],[101.26294989703371,3.0411500843616182],[101.26278011612061,3.0417303958296884],[101.26274957303013,3.0419495834393047],[101.26278011612061,3.0421696713298729],[101.26287982979454,3.0423601139941638],[101.26294001569443,3.0425999657717853],[101.26301008293365,3.042720337571609],[101.26309003272058,3.0428200512455419],[101.26322028948493,3.0429404254622341],[101.26316998492433,3.0427697466849395],[101.26308015379811,3.0425900844325042],[101.26300020159437,3.0423699953335017],[101.26298044012418,3.0422100969680628],[101.26291036925971,3.0419801265297224],[101.26289959005624,3.041810345616625],[101.26292025180743,3.0416297855000494],[101.26301996427293,3.0413800511746558],[101.2630702712504,3.0411698482486713],[101.26306038991112,3.0409803034485208],[101.26309991405986,3.0407503330101804],[101.26312956049458,3.0404098733197316],[101.26321040693722,3.0401295971124114],[101.26333976583749,3.0398097979647218],[101.26339995173737,3.0397100842907321],[101.26348978407202,3.0396498983908486],[101.26365956498518,3.0394998789478791],[101.26384012872705,3.0394001652739462],[101.26410962210565,3.0391998412703742],[101.26438989710459,3.0391100089357224],[101.26453991413075,3.0390201778095047],[101.26489025878573,3.0387497853582772],[101.26518041391552,3.0385395800153674],[101.26557028392773,3.0383895617808321],[101.26579036940143,3.0383697978938358],[101.2659996768802,3.0383599165545547],[101.2662997145577,3.0383599165545547],[101.2667497704698,3.0382197808676779],[101.26718006370328,3.0379996929771096],[101.26736960608656,3.0378802154161235],[101.26749986285097,3.037810148176959],[101.26764000095466,3.0377903842899059],[101.2677702553022,3.0378200295162401],[101.26786996776769,3.0378802154161235],[101.26795980010235,3.0380095743163906],[101.2680199884191,3.0381595925509259],[101.2680702929797,3.0383096119938955],[101.26806041043199,3.0384901733189054],[101.2680199884191,3.0386797181190559],[101.26794003863222,3.0388396176929291],[101.26787985031541,3.0390597055834974],[101.26787985031541,3.0393498607133438],[101.26784032495823,3.0399202908420762],[101.26791039340588,3.0403496850029796],[101.26792027474517,3.0406497226805413],[101.267850207506,3.0409398778103309],[101.26772983328931,3.0411500843616182],[101.26763011961538,3.0413899337224279],[101.26761035572838,3.0416603285904671],[101.26756005116772,3.0419397020999668],[101.26749986285097,3.0421103832941299],[101.26741003172475,3.0421597899905919],[101.26731031805082,3.0422397397775285],[101.26728965629968,3.0423196919812767],[101.2673201993901,3.0424104209716347],[101.26744955829037,3.0426799155587219],[101.26751962673802,3.0429197649194748],[101.26749986285097,3.0430697843625012],[101.26756993129862,3.0429098823717595],[101.26761035572838,3.0427095583681876],[101.26761035572838,3.0425604379977926],[101.2675798126379,3.042389759220498],[101.26758969397719,3.0422100969680628],[101.26764988350237,3.042060076316659],[101.26774959355106,3.041719616626267],[101.2677702553022,3.0415004265997823],[101.26779990052853,3.0413099839354913],[101.26796968144163,3.0409102325839967],[101.26803974988928,3.0407197899197058],[101.26803974988928,3.0405401276672706],[101.2680702929797,3.0402104471803],[101.2680702929797,3.0399301721813572],[101.2680199884191,3.0395699461871004],[101.26803974988928,3.0394298105002235],[101.26809005686675,3.0391899587226021],[101.26815024276664,3.0391701984609085],[101.26823019497044,3.0391603159131932],[101.26848980700976,3.0393597432610591],[101.26856975679669,3.0392600295871262],[101.26859041854789,3.0391504345738554],[101.26859041854789,3.0390803661262566],[101.2685499929097,3.0390102964701668],[101.2684502804442,3.0389303466832871],[101.26826971911919,3.0388503968963505],[101.26821043108339,3.0387803284487518],[101.26818976933225,3.0386599542320596],[101.26824007389285,3.0385000546581864],[101.26826971911919,3.038320392405808],[101.26822031242273,3.0380796427639893],[101.2681295810155,3.037909861850892],[101.26811970209303,3.0378002668376212],[101.26814036263579,3.0376502486030859],[101.26822031242273,3.0373403295863],[101.26835955024541,3.0371903113517078],[101.26853023023108,3.0370600557957914],[101.26870989248351,3.0369001538050497],[101.26893986292185,3.0367501355705144],[101.26917971469948,3.0365695754539388],[101.26947974875173,3.036210249740634],[101.26971960052936,3.035850022537943],[101.26993968841998,3.0353703250248145],[101.27004029995805,3.0349400305829022],[101.27011036719722,3.034569925666176],[101.27029003065809,3.0340201572885803],[101.27044993023196,3.0335000317204504],[101.27062959248434,3.0332404184727011],[101.27081015622622,3.0328900774429712],[101.27106976826559,3.0323304265176603],[101.27120990395241,3.0321498627757819],[101.2714003466167,3.0320402701794364],[101.27163031705504,3.0319800818626845],[101.27191957552913,3.0319800818626845],[101.2721198995327,3.0319998457496808],[101.27236963023279,3.0319998457496808],[101.27277027823993,3.0317303511625937],[101.2728798732532,3.0316396221722357],[101.27323021549131,3.0312704139112157],[101.27346018592965,3.0310997327171094],[101.27359043906876,3.0310700899076437],[101.27373956185602,3.0310404446813095],[101.27401983564653,3.0310898513777715],[101.27425968500728,3.0312003442551827],[101.27452019732766,3.0313000567206814],[101.27468997944919,3.0313898890553332],[101.27491006733982,3.0315201446113065],[101.27509960851467,3.0316198582852394],[101.27532957895301,3.0317599939720594],[101.27557032859477,3.0319100146234632],[101.27567004106032,3.0319702005233466],[101.27603026463771,3.0323403054400728],[101.27632042097599,3.032679870891684],[101.27683964626311,3.033340132146634],[101.2771998698405,3.0338899005242297],[101.27765980950875,3.0344702119922431],[101.27795984476944,3.0347900135568011],[101.27835959491244,3.0351897612829362],[101.27867041300186,3.0355796312951497],[101.27890038223177,3.0360099245286278],[101.27920041990927,3.0364500978930096],[101.27953010039624,3.0372999039481101],[101.27973042439987,3.0377104345030261],[101.28014993722149,3.0382898493153334],[101.28031972055146,3.0385000546581864],[101.28045985623828,3.0387300226796583],[101.28060987688974,3.0389195674798088],[101.28077965780284,3.039240265700073],[101.28081020089331,3.0394603535906981],[101.28090003201953,3.0398601025253242],[101.2808703867932,3.0401197169815077],[101.28085960758978,3.040419752242201],[101.28074013002879,3.0406003159840793],[101.28073024868951,3.0406003159840793],[101.28050028187647,3.0407700968971767],[101.28035026122507,3.0408500466841133],[101.28020024419897,3.0408698105711096],[101.28009963266089,3.0408401653448323],[101.27999003764762,3.0407700968971767],[101.27982025673452,3.0406497226805413],[101.2796998813094,3.0405203661971427],[101.27963969540951,3.0404997044459492],[101.27953998294402,3.0405598903458895],[101.27944026927003,3.0406802657709591],[101.27941960751889,3.0408096222543577],[101.27915999547952,3.0415103079390633],[101.27914023159252,3.0416702075129365],[101.27908992703192,3.0417896838654315],[101.27893990758895,3.0420501949773779],[101.27876024412808,3.0421499074428766],[101.27858956535079,3.0421903330810665],[101.27844044498039,3.0422496211168095],[101.27829042553742,3.0422604003202309],[101.27818981399935,3.0422199783073438],[101.27794996584697,3.0420403148464743],[101.27784036962532,3.0419900090774377],[101.27771011406935,3.0419801265297224],[101.277579857305,3.0419998904167755],[101.27749002617878,3.0420897215429932],[101.27733012660491,3.0425802018847889],[101.27727982204431,3.0426601516717255],[101.27723041293098,3.0427598653456585],[101.27723041293098,3.0428901221100659],[101.27725017681797,3.0429503080099494],[101.27727982204431,3.0430095960456924],[101.27728970096672,3.0430796669102165],[101.27724029427026,3.0432503456874542],[101.2771998698405,3.0433096337232541],[101.27710015979187,3.0433797009624186],[101.27698966691452,3.0433895835101339],[101.27676957902389,3.043359940700725],[101.27668962923696,3.043359940700725],[101.27636982767245,3.0433895835101339],[101.27588024519474,3.0433204129266755],[101.27554966684363,3.0433096337232541],[101.27529993372673,3.0433096337232541],[101.27513015160514,3.0432799909137884],[101.27513015160514,3.0433401768136719],[101.27514991549214,3.0434596531662237],[101.27515979803991,3.0435198390661071],[101.27522986527907,3.043570146043578],[101.27534035815648,3.0435899075137627],[101.2754499531697,3.0436303319435183],[101.27559008885652,3.0436402144912336],[101.27576975231739,3.04361955274004],[101.27622969198563,3.0436402144912336],[101.27647043800209,3.0436500958305146],[101.27667974668924,3.04361955274004],[101.27693037525347,3.0435899075137627],[101.2771495652799,3.0435198390661071],[101.27741995773113,3.0433895835101339],[101.27751967140506,3.0431802772398555],[101.27749002617878,3.042900003449347],[101.27744960295746,3.042839815132595],[101.27741995773113,3.0427499827979432],[101.27743972161818,3.042699679445775],[101.27756009583482,3.0424903707585713],[101.27764992816947,3.0423699953335017],[101.27771011406935,3.0423098094335614],[101.27777030238616,3.0422702828679462],[101.27785025217304,3.0422604003202309],[101.27794996584697,3.0422604003202309],[101.27803979697319,3.0422900467549994],[101.27832995210304,3.042379877881217],[101.27854015623745,3.042379877881217],[101.27862010844126,3.0423699953335017],[101.27879977190213,3.0423996417682133],[101.2789201437019,3.0423996417682133],[101.2790000959057,3.0423196919812767],[101.27908992703192,3.0421795538775882],[101.27923994526645,3.0419998904167755],[101.27923006271874,3.041810345616625],[101.27923994526645,3.0416800888522175],[101.27928036969621,3.0415498357131128],[101.27953010039624,3.0410395914842638],[101.27959028629618,3.0409003536615842],[101.27963969540951,3.0408796919104475],[101.27967023849993,3.0408796919104475],[101.27993973308702,3.0410800159140194],[101.28005022596443,3.0411096587234852],[101.28015981856078,3.0411096587234852],[101.28026043009885,3.0410395914842638],[101.2807203697671,3.0407997397066424],[101.28076977525512,3.040739553806759],[101.28084972504206,3.0407296724674211],[101.28091979348966,3.0406901471102401],[101.28100962461588,3.0406901471102401],[101.28119018835775,3.0408096222543577],[101.28121983116722,3.0409003536615842],[101.28127013814469,3.0410000637102144],[101.2812997809541,3.0411500843616182],[101.28132044149686,3.0412902200484382],[101.28143003651007,3.0415597146355253],[101.28144980039713,3.0416603285904671],[101.28158005716148,3.0420403148464743],[101.28156029327448,3.0422100969680628],[101.28150998629701,3.0423502326548828],[101.28150998629701,3.042629608581251],[101.28143991905779,3.0428901221100659],[101.28143991905779,3.0430095960456924],[101.28137973315791,3.0432395652755986],[101.28135996927091,3.0439195904176017],[101.28134020538386,3.044020201955675],[101.28127013814469,3.0441495572306394],[101.28120006969704,3.0442097467558256],[101.28119018835775,3.0442798139950469],[101.28128990203169,3.0443903068724012],[101.28132044149686,3.0445097844333304],[101.28134020538386,3.0446598014594883],[101.28132044149686,3.044749632585706],[101.28121983116722,3.0448897718978287],[101.28117042447076,3.0449499577977122],[101.28115964526728,3.0450101436975956],[101.2810796954804,3.0451799270276183],[101.28105993159335,3.0452796382846827],[101.28099974569346,3.0453200627144383],[101.28111023857082,3.0454602008181269],[101.28112011749329,3.0455500331527787],[101.28111023857082,3.0456497456182774],[101.28097998180647,3.0457395779529293],[101.2808703867932,3.045869831092034],[101.28081020089331,3.0459201380695049],[101.28080031955403,3.0459902065171036],[101.28080031955403,3.0461501048825426],[101.28075989391584,3.0462596998957565],[101.28065029890263,3.0463396496826931],[101.28058023045497,3.0463998392078793],[101.28050028187647,3.0466100445507891],[101.28047962012533,3.0467600627853244],[101.28037002511206,3.0469801506758927],[101.28027031143813,3.0471202863627695],[101.28012029441203,3.047299948615148],[101.27983013807381,3.047619750179706],[101.27976007083458,3.0477203617177793],[101.27975018828687,3.0477904289570006],[101.27970976385711,3.047929670404983],[101.27953998294402,3.0482395870049572],[101.27947979341877,3.0483698425608736],[101.27946003315708,3.0485000993252811],[101.27937020082243,3.0485701677729367],[101.27923994526645,3.0487498300253719],[101.27918963828898,3.0489196121469035],[101.27916987681886,3.04901034355413],[101.27917975936657,3.0492196498244653],[101.27915999547952,3.0493400240411006],[101.27909980595433,3.0494199738280372],[101.2789803320187,3.0495295688412511],[101.27883031136724,3.0496202978316092],[101.27869017568042,3.0496795858674091],[101.27850961556385,3.0497900787447634],[101.27834971357316,3.0498700285317],[101.2781502898506,3.0499499807354482],[101.27785025217304,3.0501296441963177],[101.27771011406935,3.050290440425897],[101.27749990751806,3.0504701038867097],[101.27724029427026,3.050850091351208],[101.27705973415368,3.0510701792417763],[101.27683964626311,3.0512300788156494],[101.27612009697236,3.0521203093005056],[101.27576975231739,3.0525703652126026],[101.27557032859477,3.0529602340163251],[101.27551013906958,3.0531704405676123],[101.27537988593048,3.0533698667071008],[101.27528017225654,3.0535701907106727],[101.2751795619269,3.0537300902844891],[101.27507984825297,3.0539097537453586],[101.27501965993622,3.054040010509766],[101.27496037069199,3.0542295553099166],[101.27493971014928,3.0545700150003086],[101.27485976036235,3.0547496772527438],[101.27463967247172,3.0550901405684954],[101.27387969754284,3.0558303516103251],[101.27359043906876,3.0559597068852895],[101.27331016527825,3.0560603208402313],[101.27280980359711,3.0562804063139879],[101.271379686074,3.0565903253308306],[101.27119014369066,3.0567098028917599],[101.27109043001673,3.0567996340179775],[101.27094040936532,3.0568301746915836],[101.2708299176964,3.0568400572392989],[101.27067001812253,3.0568400572392989],[101.27051011854871,3.0567897526786965],[101.27038974433202,3.0567996340179775],[101.27029991199737,3.0568697024656331],[101.2701696564414,3.0570098381524531],[101.27000975686758,3.0571203310298074],[101.26981032951971,3.057179621482419],[101.26961000551609,3.0571904006858972],[101.26945010594227,3.0572496899300745],[101.26930996783858,3.0573503002597135],[101.26918959362189,3.0574401325943654],[101.26916983215176,3.0575299637205831],[101.26917971469948,3.0575901496204665],[101.26923990059942,3.057629677394516],[101.26930996783858,3.057639558733797],[101.26941956285179,3.0576197948468007],[101.26961988685542,3.0574796567431122],[101.27001963820686,3.0573997069561756],[101.27023972368062,3.0573799454860477],[101.27041040487478,3.0573799454860477],[101.27053976135812,3.0573700641467667],[101.27067989946181,3.0573296397170111],[101.27090986627485,3.0572999932822427],[101.27104012303926,3.0572999932822427],[101.27107965081331,3.0573296397170111],[101.27111019148691,3.0573898256168945],[101.27113983671319,3.0574697778206996],[101.27113983671319,3.0575299637205831],[101.27111019148691,3.0576099135075197],[101.27105988692631,3.0576898632943994],[101.27098981968709,3.057769813081336],[101.27090986627485,3.0578300013980879],[101.27074008536175,3.0580096636505232],[101.27028014811037,3.0583501245494062],[101.26991004319365,3.0585998576663087],[101.26953005572921,3.0586896887925263],[101.26908988236482,3.0586798074532453],[101.26893986292185,3.0587696385794629],[101.26862994269658,3.0588702501175362],[101.26819965187997,3.0590795588046831],[101.2674297956118,3.0594200184951319],[101.26705968948664,3.0595601565988204],[101.26672012403509,3.0596401063857002],[101.26626018799215,3.0597299375119178],[101.26590984575398,3.0596598702727533],[101.26543014461561,3.0594802068118838],[101.26509956384763,3.0593795928569421],[101.26488037623801,3.0593598325951916],[101.26471957759162,3.05933018616048],[101.26466028834739,3.0592897617307244],[101.264500389982,3.0592295758307841],[101.26425964034024,3.0592196944915031],[101.26390031462694,3.0592798828083119],[101.26336042758862,3.0594802068118838],[101.2630702712504,3.0595700379381014],[101.26283041947278,3.0596302238379849],[101.2626498593562,3.0596904097378683],[101.26242977146558,3.0597002922856404],[101.26099965394246,3.0597398200596331],[101.26089994026853,3.059759582738252],[101.26081999048159,3.0598000059595734],[101.26059002366856,3.0598700731987378],[101.26021003620411,3.0598700731987378],[101.25997018442649,3.0597802420725202],[101.25852030543314,3.0590103882212247],[101.25793999396512,3.0586196191364365],[101.25772978862221,3.0585495506888378],[101.25750969952321,3.0585297868018415],[101.25697969503261,3.0585199078793721],[101.25675960714204,3.0584597195626202],[101.25649011255496,3.0583303630792216],[101.25616042965112,3.0581497993373432],[101.25591968242622,3.0579997823112421],[101.25572025628674,3.0579602581624954],[101.25513994481872,3.0578102375110916],[101.25481026191488,3.0575703881503387],[101.25472042958023,3.0573898256168945],[101.25465036234101,3.0572999932822427],[101.25462970058987,3.0571499762561416],[101.25463958313759,3.0570098381524531],[101.25466024368035,3.0569397697047975],[101.25451022665419,3.0568903630083355],[101.254469801016,3.0569999592300405],[101.25431978157303,3.057179621482419],[101.25401974631239,3.0572595712693555],[101.25359034973462,3.0572200434953061],[101.25302980215361,3.057210162156025],[101.25268035777958,3.0571697401431379],[101.25245038854968,3.057109551826386],[101.25224018199839,3.0569900766822684],[101.25197967209488,3.0567996340179775],[101.25147032573017,3.0564995963404726],[101.25110021960501,3.0563702374402055],[101.25071035080128,3.0563396943497878],[101.25036989111084,3.0562597445628512],[101.25005997088562,3.0561303892878868],[101.24981024018552,3.0560603208402313],[101.24955960920448,3.0559597068852895],[101.24916974040076,3.0558501154973783],[101.24890024581367,3.0557099761852555],[101.2486496172495,3.0555599591591545],[101.24843042722301,3.055380295698285],[101.24791030407175,3.0552203937075433],[101.24749977351684,3.0550703766814422],[101.24710990471306,3.0548197457003994],[101.24679010556542,3.0546697274658641],[101.24651971069733,3.0545295893621756],[101.24626997999724,3.0543795723360176],[101.24575973697682,3.0539798209845799],[101.24535010670297,3.0535998335201384],[101.2451704432421,3.0534803595844551],[101.24505006902541,3.0534399351546995],[101.24478955549665,3.0532099647163591],[101.24468984182272,3.0530500651425427],[101.24467996290025,3.0529602340163251],[101.24474014880019,3.0528200959126366],[101.24459013177403,3.0528704028901075],[101.2444697575574,3.0528901655686695],[101.24432961824527,3.0528901655686695],[101.2440700062059,3.0528497411389708],[101.24359030506753,3.0526601963387634],[101.2433702171769,3.0525497034614091],[101.24278990570889,3.0521400731875019],[101.24245034388258,3.051830154170716],[101.24194009965379,3.0514097410680847],[101.24158975741562,3.0510899431288294],[101.24143974038952,3.0509201585903725],[101.24139033127619,3.050850091351208],[101.24134002671559,3.0507198345868005],[101.24132026282854,3.0505698175606994],[101.24133014537625,3.0504701038867097],[101.241369669525,3.0503703902127768],[101.24156011218929,3.0501098803093214],[101.24172001418003,3.0499499807354482],[101.24194009965379,3.0497900787447634],[101.242049694667,3.0497002476185457],[101.24182960677638,3.0495196875019701],[101.24172001418003,3.0495996360804725],[101.24156011218929,3.0497002476185457],[101.24129960228584,3.0497397753925952],[101.24111005748568,3.0496795858674091],[101.24086032678559,3.0495798734018535],[101.24068964438305,3.0494702808055081],[101.24042014979597,3.0493804484708562],[101.23989014530537,3.0491702431280032],[101.23972036439227,3.0490498677028768],[101.23955956453739,3.0489196121469035],[101.23922000271114,3.0488198984729706],[101.2389900322728,3.0486501175598164],[101.23870975848229,3.0483698425608736],[101.2386495725824,3.0482503662083786],[101.2386495725824,3.048079687431084]]],[[[101.28971968986349,3.0023599353258987],[101.29002961008877,3.0024398851127785],[101.29037006977916,3.0026096660259327],[101.29073029577347,3.0026500916641226],[101.29105009492116,3.0027498041296212],[101.2927003003349,3.0034900151715078],[101.29348992049012,3.0039104282741391],[101.29448974357138,3.0045500277779524],[101.29484008580948,3.004869826925642],[101.2949496808227,3.0050396102556078],[101.29499010525245,3.0052695770686455],[101.29499998780017,3.005649564533087],[101.29507005503939,3.0059496022106487],[101.29517965126104,3.0060897403143372],[101.2953296682872,3.0061795726489891],[101.29566024905517,3.0062496398881535],[101.29597016807196,3.0062999444487559],[101.29620013609343,3.0063897755749736],[101.29663042932697,3.0066996945918163],[101.29741016572598,3.0074497881814182],[101.29755030382967,3.0076195715114409],[101.29782967975603,3.0080696274234811],[101.29809019086798,3.0083103758568086],[101.29816026052401,3.0085098007878628],[101.29817013944648,3.0085502252176184],[101.29818990333348,3.0085601065568994],[101.29825009285867,3.0084603940914008],[101.29828961700741,3.0084002081914605],[101.29828961700741,3.0082995942365187],[101.29820966722048,3.0080696274234811],[101.29797969799063,3.0078702000756152],[101.2974999968522,3.0073204316980195],[101.29694034592688,3.0068497152432201],[101.29666995468409,3.0065002684523847],[101.29620013609343,3.0061795726489891],[101.29598992954215,3.0060897403143372],[101.29566024905517,3.0060295519975284],[101.29544016116455,3.0059603814140701],[101.29529014293001,3.005810364387969],[101.29522995461326,3.0056396831938059],[101.2952003118038,3.0054699022806517],[101.2952003118038,3.0053100027068353],[101.29530990440014,3.0051797459424279],[101.29538985660395,3.0050899148162102],[101.29552011095149,3.0050899148162102],[101.29582014862899,3.0051599820554316],[101.29649029122328,3.005399833833053],[101.29778027305957,3.0059999091881195],[101.2981297174336,3.0060798589749993],[101.2986004338884,3.0062604190915749],[101.29893999692308,3.0064203186654481],[101.29949964663996,3.006520032339381],[101.29992005853416,3.006580220656133],[101.30023986009871,3.0066502891037885],[101.30071956123709,3.0068802559168262],[101.3009603072536,3.007050039246792],[101.30107978481453,3.0073096524945981],[101.30118039514417,3.0079402685232139],[101.30121992050135,3.0086795817009602],[101.30112020924429,3.0091296388214914],[101.30101959649778,3.0094296764989963],[101.3009998350276,3.0097503735108262],[101.30111032790501,3.0102103131790727],[101.30123968438835,3.0104600438791635],[101.30130975162757,3.0106495886793141],[101.30138970383138,3.0109199811304848],[101.30141036558251,3.0111598292828603],[101.30144988973126,3.0113897997212007],[101.30151007563114,3.011609887611769],[101.30171040084321,3.0119099252893307],[101.30184964108275,3.0121201282153152],[101.30203020119927,3.0126402537834451],[101.30214967876026,3.0130498864742208],[101.30226017163761,3.0132304477992307],[101.30250002099842,3.0135700096254823],[101.30247037456365,3.0134397564863775],[101.30241018866377,3.0132196685958093],[101.3022799331078,3.0128603416740702],[101.30219998332086,3.0123303347666592],[101.30206972655645,3.0121398921023683],[101.30166009628255,3.0115398167473018],[101.30156038260861,3.0109397438091037],[101.30145977227897,3.0105902994350799],[101.30131963417529,3.0101797700885982],[101.30116961594075,3.0098896137503743],[101.30116961594075,3.0097503735108262],[101.3012801088181,3.0094197951597152],[101.30133041337871,3.0091098749344951],[101.30135017726576,3.0086202924567829],[101.30134029471805,3.0081603564138391],[101.30128999015744,3.0075602810587725],[101.3012801088181,3.0072997699468829],[101.30128999015744,3.0071704110466158],[101.30136005860504,3.0069997322693212],[101.30145977227897,3.0068703769943568],[101.30172028218249,3.0067500015692872],[101.30197989543024,3.006720356342953],[101.3022502890899,3.0067095771395316],[101.30333994450581,3.0069296650301567],[101.30392025597382,3.0069898509300401],[101.30422029365133,3.0070698007169767],[101.30462004500282,3.0073303130373006],[101.30480958980297,3.0073303130373006],[101.3050799822542,3.0072503644588551],[101.30543032328393,3.0072701247205487],[101.30571958175801,3.0073698383944816],[101.30606004507371,3.0075503985110572],[101.30651009977737,3.0078899639626115],[101.30690985112881,3.0082304236530604],[101.30762041573598,3.0086202924567829],[101.30787015006132,3.0087801944474677],[101.30810011687436,3.0090496890345548],[101.30811988076135,3.0094296764989963],[101.3080300484267,3.0100001066277855],[101.30775965718391,3.0106702492220165],[101.30747039870982,3.0113197312735451],[101.30705986815491,3.0122899127537721],[101.30697991836803,3.0126303724441641],[101.30697991836803,3.0131199549218763],[101.30704010426791,3.0136499594124189],[101.30728983859325,3.0148096856927964],[101.30729971993259,3.0151501478000569],[101.30727995604553,3.0154600644000311],[101.3071802423716,3.0157798659645891],[101.30695027314169,3.0161598534290306],[101.30667988069047,3.0166503337708264],[101.30644991387743,3.0170303200268904],[101.30618041929034,3.0175603257258672],[101.30596033139977,3.0181397393297402],[101.30582019329609,3.0183795911074185],[101.30568005760927,3.0185296081335196],[101.30540966274117,3.0185799151109904],[101.30563963197108,3.0187299333455258],[101.30568993894855,3.0188700714492143],[101.30569981787096,3.0190596162493648],[101.30562975063179,3.0193497713791544],[101.30555968218414,3.019770180856483],[101.30553991950558,3.0202498819949142],[101.30556956473185,3.0205598010117001],[101.3056504111745,3.0208598386892618],[101.30570970041867,3.0210197382630781],[101.30571958175801,3.0212901307143056],[101.30566029372221,3.0215497427536775],[101.30530007014482,3.0219099699563685],[101.30500991380654,3.0220501056431885],[101.30441972099925,3.0221004126206594],[101.3050799822542,3.0221399367694062],[101.30523988182802,3.0222198865563428],[101.30533959429357,3.0224103316375022],[101.3053800199317,3.0226097553600653],[101.30551027669611,3.0228603863411649],[101.30560998674474,3.0230598136890308],[101.30573036096143,3.0234595614152227],[101.3056504111745,3.023780260843921],[101.30561986808408,3.0240102300737703],[101.30562975063179,3.0242500794345801],[101.30573036096143,3.0241000624084222],[101.30583007463537,3.023879974517854],[101.30589026295212,3.0235799368402922],[101.30582019329609,3.0231199995889142],[101.30569981787096,3.022800198024413],[101.30558034393533,3.0225396881209008],[101.30558034393533,3.0222100076339302],[101.30566029372221,3.0220096824218672],[101.30582019329609,3.0218003749431546],[101.30594955219635,3.0215497427536775],[101.30598009528677,3.0213602015787728],[101.30578965020561,3.0206101055723593],[101.30576988873548,3.0199399629780714],[101.30576988873548,3.01955997551363],[101.30577977007476,3.0193901946004758],[101.30583995718308,3.0191799880491885],[101.30604028118671,3.0187595785718599],[101.30619029821281,3.0184900839847728],[101.30628012933903,3.0181100965203314],[101.30641038610338,3.0178100588427696],[101.3066098134513,3.0174300713783282],[101.3068802046941,3.0168102321362653],[101.30721976772878,3.0162101604065015],[101.30747039870982,3.0158499332037536],[101.30766982484926,3.0154699469477464],[101.30772012940992,3.0151600291393379],[101.30767970739703,3.0149004146831544],[101.30751980540629,3.014329984554422],[101.30732038168372,3.013250211686227],[101.30735002449319,3.0129896981574689],[101.30739044892289,3.0125998293537464],[101.30744973695869,3.012319555563181],[101.30759975519322,3.0119701111892141],[101.30774977463619,3.0116799548509903],[101.3078602675136,3.0114499856210841],[101.30797974265766,3.0111499503603909],[101.3080300484267,3.0110196935960403],[101.30804981231375,3.0107600815566684],[101.30810011687436,3.0104303974443951],[101.30823037363876,3.0101698875408829],[101.30843968232591,3.0098797324110933],[101.30871995611642,3.0095698121858163],[101.30888973702957,3.0094997449466518],[101.30907029714615,3.00955004829882],[101.30924007926768,3.0096704237239464],[101.30948981238464,3.0098797324110933],[101.30962994807146,3.0100198680979133],[101.30982039073575,3.0100998203017184],[101.3100099355359,3.0101402423146055],[101.31015995497887,3.0102103131790727],[101.31054982499103,3.0104402799921104],[101.31099987969469,3.0104798077661599],[101.31121996758532,3.0105498750053243],[101.31144993439835,3.0107403176696721],[101.31164037706264,3.0109298624698226],[101.31177961730219,3.0111499503603909],[101.31188022884027,3.0115200552771171],[101.31189999031039,3.0119701111892141],[101.31181015797574,3.012270148866719],[101.31147958083307,3.0127202035703817],[101.31173020818886,3.0125701865442807],[101.31197005996648,3.0123797438799897],[101.31214972342735,3.0121398921023683],[101.31219014544024,3.0119701111892141],[101.3121299595403,3.01161976895105],[101.31203024586637,3.0112999673865488],[101.3119601786272,3.0111499503603909],[101.31198982143661,3.0110798794959237],[101.31206977364042,3.0109999297089871],[101.31217038517849,3.010949626356819],[101.31236980890105,3.010949626356819],[101.31276955904411,3.0109397438091037],[101.31301030868588,3.010849912682886],[101.31327980327296,3.0105804180957989],[101.31371997663729,3.0100602925276689],[101.3140002504278,3.0096300017110593],[101.31419967777572,3.0094395554214657],[101.31447995156623,3.0092697745083115],[101.31476022535674,3.0092302503595647],[101.31507014437352,3.0092697745083115],[101.31535041816403,3.0095302880371264],[101.31556960939895,3.0098303257146313],[101.31568998361564,3.0102597186671005],[101.31564955918589,3.0106900106922012],[101.31546989572502,3.010980167030425],[101.31500995847364,3.0113197312735451],[101.31511955107004,3.0113700358341475],[101.31522016502498,3.0114302241508994],[101.31532975762133,3.0116000050640537],[101.31543036795097,3.0119198042117432],[101.31558038860237,3.0122000804191202],[101.31576005206324,3.0123402161059403],[101.31599990021556,3.0124201658928769],[101.31689013190885,3.0123896228024023],[101.3174803247162,3.012410284553539],[101.31774981930329,3.0123698625406519],[101.31796990719391,3.0123797438799897],[101.31809028261898,3.0124300484405921],[101.31812980676773,3.0125099970190945],[101.31812980676773,3.0126402537834451],[101.31809028261898,3.0128001533573183],[101.3179097188771,3.0129304101217258],[101.31623975199318,3.0134801784992646],[101.31568998361564,3.0138197427424416],[101.31526957172144,3.0143003417449563],[101.31516985804751,3.0147396172451408],[101.31508002692129,3.0148896342712987],[101.31492012734742,3.0150001271486531],[101.31472968468313,3.0150198910356494],[101.31447995156623,3.0149300599094886],[101.31412960932806,3.0147899218058001],[101.31333998917285,3.014589596593737],[101.31339029615032,3.0146596674582611],[101.31358972349824,3.014850110122552],[101.31388975755044,3.0149695840581785],[101.3140802026316,3.0150701980131203],[101.31422033831842,3.0151699092702415],[101.31423022086614,3.0152696217357402],[101.31412960932806,3.015419642387144],[101.31377028361476,3.015559778073964],[101.3133597530599,3.0156100850514349],[101.31319985348603,3.0155903211644386],[101.31341006003737,3.0157403406074081],[101.31384035085398,3.0157699846253081],[101.31409996410179,3.0156999161776525],[101.31471980334385,3.0153702332738135],[101.31509979080829,3.01531004737393],[101.31533963896061,3.01531004737393],[101.31548965961201,3.015419642387144],[101.31559026994171,3.0156801522906562],[101.31559026994171,3.0159101227289398],[101.31545013183802,3.0161598534290306],[101.31522016502498,3.0164500085588202],[101.31463985355691,3.0167096218066263],[101.31432993333163,3.0168704216614515],[101.31409008276245,3.0170402025746057],[101.31389964009816,3.0171201523615423],[101.31364990939812,3.0171102698137702],[101.31339029615032,3.0170402025746057],[101.31310014102053,3.0169898955971348],[101.31279022079525,3.0169997769364159],[101.31251982834408,3.0169898955971348],[101.31218026651777,3.0167796890457907],[101.31189011017955,3.0167302823493287],[101.31174997207586,3.0166898579195731],[101.31177961730219,3.0168704216614515],[101.3119601786272,3.0170698453840714],[101.3121101956533,3.0172800519353586],[101.31222967321423,3.0174103074913319],[101.31235992997864,3.0174695967355092],[101.3125503714345,3.0176600381913659],[101.31268961046561,3.0174597141877939],[101.31286028924291,3.0172998146139207],[101.31313966516927,3.0172396287140373],[101.31347024593725,3.0172998146139207],[101.31379004750181,3.017360000513861],[101.31403977820185,3.0173896469485726],[101.314189795228,3.0175001398259838],[101.3142796275626,3.0175396639747305],[101.31439012044001,3.0174902572782685],[101.3149300086867,3.0169099458101982],[101.31516985804751,3.0166898579195731],[101.31537018205108,3.0166099081326934],[101.31555972685123,3.0165596035720341],[101.31561991275112,3.0165802653232276],[101.31566033838931,3.0166602151101642],[101.31568998361564,3.016789571593506],[101.31554984551195,3.0170096594841311],[101.31546001438574,3.0173096971616928],[101.31528035092487,3.0175396639747305],[101.31523992649511,3.0176097348391977],[101.31526957172144,3.0176303953819001],[101.31532975762133,3.0176196161784787],[101.31561003141184,3.0174498328485129],[101.31582023796312,3.017260290465174],[101.31597025740615,3.0171003884744891],[101.31605020719303,3.0171003884744891],[101.3162298706539,3.0173195785009739],[101.31639965156705,3.0176995659654153],[101.31647960135399,3.0181496206690781],[101.31647960135399,3.0188296458110244],[101.31631970178012,3.0192096332754659],[101.31608973255021,3.0195195535007429],[101.31585976452874,3.0197099949565995],[101.31545013183802,3.0198195911782477],[101.31417003496625,3.0197099949565995],[101.31354031317647,3.0197899447435361],[101.31297976559546,3.019770180856483],[101.31276955904411,3.0196902322780375],[101.31256025398221,3.0194000759397568],[101.31244976110486,3.019109919601533],[101.31235992997864,3.0188197644717434],[101.31228985911417,3.0187101694585294],[101.31207965256283,3.0187002869108142],[101.31181015797574,3.0187802391145624],[101.31157030982342,3.0188000005847471],[101.31135022193286,3.0187200507978105],[101.31127027214592,3.0187101694585294],[101.31122984650773,3.0187496960241447],[101.31123972905544,3.0187901192454092],[101.31129003482448,3.0188098819240281],[101.31161971531145,3.0190497337016495],[101.31181015797574,3.0190497337016495],[101.31202036452709,3.0190200884753153],[101.31220990932724,3.0190398523623685],[101.31233028354393,3.0191898693884696],[101.31237969024039,3.0194198398268099],[101.31242999721786,3.0197602995172019],[101.31244976110486,3.0200495579912854],[101.31237969024039,3.0202202391854485],[101.31217038517849,3.0203900200986027],[101.31174997207586,3.0205903441021746],[101.31137986715913,3.0207601262237631],[101.31118043981127,3.0209299071368605],[101.31098999714698,3.0211598763667666],[101.31088040213371,3.0213898443882385],[101.31067019679085,3.0215704045048142],[101.31021025953947,3.021730306495499],[101.30964971195846,3.0218803235216569],[101.30950957264633,3.0219998010825861],[101.3092796058333,3.0222998387601478],[101.30917001082008,3.022340260773035],[101.30894992292946,3.0223501433207502],[101.30877025946859,3.0225199242338476],[101.30844956124832,3.0227103668981954],[101.30857981801273,3.0226995864862829],[101.30876037812931,3.0226897051470019],[101.30884033033311,3.0227301307851917],[101.30887985448186,3.0227696573508069],[101.30893016145933,3.0228801502281613],[101.30889961836886,3.0230202859149813],[101.30888973702957,3.0231199995889142],[101.30891039878071,3.0231604240186698],[101.30895980426874,3.0232996618413495],[101.30904963660339,3.0231900668281355],[101.30915024693303,3.0229897428245636],[101.30937033482365,3.022800198024413],[101.30959042271428,3.0227400121244727],[101.30970001531063,3.0226995864862829],[101.30977996751443,3.0225396881209008],[101.30990034052263,3.0225001627637198],[101.31006024251337,3.0223896698863655],[101.31020037820019,3.0222396504433391],[101.31030009066569,3.0221201752992783],[101.31040968567891,3.0220599869825264],[101.31046987157885,3.0221004126206594],[101.31052017855632,3.0221803611991618],[101.31035039764316,3.0224696196732452],[101.31038004045263,3.0226501809982551],[101.31047975412656,3.0230301684626966],[101.31053006110403,3.0227696573508069],[101.3105803644562,3.0224202105599147],[101.31077979180407,3.0219998010825861],[101.3111301364591,3.0216000497311484],[101.31153976673301,3.021200299588088],[101.31202036452709,3.0208796001593896],[101.31257013290468,3.0205696835594722],[101.31326992193368,3.0202498819949142],[101.31366967207668,3.0201402869816434],[101.31410984544107,3.020089982421041],[101.31497043190802,3.0201097463080941],[101.31518962193451,3.0201798147556929],[101.31537018205108,3.0203100703116661],[101.31538994593808,3.0204502059984861],[101.3153603007118,3.0207197005855733],[101.31532975762133,3.0209200245891452],[101.31545013183802,3.0211302311404893],[101.31546989572502,3.0214401513657094],[101.31541958874755,3.0218497804311824],[101.31546001438574,3.0221399367694062],[101.31561991275112,3.0223097176825604],[101.31590018775006,3.0223797885470276],[101.3162298706539,3.0223699059993123],[101.31653978967074,3.0222603109860984],[101.31699972692212,3.0222297678956238],[101.31756027450314,3.0222396504433391],[101.31771029515454,3.0223196002302757],[101.3179303806283,3.0225100416861324],[101.31831036809274,3.0227903191019436],[101.31879006802268,3.023320323592543],[101.31922036246459,3.023889855857135],[101.31927965050039,3.0240596367702892],[101.31926976916111,3.024230315547527],[101.31924012393478,3.0243695569955094],[101.31915029160012,3.0244701673251484],[101.31891044344781,3.0245303532250887],[101.31867957514532,3.024540235772804],[101.31843972699301,3.0244800486644863],[101.31811004288073,3.0242500794345801],[101.31791960021644,3.0241701296476435],[101.31758003839013,3.0242204366251144],[101.31736983183885,3.0242896072085728],[101.31730964593891,3.0243596744477941],[101.31735006916023,3.0244198603476775],[101.3174596641735,3.0244099790083965],[101.31763034295074,3.0243596744477941],[101.31785043084136,3.0244198603476775],[101.31802021175452,3.0243902175382686],[101.31810016154139,3.0243596744477941],[101.31826994487142,3.0244297428953928],[101.31829958768088,3.0244998101346141],[101.31832024943202,3.0245896412608317],[101.31834001331907,3.0247198980252392],[101.31826006353214,3.0249597498028606],[101.31819987521538,3.0251097668289617],[101.31826006353214,3.0254403475969411],[101.3183301307713,3.0250801216026275],[101.31847027008342,3.024869918676643],[101.31869035434875,3.0247297805729545],[101.31894008867408,3.0246902552157735],[101.31917993682646,3.0247100166859013],[101.31939014337775,3.0247702050027101],[101.31953027906457,3.024879800015924],[101.31960034992909,3.0250298182504594],[101.31958957072561,3.0254295683935197],[101.31958957072561,3.0258796243056167],[101.31964975662555,3.026190441186543],[101.31978001218147,3.0265003602033858],[101.32008004985903,3.0270501285809814],[101.32013035441963,3.0273097418287307],[101.32013035441963,3.0275702517322429],[101.32002974288156,3.0277499151931124],[101.31986984451612,3.0278900532968009],[101.31918981937417,3.0279098171837973],[101.31869035434875,3.0278397463193301],[101.31813968931544,3.0275199471716405],[101.3176896334034,3.0272899779417344],[101.31750997115097,3.0272199094940788],[101.31691977713518,3.02667014111654],[101.31621998810618,3.0258499778708483],[101.31594959686339,3.0256801969576941],[101.31561991275112,3.0255903658314764],[101.31614992086702,3.0260601844221355],[101.31643019465753,3.0264204104164492],[101.31668980790528,3.0267096664736641],[101.31697996303507,3.0269602974547638],[101.31723957628287,3.0271498422549143],[101.31728988205191,3.0272899779417344],[101.31728000071263,3.0273896916156673],[101.31715962649594,3.0274202347061419],[101.31645983988381,3.027369927728671],[101.31596037606681,3.0271803853453321],[101.31548965961201,3.0269899402641727],[101.31507014437352,3.0267797373381882],[101.31467039423052,3.0265398855605667],[101.31429040676608,3.026239847883005],[101.31407032129232,3.0259901171829711],[101.3140604387446,3.0261796619831216],[101.31429040676608,3.0264599357736301],[101.31461020833058,3.026759973451135],[101.31437035896982,3.0268201593510753],[101.31409008276245,3.0268695684644058],[101.31394006452791,3.0270402472416436],[101.31394006452791,3.0270896539381624],[101.3140002504278,3.0271004331415838],[101.31432005199235,3.0269899402641727],[101.31465961381866,3.0269198730250082],[101.3149300086867,3.0269099904772929],[101.31505038169496,3.0269099904772929],[101.31582023796312,3.0273600488062016],[101.31592983297639,3.0274498799324192],[101.31556960939895,3.0275001844930216],[101.31523992649511,3.0277696790801087],[101.31508990826057,3.0278002221705833],[101.31506026303424,3.0278702894097478],[101.31508990826057,3.0279601205359654],[101.31528035092487,3.0279996483100149],[101.31538994593808,3.0279502391966844],[101.31559026994171,3.0277499151931124],[101.31583011930246,3.0276196608455734],[101.31605020719303,3.0275397110586368],[101.31650026310513,3.0275702517322429],[101.31683982734825,3.0276304400489948],[101.31714974394822,3.0276304400489948],[101.31735995049957,3.0275998969585771],[101.31753961396038,3.0275900156192392],[101.31765998817707,3.0276097795062924],[101.317759701851,3.0277301537229278],[101.31778036239376,3.0278604080704667],[101.31757015705085,3.0280903773003729],[101.31711021979947,3.0284200577873435],[101.3167598751445,3.028609602587494],[101.31641043077047,3.0289204194684771],[101.31623975199318,3.0290596609164595],[101.31548965961201,3.0290003692554137],[101.31566033838931,3.029080321459162],[101.31590018775006,3.0291701537938138],[101.31624963454095,3.0291701537938138],[101.31647960135399,3.0291503899068175],[101.31668980790528,3.0288898763780026],[101.3170096082614,3.0286401456779686],[101.31734018661251,3.0284901286518675],[101.31747044337692,3.0284398216743966],[101.31758991972941,3.0282799221005234],[101.31781988775089,3.0281002598480882],[101.31825018098442,3.028040070322902],[101.31864993233586,3.0281101411873692],[101.31882959579673,3.0281604457480285],[101.31903979872277,3.0283095649099891],[101.31940002592546,3.0282296151230526],[101.31963987407784,3.0283302266611258],[101.31983031674213,3.0286796734520181],[101.31985008062912,3.0288997589257178],[101.31993003041606,3.0291099642686277],[101.31999021873281,3.0292896277294972],[101.32038008511967,3.0297100396236942],[101.32047979879366,3.029990314622637],[101.320409730346,3.0303801834263595],[101.32029025399345,3.0307296278003832],[101.32021030420657,3.0309101879169589],[101.32020042165885,3.0314500773720852],[101.32031989921978,3.0318300648365266],[101.32035044231026,3.0320303888401554],[101.32033966310678,3.0321902884139718],[101.32020042165885,3.0322900020879047],[101.31990038760659,3.0323897145534033],[101.31963987407784,3.0325900397654664],[101.31935960028727,3.032929601591718],[101.31915029160012,3.0330499758083533],[101.31882959579673,3.033030211921357],[101.31846038753571,3.0328999563653838],[101.31808040007127,3.03260980002716],[101.31725035548629,3.0321804058662565],[101.31662962079696,3.0318803681886948],[101.31591006908934,3.0317195719591723],[101.3148302962212,3.0315803305111899],[101.31446019009604,3.0315695513077685],[101.31455990135311,3.031699808072176],[101.31475034643427,3.0317797578590557],[101.31538994593808,3.0318695889852734],[101.31585976452874,3.0319702005233466],[101.31645983988381,3.0321902884139718],[101.31703027001254,3.0324499004533436],[101.31751985007338,3.0328604310082028],[101.31782976909022,3.0330095513786546],[101.31811004288073,3.0330796186178191],[101.31826994487142,3.0331595708216241],[101.31848014900589,3.0332997065084442],[101.31925988661334,3.0332898251691631],[101.31947997450396,3.0333697749560429],[101.31971982386472,3.0335799815073869],[101.31980965499093,3.0338602552978955],[101.31983031674213,3.0342303626314902],[101.31969018105531,3.0347998924792137],[101.31941978618721,3.0350604060080286],[101.31909998824796,3.0351403545864741],[101.31856998013211,3.0354296130606144],[101.31835977720607,3.0354197317212765],[101.31806962086785,3.0352203043734107],[101.31770041260683,3.0349400305829022],[101.31734018661251,3.0347998924792137],[101.31698984558284,3.0347900135568011],[101.31734018661251,3.0349597944698985],[101.31764022429007,3.0350801686865907],[101.31789983753782,3.0354296130606144],[101.3180300930938,3.0356802416247888],[101.31821963789395,3.0357898366380027],[101.31841996310595,3.0358096005250559],[101.31864005099658,3.0357601914117254],[101.31886013647033,3.0356299382726206],[101.3190299198003,3.0355598674080966],[101.31917005548712,3.035549988485684],[101.31926976916111,3.0355796312951497],[101.31932995506099,3.0356802416247888],[101.31932995506099,3.0359398548725949],[101.31929042970381,3.0363396050155984],[101.31909998824796,3.0366396426931601],[101.3187801866834,3.0369603421218017],[101.3187298821228,3.0371498869219522],[101.31840019921896,3.0375002291601163],[101.31812980676773,3.0377203170507414],[101.31789983753782,3.0378200295162401],[101.31763034295074,3.0377903842899059],[101.31705003148272,3.0376601311508011],[101.31658021168363,3.0373798537350467],[101.31614992086702,3.037030409361023],[101.31506026303424,3.0359596187595912],[101.31460032578286,3.0353604436855335],[101.31440000177929,3.0350397442568351],[101.31393018318863,3.0346902998828682],[101.31341006003737,3.0343004310790889],[101.31324027549891,3.034109988414798],[101.31296988425612,3.0334200819335138],[101.31293035889894,3.0334101993857985],[101.31289981580852,3.033449727159848],[101.31309025847281,3.034000393401584],[101.31326992193368,3.0343103124184267],[101.31341993895978,3.0345501617791797],[101.31371997663729,3.0349202666959059],[101.314209559115,3.0352697110698728],[101.31424998475319,3.0354098491735613],[101.314209559115,3.035549988485684],[101.31410984544107,3.0355598674080966],[101.31391041930164,3.0354799176212168],[101.3136597907374,3.0353101367080626],[101.31336963439918,3.0350100990305577],[101.31316032692041,3.0348600807959656],[101.3128099846823,3.0348097738184947],[101.31093969137794,3.0341800568624535],[101.31078967314335,3.0341504104276851],[101.31076002791707,3.0341998195410156],[101.310859741591,3.0343103124184267],[101.31121008624598,3.0345600431184607],[101.31166014094964,3.0347998924792137],[101.31198982143661,3.034910385356568],[101.31283962749177,3.0350298629175541],[101.31313966516927,3.0351700010212426],[101.31356007706347,3.0355203420509724],[101.31387987862803,3.0357601914117254],[101.3142796275626,3.0359596187595912],[101.31461020833058,3.0361401788761668],[101.31486982036995,3.0363800306537883],[101.31532975762133,3.0369702234611395],[101.31568998361564,3.0372999039481101],[101.31605020719303,3.0375702988161493],[101.31635024487059,3.0378200295162401],[101.31649038055741,3.0381595925509259],[101.31658021168363,3.0385395800153674],[101.31650026310513,3.0388297351452138],[101.31632958432783,3.0391504345738554],[101.3162298706539,3.0394495743872767],[101.31626041374437,3.0400703078681772],[101.31632958432783,3.0405796542328858],[101.31643019465753,3.0409201139233346],[101.31667004401828,3.0412803411260256],[101.31683982734825,3.0415803751782846],[101.31710033725176,3.0418399908429024],[101.31736983183885,3.0420897215429932],[101.31735995049957,3.0422496211168095],[101.3171802870387,3.042389759220498],[101.31688024936113,3.0423403501071675],[101.31585976452874,3.041820226955906],[101.3156801022763,3.0416504460427518],[101.31548965961201,3.0414195789487053],[101.31523992649511,3.0412902200484382],[101.31465961381866,3.0411402030223371],[101.31440000177929,3.0410395914842638],[101.31371997663729,3.0404404139933376],[101.31275967770483,3.0394702361384134],[101.31202036452709,3.0385602405581267],[101.31179039771405,3.0384299850021534],[101.31146969828535,3.038330273745089],[101.31164037706264,3.0385503592188456],[101.31181015797574,3.038720140131943],[101.3119601786272,3.0388701607833468],[101.3119601786272,3.0389698732489023],[101.31189999031039,3.0390201778095047],[101.31175985462357,3.0390102964701668],[101.31159007250204,3.0390004163393201],[101.31167002228892,3.0390902486739719],[101.31184968574979,3.0392097226096553],[101.31230962300117,3.0394998789478791],[101.31264020376915,3.0397199668385042],[101.31308037713353,3.0401098356422267],[101.31359960242065,3.0405500090066084],[101.31394994707563,3.0410000637102144],[101.31432005199235,3.04140969640099],[101.31465961381866,3.0416504460427518],[101.31490036346042,3.0416998527392138],[101.31523004394739,3.0417995664131467],[101.31564955918589,3.0419801265297224],[101.31582023796312,3.0421103832941299],[101.31593971431568,3.0422604003202309],[101.31599990021556,3.0423699953335017],[101.31599990021556,3.0424400637811004],[101.31590018775006,3.0425002520978524],[101.31523004394739,3.0425002520978524],[101.31507014437352,3.0425999657717853],[101.31478987058301,3.0427401014586621],[101.31455002243069,3.0428200512455419],[101.31419967777572,3.0428901221100659],[101.31347024593725,3.0430599030231633],[101.31321961495621,3.0431901585791366],[101.31295012036912,3.0432799909137884],[101.3126599640309,3.0433500581530097],[101.31226021630471,3.0433096337232541],[101.3115801911627,3.0431200889231036],[101.31134033938508,3.0431299702623846],[101.31118043981127,3.0431596154887188],[101.31141041024961,3.0433204129266755],[101.3118299218628,3.0434704335780793],[101.31226021630471,3.0435997888530437],[101.31268961046561,3.04361955274004],[101.31304983404306,3.0434901938398298],[101.31336963439918,3.0434102440528932],[101.3140802026316,3.0433895835101339],[101.31441976566629,3.0432296839363175],[101.31490036346042,3.0429098823717595],[101.31513033389876,3.0428200512455419],[101.31538994593808,3.0427796292326548],[101.31584988318946,3.0426897968980029],[101.31628017763137,3.0426601516717255],[101.31679041823492,3.0425999657717853],[101.31715962649594,3.0426098471111231],[101.31743990028644,3.0426601516717255],[101.3176896334034,3.04273021891089],[101.31802021175452,3.0429503080099494],[101.31832024943202,3.0433302942659566],[101.31867957514532,3.0437498095044475],[101.31905956260977,3.0441396758913584],[101.31917005548712,3.0444001894201165],[101.31915029160012,3.044589734220267],[101.31905956260977,3.0447801756761237],[101.31885025633943,3.0449301939107158],[101.31842984444523,3.0449598391369932],[101.31788995740698,3.0449499577977122],[101.31691977713518,3.0452796382846827],[101.31660985811834,3.0453703696919092],[101.31630982044084,3.0453595904884878],[101.31604032585375,3.0453101813751573],[101.31576005206324,3.0451700456883373],[101.31545013183802,3.0451098561630943],[101.31495965149617,3.0451197387108664],[101.31558038860237,3.0453101813751573],[101.3162101067669,3.0456802862918835],[101.31644995854452,3.0457395779529293],[101.31674999622203,3.0456901688395988],[101.31740037492926,3.0452697581538359],[101.3176096811996,3.0452203490405054],[101.31772017407695,3.0452697581538359],[101.31779024494148,3.0453595904884878],[101.31781000520317,3.0454404369311305],[101.317759701851,3.0456704073694141],[101.31771029515454,3.0459596622182517],[101.31778036239376,3.0461797513172542],[101.31788995740698,3.0464195994696297],[101.3179303806283,3.0466199246816359],[101.31789983753782,3.046840012572261],[101.31791960021644,3.0470798631414482],[101.31797978974163,3.0473295950499164],[101.31808040007127,3.047510155166492],[101.31826994487142,3.0476601758178958],[101.31840019921896,3.0477302430571171],[101.31844960833229,3.0477302430571171],[101.31848014900589,3.0477095813059236],[101.31842984444523,3.0476601758178958],[101.31829958768088,3.0475999862927097],[101.31811992542845,3.0473996622891377],[101.31806962086785,3.047099624611576],[101.31813968931544,3.046530092346984],[101.31806962086785,3.04628036164695],[101.3179303806283,3.0460000878563847],[101.31788007606769,3.0457701174181011],[101.31788007606769,3.0455500331527787],[101.31796990719391,3.045409893840656],[101.31817023240592,3.0452302315882207],[101.31839031667124,3.0451197387108664],[101.31866969380604,3.0450900959014007],[101.31947997450396,3.0449697204762742],[101.31969018105531,3.045000264775183],[101.31987972585546,3.0450900959014007],[101.32000998020294,3.0452598768145549],[101.32030013533279,3.0456398642789964],[101.32061005555801,3.0460198517434378],[101.32139967571322,3.0467600627853244],[101.32222971788133,3.0473996622891377],[101.32278038412306,3.0476700547403084],[101.32325020271372,3.0478595995404589],[101.32370025983425,3.047929670404983],[101.3241098901081,3.0479700924178701],[101.32510971681467,3.0481497546703054],[101.32569991083039,3.0481497546703054],[101.32625956054733,3.0479799737571511],[101.32698000770216,3.0477095813059236],[101.32799959467042,3.0474302053795554],[101.32849007501227,3.0473295950499164],[101.32919974538055,3.0473403742533378],[101.33010973733553,3.0474302053795554],[101.33153985606714,3.0478703787439372],[101.33306968605581,3.0484300296692481],[101.33412969866225,3.048739948686034],[101.33476031710774,3.0488001370028428],[101.33534961084251,3.048730067346753],[101.33581044716647,3.0486402350121011],[101.33653987900487,3.048270130095375],[101.33700969759553,3.0482503662083786],[101.33708964738247,3.0482297080824878],[101.33772026582801,3.0481102305215586],[101.33799963933751,3.0481003491822776],[101.33818020307933,3.0481596372180206],[101.33854042665678,3.0486698802384353],[101.33889975237008,3.0490804107933513],[101.33902012779515,3.0493597879281538],[101.33902012779515,3.0495996360804725],[101.33887998848309,3.0497999612924787],[101.338630257783,3.0498996737579773],[101.33781997708508,3.0498601496092306],[101.33713007302066,3.0498098426317597],[101.33600987209746,3.0498403857222343],[101.3352301356984,3.0498897924186963],[101.33329965649415,3.0499697422056329],[101.33289990514265,3.0498996737579773],[101.33264029310334,3.0497999612924787],[101.33237977957452,3.0496202978316092],[101.33211028498744,3.0492403103671677],[101.33197014930062,3.048930391350325],[101.33178958918404,3.0487597125730872],[101.33152997351942,3.048609694338495],[101.33124969972891,3.048609694338495],[101.33099008648111,3.0486896441254316],[101.33078976247754,3.0488100195505581],[101.33041965756081,3.0492403103671677],[101.32998038206057,3.0494999236149738],[101.32940995193184,3.0496499430579433],[101.32900031924106,3.0498296065188129],[101.32879999523749,3.0500200491831038],[101.32864009566367,3.0503703902127768],[101.32850983889927,3.0507800229035524],[101.32836970321245,3.0510099909250243],[101.32814961532182,3.0511501290287129],[101.32743006240582,3.0512597240419268],[101.32741030214407,3.0513001460548139],[101.32743006240582,3.0513297924895824],[101.32768967807044,3.0514097410680847],[101.32797983440867,3.0513998597287468],[101.32831041275983,3.0513603355800569],[101.32879999523749,3.0505096316607592],[101.32902008312811,3.0501799487569201],[101.33001002487003,3.0497101289578268],[101.33037025086435,3.0495196875019701],[101.33066040599414,3.0493499053803816],[101.33093978312894,3.0491397000375287],[101.33122005691945,3.0490202224765426],[101.33147966895882,3.0489699179159402],[101.33168987551011,3.0490597502505921],[101.33183989374464,3.049250192914883],[101.33201955599708,3.0495295688412511],[101.33220999866137,3.0497900787447634],[101.3327301242295,3.0502095939832543],[101.33312987558099,3.0503398471223591],[101.3332798926071,3.0505302922035185],[101.33331043569757,3.0503596110093554],[101.33336972373331,3.0502796612224188],[101.33370030450129,3.050199711435539],[101.33403986753603,3.0501601848699238],[101.33448004331723,3.0502095939832543],[101.33525977850786,3.0502203731866757],[101.33637997943106,3.0501799487569201],[101.33807959154126,3.050150304739077],[101.3383598665402,3.050150304739077],[101.33872009011765,3.0502302545259568],[101.33893029546056,3.0503299681998897],[101.33912972280842,3.0504997491130439],[101.339310282925,3.0507701415642714],[101.33939023271188,3.0510504153547799],[101.33941987793821,3.0513603355800569],[101.33942976048593,3.0516998974063085],[101.33933004681199,3.0520098164231513],[101.33934980828218,3.0521301918482209],[101.33947018249881,3.0522496657839042],[101.33955013228575,3.0524598723351914],[101.33956001362503,3.0529799979033214],[101.33956001362503,3.0535800708415195],[101.33953037081557,3.0537803948451483],[101.33946030115953,3.0539699396452988],[101.33956001362503,3.0539995848715762],[101.3396103206025,3.054040010509766],[101.33964984595968,3.0541801449881518],[101.33962020315022,3.0544900652134288],[101.33951959161215,3.0550398335910245],[101.33953037081557,3.0559902511841983],[101.33956001362503,3.0563801199879208],[101.33954025336334,3.057079907808486],[101.33939023271188,3.0587498746924098],[101.3393803513726,3.0592403550342624],[101.33933004681199,3.0595197309606306],[101.33923033313806,3.0596796305344469],[101.33904977302149,3.0597703631501076],[101.33887998848309,3.0597901234118581],[101.33850000222702,3.059749701398971],[101.33789992928882,3.0596203424987038],[101.33683991668244,3.0596095632952824],[101.33554993484609,3.0597002922856404],[101.33493009802089,3.0596796305344469],[101.33451956746597,3.0595996807475103],[101.33412969866225,3.0594604429248307],[101.33374971119775,3.0592897617307244],[101.33349009915844,3.0590597949176868],[101.33319006148088,3.0584803801053226],[101.33269958113908,3.0579602581624954],[101.3322396438877,3.0575596089469173],[101.33182012985765,3.0573197571692958],[101.33145002373249,3.0571400949168606],[101.33054991432522,3.0570098381524531],[101.32966956397121,3.0569801953429874],[101.32897965748992,3.0570098381524531],[101.32879999523749,3.0569604314559911],[101.32843977166004,3.0566900390047635],[101.32837958213486,3.0565103767523283],[101.32837958213486,3.0561600320973525],[101.32843977166004,3.0557800446328542],[101.32857990613843,3.0554997708423457],[101.32879011268977,3.0552500401423117],[101.32916021881493,3.0550595974780208],[101.32946025649244,3.0549203596553411],[101.32962015848318,3.0547397959134628],[101.32973963241881,3.0544999465527098],[101.32979982073562,3.0542996225491379],[101.32979982073562,3.0540696533192317],[101.32969022572235,3.0537300902844891],[101.32948990171877,3.0543696909967366],[101.32940995193184,3.0545502511133122],[101.32918986404121,3.0546903892170008],[101.32880987657677,3.0549203596553411],[101.32859967002548,3.0550901405684954],[101.32843977166004,3.0552895642910585],[101.32828975100864,3.0555896019685633],[101.3282098012217,3.0558698757590719],[101.32819003975158,3.0562804063139879],[101.32813973398254,3.0565103767523283],[101.32804002030861,3.0566298506880116],[101.32781005349557,3.0567601074523623],[101.32741030214407,3.0567403435653659],[101.32677968369859,3.056750224904647],[101.32638981489481,3.056820295769171],[101.32592987764349,3.0569298883655165],[101.32540975449217,3.0569101268953887],[101.32488962892404,3.0568795838049141],[101.32417007963335,3.0566900390047635],[101.32385027806879,3.0565103767523283],[101.32372002130438,3.0563801199879208],[101.32370025983425,3.0561402706271679],[101.3238296163176,3.0555896019685633],[101.32394010919501,3.055320107381533],[101.3240802472987,3.0551503264683788],[101.3240802472987,3.055109900830189],[101.32402994032122,3.0550703766814422],[101.32397963696906,3.0550595974780208],[101.32390956610453,3.0551000219077764],[101.3238296163176,3.0552302762553154],[101.32367959929149,3.055520431385105],[101.32358976816528,3.0557899259721921],[101.32339034081741,3.0560800823104159],[101.32324032379131,3.0561995586629109],[101.32257017998859,3.0562399843011008],[101.32202040919418,3.0561600320973525],[101.32164042172968,3.0561303892878868],[101.3215802358298,3.0560396602975288],[101.32150028604286,3.0560001325234794],[101.32121013091307,3.0560800823104159],[101.32075019366169,3.0561402706271679],[101.32015999964597,3.0562103390748234],[101.31984019808141,3.0563603561009245],[101.31954016040385,3.0564304269653917],[101.31938026203846,3.0564403083047296],[101.31919970071345,3.0563298154273184],[101.31888978169661,3.0560701997627007],[101.31859962535839,3.0556596728330874],[101.31819987521538,3.0551503264683788],[101.31779024494148,3.0548296270396804],[101.31712998368653,3.0544604199870946],[101.31688024936113,3.0542295553099166],[101.31677963903149,3.0540903138619342],[101.31676975648378,3.0539304142881178],[101.31692965847446,3.0531201335901414],[101.3170096082614,3.0529503526770441],[101.31713986260894,3.0528299772519176],[101.31732042635082,3.0526799602258166],[101.31744978162573,3.0526503149994824],[101.31773005541629,3.0526997241128129],[101.31799955000332,3.0526799602258166],[101.31832024943202,3.0527203846555722],[101.31842984444523,3.0528299772519176],[101.31855021866193,3.0530303012554896],[101.31859962535839,3.0531300149294793],[101.31865981125833,3.0531497788164756],[101.31869035434875,3.0530895904997237],[101.31872000078351,3.0528901655686695],[101.31859962535839,3.0526601963387634],[101.31851967557145,3.052539822122128],[101.31825018098442,3.0524796362222446],[101.31796002585457,3.0524598723351914],[101.3176096811996,3.0523799225482549],[101.31735995049957,3.0523898038875927],[101.3171802870387,3.0524598723351914],[101.31683982734825,3.0527203846555722],[101.31676975648378,3.0527401461257],[101.31667992535756,3.0527203846555722],[101.31661973945768,3.052609891778161],[101.31650026310513,3.0522802088743219],[101.31649038055741,3.0526799602258166],[101.31669968924456,3.0531497788164756],[101.31669968924456,3.0534596978333184],[101.3166502825481,3.0536699019677371],[101.31651014444441,3.0538396852977598],[101.31634036353131,3.0539097537453586],[101.31613015697997,3.0538899898583622],[101.31584000064174,3.0537597330939548],[101.31551032015477,3.0536600230453246],[101.31515997670817,3.0535701907106727],[101.31467039423052,3.0535504280321106],[101.31399037150538,3.0536195974071347],[101.31371997663729,3.0537004450582117],[101.31346036459797,3.0538899898583622],[101.31312978382999,3.0541100777489874],[101.31295012036912,3.0541801449881518],[101.31279022079525,3.0541603823095897],[101.31259977813096,3.0540804325226532],[101.31237969024039,3.0538495678454751],[101.31219014544024,3.0535001210546397],[101.31206977364042,3.0529799979033214],[101.31205989230114,3.0526197719090646],[101.31192963553673,3.0521697159969676],[101.31188022884027,3.0520196989708666],[101.31167002228892,3.0517097787455896],[101.31139963104613,3.0513495551681444],[101.31107982948163,3.0511501290287129],[101.31099987969469,3.0511600103679939],[101.31052017855632,3.0508797365774853],[101.31033961843974,3.0507000743250501],[101.31022014087876,3.0504701038867097],[101.31020037820019,3.0501898300962011],[101.31020037820019,3.0498197239710407],[101.31009976666212,3.0494900410672017],[101.30939009871065,3.0484399110085292],[101.30893016145933,3.0478299567310501],[101.30830044087793,3.0472002361496493],[101.30803993097442,3.0471499315890469],[101.30789979287073,3.0471499315890469],[101.3079303359612,3.0472199988282682],[101.3080300484267,3.047299948615148],[101.30828966167451,3.0475200365057731],[101.30884033033311,3.0481299944085549],[101.30942962406783,3.0489501552373781],[101.30983027207503,3.0495403480446726],[101.30992010320125,3.0497604359352977],[101.30988956011078,3.0503299681998897],[101.30992010320125,3.0505796988999805],[101.31001981687518,3.0508402100118701],[101.31014019109188,3.0509803481155586],[101.31038004045263,3.051099822051242],[101.31068007813013,3.0512399601549305],[101.31088040213371,3.0513495551681444],[101.31106994693391,3.0514896908549645],[101.31132956018166,3.0517196612933049],[101.31152988418523,3.05193974918393],[101.31167002228892,3.0523799225482549],[101.31171044792711,3.0526404324517671],[101.31174997207586,3.0529898792426593],[101.31173020818886,3.0532503903545489],[101.31153976673301,3.0534102887199879],[101.31129003482448,3.0534695779641652],[101.31090016602076,3.0534902385068676],[101.3106001283432,3.0534201712677032],[101.31053006110403,3.0534498164939805],[101.31050041466926,3.0534803595844551],[101.3105803644562,3.0535899521808005],[101.31077979180407,3.0536600230453246],[101.31103042278517,3.0536699019677371],[101.31138974849841,3.0536195974071347],[101.31167990483669,3.0536097160678537],[101.3118299218628,3.0536402591582714],[101.31194041474015,3.0537004450582117],[101.31206977364042,3.0538100400714256],[101.31214972342735,3.0539798209845799],[101.31214972342735,3.054240334513338],[101.31205000975342,3.0544801826657135],[101.31159007250204,3.0548700526778703],[101.31136010327214,3.0549500024648069],[101.31096035192064,3.0553596351555257],[101.31036028019088,3.0558501154973783],[101.30987968118836,3.0562498632235702],[101.30955987962381,3.056409765214255],[101.30911970384261,3.0566900390047635],[101.30843968232591,3.0572901143598301],[101.30821959322685,3.0575802706980539],[101.30773989329691,3.0581300390756496],[101.30740033026223,3.0584597195626202],[101.30709041124538,3.0586304007567833],[101.3067795943644,3.0586798074532453],[101.30665023788106,3.0587498746924098],[101.30657028567725,3.0589196568139982],[101.30637984301296,3.0592098119437878],[101.30583995718308,3.0596697491951659],[101.30539978381876,3.0598799557464531],[101.30514016815408,3.0599697868726707],[101.30492996401966,3.0600398577371948],[101.30455985668607,3.0601898747632958],[101.30422029365133,3.0601898747632958],[101.30394001986082,3.0600299751894795],[101.30371993197025,3.0597002922856404],[101.30348996515721,3.0590202671436373],[101.30339025148328,3.0586600435661921],[101.30339025148328,3.0583797697756836],[101.30350972541891,3.0580599682111256],[101.30362021829632,3.0578398827374258],[101.30350972541891,3.0575497276075794],[101.30341001295341,3.0573197571692958],[101.30341001295341,3.0571203310298074],[101.30338037014394,3.0566199717655422],[101.30327975860587,3.0563801199879208],[101.30295007570203,3.0559004188495464],[101.30266980191152,3.0555698404984355],[101.3025296662247,3.0554800093722179],[101.3023598816863,3.0554997708423457],[101.30214967876026,3.0555797206292823],[101.30186042028618,3.0555896019685633],[101.30164033239555,3.0554997708423457],[101.30144988973126,3.0552302762553154],[101.30075010191069,3.0539798209845799],[101.30022997875943,3.05326027169383],[101.29983022740794,3.052609891778161],[101.29906037113977,3.0511402476894318],[101.29899030269212,3.0507899054512677],[101.2989597596017,3.0505895814476958],[101.29908013502677,3.0504000366475452],[101.29936040881728,3.0500496919925126],[101.29986975518199,3.0496104164923281],[101.30039975967253,3.049260074254164],[101.30084981437619,3.0489896818029933],[101.3008300541145,3.0489402726896628],[101.30078962847631,3.0489798004636555],[101.30053989777622,3.0490399863635957],[101.3001500289725,3.0491998859374121],[101.29961013951737,3.0495699932710068],[101.29919961137932,3.0499499807354482],[101.29879986123626,3.0502598973354225],[101.29870014756233,3.0502598973354225],[101.29853036664917,3.050150304739077],[101.29839022733705,3.0500002852960506],[101.29818990333348,3.0494397377150335],[101.29804976764666,3.0487695939123682],[101.29787010539422,3.0481201118608396],[101.29769044193336,3.0476296327274213],[101.29735986116538,3.047050217915114],[101.29696010981394,3.0464797889948159],[101.29656035967088,3.0457602384956317],[101.29649029122328,3.045409893840656],[101.29648040988394,3.0450999748238132],[101.29658012234944,3.0449203113629437],[101.29674990447103,3.0446903445499061],[101.2968002114485,3.0446400375724352],[101.29703017826154,3.0444298322295822],[101.29734009727838,3.044230407298528],[101.29778027305957,3.0441001517426116],[101.29810007220726,3.0441001517426116],[101.2984800596717,3.0442995778820432],[101.29878997868855,3.0444801379986188],[101.2989597596017,3.0448098184855894],[101.29915020226599,3.0450299075846488],[101.2993298657268,3.0450999748238132],[101.29953018973043,3.0451403992535688],[101.29975027762106,3.045300298827442],[101.30006019784628,3.0455599144920598],[101.30078962847631,3.0456901688395988],[101.30122980184063,3.0456704073694141],[101.30095042591427,3.0455096075145889],[101.30054977669869,3.0453703696919092],[101.30023986009871,3.0453398266014347],[101.30007007918556,3.0452904199049726],[101.29979968431752,3.0451197387108664],[101.29956971750448,3.0449796030240464],[101.29938017270433,3.0449301939107158],[101.29917984749227,3.0447999395631768],[101.29888969236248,3.0442501687687127],[101.29871991144933,3.0442196280951066],[101.29858965468497,3.0441702189817761],[101.29826985312042,3.0440103194079597],[101.29793029129411,3.0438198767436688],[101.29771020340354,3.0438396406306651],[101.29740028559513,3.0439097090783207],[101.29714965461409,3.0440103194079597],[101.29689004257472,3.0441899828688292],[101.29666007213638,3.0444199520987354],[101.29656035967088,3.0445403251069365],[101.2964597481328,3.0445600877855554],[101.29633039164941,3.0445097844333304],[101.29595040418496,3.0439303696210231],[101.29572043495506,3.0433698220400061],[101.29545992505155,3.0428703582230128],[101.29528026159073,3.0421903330810665],[101.29498022391317,3.0415300718261165],[101.29469995012266,3.0407602155578957],[101.29444033687486,3.0404700592196718],[101.29422024898429,3.0401403787327013],[101.29417982455453,3.0397801527383876],[101.29356987027705,3.0389896347190302],[101.29328959648655,3.038470409431909],[101.2930596260482,3.0379700477507754],[101.29298955880898,3.0375397557257315],[101.29300033801246,3.0371696508090054],[101.29309016913868,3.0369001538050497],[101.29340996828631,3.0366603044442968],[101.29357975161633,3.0365300476798893],[101.2939498577415,3.0363602667667919],[101.2943298439975,3.0362003671929187],[101.29478978124888,3.0361401788761668],[101.29535033003833,3.0363198423370363],[101.29601957476842,3.0366800683312931],[101.29656035967088,3.0370896986052003],[101.29706970482715,3.0374103968254644],[101.2974999968522,3.0375101104993973],[101.29795005518116,3.0374301607125176],[101.29887980981476,3.0370196301576016],[101.29921039179118,3.0368597305837284],[101.29952030839115,3.036779782005226],[101.29977992284734,3.036779782005226],[101.30030992854631,3.0369199176921029],[101.30100971636688,3.037249600595942],[101.30142024450492,3.0374795674089796],[101.3018298771957,3.0375801789470529],[101.30218021943386,3.0376798914125516],[101.30250002099842,3.0376897739602668],[101.30292043289262,3.0376601311508011],[101.30356991494409,3.0375604174768682],[101.30277041224116,3.0374795674089796],[101.30241018866377,3.037490346612401],[101.30174004606948,3.0373196678351064],[101.30009972199502,3.036689949670631],[101.2996002605949,3.0366297613538222],[101.2992795611662,3.0366800683312931],[101.29865972192414,3.0368902736742029],[101.29808030832027,3.0371301230349559],[101.29765989884294,3.0372900226088291],[101.2973095541879,3.0372603797993634],[101.29713977327475,3.0371400055826712],[101.29659988623649,3.0368696131314437],[101.29573031629434,3.0362201310799719],[101.29540961807407,3.0360997568632797],[101.29477001736188,3.0359200934024102],[101.29433972654522,3.0359596187595912],[101.29399027975438,3.0360898743155644],[101.29365970140327,3.0362300100023845],[101.29339020681618,3.0364096758801224],[101.29319976415189,3.0365201663406083],[101.2930596260482,3.0365201663406083],[101.2929096090221,3.0364599804407248],[101.29272006422195,3.036210249740634],[101.29249009378361,3.0353496632736778],[101.29228976977998,3.0347603683304669],[101.29209034243212,3.034119869754079],[101.29212987020617,3.0339698503111094],[101.29227000589299,3.0338099507372931],[101.29248021244427,3.0337201196110755],[101.29256016223121,3.0337300009503565],[101.293530342503,3.0338000693980121],[101.29475025468327,3.0335700989596717],[101.29598004699443,3.0332404184727011],[101.2969502284746,3.033030211921357],[101.29769044193336,3.0327903637690383],[101.29873967171108,3.0322100523009681],[101.29924991593992,3.0319998457496808],[101.2997098531913,3.0318399461758077],[101.30014014642478,3.0316297408329547],[101.30054977669869,3.0313503636981523],[101.30108966615381,3.0310000190431765],[101.30111032790501,3.0309703762337108],[101.30107978481453,3.0309398331432362],[101.3009800711406,3.0310000190431765],[101.30069979735009,3.0310898513777715],[101.30039975967253,3.0311698035815766],[101.30007995810803,3.0313997703946143],[101.29962002085665,3.0316701628458418],[101.29896964214942,3.0319001320757479],[101.2984800596717,3.0321498627757819],[101.29780991586904,3.0324597830010589],[101.29713977327475,3.0327301754522864],[101.29523983716098,3.0333598960336303],[101.29416006308435,3.0335395582860656],[101.29350968075187,3.0336401698241389],[101.29287996258734,3.0335296769467845],[101.29251973900989,3.0335296769467845],[101.29234995809679,3.0335395582860656],[101.29206968188942,3.033480267833454],[101.29194032540602,3.033350013485915],[101.29183971507638,3.0329897874916014],[101.29169957576426,3.0325900397654664],[101.29143008117717,3.0320797955366174],[101.29128006415107,3.0312201069337448],[101.29118035047713,3.0310997327171094],[101.29113004349966,3.0308697659040718],[101.29111028323791,3.0301798594227876],[101.29106985759972,3.0299696528714435],[101.29046978224466,3.0293803567198552],[101.29030988387927,3.029129728155624],[101.29027035610522,3.0288395730258344],[101.290200288866,3.0285404332124699],[101.29001972754105,3.0282502768741892],[101.28978975831114,3.0279403602742718],[101.28964962262432,3.0276600828584606],[101.28961997618956,3.0267500909034197],[101.28966040182775,3.0266602597772021],[101.28975023295396,3.0265704286509845],[101.28991013252778,3.0265497668998478],[101.29076981992222,3.0264500532259149],[101.29128994549035,3.0263799859866936],[101.29149027070235,3.0264204104164492],[101.2920795632287,3.0269800613417601],[101.29243979043139,3.0271498422549143],[101.2928296568183,3.0271902642678015],[101.29310005168639,3.02733040237149],[101.2933803254769,3.0276097795062924],[101.2934000893639,3.0274103521583697],[101.29322042590303,3.0271597235941954],[101.29288984513505,3.0269396357035703],[101.29256016223121,3.0268596859166905],[101.29217029221905,3.0267204456771424],[101.29198973210248,3.0265901925380376],[101.29189001842855,3.0264599357736301],[101.29190978231554,3.0263197976699416],[101.29204003907995,3.0262200864128772],[101.29301021935174,3.0257502678222181],[101.29392021130673,3.0249103406895301],[101.29416006308435,3.0248402734503088],[101.29478978124888,3.0250298182504594],[101.29537009271689,3.0252696664028349],[101.29566024905517,3.0253397372673021],[101.29589021586821,3.025220259706316],[101.29616959300301,3.0251403111278705],[101.29633039164941,3.0251304285801552],[101.29650017377099,3.025210378367035],[101.29668971857114,3.0253702779409082],[101.29676966714965,3.0254601114839943],[101.29684961693653,3.0254699916148411],[101.29687027868772,3.0254098045065234],[101.29686039734838,3.0253100920409679],[101.29676966714965,3.025119649376677],[101.29668971857114,3.0250199357027441],[101.29669959991043,3.0249103406895301],[101.29681009278778,3.0248196116991721],[101.29699963758793,3.0248097303598911],[101.29749011792978,3.024879800015924],[101.29789974820369,3.0251304285801552],[101.2981297174336,3.0253397372673021],[101.29850970489804,3.0258400989484358],[101.29849982355876,3.0255202973838777],[101.29826985312042,3.0250900041503996],[101.29779015319042,3.0248196116991721],[101.29728979392621,3.0246902552157735],[101.29702029933912,3.0246300668990216],[101.2967804475615,3.0246597121252989],[101.29646963068052,3.0247504411156569],[101.29613006764583,3.0248995614861087],[101.29568989186458,3.025070242680215],[101.29530002547773,3.0250396995897972],[101.29489039278695,3.0248600361289277],[101.29467030489633,3.0246803738764925],[101.29456969335826,3.024540235772804],[101.29461011899645,3.024300386412051],[101.29477001736188,3.0240201126215425],[101.29506017370011,3.023320323592543],[101.29519043046452,3.0229295569246233],[101.29524971850026,3.0222603109860984],[101.2952703802514,3.02176983185268],[101.29529014293001,3.0213098946013019],[101.29514012348704,3.0208598386892618],[101.2947996637966,3.0202400006556331],[101.29457957590597,3.0197504205947894],[101.29454005054885,3.0194997896137465],[101.29446997968432,3.019879777078188],[101.29452028666179,3.0202597633341952],[101.2947798999096,3.0206999366985201],[101.29501974927035,3.0212299448144222],[101.29509970147416,3.0215901683918673],[101.29505029236083,3.0224399744469679],[101.2949299169357,3.0230795739507812],[101.29449962611909,3.0241503657606472],[101.29416006308435,3.0244998101346141],[101.29392021130673,3.0246201843513063],[101.29239038010968,3.0258095558579612],[101.29182983252861,3.0260197624093053],[101.29129982562119,3.0261203727389443],[101.29039971500549,3.0262497292223429],[101.29022005154462,3.026239847883005],[101.29008979598865,3.026190441186543],[101.29001972754105,3.026099712196185],[101.29004038929219,3.0259999985222521],[101.29012033907912,3.0258796243056167],[101.29028023744451,3.0257700280839117],[101.29074017469588,3.0255202973838777],[101.29093960204375,3.0253298559280211],[101.29104021237345,3.0251304285801552],[101.29105997626044,3.0248303909025935],[101.29098002647351,3.0245195740216104],[101.29098990902122,3.0243300292214599],[101.29104021237345,3.024139586557169],[101.29130970696048,3.0238296675403831],[101.29210022497983,3.0230598136890308],[101.29234995809679,3.0226600623375361],[101.29274970703136,3.0216198136181447],[101.29287008124805,3.0211203498011514],[101.29292038822553,3.020750243675991],[101.29297967626127,3.0204600885462014],[101.29296979492199,3.0201896960949739],[101.29293026956481,3.019980387407827],[101.29297967626127,3.0197899447435361],[101.29324018737321,3.0196003999433856],[101.29350968075187,3.0194198398268099],[101.29380971842937,3.0192204124789441],[101.29385014406756,3.0191395660363014],[101.29380971842937,3.0190901569229709],[101.29369024449369,3.0190299710230306],[101.29355010639,3.0190398523623685],[101.29326983259949,3.0192204124789441],[101.29298955880898,3.0193398900398734],[101.29287996258734,3.0194000759397568],[101.29275958837064,3.0196201638303819],[101.29271018167418,3.019889658417469],[101.29260957134454,3.020089982421041],[101.2922502444228,3.0191898693884696],[101.29196996821548,3.0183202994463159],[101.2919798507632,3.0181199754427439],[101.2922295838801,3.0178298203129543],[101.29243979043139,3.0176600381913659],[101.29278025012184,3.0175800896128635],[101.29308028779934,3.0175998522914824],[101.2932500687125,3.0176501568520848],[101.29348992049012,3.0175800896128635],[101.29318000026484,3.0174300713783282],[101.29289972647433,3.0173096971616928],[101.29262035054796,3.017360000513861],[101.29231043153118,3.0175504468034546],[101.29211998886689,3.0176303953819001],[101.29189001842855,3.0176196161784787],[101.29174000140245,3.0175396639747305],[101.29166005161551,3.0174103074913319],[101.29165017027623,3.0172899332746397],[101.2915495587381,3.017260290465174],[101.29143996372488,3.0172800519353586],[101.29129982562119,3.0173303577043953],[101.29115968993437,3.0173096971616928],[101.29078958380921,3.0171300337008233],[101.29047966479237,3.0171102698137702],[101.29024969435409,3.0171497975878196],[101.29046978224466,3.0173096971616928],[101.29065034356967,3.0174004261520508],[101.29091983815675,3.0174803759389306],[101.29112016216033,3.0174803759389306],[101.29128994549035,3.0175998522914824],[101.291379777825,3.0177498705260177],[101.291379777825,3.0178702447427099],[101.29131958950825,3.0179403131903086],[101.29067010745672,3.0179600758689276],[101.29097014513422,3.0180903326332782],[101.29126030026401,3.0181397393297402],[101.29143996372488,3.0180903326332782],[101.29153967739882,3.0181100965203314],[101.29161962718575,3.018199927646549],[101.29168969442497,3.0183598272203653],[101.29194032540602,3.0191395660363014],[101.29233019420974,3.0200001512948234],[101.29257992490983,3.0204196629080116],[101.29267963858376,3.020750243675991],[101.29264011443502,3.0212200622667069],[101.29234995809679,3.0217500679656837],[101.29195020795373,3.0225702312113185],[101.2911004006902,3.0235296322796898],[101.29080036301264,3.0239500417570184],[101.29062968181853,3.0242401980952422],[101.29063956436624,3.0244504034381521],[101.29075993858294,3.0247899664728379],[101.29078958380921,3.0250495809290783],[101.29055961457931,3.0253199733803058],[101.29022005154462,3.0254996368411184],[101.28992989641483,3.025670315618413],[101.2897295724112,3.0257700280839117],[101.28964962262432,3.0258302176090979],[101.2894097708467,3.0258796243056167],[101.28919956429536,3.0258095558579612],[101.28898037668574,3.0255697040803398],[101.28885011992139,3.0251304285801552],[101.28878993402145,3.0246103030119684],[101.28875040745584,3.024139586557169],[101.28862015310835,3.0235799368402922],[101.2883704199914,3.0229502186758168],[101.2881799773271,3.0225298055731855],[101.28802995909257,3.0223303794336971],[101.28781975374966,3.0218902060693722],[101.28779998986266,3.0216701181787471],[101.287829635089,3.0213898443882385],[101.2878799396496,3.0212703692441778],[101.287829635089,3.0211203498011514],[101.28775956784978,3.0210296208107934],[101.28749995218516,3.0209101432498642],[101.28729962818153,3.0206397507986367],[101.28726010282435,3.0203495956688471],[101.28697982903384,3.0197504205947894],[101.28681004812074,3.0194899070659744],[101.28667979135633,3.0191997519361848],[101.28663038465987,3.0189500212361509],[101.28661960545645,3.0185700337717094],[101.28660972411711,3.0183697097680806],[101.28651989178246,3.0182295704559579],[101.28612014163946,3.0176699207390811],[101.28595035951787,3.0172198660354752],[101.28593958031445,3.0169099458101982],[101.28552994762367,3.0159101227289398],[101.28524967383316,3.0152399789262745],[101.2851203149329,3.0149399412487696],[101.28494963615566,3.0146902105486788],[101.28456964869122,3.0142697986544817],[101.28423996820419,3.0139401157506427],[101.28408994876122,3.0137496730863518],[101.2839498130744,3.0134397564863775],[101.2839300491874,3.0131397188088727],[101.28395969199687,3.012889984483536],[101.28415013707803,3.0125099970190945],[101.28437022255173,3.0121102492929026],[101.28469002411629,3.01175990463787],[101.28511043601048,3.0115398167473018],[101.28554971151073,3.0113897997212007],[101.28590005374883,3.011190372373278],[101.28612014163946,3.0109199811304848],[101.28628992255261,3.0105804180957989],[101.2865001291039,3.010380094092227],[101.28669955524333,3.0102004306313574],[101.2868001667814,3.0102103131790727],[101.28687023402063,3.010280380418294],[101.28693041992051,3.010380094092227],[101.28688011535991,3.0110098122567024],[101.28669955524333,3.0119000427415585],[101.28666991001705,3.0123797438799897],[101.28672021699452,3.0126303724441641],[101.28684957226949,3.0128199172443146],[101.28711008579825,3.0130804271478269],[101.28735981649828,3.0131999047087561],[101.28799043252695,3.0133598042826293],[101.28840006521773,3.0135700096254823],[101.28884023858205,3.0136697232994152],[101.28856984613088,3.0134496354088469],[101.2883003515438,3.0132996171743116],[101.28769039726632,3.0130597666050676],[101.28742000239822,3.0128998670312512],[101.28714960994699,3.0126600176704983],[101.28696006514684,3.0124201658928769],[101.28690976179467,3.0119701111892141],[101.28691964071709,3.0114796308473615],[101.28705977882078,3.0110098122567024],[101.28718015303747,3.0107501990089531],[101.28721967839465,3.010280380418294],[101.28711008579825,3.0099003929538526],[101.28711008579825,3.0096704237239464],[101.28719003558518,3.0094997449466518],[101.28731040980182,3.0093802673856658],[101.28746042803641,3.0093299640334976],[101.28764997283656,3.009300317598786],[101.28778022839248,3.0093200814857823],[101.2894097708467,3.0106495886793141],[101.28999008231472,3.0113601532864323],[101.29031976521856,3.0118901614022775],[101.290679988796,3.0123797438799897],[101.29099979036056,3.0126896604799072],[101.29203015653223,3.0131100723741042],[101.29267963858376,3.0131199549218763],[101.29371000596387,3.0129600553480032],[101.2939498577415,3.0129600553480032],[101.29431008131894,3.0130597666050676],[101.29461011899645,3.0131496001481537],[101.29512036201686,3.0131100723741042],[101.29537997526467,3.0131603793515751],[101.29557041792896,3.0133400428124446],[101.29566024905517,3.0135295876125952],[101.29569977320392,3.0137200302768861],[101.29570965575164,3.0148896342712987],[101.2957797229908,3.0152804009391616],[101.29604023651962,3.0160502584158166],[101.29606987932908,3.0162901101934381],[101.2961004224195,3.0163601774326025],[101.29614983153283,3.0163898226589367],[101.2963501555364,3.0163601774326025],[101.29651993644956,3.0163700587718836],[101.29661965012349,3.0164203633325428],[101.29675978581031,3.0165200770064757],[101.29699963758793,3.0168398785709769],[101.29711013046534,3.0169395910365324],[101.29717031636523,3.0169503714483881],[101.29721972306169,3.0169297096971945],[101.29722960440097,3.0168901819232019],[101.29724038360445,3.016740164897044],[101.29716043502594,3.0166296720196897],[101.29653969791974,3.016079903642094],[101.2963097311067,3.0157798659645891],[101.2961004224195,3.0151699092702415],[101.29604023651962,3.014850110122552],[101.29599981088143,3.0141700849805488],[101.2959297436422,3.0135601282862012],[101.2957797229908,3.0132403291385117],[101.2956099420777,3.0129798168181878],[101.29540961807407,3.0128396811313678],[101.29513024093927,3.0128199172443146],[101.29483020688707,3.012889984483536],[101.29455981201897,3.0129304101217258],[101.29431996265822,3.0128396811313678],[101.29386990795456,3.0127696102668438],[101.29315035503856,3.0128100346965994],[101.292850317361,3.0128495624706488],[101.29219993865377,3.0128001533573183],[101.29178042583214,3.0126698990097793],[101.29133036871167,3.012410284553539],[101.29096026258651,3.012069824863147],[101.29087043146029,3.0118299730855256],[101.29065034356967,3.0114697495080804],[101.29036018723144,3.0112299001473275],[101.29021017020534,3.0110601192341733],[101.290200288866,3.010949626356819],[101.29021017020534,3.0108202674565518],[101.29028023744451,3.0106900106922012],[101.29036018723144,3.0106298247922609],[101.29045001956609,3.010530111118328],[101.29063956436624,3.0104896866885724],[101.29070963402228,3.0104303974443951],[101.29083988836982,3.0100001066277855],[101.29089019534729,3.0097000689502238],[101.29097014513422,3.0095401693764074],[101.29113992604738,3.0092796570560267],[101.29120999328654,3.0090398076952738],[101.29125041892473,3.0085897493663083],[101.29118035047713,3.0081998829794543],[101.29105009492116,3.0078800826233305],[101.29103033103411,3.0078603187363342],[101.29099979036056,3.0078603187363342],[101.29097014513422,3.0079501498625518],[101.29095038124723,3.0085601065568994],[101.29090007668657,3.0088502628951233],[101.29065034356967,3.0093802673856658],[101.29051020788285,3.0098500859763817],[101.29036018723144,3.0101797700885982],[101.29019040631829,3.0103504488658928],[101.29001972754105,3.0103702115445117],[101.28976999684096,3.0103100232277029],[101.28854020332142,3.0095698121858163],[101.28795989185335,3.0090101624689396],[101.28787006072713,3.0088197198046487],[101.28780987120194,3.0084603940914008],[101.28797965332353,3.0064302012131634],[101.28808026365317,3.0059702639617853],[101.28840994655701,3.005350427136591],[101.28846025111761,3.0051698646031468],[101.28847013245689,3.0050000824815584],[101.28841982910473,3.0046596227911664],[101.28839018387845,3.0045203825516182],[101.28840006521773,3.0039104282741391],[101.28842971044401,3.0034801338322268],[101.28847013245689,3.0033202342583536],[101.28863991457848,3.003039960467845],[101.28895971493461,3.0026599730034036],[101.28921034712408,3.0024596489998316],[101.28941965218598,3.002379699212895],[101.28971968986349,3.0023599353258987]]],[[[101.2847798552425,2.9706197647846579],[101.28516972404623,2.9707796631500969],[101.28570961108454,2.971180312365675],[101.28649024655618,2.9720498823078287],[101.28805960190203,2.9736704424952904],[101.28916004014661,2.9748301675672337],[101.29045001956609,2.9760096541093048],[101.29128994549035,2.9764004207771677],[101.29288984513505,2.9771999234801569],[101.2932500687125,2.9774801972706655],[101.29366958274255,2.9780802726256752],[101.29396961800319,2.9784000705649305],[101.29454992947126,2.9787504152199631],[101.29536021137761,2.9790199098070502],[101.29590997975521,2.9793900159322106],[101.29619025354572,2.9797098138714659],[101.29633039164941,2.9800700398657227],[101.29639956223292,2.9803700775432844],[101.29643998666262,2.9808596576040713],[101.29639956223292,2.9809198471292575],[101.29590997975521,2.9815702258364922],[101.29561982341698,2.9821703011915588],[101.29539973552636,2.9827497123786202],[101.29528026159073,2.9832797204944654],[101.29528026159073,2.9837603182885459],[101.29529014293001,2.9841600696400405],[101.29544016116455,2.9848598550437373],[101.2955596375171,2.985360216724871],[101.29582014862899,2.9858902248407162],[101.29613006764583,2.9863303982050979],[101.29625044186247,2.9865801289051319],[101.29641034143634,2.9867696737052825],[101.29659988623649,2.9870795927221252],[101.29672026166156,2.9872996806126935],[101.29683973559725,2.9876302589638613],[101.29697987370093,2.9878701107414827],[101.29704005960082,2.987889874628479],[101.29712989193547,2.9878602294021448],[101.29724038360445,2.9878395676510081],[101.29729967284862,2.9878997535508915],[101.29749011792978,2.9882096737761685],[101.29764013495588,2.9890603764869752],[101.2976302536166,2.9899703720673187],[101.29764013495588,2.9902596305414022],[101.29774972996915,2.9905803287616664],[101.29802012242033,2.9911399796869773],[101.29822044642395,2.9915999157299211],[101.29839022733705,2.9918703081810918],[101.29850970489804,2.9920499716419613],[101.29856989079792,2.9922296338943966],[101.29854024798846,2.9923697732065193],[101.2981997858812,2.9930695586102161],[101.29825997419795,2.9930902203614096],[101.29832016009789,2.9929797274839984],[101.29841987377182,2.9928503710005998],[101.29856000945864,2.9927102328969681],[101.29865972192414,2.9925395541196735],[101.29871002890161,2.9924200765586875],[101.29878009734927,2.992350009319523],[101.29886992847548,2.9922997023420521],[101.29901994912689,2.9922700595325864],[101.29979968431752,2.9925799761325607],[101.30033957377265,2.9928800138100655],[101.30114985205375,2.9931701701482893],[101.30150019670873,2.9933803754911992],[101.30177957021823,2.9937298198651661],[101.30196013396011,2.9941196886689454],[101.30207960789579,2.9945697445809856],[101.30201043852071,2.9950000378145205],[101.30187030283389,2.9953198393790785],[101.30165021494327,2.99569982684352],[101.30135017726576,2.9960600504209083],[101.30090012135366,2.9965702946497572],[101.30030992854631,2.9972601987141729],[101.30008984065574,2.9976303060477676],[101.30004043395928,2.9979195621049826],[101.30006019784628,2.9981001258468609],[101.30016978923425,2.9982303789859657],[101.30097018980132,2.9988295564768919],[101.30115973460147,2.9989400493542462],[101.30123968438835,2.9990397630281791],[101.30131963417529,2.9991098302674004],[101.30138970383138,2.9991403745662524],[101.30141036558251,2.9991295941543967],[101.30145977227897,2.9990397630281791],[101.30144988973126,2.9990101178019017],[101.30143012584426,2.9989903539148486],[101.30136993994432,2.9989301680149651],[101.30067015212376,2.9983004498504329],[101.30038987833325,2.9981297686563266],[101.30036023552384,2.998010293512209],[101.30035035297607,2.9978396123181028],[101.30045994557247,2.997589881618012],[101.30089024001438,2.9968900925890125],[101.30113997071442,2.9966403618889785],[101.30135017726576,2.99650022378529],[101.30161967064441,2.9964696831116839],[101.30181999585642,2.9965496328986205],[101.30213979742098,2.9968101428021328],[101.30265003802452,2.9972197767012858],[101.30309021380572,2.9975000504917944],[101.30333994450581,2.9977102558347042],[101.3035501510571,2.9979599865347382],[101.30358967520584,2.9979698690824534],[101.30359955775356,2.9979402238561761],[101.30356991494409,2.9977704417345876],[101.30349984407962,2.9976204247084866],[101.30234012142455,2.9966295826855571],[101.30210026964693,2.9964400378854066],[101.30197001529939,2.9962702569722524],[101.30190982698264,2.996159764094898],[101.30196013396011,2.9959998645210248],[101.30212991487326,2.9953602613919088],[101.3022296285472,2.9950296842492321],[101.30236976423402,2.9948500207883626],[101.30257996957687,2.9947000001369588],[101.30292043289262,2.9946595757072032],[101.30317016359265,2.9946200515585133],[101.3033597083928,2.9946299328977943],[101.30356991494409,2.994760189662145],[101.30386007007394,2.9950000378145205],[101.30404961487409,2.9951895826146711],[101.30429036209898,2.9953602613919088],[101.30442960233853,2.9954096705052393],[101.30462004500282,2.9954096705052393],[101.30463980888982,2.9953701439396809],[101.3046299263421,2.9953602613919088],[101.30439007577291,2.995270430265748],[101.30425982142538,2.9951401771266433],[101.30400020576076,2.9948302569013663],[101.30394001986082,2.9946496967847906],[101.30393013852154,2.9944996761333869],[101.30388971288335,2.9944601519846401],[101.30381964564418,2.9944403880976438],[101.30363010084403,2.9944197263464503],[101.30318992747965,2.9944403880976438],[101.30287012591509,2.9944502694369248],[101.30264015910205,2.9943900811201729],[101.30243983509848,2.9943298952202326],[101.3022502890899,2.9941502317593631],[101.30198977676957,2.9936498700782863],[101.30187030283389,2.9933695962877778],[101.3016798601696,2.9930902203614096],[101.30134029471805,2.9927901826838479],[101.30075998324997,2.9924802648754962],[101.30005031529856,2.9921595666552321],[101.29929034036968,2.9918703081810918],[101.29879986123626,2.9915801530513022],[101.29855012932779,2.9913196419394126],[101.29833992398488,2.9909603162261078],[101.29816026052401,2.9904401906579778],[101.29810007220726,2.989729622425557],[101.29809019086798,2.9886696098191123],[101.29809019086798,2.9884701860964924],[101.29813959998131,2.9884297616667936],[101.29817013944648,2.9884198791190215],[101.29830039621083,2.9884701860964924],[101.2984297551111,2.9885797786928947],[101.29868038367533,2.9887603424347731],[101.29903970938858,2.9893199921516498],[101.29911965917552,2.9895499589646874],[101.2993002229174,2.9897502841766936],[101.29948976771755,2.9899200650898479],[101.29962002085665,2.9901599168674693],[101.29977992284734,2.9903800047580376],[101.29989041572469,2.9905201404449144],[101.30009972199502,2.9907303457877674],[101.30016978923425,2.9909100092486369],[101.30016978923425,2.9910501473523254],[101.30016978923425,2.9911597399486709],[101.30021021487238,2.9912495722833228],[101.30027040318919,2.9912801153737973],[101.30036023552384,2.9912702328260821],[101.30074022177985,2.9910797901617912],[101.3010501395882,2.9910303834652723],[101.30175980995654,2.9910995540487875],[101.30149031536945,2.9909899590355735],[101.30122980184063,2.9909297731356332],[101.30106002092754,2.9909001279093559],[101.30090012135366,2.9909001279093559],[101.30068003346304,2.9910303834652723],[101.30057043844982,2.9910303834652723],[101.300430302763,2.9909899590355735],[101.30032969122493,2.9909198917963522],[101.30022997875943,2.9906800400187308],[101.29999012698181,2.9902901736318199],[101.2997098531913,2.9900000148767276],[101.29942957940079,2.9896595551863356],[101.29923015205287,2.9893999419385295],[101.29908013502677,2.9891304473514992],[101.29900018523983,2.9887702213571856],[101.29886992847548,2.9885303719964327],[101.29811983609426,2.9878503468544295],[101.2974999968522,2.987369749060349],[101.29709036657829,2.9869601163695734],[101.29664031187468,2.9863600434313753],[101.29623966265905,2.9856503730630948],[101.29590997975521,2.9848598550437373],[101.2957797229908,2.9840396942149141],[101.29576984406839,2.9832500740597538],[101.29578960553852,2.9827497123786202],[101.29596028673268,2.9822601323177764],[101.29679032890078,2.9808201334553246],[101.29684961693653,2.9803997215611275],[101.2967804475615,2.9801095652229037],[101.2966501907971,2.9796801710620002],[101.2963501555364,2.9793495902940208],[101.2956297059647,2.978840247554615],[101.29525959983954,2.9784800203518671],[101.29495956216203,2.9783102394387129],[101.29459035510945,2.9782204083124952],[101.29433972654522,2.9781000328874256],[101.294249895419,2.9780200843089233],[101.29419958844153,2.9778898275445158],[101.29419958844153,2.9777802349481703],[101.29425977434147,2.9777299279706995],[101.2943801485581,2.9777398093099805],[101.29537009271689,2.9779302519742714],[101.29585967519461,2.9780703900779599],[101.29711013046534,2.9786399223425519],[101.29977004150805,2.9798104278264077],[101.30166009628255,2.9809396073910079],[101.30166009628255,2.9812899520459837],[101.30160978930508,2.9816897033974783],[101.30166997762188,2.9820696908619198],[101.30175980995654,2.9824002680045965],[101.30184964108275,2.9827101882298734],[101.30187030283389,2.982899733030024],[101.30187030283389,2.9831198209206491],[101.30189006309564,2.9834099760504387],[101.30197001529939,2.9842400194269771],[101.30203020119927,2.9844996314662922],[101.30218021943386,2.984789787804516],[101.30227005056008,2.9851302499118333],[101.30239042477672,2.9853296736343964],[101.30247037456365,2.9855596440727368],[101.3023796455733,2.9851401324595486],[101.30235000276383,2.9848203308949905],[101.3022502890899,2.9845795812532288],[101.30209038709921,2.9840100489886368],[101.30209038709921,2.9837899635148801],[101.30206972655645,2.9834297375205665],[101.30199965810885,2.9828404449942809],[101.30194037007311,2.9825502886560002],[101.3018298771957,2.9821703011915588],[101.30176969129582,2.9819897374496804],[101.30174992740876,2.9816897033974783],[101.3018298771957,2.9814597329591379],[101.30186042028618,2.9812998333853216],[101.30199965810885,2.981019559594813],[101.30221974599948,2.9807895903649069],[101.30233023887683,2.9807797078171347],[101.3025099023377,2.9808398973423778],[101.30274975169846,2.9809701504814825],[101.30298960347608,2.9811902383720508],[101.30326987726659,2.9814004449233948],[101.30356003239638,2.9815998710628264],[101.30396966508715,2.9817903137271173],[101.30425982142538,2.9819403319616526],[101.30459039977649,2.9820795697843323],[101.30482036900639,2.9821199942140879],[101.30500991380654,2.9822295892273587],[101.3055003941484,2.982579931465466],[101.30573036096143,2.9827299521168698],[101.30590014308302,2.9828099006953721],[101.30616963767005,2.9828898504823087],[101.30641038610338,2.9829895641562416],[101.30659993090359,2.9831602429335362],[101.30667988069047,2.9833003810372247],[101.30671042378094,2.9836004187147296],[101.30662957612986,2.9837198938588472],[101.3064597927999,2.9839597456364686],[101.30609956922245,2.9841897124495063],[101.30575012484843,2.9844601073175454],[101.30560998674474,2.9848203308949905],[101.30583007463537,2.9845903604566502],[101.30609956922245,2.9843900364530782],[101.30637984301296,2.9841699509793216],[101.30699968225503,2.9837001323886625],[101.30728983859325,2.9836004187147296],[101.30757011238376,2.9836300615241953],[101.30774977463619,2.9837297751981282],[101.30790967421007,2.983889677188813],[101.30810999821364,2.9841600696400405],[101.30809023432664,2.9843702749828935],[101.3079500998482,2.9847502624473918],[101.30787015006132,2.9849299259082045],[101.3078602675136,2.9850404187856157],[101.30778031772667,2.9851598927212422],[101.30787015006132,2.985109589369074],[101.30798962399695,2.9849999931474258],[101.30803993097442,2.9849101620212082],[101.30810999821364,2.9847098380176362],[101.30834984999126,2.9844196816794124],[101.30853041131627,2.9843199692138569],[101.30870019222942,2.9843100866661416],[101.30892028011999,2.9844196816794124],[101.30903975405568,2.9845696999139477],[101.30935955562023,2.9847502624473918],[101.30959042271428,2.9848598550437373],[101.30994974963596,2.9850098756951411],[101.31035039764316,2.985249725055894],[101.31096035192064,2.9856297113119581],[101.31114989672079,2.9858102750537796],[101.31139963104613,2.9859998174371185],[101.31152000284595,2.9864202293313156],[101.31153976673301,2.9865100604574764],[101.3115801911627,2.9870903731339808],[101.31159995504976,2.9875404278376436],[101.31151012392354,2.9880003675058333],[101.31142029158889,2.988349811879857],[101.31142029158889,2.9887100354573022],[101.31171044792711,2.9894798917254661],[101.31182004052351,2.9897996932900242],[101.31185956708907,2.9900898484198137],[101.31174009073658,2.9905003765578613],[101.31116966060785,2.9910995540487875],[101.31088040213371,2.9913501826129618],[101.31048963546584,2.9917598153037375],[101.31027044785623,2.9921101575419016],[101.31015007363959,2.9925296715719583],[101.31013030975254,2.9928395917971784],[101.31013030975254,2.9932698826138449],[101.31009976666212,2.9935501564043534],[101.31001981687518,2.9937900081819748],[101.30970989785834,2.9941601143071352],[101.30947004849759,2.9944897947941058],[101.30937033482365,2.9946101690107412],[101.30948981238464,2.9945598644501388],[101.30974044094881,2.9944197263464503],[101.30994974963596,2.994199638455882],[101.31013030975254,2.9939499077557912],[101.31024978731352,2.9935995655176839],[101.31024978731352,2.9932501187267917],[101.31024978731352,2.9928000640231289],[101.31035039764316,2.992350009319523],[101.31047975412656,2.9920598529812992],[101.31065043532067,2.9918002409419273],[101.31105018425529,2.9913897103870113],[101.31156042727571,2.9909001279093559],[101.31182004052351,2.990670159887884],[101.31190987164973,2.9904500719972589],[101.31198982143661,2.990239866654349],[101.3119799425142,2.9899398289768442],[101.31194041474015,2.9896496726386204],[101.31169966509839,2.9891502088216271],[101.3115801911627,2.9887801026964667],[101.31154964807229,2.9886202031226503],[101.31159007250204,2.9884001152320252],[101.31162959785922,2.9882599795452052],[101.31174009073658,2.9880803172927699],[101.31175985462357,2.9878602294021448],[101.31174997207586,2.986660081108937],[101.31174997207586,2.9865199430052485],[101.31175985462357,2.9863501620920943],[101.31188022884027,2.9861201916537539],[101.31207965256283,2.9860896485632793],[101.31223955455357,2.9861004313920603],[101.31240035199153,2.9862001414406905],[101.31268961046561,2.9871200183602582],[101.3128099846823,2.9874595801865667],[101.31303995149534,2.9881198414415167],[101.31321961495621,2.9887396806835795],[101.31343970284678,2.9893199921516498],[101.31371009529801,2.9899595928638405],[101.31374962186362,2.9902802910841046],[101.31374962186362,2.9909297731356332],[101.31361038404094,2.9912899967130784],[101.31324027549891,2.9917795791907906],[101.31288993446924,2.9921802271979345],[101.3126599640309,2.9926500469970279],[101.31256025398221,2.9929599635970021],[101.31250994700474,2.9933201895913157],[101.3125503714345,2.9937495837522192],[101.31266984657861,2.9940900458594797],[101.31285040911206,2.9944197263464503],[101.31297976559546,2.9948302569013663],[101.31291957969552,2.9952102443658077],[101.31274979636555,2.9954698576136138],[101.31240035199153,2.9958103197208743],[101.31189999031039,2.9961301188685638],[101.31157030982342,2.9965101051245711],[101.31131967763395,2.9968397892368444],[101.31122984650773,2.9973302683702627],[101.31119032235898,2.9978000881693561],[101.31118043981127,2.9982195997825443],[101.31109959336862,2.9986400116767413],[101.31094957271722,2.9990199991411828],[101.31020037820019,2.9998302786306681],[101.30998029272644,3.0001599615345071],[101.30982039073575,3.0004303539857347],[101.30993986708825,3.0003297424476614],[101.31029020932641,2.9999901806214098],[101.31061989223025,2.9997799740700657],[101.31098999714698,2.9997296670925948],[101.31107982948163,2.9997997379571189],[101.3111301364591,3.0000297047701565],[101.31106994693391,3.000409692234598],[101.31079955569112,3.0012702774931199],[101.31070972335647,3.0016502649575614],[101.31068007813013,3.001730214744498],[101.31090016602076,3.001399636393387],[101.31100976103397,3.0011804463669023],[101.31112025391138,3.0007402730025774],[101.3111301364591,3.0005695918084143],[101.3112603895982,3.0003602855381359],[101.31151012392354,3.0001797254215603],[101.31182004052351,3.0001500789867919],[101.31226021630471,3.0001500789867919],[101.31242011587852,3.0002003859642628],[101.31253959223108,3.0002399113214437],[101.31265008510843,3.0003504041988549],[101.31287017058219,3.0006100162381699],[101.31303995149534,3.0007303904548621],[101.3132303965765,3.0008103402417419],[101.31341006003737,3.0009495792728558],[101.31346036459797,3.0010501920194201],[101.3134298215075,3.0008597469382607],[101.31329956715996,3.0006396614645041],[101.31294024144671,3.0002902182989146],[101.31273003489537,3.0000503665212932],[101.31247042285599,2.9999704167343566],[101.31222967321423,3.0000099408831034],[101.31182004052351,3.0000297047701565],[101.31165025961036,3.0000000619606908],[101.31144005305902,2.9998796877439986],[101.31131967763395,2.9997602101830694],[101.31122984650773,2.9994296294150899],[101.3112603895982,2.999189780054337],[101.31151012392354,2.9982303789859657],[101.3115801911627,2.9973500298403906],[101.31164037706264,2.997069756049882],[101.31187034750099,2.9967903801235138],[101.31227009764399,2.9965298690116242],[101.31241023333081,2.9963897309079357],[101.31265008510843,2.9961696454341791],[101.31283962749177,2.9960196259912095],[101.31316032692041,2.9955498061921162],[101.31325015804663,2.9952003630265267],[101.31326003938597,2.9948904428012497],[101.31320973603374,2.9945095586811021],[101.31310014102053,2.9940496214297241],[101.31295012036912,2.9936103459295396],[101.31294024144671,2.9932096967139046],[101.31298964814317,2.9929096590363997],[101.31344958418612,2.9922197525551155],[101.31384035085398,2.9916097982776364],[101.31412960932806,2.990800414235423],[101.31417991388867,2.9904204267709247],[101.314209559115,2.9899901359543151],[101.31407032129232,2.9894897730647472],[101.31387987862803,2.9889903092478107],[101.31353043183714,2.9882896223546709],[101.31311990369909,2.987320342363887],[101.31302019123359,2.9870104233470443],[101.31303995149534,2.9869798802566265],[101.31298964814317,2.9866996064660611],[101.31298964814317,2.9866097741314661],[101.31305971538234,2.9864498745575929],[101.31321961495621,2.98637980490156],[101.31349000982425,2.9863600434313753],[101.31394994707563,2.9865495882315258],[101.31440000177929,2.9868702852433557],[101.31446019009604,2.9869897615959076],[101.31447006901851,2.9871200183602582],[101.31446019009604,2.9872601540471351],[101.31463985355691,2.9871604403731453],[101.31485005648295,2.9871703217124832],[101.31515009416046,2.9871900855994795],[101.31564955918589,2.9874398162995135],[101.31659009423134,2.9879204153020851],[101.31735995049957,2.9882698620929204],[101.3182897063416,2.988680390230968],[101.31856998013211,2.9887603424347731],[101.31895984893583,2.9889400046872083],[101.31925988661334,2.9890495972835538],[101.31973958775177,2.9893002282645966],[101.31993991175534,2.9894502464991888],[101.32000009765522,2.989579605399399],[101.31994979430306,2.989729622425557],[101.31972970641243,2.9899703720673187],[101.31955004295162,2.9901302716411351],[101.31932995506099,2.9903800047580376],[101.3190802243609,2.9905803287616664],[101.31888978169661,2.9908399420094156],[101.31879995057039,2.9910501473523254],[101.3187298821228,2.9912801153737973],[101.3187801866834,2.991699629403854],[101.3188798991489,2.9920697355290145],[101.31915029160012,2.9924101952194064],[101.31942966873493,2.9926895711457746],[101.31988960477787,2.9930497947232197],[101.32006028718041,2.9932402398043791],[101.32015999964597,2.9933695962877778],[101.32022018554585,2.9934899705044131],[101.32021030420657,2.9936597526260016],[101.3201096926685,2.9938304314032962],[101.32001986154228,2.9939499077557912],[101.31993991175534,2.9940002147332621],[101.31933983640027,2.9939795529821254],[101.31903979872277,2.9939301438687949],[101.3187801866834,2.9939400264165101],[101.31865981125833,2.9940002147332621],[101.31835977720607,2.994199638455882],[101.31819987521538,2.9943397765595705],[101.31814957065473,2.9944996761333869],[101.3180300930938,2.9947404257751487],[101.31782976909022,2.9963897309079357],[101.31785043084136,2.9966295826855571],[101.31781000520317,2.9968101428021328],[101.31772017407695,2.99702034935342],[101.31759980227719,2.9972197767012858],[101.31750997115097,2.9973203870309248],[101.31743001773873,2.9974299820441956],[101.31737971438656,2.9975395746405411],[101.3173303076901,2.9977003744954231],[101.31728000071263,2.9979599865347382],[101.31696019914807,2.9983399739991796],[101.31688024936113,2.9984899922337718],[101.31681018212197,2.998669654486207],[101.31680029957425,2.9988699796982132],[101.31683982734825,2.9991197128151157],[101.31694043888632,2.9993703413793469],[101.31729976459962,2.9997997379571189],[101.3175000886032,2.9999901806214098],[101.31771029515454,3.0002102648867321],[101.31789983753782,3.000370166877417],[101.31810016154139,3.0005803734287042],[101.3181603498582,3.0007097299121028],[101.31817023240592,3.0009298178027279],[101.31810016154139,3.0011597846157656],[101.31798966866404,3.0013502272800565],[101.31794026196758,3.0015604338314006],[101.31776958319028,3.0018901167352396],[101.31761956374731,3.0021596113222699],[101.31749020726392,3.0024398851127785],[101.31729976459962,3.0027695655998059],[101.31712010113876,3.0031199102547816],[101.31690001324819,3.0034702512845115],[101.31684970627072,3.0036696786323773],[101.31682006346125,3.0038996478622835],[101.31682994600897,3.0040703266395212],[101.31697008169579,3.0039499524228859],[101.31704015135188,3.0037801715097316],[101.31717040569936,3.0035798475061597],[101.31717040569936,3.0034603699451736],[101.3171802870387,3.0033202342583536],[101.31723957628287,3.003170214815384],[101.31728988205191,3.0031297915940627],[101.31736983183885,3.0032097413809993],[101.31747044337692,3.0036202719359153],[101.31744978162573,3.0037801715097316],[101.31749020726392,3.0039203096134202],[101.31758003839013,3.0037397458715418],[101.31756027450314,3.0035897288454407],[101.31758991972941,3.0032699272808827],[101.31753961396038,3.0030004326937956],[101.31752973141266,3.0027399227903402],[101.31765998817707,3.0025297162389961],[101.31781988775089,3.0021299660959926],[101.31794026196758,3.001800285609022],[101.31811992542845,3.0015101292707413],[101.31825018098442,3.0012100915932365],[101.31834001331907,3.0008902900286785],[101.3183301307713,3.0007303904548621],[101.31826994487142,3.0005803734287042],[101.31813968931544,3.0002803357511993],[101.3176096811996,2.9997197857533138],[101.31735006916023,2.9994799363925608],[101.31719016958641,2.9992796123889889],[101.31714974394822,2.9991798987149991],[101.31712010113876,2.9990298816888981],[101.31712998368653,2.9987801473635614],[101.31714974394822,2.9986103664504071],[101.31720993347341,2.9985304166634705],[101.31740037492926,2.9983202101121833],[101.31749020726392,2.9979896329695066],[101.31759980227719,2.9974901679440791],[101.31779024494148,2.9974201007049146],[101.31789983753782,2.9974398609666082],[101.31797978974163,2.9975099318311322],[101.31814957065473,2.9976401861786144],[101.31849003034517,2.9978602740692395],[101.31887001780962,2.9981504291990291],[101.31910986958724,2.998250142872962],[101.31948985705168,2.9985196374600491],[101.31964975662555,2.9985897046992704],[101.31986984451612,2.9985304166634705],[101.31992014786834,2.9984998735730528],[101.31988960477787,2.9984100424468352],[101.31975036695519,2.9983498565469517],[101.31926976916111,2.9981198861086114],[101.31864005099658,2.9976599488572333],[101.31831036809274,2.9974596248536614],[101.31817023240592,2.9972997252797882],[101.3180300930938,2.9971703663795211],[101.31798966866404,2.997069756049882],[101.31796002585457,2.9968999751367278],[101.31799955000332,2.9966197013462192],[101.31799955000332,2.9963304428721358],[101.31803997564151,2.9959297936565576],[101.31805973952851,2.9958597264173363],[101.31824029964508,2.994859899710832],[101.31834989465835,2.9945796259203235],[101.31848014900589,2.9944502694369248],[101.31864993233586,2.9943298952202326],[101.31894996759655,2.9942903710714859],[101.31985008062912,2.9943397765595705],[101.32015999964597,2.9943200138809516],[101.32037020619725,2.9941601143071352],[101.32049956268065,2.9939301438687949],[101.32053998711041,2.9935699202913497],[101.32048968013294,2.9933004257042626],[101.32013035441963,2.9929797274839984],[101.3195796881779,2.9925898574718417],[101.31922036246459,2.9921703458586535],[101.31911975092652,2.991899953407426],[101.31904968127049,2.9916097982776364],[101.31914041267771,2.9912298108131949],[101.31925988661334,2.9909504348868268],[101.31939014337775,2.990719566584346],[101.31965963796483,2.9904401906579778],[101.32000998020294,2.9901401529804161],[101.32051034188407,2.9899101825421326],[101.32083014344863,2.9898904222803822],[101.32122989117482,2.9899703720673187],[101.32212012286811,2.9904895973544399],[101.32370025983425,2.9913196419394126],[101.32432997799873,2.9917795791907906],[101.3243596244335,2.9919996646644904],[101.32434974188578,2.9921200388811826],[101.32422038298552,2.993010270574473],[101.32405958675594,2.9933902580389145],[101.32397963696906,2.9938196509913837],[101.32404970420822,2.9943900811201729],[101.32456982735948,2.9949497320454839],[101.32510971681467,2.9953099580397406],[101.32531004081824,2.9955803504909682],[101.32530015947896,2.9959603367469754],[101.3251303785658,2.9961804246376005],[101.32372002130438,2.9959603367469754],[101.32334003383994,2.9958004383815933],[101.32283967457568,2.9956602990694705],[101.32249022778484,2.9954698576136138],[101.32223959922061,2.9954599750658986],[101.3220096299907,2.9955300435134973],[101.32181020505971,2.9957402488564071],[101.32167994950373,2.9960699329686804],[101.3217095923132,2.99636008809847],[101.32190991631677,2.9971595871760996],[101.3219395615431,2.9977102558347042],[101.32183984907761,2.9984603494243061],[101.32181020505971,2.9998796877439986],[101.32182008519055,3.0003602855381359],[101.32229978512055,3.001030428132367],[101.32234021075868,3.0012397344027022],[101.32220995399433,3.0013699911670528],[101.32205993696817,3.0014104155968084],[101.32190003739436,3.0014104155968084],[101.32175001674295,3.0014795861803236],[101.32160988105613,3.0016197242840121],[101.3215802358298,3.0017904030612499],[101.32169971339079,3.0021299660959926],[101.32180032372042,3.002369817873614],[101.32182996652989,3.0025395987867114],[101.32176978062995,3.0028396364642731],[101.32129996203929,3.0033399981454068],[101.32104034879154,3.0034998977192231],[101.32091997457485,3.0039400710836048],[101.32161975997855,3.0033301168060689],[101.32182008519055,3.0030498418071261],[101.32202040919418,3.0026402091164073],[101.32205993696817,3.0023204075518493],[101.32205005442046,3.0020095906708661],[101.32189015484664,3.0018802353959018],[101.32184973041689,3.0017598599708322],[101.32189015484664,3.0016601462968993],[101.32202040919418,3.0015900790576779],[101.32240039665862,3.0015900790576779],[101.32252975555883,3.0015200106100792],[101.32259982279805,3.0013601086193376],[101.32257017998859,3.0010995987158822],[101.32220995399433,3.0006504418763598],[101.3221102403204,3.0004797594737624],[101.32205005442046,3.0002497926607248],[101.32197010463352,2.9994898177318419],[101.32202040919418,2.9983399739991796],[101.32210036139793,2.9980803619598646],[101.32217042984558,2.9975099318311322],[101.32218031118487,2.9971497058368186],[101.32206981830751,2.9966403618889785],[101.32197010463352,2.9963304428721358],[101.32196022329424,2.9961498815471259],[101.32202040919418,2.9959998645210248],[101.32217042984558,2.9958597264173363],[101.32229978512055,2.9958597264173363],[101.32286033632687,2.9959603367469754],[101.32376044694257,2.9963097811209991],[101.32404970420822,2.9963502067591889],[101.32447999623326,2.996369969437751],[101.32481956047644,2.9963897309079357],[101.32510971681467,2.996369969437751],[101.32536034537884,2.9962199499947815],[101.32555977151833,2.9960501690816272],[101.32561995741821,2.9959001508470919],[101.32562983996593,2.9956701816171858],[101.32549958561839,2.995380025278962],[101.32477015136311,2.9947997138108917],[101.32440004644639,2.9944403880976438],[101.32426979209885,2.9942697093203492],[101.32418983989504,2.9940900458594797],[101.32418983989504,2.9938501940818583],[101.32442969167266,2.9930497947232197],[101.32456982735948,2.9926599283363089],[101.32457970990725,2.992359890658804],[101.32460037044996,2.9921999886681192],[101.32467044131442,2.9920697355290145],[101.32479979779782,2.9919601393073094],[101.32502976702773,2.9918900720681449],[101.32661978412472,2.9924596043327369],[101.32741030214407,2.9927803001361326],[101.32774986397038,2.9930399158008072],[101.3279097635442,2.9932896465008412],[101.32796007052167,2.9936103459295396],[101.32797983440867,2.9937702442949217],[101.3279097635442,2.9943298952202326],[101.32780017094785,2.9947799499238954],[101.32763038761783,2.9952596510622698],[101.32752977607976,2.9956800629564668],[101.32750013327029,2.9964400378854066],[101.32752977607976,2.9969601634535366],[101.32766991418345,2.9973500298403906],[101.32788012073473,2.9977201383824195],[101.32804002030861,2.9981603117468012],[101.32812985143482,2.9984603494243061],[101.32814961532182,2.9987900299112766],[101.32804990164789,2.9991403745662524],[101.32788012073473,2.9995500036317253],[101.32760972828356,2.9998895690833365],[101.32726028149267,3.0004698805513499],[101.32675004088912,3.0015397720802071],[101.32660990278544,3.0020095906708661],[101.32649042522451,3.0023500539865609],[101.32627033975075,3.0026204452293541],[101.3258301639695,3.003189977494003],[101.3252300910313,3.004170040313511],[101.32507018904062,3.0044601966517348],[101.32477015136311,3.0047198086910498],[101.32461025299767,3.0049102513553407],[101.32452042066302,3.0052300529198988],[101.32475039110136,3.0050099650293305],[101.32493993590151,3.0049398965816749],[101.32514025990508,3.0049902011422773],[101.32507018904062,3.0048204202291231],[101.32508995292761,3.0046398589041701],[101.32536034537884,3.0043703643170829],[101.32554989017899,3.0041098519967022],[101.3256801469434,3.0037801715097316],[101.32608977721731,3.003189977494003],[101.32643023932457,3.0028602970069755],[101.32660002023772,3.0025602593294707],[101.32676980115087,3.0021003232865269],[101.32683987201534,3.0017796238578285],[101.32703031467963,3.0014202981445237],[101.32743006240582,3.0007097299121028],[101.32788012073473,3.0000000619606908],[101.32804990164789,2.9995500036317253],[101.32826998953851,2.9988295564768919],[101.32827987208623,2.9984001598991199],[101.32817027707301,2.9978998006348547],[101.32796007052167,2.997480286604798],[101.32783969630498,2.9970796373891631],[101.32774986397038,2.9965298690116242],[101.3277597465181,2.9956198746397149],[101.3277597465181,2.9953899078266772],[101.32781993241798,2.9950898701491724],[101.32789000207407,2.9948401394490816],[101.32799959467042,2.9945302192238614],[101.32812985143482,2.9941098073296644],[101.32817027707301,2.9935699202913497],[101.32819991988242,2.993260001274507],[101.32826998953851,2.9931396258494374],[101.32840024388605,2.993059677270935],[101.3285897886862,2.993059677270935],[101.32887006247671,2.9931504086781615],[101.32963991874487,2.9935196133138788],[101.33044031810351,2.9938196509913837],[101.33094966205135,2.9940002147332621],[101.33114010713251,2.9941502317593631],[101.33114998605498,2.9944098450071692],[101.33098020514183,2.9948203755620852],[101.33096044367164,2.9949703925881863],[101.33101973291588,2.9950898701491724],[101.33106015492876,2.9952398871752735],[101.33113022579323,2.9950799876014003],[101.33116974994198,2.9946802374583967],[101.33130988804567,2.9944700333239211],[101.3314599062802,2.9943496591072858],[101.33166023028383,2.9942903710714859],[101.33195038541362,2.9943703196499882],[101.33325024738082,2.9950898701491724],[101.3334101493715,2.9953297183014911],[101.33348021661072,2.9956297559789959],[101.33333019958457,2.9960196259912095],[101.33301039802006,2.99650022378529],[101.3327301242295,2.99702034935342],[101.3322396438877,2.9978800379562358],[101.3318803181744,2.9985600618898047],[101.33176982529704,2.9989795747114272],[101.33173029752299,2.9995500036317253],[101.33170963698029,3.0005498303382865],[101.33172041860058,3.0013098052671694],[101.33165034773606,3.0018802353959018],[101.33159016183617,3.0022701041996811],[101.33147966895882,3.0025099523519998],[101.33119041169311,3.0028099900295047],[101.33097032380255,3.0031495530642474],[101.33077988113826,3.0034998977192231],[101.33063974545144,3.0038897665229456],[101.33046008199057,3.0042499901003907],[101.33036036831663,3.0043901282040792],[101.33054991432522,3.0042095656706351],[101.33076011966807,3.0039697163098822],[101.33089037401561,3.0037101030621329],[101.33101973291588,3.0033202342583536],[101.33127036148005,3.0029600106809085],[101.33152997351942,3.0026797344735883],[101.33170963698029,3.0024102398865011],[101.33182012985765,3.0020904407388116],[101.33184977508398,3.0014697048410426],[101.33182012985765,3.0005399489990054],[101.33185965642326,2.9997799740700657],[101.33197014930062,2.9991197128151157],[101.33213993021377,2.9985402992112427],[101.33234025542578,2.9981001258468609],[101.33296997359031,2.9968397892368444],[101.3332798926071,2.9963403242114168],[101.33345955606796,2.9960995757780893],[101.33354040251061,2.9959998645210248],[101.33379013683594,2.9957600127434034],[101.33400034217885,2.9956297559789959],[101.33425007408732,2.9956001131695871],[101.33458963591357,2.9956800629564668],[101.33504957316495,2.995949557543554],[101.33539991781998,2.9962397138817778],[101.33597034674028,2.9967697183723772],[101.33635033420472,2.9971901302665742],[101.33662971013109,2.9975198143788475],[101.33678960970497,2.9978602740692395],[101.33693963035637,2.998250142872962],[101.33706000215614,2.99871008012434],[101.33722978548616,2.9991295941543967],[101.33726032615976,2.9995203608223164],[101.33722978548616,3.0003396237869424],[101.33721990414688,3.0005201851119523],[101.3373097352731,3.0023599353258987],[101.33743011069816,3.0041601589741731],[101.33735015849442,3.0045401464386146],[101.33749029659811,3.0048401841161763],[101.33750017793739,3.0052300529198988],[101.33748041405033,3.0057304146010324],[101.33757024638498,3.0063295896750901],[101.33772026582801,3.007050039246792],[101.33775979118514,3.0075396193076358],[101.33774002729814,3.0080804066269025],[101.33769960528525,3.0085403438782805],[101.33756036383727,3.0089203301343446],[101.33729985393381,3.0092500142466179],[101.33693963035637,3.0094395554214657],[101.33653987900487,3.0096201191632872],[101.33593980364981,3.0097701361894451],[101.33519959260792,3.009820443166916],[101.33473965656503,3.0098096639634946],[101.33422042765261,3.0097297117596895],[101.33279031012944,3.0091296388214914],[101.33249027245188,3.0090398076952738],[101.33152997351942,3.0090101624689396],[101.33106015492876,3.0090101624689396],[101.33084995079429,3.0090002799212243],[101.33074035578107,3.0089203301343446],[101.3306900488036,3.0088296011439866],[101.33067028854185,3.0086499388915513],[101.3306900488036,3.0085699891046147],[101.3306101002251,3.0085996319140804],[101.33036036831663,3.0087900745783713],[101.32844965299938,3.0094197951597152],[101.32799959467042,3.0096704237239464],[101.3273599951666,3.0101797700885982],[101.32675004088912,3.0105804180957989],[101.3258301639695,3.0111104225863983],[101.32530015947896,3.0113197312735451],[101.32508007158833,3.0113403930246818],[101.32485010356686,3.0112604432378021],[101.32473961189794,3.0112002549209933],[101.32463989822401,3.011089762043639],[101.32458959124654,3.0109199811304848],[101.32463001567629,3.0107600815566684],[101.32473961189794,3.0105103472313317],[101.32500012180145,3.010119580563412],[101.32501000314073,3.0099497996503146],[101.32495969616326,3.0097800187371604],[101.32484022222758,3.0096102378240062],[101.32454018455007,3.0094503382501898],[101.32358976816528,3.0091898247213749],[101.32339034081741,3.0090802297081609],[101.32334991638766,3.0091404192333471],[101.32329961182705,3.0092598931690304],[101.32318013426612,3.0093398453727787],[101.32288009658856,3.0094799810596555],[101.32284955349809,3.00955004829882],[101.32287021524928,3.0095796947335884],[101.32289986047556,3.0095796947335884],[101.32298969281021,3.0095302880371264],[101.32336967906627,3.0095096262859329],[101.32403982286894,3.0094503382501898],[101.32427967222969,3.0095302880371264],[101.32454018455007,3.0097602548501641],[101.32468032023689,3.0099399183109767],[101.32471984801089,3.0101402423146055],[101.32468032023689,3.010280380418294],[101.32455994843707,3.0104402799921104],[101.32446023476314,3.0105804180957989],[101.32442969167266,3.0107798418184188],[101.32447999623326,3.0112397814866085],[101.32440004644639,3.0113502743640197],[101.3238296163176,3.0115595806342981],[101.32332027357819,3.0116700735117092],[101.32316037158751,3.0116404307022435],[101.32301035335297,3.0115802423854916],[101.32284955349809,3.0114401066986716],[101.32278038412306,3.0112999673865488],[101.32272019822318,3.011500292598555],[101.32256029864931,3.0116404307022435],[101.32205993696817,3.0116296478735194],[101.32152992885233,3.0115901237247726],[101.32102956717119,3.011609887611769],[101.32018964245538,3.0116898373987055],[101.31982043540279,3.0117302618284612],[101.31960034992909,3.0116997187379866],[101.31948985705168,3.0115802423854916],[101.3194602118254,3.0114697495080804],[101.31953027906457,3.0113403930246818],[101.31964975662555,3.0112397814866085],[101.31988960477787,3.0110699981566427],[101.32009981132916,3.0108597940221671],[101.32030013533279,3.0105103472313317],[101.320409730346,3.0101600062016018],[101.32058040912329,3.0098303257146313],[101.32091997457485,3.0094700997203176],[101.32130984337857,3.0089796193785219],[101.32161975997855,3.0084100871139299],[101.32185961175617,3.0080597448757658],[101.3221102403204,3.0077695897459762],[101.32228990378121,3.0075701623981104],[101.32203029053346,3.0076501121849901],[101.32164042172968,3.008020220727019],[101.32142033625598,3.0084002081914605],[101.32109963803572,3.0087604317689056],[101.32084002478791,3.0090299263559928],[101.32074031111398,3.0090901122558762],[101.32064957970675,3.0090703507857484],[101.32041961289372,3.008879905704589],[101.32011957521621,3.0083804443044642],[101.31988960477787,3.0080597448757658],[101.31972970641243,3.0076698760720433],[101.31975036695519,3.0075396193076358],[101.31983031674213,3.0074201453719525],[101.32008004985903,3.0072800072682639],[101.32028037507104,3.0072297027076615],[101.32030013533279,3.007180293594331],[101.32023006809357,3.007089564603973],[101.32008992998988,3.0070796820562578],[101.31995967564234,3.0071102251467323],[101.31988960477787,3.0072701247205487],[101.31973958775177,3.0074102628242372],[101.31953027906457,3.0074102628242372],[101.31932995506099,3.0074003814849561],[101.31925000527406,3.0073698383944816],[101.31920958326117,3.0072800072682639],[101.31922036246459,3.007180293594331],[101.31923024380393,3.0071003438073944],[101.31922036246459,3.0069997322693212],[101.3190802243609,3.0071201076944476],[101.31895984893583,3.0072503644588551],[101.31886013647033,3.0072701247205487],[101.3187801866834,3.0071704110466158],[101.31856998013211,3.0070096148170364],[101.31842984444523,3.0068703769943568],[101.31827982500226,3.006520032339381],[101.31797978974163,3.0063197083358091],[101.31825018098442,3.0070203940205147],[101.31840019921896,3.0071596318431943],[101.31859962535839,3.0072000574813842],[101.31880983190973,3.0073401955850727],[101.31907034181319,3.0074803312718927],[101.31934971894799,3.0075998076243877],[101.31947997450396,3.007700419162461],[101.31958957072561,3.0078198955150128],[101.31971982386472,3.0080300996494316],[101.31980965499093,3.0082699514271098],[101.32000998020294,3.0086104111175018],[101.32014023575891,3.0088098372569334],[101.32020042165885,3.0090299263559928],[101.32020042165885,3.0094296764989963],[101.32018964245538,3.0097602548501641],[101.3200504046327,3.0102300734408232],[101.31977013084219,3.0107403176696721],[101.31941978618721,3.0111104225863983],[101.31904968127049,3.0113700358341475],[101.3187801866834,3.0115901237247726],[101.31849991289289,3.0118497357640877],[101.31817023240592,3.0119503473022178],[101.31735006916023,3.0120401784284354],[101.31626041374437,3.0118901614022775],[101.31609961388949,3.0118200929546788],[101.31599002129315,3.0116898373987055],[101.31589030761921,3.0114499856210841],[101.31589030761921,3.0112496616175122],[101.31599990021556,3.0109999297089871],[101.31614003831925,3.0107403176696721],[101.31629005655384,3.0100602925276689],[101.31620022542762,3.009820443166916],[101.31564955918589,3.0091296388214914],[101.31513033389876,3.0086795817009602],[101.31491024600814,3.0085098007878628],[101.31477998924373,3.0083903256437452],[101.31476022535674,3.0082196444495821],[101.31477010669602,3.0080103381793037],[101.31487970291766,3.0077399433112078],[101.31510967214757,3.0075998076243877],[101.31525968917367,3.0073204316980195],[101.31530011481186,3.0071704110466158],[101.31530011481186,3.0070302753597957],[101.31523992649511,3.0069898509300401],[101.31515009416046,3.0070203940205147],[101.31506026303424,3.0071201076944476],[101.3149803132473,3.0072395840469426],[101.31484017756048,3.0073303130373006],[101.31473956360554,3.0073599558467663],[101.31464973247932,3.0073204316980195],[101.3145095967925,3.0072099388206652],[101.31440988311857,3.0072503644588551],[101.3143595761411,3.0072898886076018],[101.3143595761411,3.0074102628242372],[101.31440988311857,3.0074695520684145],[101.31446019009604,3.0075899262851067],[101.31448983290551,3.0077695897459762],[101.3145302585437,3.0079600312018329],[101.31449971545322,3.0082403062007756],[101.31424998475319,3.0085295634664249],[101.31386999728875,3.0087604317689056],[101.31356007706347,3.0089499765690562],[101.31326003938597,3.0092500142466179],[101.31304983404306,3.0096300017110593],[101.31289981580852,3.0099201568408489],[101.3126797279179,3.0101303609753245],[101.31235004743093,3.0102597186671005],[101.31205000975342,3.0102902629660093],[101.31177961730219,3.0103001443052904],[101.31152000284595,3.010280380418294],[101.31119032235898,3.0101501236538866],[101.31081033489454,3.0099695635373109],[101.31030009066569,3.0096102378240062],[101.30974044094881,3.0093299640334976],[101.30931014892377,3.0091503005726281],[101.30883044899377,3.0088296011439866],[101.30850974956513,3.0086104111175018],[101.30839027200415,3.0084900393176781],[101.30834984999126,3.0083597825532706],[101.30838039066487,3.0082097631103011],[101.30853041131627,3.0081001705139556],[101.30869030968165,3.0080597448757658],[101.30879990590336,3.0079699137495481],[101.30894992292946,3.0077103005017989],[101.30864000632948,3.0078297756458596],[101.30826989778745,3.0079402685232139],[101.30801028574814,3.0079600312018329],[101.3078000791968,3.0078396569851407],[101.30672030632866,3.0071596318431943],[101.30588038161284,3.0066898132525353],[101.30533959429357,3.0064903895299153],[101.30437031188592,3.0062298760011572],[101.30358967520584,3.0061795726489891],[101.30281982135449,3.0060798589749993],[101.30242995255077,3.0059702639617853],[101.30218021943386,3.005810364387969],[101.30210026964693,3.0056899901712768],[101.30199965810885,3.0058903141748488],[101.30186042028618,3.0059900278488385],[101.30159002783495,3.006060095088003],[101.30053001643694,3.0057995851844908],[101.29983022740794,3.0057196329807425],[101.29922027313046,3.0055803939496286],[101.29838034599777,3.0053800699460567],[101.29732033339133,3.0050396102556078],[101.29704994214859,3.0049102513553407],[101.29687027868772,3.0047503517815244],[101.2968002114485,3.0045599091172335],[101.2968002114485,3.0043497037743236],[101.296880160027,3.0041502764264578],[101.29707958737487,3.0038996478622835],[101.29741016572598,3.0033903027060092],[101.29755030382967,3.0032402844714738],[101.29770032085582,3.0031199102547816],[101.29798957932991,3.0030103152415677],[101.29773984862982,3.0029797721510931],[101.29745957483931,3.0029097037034376],[101.29734009727838,3.0029195862512097],[101.29724038360445,3.003030079128564],[101.29717031636523,3.0031998600417182],[101.29706970482715,3.0033903027060092],[101.29682985425796,3.0036696786323773],[101.29672026166156,3.0037999353967848],[101.29669959991043,3.0040299022098225],[101.29659988623649,3.0042598714396718],[101.29644986679352,3.0044098896742639],[101.29621001743277,3.0044503141040195],[101.29534044749062,3.0041601589741731],[101.29495956216203,3.0039499524228859],[101.29487961358353,3.0037900528490127],[101.29495956216203,3.0036301532751963],[101.29509970147416,3.0034495907417522],[101.29516976871332,3.0032600459416017],[101.29512036201686,3.0028001086902236],[101.29499010525245,3.0031998600417182],[101.29484008580948,3.0034001840452902],[101.29470983146194,3.0034801338322268],[101.29454992947126,3.0034900151715078],[101.29442955767144,3.0034199479322865],[101.2943801485581,3.003170214815384],[101.29436038829641,3.0027803472200958],[101.29411963865465,3.0031800961546651],[101.29396961800319,3.0032699272808827],[101.29332013595172,3.0029097037034376],[101.29264011443502,3.0027399227903402],[101.29156033794158,3.0023401714388456],[101.29063956436624,3.0018299284184309],[101.29000984620171,3.001599960396959],[101.28938012803724,3.0015604338314006],[101.28893995225599,3.0016996740708919],[101.28856984613088,3.0018703528481865],[101.28832999677007,3.002059897648337],[101.28820962255344,3.0021200835482773],[101.28808026365317,3.0020796615353902],[101.28797965332353,3.0019700665221194],[101.28795001051407,3.0018299284184309],[101.28799043252695,3.0015604338314006],[101.28802995909257,3.0011202604670189],[101.28801019641395,3.0008498680157913],[101.28785029684013,3.0004501166643536],[101.28778022839248,3.0000395861094376],[101.287829635089,2.9996595998534303],[101.28793024662707,2.9994799363925608],[101.28822040175686,2.9993101554794066],[101.28855008224383,2.9991798987149991],[101.28909985424673,2.9991403745662524],[101.2893001782503,2.9990999489281194],[101.2894097708467,2.9991295941543967],[101.28947984050274,2.9992104418054737],[101.28953014506334,2.9993101554794066],[101.28948972063358,2.9994898177318419],[101.28947984050274,2.999709905622467],[101.28953014506334,2.999850041309287],[101.28964962262432,3.0000198234308186],[101.28976999684096,3.000099772009321],[101.28989036864078,3.0000898930869084],[101.29004038929219,3.0000000619606908],[101.29024969435409,2.9999003482867579],[101.29047966479237,2.9997296670925948],[101.29077970246993,2.999709905622467],[101.29103033103411,2.9997197857533138],[101.2912297571736,2.9997197857533138],[101.29146960895122,2.9996299534186619],[101.29191966365482,2.9993299193664598],[101.29210022497983,2.9991403745662524],[101.2923796009062,2.9989202854672499],[101.29262035054796,2.9987999112505577],[101.29293026956481,2.9987900299112766],[101.29318988281261,2.9987999112505577],[101.29341984962565,2.9987702684411488],[101.29362017362922,2.9987001975766248],[101.29386002540684,2.9985600618898047],[101.29406035061885,2.9985304166634705],[101.29499998780017,2.9987900299112766],[101.29537997526467,2.9988897423767753],[101.29558029926824,2.9989696921637119],[101.2956099420777,2.9989499319019615],[101.29559018060752,2.9988600995673664],[101.29535033003833,2.9987199614636779],[101.29418970589381,2.9983498565469517],[101.29398040083197,2.9983202101121833],[101.29354022384229,2.9983803996373695],[101.29318000026484,2.9985097561207681],[101.29286019990877,2.99856994443752],[101.29260957134454,2.9985798233599894],[101.29241014399668,2.9985995872469857],[101.29227000589299,2.9986597755637376],[101.29191966365482,2.9989400493542462],[101.29136989527728,2.9994098679449053],[101.29119023302485,2.9994799363925608],[101.29072041443419,2.9994700550532798],[101.29049044399585,2.9995203608223164],[101.29012033907912,2.9996901429438481],[101.289999963654,2.9996802603961328],[101.2898301827409,2.9995203608223164],[101.28984006528862,2.9994197504926206],[101.28996043950525,2.9991601348280028],[101.29234995809679,2.9963196636687144],[101.29236971956692,2.9962298313340625],[101.29234995809679,2.9962001885245968],[101.29233019420974,2.9961903071853158],[101.29229965111932,2.9961903071853158],[101.2922295838801,2.9962001885245968],[101.29211998886689,2.9962397138817778],[101.29202027519295,2.9962998997817181],[101.29168969442497,2.9966403618889785],[101.29114980738666,2.9971901302665742],[101.28996043950525,2.9985995872469857],[101.28971968986349,2.9988295564768919],[101.28949960197286,2.9989301680149651],[101.28856984613088,2.9989499319019615],[101.28841982910473,2.9989202854672499],[101.28838030133068,2.9988196751376108],[101.28835963957954,2.9986202477896882],[101.28840006521773,2.9984199237861162],[101.28879981656917,2.9978800379562358],[101.28894983359532,2.9975395746405411],[101.2894097708467,2.996820025349848],[101.28970980852421,2.9963304428721358],[101.28979963965043,2.9961103549815675],[101.2899002511885,2.99569982684352],[101.28991013252778,2.9953997891659583],[101.28986970809802,2.99517970127539],[101.28977987576343,2.9950000378145205],[101.28910973316914,2.9965604121020419],[101.28879981656917,2.9971595871760996],[101.28846025111761,2.9977902056216408],[101.28801019641395,2.9984801133113024],[101.28779998986266,2.9989202854672499],[101.28748019071497,2.9994404110353798],[101.28737958038533,2.999709905622467],[101.2872798667114,3.0001204337605145],[101.28726998537212,3.0003998096868827],[101.28755025916263,3.001490365383745],[101.28766973551512,3.0018496910970498],[101.28772992141501,3.0021802718650292],[101.28773980396278,3.0025395987867114],[101.28765985417584,3.0028099900295047],[101.28762032640179,3.0029797721510931],[101.28750983352444,3.0031297915940627],[101.287330171272,3.0031495530642474],[101.28701037212431,3.0030004326937956],[101.28681992946002,3.0028800584771602],[101.28665014613,3.0028701795547477],[101.28672021699452,3.0029600106809085],[101.2872798667114,3.0033597596155346],[101.28735981649828,3.0034801338322268],[101.28743976628522,3.0037101030621329],[101.2872798667114,3.0046802845423031],[101.28713972860771,3.0052300529198988],[101.28702025467203,3.0059298383235955],[101.28706966016006,3.0063197083358091],[101.28710020445897,3.0066197460133139],[101.28704001493378,3.0068299513562238],[101.28688011535991,3.0069602081205744],[101.28636987233949,3.0068802559168262],[101.28629980389189,3.0069099011431035],[101.28620997276568,3.0069997322693212],[101.28618032753934,3.0071901749336121],[101.28618032753934,3.0073500745074853],[101.28613002297874,3.0074902126111738],[101.28598988487505,3.0075602810587725],[101.28583986784895,3.0074399092590056],[101.28559013352361,3.0072800072682639],[101.28559013352361,3.0073896022815347],[101.28572039028796,3.0075701623981104],[101.28585962811064,3.007749825858923],[101.28603030930481,3.0078396569851407],[101.28620997276568,3.0078396569851407],[101.28631956777889,3.0077399433112078],[101.28641029676925,3.0075701623981104],[101.28643994199558,3.0073500745074853],[101.28653965325265,3.0072099388206652],[101.28669955524333,3.0072000574813842],[101.28689987924696,3.0072800072682639],[101.28694030246828,3.0074902126111738],[101.28681992946002,3.0077597071982609],[101.2865998415694,3.0083499012139896],[101.28649024655618,3.0087101247914347],[101.28637975367877,3.0090299263559928],[101.28620009142639,3.0093200814857823],[101.28562966129761,3.0100396307765322],[101.28529997839377,3.0104402799921104],[101.28513019627223,3.010530111118328],[101.28474032746846,3.0107403176696721],[101.28417977988744,3.0108301487958897],[101.28357970453237,3.0107798418184188],[101.28327966927174,3.0106199434529799],[101.28300029334537,3.0102902629660093],[101.2827999693418,3.0099695635373109],[101.28263018722021,3.0092401316988457],[101.28242986321663,3.0085601065568994],[101.28217024755196,3.0080103381793037],[101.2817004289613,3.0072297027076615],[101.28132044149686,3.0064796067011912],[101.28099974569346,3.0061104020654739],[101.28045985623828,3.0054195977200493],[101.27973042439987,3.0047602343292397],[101.27946991449636,3.0044404327646816],[101.27878000801508,3.0033301168060689],[101.27826976378623,3.002580023216467],[101.27801015174691,3.0021102046258079],[101.2778996588695,3.0017499786315511],[101.27788977632179,3.0014795861803236],[101.2778996588695,3.0012801600408352],[101.27797960865644,3.0011400243540152],[101.2780703376468,3.001030428132367],[101.27817993266001,3.0009001725763937],[101.28089015068025,2.9995401222924443],[101.28166000694841,2.9991996626020523],[101.28274966236432,2.9986301303374603],[101.2836704359396,2.998000412172928],[101.28459031044235,2.997059874710601],[101.2847798552425,2.9967499569021925],[101.2851203149329,2.9956099957173024],[101.28516972404623,2.9953899078266772],[101.28519038579742,2.9942203002070187],[101.285179606594,2.9934800891651321],[101.28523979249388,2.9928297092494631],[101.28535028537124,2.9925296715719583],[101.28564044050108,2.9921299214288979],[101.28591981642745,2.9917795791907906],[101.28617044499163,2.9914103709297706],[101.28652977433023,2.9910896727095064],[101.28618032753934,2.9912298108131949],[101.2860096487621,2.9913995917262923],[101.28581022141418,2.991699629403854],[101.28558025460114,2.991899953407426],[101.2853098597331,2.9921101575419016],[101.28514007881995,2.9923302454324698],[101.2849702979068,2.9928701324707845],[101.28487956891644,2.9941098073296644],[101.28493975481638,2.9951698199360521],[101.28491011200691,2.99569982684352],[101.28481039833298,2.9962001885245968],[101.28467026022929,2.9966197013462192],[101.28452024199476,2.9969098564760657],[101.28383033551347,2.997599762957293],[101.2830802431323,2.9981198861086114],[101.28234003209042,2.9986301303374603],[101.28133032404457,2.9991295941543967],[101.27804967589566,3.0006198987858852],[101.27787001243479,3.0006603232156408],[101.27774964063497,3.0006998473643876],[101.27761040039542,3.0006998473643876],[101.27746038336932,3.0006504418763598],[101.27735977183124,3.0005300664512333],[101.27731036271791,3.0003800494251323],[101.27735977183124,3.0001500789867919],[101.2774702647086,2.9999497549832199],[101.2783200707637,2.998669654486207],[101.2787000582282,2.9981603117468012],[101.27932977639267,2.997589881618012],[101.28005022596443,2.9971398269144061],[101.28079043700626,2.9966502444366938],[101.28106981293263,2.99636008809847],[101.28134020538386,2.9959702192946907],[101.28150998629701,2.9955498061921162],[101.28211994419979,2.9945401017715767],[101.28235979235211,2.9937603629556406],[101.28265983002967,2.9929698449362832],[101.2829499863679,2.9924596043327369],[101.28319971706793,2.9919601393073094],[101.28343956884555,2.9915603891643059],[101.2839300491874,2.9909800776962356],[101.28429027276485,2.9905704474223853],[101.28441963166506,2.9903395791199046],[101.28446005367795,2.9901096098899984],[101.28444029220782,2.9896299087515672],[101.28439986777806,2.9893199921516498],[101.28440974911734,2.9890999042610247],[101.284499581452,2.9888798163703996],[101.28515984270695,2.988139605328513],[101.28529997839377,2.9879599418677003],[101.28536016671057,2.9879302966413661],[101.28544011649745,2.9879797057546966],[101.28552006628439,2.9881297239892319],[101.28557037326186,2.988349811879857],[101.28562966129761,2.9885195927930113],[101.28577967832376,2.9886498495573619],[101.28599976621433,2.9887199167965832],[101.28628992255261,2.9887001529095301],[101.28645970346571,2.9886004404440314],[101.2868001667814,2.9884899475666771],[101.28622973665267,2.9884701860964924],[101.28602042796552,2.9884297616667936],[101.2858201039619,2.9883004027665265],[101.28566020438808,2.9881000775545203],[101.28555959285001,2.9878701107414827],[101.28552006628439,2.9876697867378539],[101.28560989741061,2.9873904108114857],[101.28569972853683,2.9871002544732619],[101.28581022141418,2.9865495882315258],[101.28587041093937,2.98637980490156],[101.28598988487505,2.9862100227799715],[101.2861596657882,2.9860195813241148],[101.28638963622655,2.9858497992025264],[101.28646958601342,2.9857096610988378],[101.2864803652169,2.9854204062500571],[101.28645970346571,2.9850503001248967],[101.28645970346571,2.9847601449951071],[101.28655043245607,2.9845202932174857],[101.28678040289441,2.9841798335270369],[101.28696994769456,2.9839597456364686],[101.28716039035885,2.9838402680754825],[101.28736969783762,2.9837800821755991],[101.28750983352444,2.9838303867362015],[101.2877703470532,2.9840899987755733],[101.28808026365317,2.9844502247698301],[101.28854020332142,2.984699955469921],[101.28951038117634,2.9850503001248967],[101.28986970809802,2.9851401324595486],[101.29047966479237,2.9854096270466357],[101.29076981992222,2.985680018289429],[101.29088031279957,2.9859504107405996],[101.29101955183069,2.9864103479919777],[101.29112016216033,2.9868496234922191],[101.29127018281173,2.9872098494864758],[101.29143996372488,2.9875898369509741],[101.29174988274173,2.9880803172927699],[101.2920795632287,2.988550135883429],[101.29244966935386,2.9890900229217436],[101.292850317361,2.989579605399399],[101.29309016913868,2.9897898107423089],[101.29327971393883,2.9898598791899076],[101.29379983709009,2.9899595928638405],[101.29403968886771,2.9900898484198137],[101.29419958844153,2.9902901736318199],[101.29447986223204,2.9906000902317942],[101.29431008131894,2.9901697982067503],[101.29415018174507,2.9899299464291289],[101.29393997519378,2.98977004806369],[101.29343961351265,2.9896802157290381],[101.29327971393883,2.9896002659421583],[101.29203015653223,2.9881899098891722],[101.29186037561908,2.9879401791890814],[101.29157022048929,2.9874101734901046],[101.29131958950825,2.9867903354564191],[101.29112016216033,2.9862001414406905],[101.29093960204375,2.9857096610988378],[101.29085965225687,2.9854302875893381],[101.29072041443419,2.9852398425081788],[101.28947984050274,2.9846002430043654],[101.28896959748232,2.9844601073175454],[101.28818985866639,2.9840998801148544],[101.28774968530206,2.9838196063243458],[101.28758978331138,2.9836103012624449],[101.28747030937569,2.9833003810372247],[101.28747030937569,2.9829500363821921],[101.28758978331138,2.9826598812524026],[101.28779010852338,2.982330200765432],[101.28811979142722,2.9817903137271173],[101.28826980845332,2.9814597329591379],[101.28838030133068,2.9809297284685954],[101.28784041429242,2.9799101378750379],[101.2874496476245,2.9792804209189399],[101.28665014613,2.9784701390125861],[101.28611025909174,2.9779796610876019],[101.28544999783679,2.977349940506258],[101.28487956891644,2.9769897169288129],[101.28431003665185,2.9766995617990233],[101.28368031848731,2.9764498298904982],[101.28257988145117,2.9758398731961506],[101.28183967040928,2.9752101550316752],[101.28135996927091,2.9746298435636049],[101.28113988138028,2.9742597386468788],[101.28106981293263,2.9737396118703145],[101.28119018835775,2.9734198115141908],[101.28150998629701,2.9732203865831934],[101.28246040389018,2.9728296199153306],[101.28380967376228,2.9719600499731769],[101.28408006621351,2.9716402496170531],[101.28418966122672,2.9712997887182269],[101.28420044163863,2.9709997510406652],[101.28434956080059,2.9707904435619525],[101.28456964869122,2.970629646123939],[101.2847798552425,2.9706197647846579]]],[[[101.2675995765249,2.9131698091863996],[101.26839997588354,2.9133395937248565],[101.26945998848998,2.9133395937248565],[101.2705703044486,2.913360254267559],[101.27122966783941,2.9134896107509576],[101.27176955487772,2.913869598215399],[101.27224027374939,2.9141804150963821],[101.27268044711371,2.9142900101095961],[101.27301012760074,2.9144400283441314],[101.27316014825215,2.9146502336870412],[101.27294006036152,2.9151200534861346],[101.27294006036152,2.9153095982862851],[101.27306043457821,2.9154299725029773],[101.27319967240089,2.9153904447289278],[101.27340987895218,2.9150095606087802],[101.27370003408197,2.9149098469347905],[101.27423992112028,2.9153401413767597],[101.27606978999489,2.9173802131773527],[101.27810986421241,2.9197796143166102],[101.27931001250568,2.9213696314135973],[101.28061975822902,2.9234402487215903],[101.28142015517079,2.9249799624663524],[101.28221965666529,2.9262897045644536],[101.2827999693418,2.9272904291350983],[101.28315031037147,2.9286603583415172],[101.28451036065542,2.9311001814936049],[101.28540957340704,2.9324799944561732],[101.28598988487505,2.9336199568494976],[101.2865800776824,2.9345901371212904],[101.28726010282435,2.9356402683883971],[101.28795989185335,2.9366400914696555],[101.28833987931779,2.9373497618379361],[101.28838030133068,2.9377001040761002],[101.28810002754017,2.9381501611965746],[101.28772004007573,2.9385795553574781],[101.28709032191125,2.9387196910443549],[101.28598000353577,2.9384996055705983],[101.28431003665185,2.9380702089928263],[101.2832500240454,2.9376695609856256],[101.28168964975788,2.9367398051435885],[101.28159981863166,2.9367101623341227],[101.28158005716148,2.9367802295733441],[101.28159981863166,2.936879943247277],[101.28173995673535,2.937020078934097],[101.28400011642657,2.9381896865537556],[101.28545988038451,2.9386199809956679],[101.28657019634312,2.9389496614826385],[101.28691964071709,2.9389604406861167],[101.28750983352444,2.9389298975956422],[101.28793024662707,2.9388400652609903],[101.28825992711404,2.9384403175347984],[101.28848001500467,2.9380603300703569],[101.28863991457848,2.9379902592058897],[101.2888096979085,2.9380603300703569],[101.28916004014661,2.9383900105573275],[101.28971968986349,2.9394401406160569],[101.2902595769018,2.9404597287927459],[101.29105997626044,2.9416401156158258],[101.29331025702925,2.9452504430433351],[101.29378007561991,2.9458496217426386],[101.29431996265822,2.9464200506629936],[101.29439003110582,2.9466302572142808],[101.29426965568075,2.9468701065750338],[101.29378007561991,2.9471000758049399],[101.29351956329958,2.94724021149176],[101.29416006308435,2.9471297186144056],[101.29448974357138,2.9469895829275856],[101.29464964314519,2.9471297186144056],[101.29491015667401,2.9476696056527203],[101.2956099420777,2.9493099297271783],[101.29593962498154,2.9502603485287864],[101.29627020333265,2.9508298783765667],[101.29659000489721,2.9513500039446967],[101.29664031187468,2.951780298386609],[101.29650017377099,2.9521602858510505],[101.2960303539719,2.9524198978904224],[101.29441967633215,2.9525797974642387],[101.29178042583214,2.9524504409808401],[101.290679988796,2.9523803713248071],[101.28888964769538,2.9522303530902718],[101.28772992141501,2.9518997723222355],[101.28688011535991,2.9517497552961345],[101.28620009142639,2.9518000586483026],[101.28552006628439,2.9518898909829545],[101.284479817565,2.9517704158388938],[101.28505024769373,2.9519096548700077],[101.28560989741061,2.9519797221091721],[101.28627015866556,2.9518701295128267],[101.28720979584688,2.9519401979604254],[101.28886000246911,2.9523498282343326],[101.28979963965043,2.9525196115643553],[101.29121987583426,2.9525896788035197],[101.29234995809679,2.9527603575808143],[101.29418970589381,2.9528403073677509],[101.29545992505155,2.9526498659118943],[101.2963097311067,2.952540273315492],[101.2968002114485,2.9523695909129515],[101.29702029933912,2.9524001340033692],[101.29725026615216,2.9527001716809309],[101.29772008474282,2.9532301773799077],[101.29797969799063,2.9538904386348577],[101.29804976764666,2.9545803451161419],[101.29840010988482,2.9551202321544565],[101.29840010988482,2.9554103872842461],[101.2980704293978,2.9556403577225865],[101.29724038360445,2.9559996834358344],[101.29620013609343,2.9565602310169083],[101.29566024905517,2.9568000827945298],[101.2953296682872,2.9571297632815003],[101.29568001294217,2.957059696042279],[101.29697987370093,2.9563796709003327],[101.29795005518116,2.9558802095002079],[101.29841987377182,2.9557203075094662],[101.29870014756233,2.9557400701880852],[101.29893999692308,2.9561200576525266],[101.2997296170783,2.9582104364306474],[101.30037011444625,2.9592497884943327],[101.30081029022745,2.9610302470472334],[101.30121004157894,2.9619303600798048],[101.30176969129582,2.9627397417051498],[101.30192959086963,2.9635500224031261],[101.30204996508633,2.9643800657796078],[101.3022799331078,2.9664102586578451],[101.30256020689831,2.9677200019643237],[101.30318992747965,2.9697304309555079],[101.3037001680832,2.9711596506145384],[101.30412956466097,2.9719196255434213],[101.30485001181586,2.9729401127926849],[101.30537013738399,2.9735797135049324],[101.30571958175801,2.9739597009693739],[101.30571958175801,2.9742399747598824],[101.30553003695786,2.9744995867992543],[101.30510962748048,2.9748795742636958],[101.30366962740965,2.9752802234792739],[101.30270034500199,2.9753700546054915],[101.30053001643694,2.9752703409315586],[101.29848994101098,2.9746999108028263],[101.297579949056,2.974109717995475],[101.29613006764583,2.9729904173532873],[101.29485984969654,2.9719402872946148],[101.29376031294134,2.9708703921404549],[101.29297967626127,2.9699702827331294],[101.29249009378361,2.968830320339805],[101.29224036308352,2.9679499711942299],[101.2922798884407,2.9676696974037213],[101.29249997633133,2.9675502198427353],[101.29203015653223,2.9673103716904166],[101.29145972761188,2.9668603133615079],[101.29077970246993,2.9659602027457481],[101.28992989641483,2.965219989286993],[101.28808026365317,2.9640800281021029],[101.28732028872429,2.9635095979733705],[101.28702025467203,2.9631996813733963],[101.28617044499163,2.962860115921842],[101.28470978679491,2.9621504479703731],[101.28285027269396,2.9611901490379182],[101.28125037425764,2.9605298877829682],[101.2796001688439,2.9596702003885298],[101.27894978892823,2.9591500748203998],[101.27723041293098,2.9576696527366266],[101.27607967133417,2.9569303395588804],[101.27476004668841,2.956030226526309],[101.27365960965221,2.9550303998198046],[101.27219984931963,2.9538904386348577],[101.27104012303926,2.9531996342894331],[101.27061971114506,2.9529400210416838],[101.27054964269746,2.9528196468249917],[101.27054964269746,2.9527199355679272],[101.27085956292268,2.9526498659118943],[101.27178033408114,2.9527001716809309],[101.27218008543264,2.9526597472511753],[101.2726499040233,2.9524504409808401],[101.27377998386891,2.9516698055091979],[101.27400007175953,2.951049966267135],[101.27428034555004,2.9504400119896559],[101.27463967247172,2.9498399366345893],[101.27497025323976,2.9494895919796136],[101.27541042660408,2.9494895919796136],[101.27633030231527,2.9497096798701818],[101.27771999540869,2.9502998738859674],[101.27908992703192,2.9509197095027275],[101.28022000687753,2.9514003109221676],[101.27976994975705,2.951040084927854],[101.2788500752543,2.9506897426896899],[101.2781502898506,2.9503501808634383],[101.27671028977971,2.9497599868476527],[101.27579041286009,2.9493997608533959],[101.27511038892658,2.9492497438272949],[101.27473040146208,2.9489901305794888],[101.27416985267263,2.9483702913374259],[101.27355989839515,2.9477603370599468],[101.27323021549131,2.9470704305786626],[101.27266966791029,2.946470355223596],[101.27246035922315,2.9458801612078105],[101.27259959946269,2.9454103426171514],[101.27291041755205,2.9450797642660405],[101.27345030338194,2.9447204385527357],[101.27413032852388,2.9448003883396723],[101.27476992802769,2.9450096946100075],[101.27532957895301,2.9448902194658899],[101.27597007632096,2.9446395884848471],[101.27636982767245,2.9444204008752308],[101.27710015979187,2.9443997403324715],[101.2780703376468,2.9443997403324715],[101.27861022710198,2.9442901441108233],[101.27906028180558,2.9440997026549667],[101.2796001688439,2.9437197151905252],[101.27996039483821,2.9434897447521848],[101.28032960309923,2.9434897447521848],[101.28098986435418,2.943559815616652],[101.28064041756329,2.9432696592784282],[101.28022000687753,2.9432696592784282],[101.27962981407023,2.9434403380557228],[101.27888960302835,2.9439101578548161],[101.27816016877301,2.9442101943238868],[101.27660967945008,2.9441401270847223],[101.27537988593048,2.9446602502359838],[101.27483999647535,2.9448003883396723],[101.27420039697154,2.9446297071455092],[101.27354013571659,2.9445299958884448],[101.2730999587269,2.9446297071455092],[101.27255019034936,2.9449998144791039],[101.27219984931963,2.9454804134816754],[101.27217020288487,2.9458999250948636],[101.27233998500645,2.9464496934724593],[101.27256995423636,2.946899751801368],[101.2728798732532,2.9472797392658094],[101.27312960516167,2.9477100300824759],[101.27332004661753,2.9480603747374516],[101.2736497307298,2.9483702913374259],[101.27407014020713,2.9487098567889802],[101.27429022809775,2.9489398236020179],[101.27428034555004,2.9493000495963315],[101.27401983564653,2.9501004465381016],[101.2734997100784,2.9512898180447564],[101.27308019846521,2.9517596366354155],[101.27160965530385,2.9522303530902718],[101.26984985729376,2.9522195738867936],[101.26912042303843,2.9519401979604254],[101.26808017431904,2.9510796114934692],[101.26652968257918,2.9493198110664594],[101.26598979554092,2.9482597984600147],[101.26595027139217,2.9469797015883046],[101.26566999397636,2.9460499457462674],[101.26500973272141,2.944699776801599],[101.26476000202132,2.9438499707464985],[101.26470969504385,2.9418799637681445],[101.26478964724765,2.9408603767998898],[101.26455967801775,2.939699753863863],[101.26455967801775,2.9391095598480774],[101.26475012068204,2.9387996432481032],[101.26492978293447,2.9386999295741703],[101.26536007737639,2.9390601543600496],[101.26575982510258,2.9394401406160569],[101.26627995187914,2.9395802799281796],[101.26665005679587,2.9395102090637124],[101.26708035123778,2.9393000025123683],[101.26749986285097,2.9389002547861764],[101.26787985031541,2.9383801292180465],[101.26824007389285,2.9381699226667592],[101.26915006826476,2.938000141753605],[101.26981032951971,2.9381303985180125],[101.27061971114506,2.9379399558537216],[101.27132039682976,2.9376300356284446],[101.27174979340754,2.9369500104864983],[101.27187016520736,2.9363301748696813],[101.27271997126246,2.9355001290762743],[101.27345030338194,2.9350303104856152],[101.27383029084638,2.9349099362689799],[101.2741797352204,2.9346099010082867],[101.27509960851467,2.9344904246557917],[101.27597995886867,2.9343502853436689],[101.27623957090805,2.9340897754401567],[101.27664022012362,2.9338301634008417],[101.27687018935353,2.9336397207364939],[101.27694025780119,2.9334501759363434],[101.27685042546653,2.9332597332720525],[101.27633030231527,2.9330001200243032],[101.27574010950792,2.9327396077039225],[101.27476004668841,2.9324997583431696],[101.27391024063331,2.9322796704525445],[101.27344042204265,2.9318799191011067],[101.27312960516167,2.931330150723511],[101.27323021549131,2.9309501632590695],[101.27317991093071,2.9305998222293397],[101.27302000894002,2.9309304005804506],[101.27292029647452,2.9312600834842897],[101.27292029647452,2.9315502386141361],[101.27326974326536,2.9319499899655739],[101.27362008429509,2.9322599065655481],[101.27398030787248,2.932450349229839],[101.27484987781463,2.9326704371204642],[101.27545983571741,2.9328303366942805],[101.27605002852476,2.9330701884719019],[101.27635994512468,2.933210324158722],[101.27647043800209,2.9334304120493471],[101.27640037076287,2.9337097879757152],[101.27588024519474,2.9340197082009922],[101.27534035815648,2.9342101508652831],[101.27430010943704,2.9343700492306652],[101.27385005473337,2.9344598815653171],[101.27325986071764,2.9349602432464508],[101.27232022353633,2.9355297755110428],[101.27187016520736,2.9358801165407726],[101.27163031705504,2.9362295609147395],[101.2714201105037,2.9368502980209428],[101.27120990395241,2.9372500481640031],[101.27088022346544,2.9375797286509737],[101.26996035017112,2.9378195804285951],[101.26854011157042,2.9377899352023178],[101.26809005686675,2.9379803778666087],[101.26769030551526,2.9383603653310502],[101.26739026783775,2.9387601166824879],[101.26708035123778,2.939089799586327],[101.26670036377334,2.9392101713861507],[101.2662997145577,2.9391598668255483],[101.2651498708251,2.9383702466703312],[101.26486959703459,2.9379902592058897],[101.26459022110822,2.936879943247277],[101.26452015266057,2.9356896750848591],[101.26453991413075,2.9352198552857658],[101.26477976590837,2.9350303104856152],[101.26558016285014,2.9350303104856152],[101.26506003969888,2.9349395814952572],[101.26456955935703,2.934479644243936],[101.26483995180826,2.9317101381879525],[101.26499985138213,2.9308603321328519],[101.2651498708251,2.9306501255815078],[101.26554962217654,2.9305297513648725],[101.26582989596704,2.9306501255815078],[101.26627995187914,2.9306501255815078],[101.2667497704698,2.9309097388293139],[101.26710011149953,2.9309402819197885],[101.26748009896397,2.9307498392554407],[101.26724025081165,2.9307201940291634],[101.26677043101256,2.9307004325589787],[101.266470393335,2.9304596841256512],[101.26604010251839,2.9304803446684105],[101.26564035116689,2.9304803446684105],[101.26529000651192,2.9303204450945373],[101.2651498708251,2.9301300036386806],[101.26524958449903,2.9284402704508921],[101.26541038193699,2.9271700549184629],[101.26556040138001,2.926669692028895],[101.26572030095383,2.9265295539252065],[101.2660499814408,2.9265502156763432],[101.26651980003146,2.9267199965894974],[101.26700040145084,2.926669692028895],[101.26754028728072,2.9262196373252323],[101.2681295810155,2.9252296931664432],[101.26888955836125,2.9242397490076542],[101.26974026228049,2.9234600126085866],[101.26990016185437,2.9231500935917438],[101.26963965074242,2.9232902292785639],[101.26884014924792,2.9241202738635366],[101.2681295810155,2.9249197729411662],[101.26765976242484,2.9257004096212427],[101.26716030102472,2.9261495664607651],[101.26650003976977,2.9263903161025269],[101.26614969511473,2.9262699418858347],[101.26579036940143,2.9260803970856841],[101.26562957196347,2.9257695789963236],[101.26559004418942,2.9239397113300925],[101.2654499085026,2.9230701438048641],[101.2654499085026,2.9215501939470414],[101.26527024625017,2.9196295960820748],[101.26534031348939,2.9189702326912652],[101.26524958449903,2.9184896348971279],[101.26504027581183,2.9179201026325359],[101.26513998948582,2.9174700443035704],[101.26490014012501,2.9164998664486461],[101.26465040700811,2.9152197659516332],[101.26454979547003,2.91472030213464],[101.26462974525697,2.9145100992086554],[101.26577958898957,2.9137501218629041],[101.26649015722199,2.9133297111770844],[101.2675995765249,2.9131698091863996]]],[[[101.35531017481946,2.9377297493023775],[101.35534970017665,2.9377701749405674],[101.35563985530644,2.9381303985180125],[101.35609979497468,2.938980204573113],[101.35651032311273,2.9396296854162074],[101.35682024212957,2.9404004395485686],[101.35706997645491,2.9411101074999806],[101.3576197448325,2.9418197778682611],[101.35810034262659,2.9427504315744386],[101.35888008144252,2.9447500813622014],[101.35964993529382,2.946379626233238],[101.36050962268826,2.9487898065759168],[101.36096955993963,2.9496701557214919],[101.36143039747202,2.9511101545838869],[101.36265030844385,2.9550402823675199],[101.36300963415715,2.9565602310169083],[101.36350999704666,2.9579696879973199],[101.36388998330267,2.9592003817978707],[101.36505959092233,2.9625996060183297],[101.36652024911911,2.9659898455552138],[101.367070021122,2.9669501444877255],[101.36761978949954,2.9679400898549488],[101.36807972554249,2.9687297100101659],[101.36828005075455,2.9692300692744311],[101.36848037475812,2.9695804139294069],[101.36882981913209,2.9700403499723507],[101.37079982369357,2.9733201002571263],[101.37123999947477,2.9739803615120763],[101.37181042839507,2.9746702655764921],[101.37210956941692,2.9751302052447386],[101.37221017974656,2.9754203615829624],[101.37238984320743,2.9754598857317092],[101.3726997598074,2.9756799736223343],[101.37320012148848,2.9762701676381198],[101.37358999029226,2.9766600340249738],[101.37365017981745,2.9768001721286623],[101.37359987283997,2.9770202600192874],[101.37336990240163,2.9772196837418505],[101.37316957839806,2.9774397716324756],[101.37287044100151,2.9777398093099805],[101.37335014213988,2.9774801972706655],[101.3735495658625,2.9771702782538227],[101.37378043295655,2.9771100911455051],[101.37404992754364,2.9772295662895658],[101.37443979634736,2.9777200466314184],[101.37471019121546,2.978010201761208],[101.37504975425014,2.9782796963482951],[101.37542974171458,2.9786902269032112],[101.37539021394053,2.979510390148846],[101.37540009527987,2.9799200204227532],[101.37545040225734,2.9802595858743075],[101.37542974171458,2.9805802816777032],[101.37527972106318,2.9807698264778537],[101.37527972106318,2.9808201334553246],[101.37535967326698,2.9808201334553246],[101.37546028480506,2.9807401836684448],[101.3755698774014,2.9805299771171008],[101.3754998089538,2.9801203444263251],[101.37547016614434,2.9796002212750636],[101.37550969150152,2.9790001459199971],[101.37563006571816,2.9788303650068997],[101.37576032248256,2.9788797717033617],[101.3763900406471,2.9796397466322446],[101.37664965268641,2.9799703274002241],[101.37700987626386,2.9803000078871946],[101.37745993459282,2.9806503525422272],[101.37760995161892,2.9808902006945459],[101.37785968231896,2.9811803570327697],[101.37813007718705,2.9815702258364922],[101.3789196949254,2.9821101128748069],[101.37943982049353,2.9824901003392483],[101.38010008174848,2.9830802931465996],[101.38073968125229,2.9834998083850905],[101.38116997569421,2.9838196063243458],[101.38177992997169,2.9841798335270369],[101.3824698376614,2.9844996314662922],[101.3828902495556,2.9848598550437373],[101.38358015362002,2.9851401324595486],[101.38395026216205,2.9852101996987699],[101.3842502962143,2.9854500490595228],[101.38436977377523,2.9853898631595825],[101.38457998032652,2.9853799806118673],[101.38474976123968,2.9855003560369937],[101.38489977826578,2.9856503730630948],[101.38515040924688,2.9856198299726202],[101.3854603294721,2.9857303228500314],[101.38564987427225,2.9859899385146491],[101.38569029628513,2.9862603297574424],[101.38571994151147,2.9862998551146234],[101.38578012741135,2.9862702123051577],[101.38579000995912,2.9861902625182211],[101.38579000995912,2.9860195813241148],[101.38584031693659,2.9859396315371782],[101.38593014806276,2.9859396315371782],[101.38609004763663,2.9859899385146491],[101.3864996803274,2.9862504484181613],[101.38702968481795,2.9864804176480675],[101.38759023239896,2.9867499122351546],[101.38791003396352,2.9868496234922191],[101.38820019030175,2.9869996429351886],[101.38839961644118,2.9872601540471351],[101.38889009678303,2.9876796680771918],[101.38949016972123,2.9882500982059241],[101.38965995305125,2.9884800650189618],[101.39041004543242,2.9892400399478447],[101.39088974657079,2.9898904222803822],[101.3912400888089,2.9905003765578613],[101.39133980127446,2.9908300594617003],[101.39137034436487,2.9912298108131949],[101.39130027470884,2.9914903207166503],[101.39132991993512,2.9918397650906741],[101.39132003859584,2.9923302454324698],[101.39112959593155,2.9926204005623163],[101.39087986523151,2.9928297092494631],[101.3891497088224,2.993579802839065],[101.38861970191493,2.9937397012045039],[101.38824959699821,2.9937998907296901],[101.38748962206932,2.9938403127425772],[101.38646015255335,2.9937900081819748],[101.3859696722115,2.9937397012045039],[101.38512974870412,2.993680413168704],[101.38452967334905,2.9936202272688206],[101.38367986729395,2.9936597526260016],[101.38298008068182,2.9935196133138788],[101.38243031230422,2.9934998530521284],[101.38178981251946,2.9934199032652486],[101.38131011138103,2.9932896465008412],[101.38058966422619,2.9932698826138449],[101.37951977028047,2.9931602876005741],[101.37904006914209,2.9930695586102161],[101.37826033153459,2.9930902203614096],[101.37772044449628,2.9931602876005741],[101.37739974627601,2.9932096967139046],[101.37580972917902,2.9931701701482893],[101.37500034755368,2.9930497947232197],[101.37409035318177,2.9930003880267577],[101.37359987283997,2.9930300344614693],[101.37227036564644,2.9932303584650981],[101.37184995375225,2.9933103082519779],[101.37113040446155,2.9934998530521284],[101.37064980545904,2.9935699202913497],[101.37020963209466,2.9935097343914663],[101.36962033715145,2.9936498700782863],[101.36848037475812,2.9938501940818583],[101.36631992511553,2.9943496591072858],[101.36579980196422,2.9945302192238614],[101.36474967190554,2.9946398142370754],[101.36412983266348,2.9947000001369588],[101.36336985773454,2.994859899710832],[101.3620601156365,2.9949102066883029],[101.36160017838512,2.9950898701491724],[101.36093991713017,2.995380025278962],[101.36052040189168,2.9955300435134973],[101.36019970608828,2.9956001131695871],[101.35974964775937,2.9956899455041821],[101.35927982916866,2.9956602990694705],[101.35903009846862,2.9956001131695871],[101.35891960559127,2.9954402111788454],[101.35888008144252,2.9951895826146711],[101.35873006079112,2.9945796259203235],[101.35844978700061,2.9937397012045039],[101.35822969910998,2.9928701324707845],[101.35820005630052,2.9925197902326204],[101.35828988742674,2.9924497217850217],[101.35851985423977,2.9924299591064027],[101.35912981214256,2.992609621358838],[101.35927982916866,2.9925799761325607],[101.35911992959484,2.9924398404457406],[101.35888008144252,2.9922799408718674],[101.35861956791371,2.9921595666552321],[101.35830964889692,2.992030207754965],[101.35817041107424,2.991790358394212],[101.35808956342316,2.9913097606000747],[101.35800961363623,2.9903296977805667],[101.35803027538742,2.9897898107423089],[101.3581901737528,2.9895697228516838],[101.35840038030409,2.9894502464991888],[101.3586599935519,2.9893801780515332],[101.35902021712934,2.9894295847479952],[101.35957986684622,2.989579605399399],[101.360170060862,2.9898796430769607],[101.36100010303005,2.9902704097448236],[101.36132978593389,2.9905300217841955],[101.36202957254602,2.9910097229225698],[101.36297999134769,2.9917400514167412],[101.3636896592991,2.9921398027681789],[101.36406964676354,2.9922296338943966],[101.36533986471284,2.9925000263456241],[101.36621033251913,2.9925700972100913],[101.36694964569688,2.9925395541196735],[101.36728022404799,2.9923697732065193],[101.36789018074234,2.9919601393073094],[101.36827016820678,2.9916502202905235],[101.3686196125808,2.9915199659429845],[101.36916039990007,2.9914301348167669],[101.36936970496197,2.9913196419394126],[101.37000032340751,2.9911202157999242],[101.3704701432066,2.9909899590355735],[101.37123011692705,2.9909198917963522],[101.37228024819416,2.9907698711449484],[101.37321988537553,2.9907797524842294],[101.37396009641742,2.9907698711449484],[101.37429966186897,2.9905201404449144],[101.37484044556294,2.9901796807544656],[101.37518001101455,2.9900799670805327],[101.37585015360878,2.9899703720673187],[101.37625978388269,2.9898095722124367],[101.37670983858635,2.9894403639514167],[101.37714013302826,2.9886103217833693],[101.37721020147586,2.9882096737761685],[101.3772200828152,2.9876697867378539],[101.3773701034666,2.9865603674349472],[101.37712036914121,2.9869996429351886],[101.37704041935433,2.9874299349602325],[101.37699999492457,2.9881899098891722],[101.37680955226028,2.9888699350311185],[101.3765400576732,2.989259803834841],[101.37608012042182,2.9896299087515672],[101.37548992761447,2.9898598791899076],[101.3747200713463,2.9899703720673187],[101.37427001543421,2.9902003388803564],[101.37397986030442,2.9904698358842552],[101.37366994007914,2.9905300217841955],[101.37340044549211,2.9904303093186968],[101.37267999833722,2.9903701222103223],[101.37231977234291,2.9902901736318199],[101.37223982255603,2.9900602031935364],[101.37228024819416,2.98977004806369],[101.37239972454671,2.9895903846028773],[101.37266023445022,2.989259803834841],[101.37275994812416,2.9892400399478447],[101.37298991493719,2.9893101108123119],[101.37329983516241,2.9892301610254322],[101.37340044549211,2.9891502088216271],[101.37318036122679,2.9891798540479613],[101.37292972903725,2.9891996179349576],[101.37275994812416,2.9891699727086802],[101.37267011699794,2.9890900229217436],[101.37260992868119,2.9891097856003057],[101.37243026522032,2.9892795677218942],[101.37214999142981,2.9896101484898736],[101.37201973708227,2.9898796430769607],[101.37204039883341,2.9902003388803564],[101.37187959897858,2.9904096475675033],[101.37168017283915,2.9905596670104728],[101.37101002903643,2.9906099715710752],[101.37084024812333,2.9905201404449144],[101.37075041699711,2.9903800047580376],[101.37060039876252,2.9905300217841955],[101.37032012497201,2.9906099715710752],[101.36895019334878,2.9910699088224533],[101.36841030631047,2.9912495722833228],[101.36811026863296,2.9912702328260821],[101.36782999484245,2.991130097139262],[101.36767997539948,2.9909800776962356],[101.36729998793504,2.9905497856711918],[101.36689035766113,2.9901599168674693],[101.36664960801937,2.9897996932900242],[101.36651037019669,2.9895903846028773],[101.36636034954523,2.9893801780515332],[101.36625973921559,2.9890900229217436],[101.36608007575472,2.9886498495573619],[101.36599024462851,2.9881800309667028],[101.36603965132502,2.9876796680771918],[101.36605043052845,2.9875098871640375],[101.36610972218949,2.9868999304696899],[101.36624985787631,2.9862800936444387],[101.36632980645481,2.9861902625182211],[101.36638999598,2.9862001414406905],[101.36652024911911,2.9863995687885563],[101.36681040545733,2.986660081108937],[101.36690023658355,2.986909811808971],[101.36690023658355,2.9867499122351546],[101.36691011913126,2.9865702499827194],[101.36684005068366,2.9864301118790308],[101.36666038722279,2.9863501620920943],[101.36652024911911,2.9862100227799715],[101.36652024911911,2.9859701746276528],[101.36658043864429,2.9856899008371443],[101.36672955780625,2.9854500490595228],[101.36702959548381,2.9851796566082953],[101.36765033259002,2.9845598197831009],[101.36784975631258,2.9844897501270111],[101.36816955787714,2.9843496144401911],[101.36825040431978,2.9842696646532545],[101.36869956236774,2.9838995561112256],[101.36926011236562,2.9833695516206831],[101.36952960695265,2.983000343359663],[101.36964009983006,2.9827101882298734],[101.36962033715145,2.9821703011915588],[101.36964009983006,2.9818298390842983],[101.36995001763842,2.9811498139422952],[101.37017998686832,2.981019559594813],[101.36995001763842,2.9810402213459497],[101.36982964463022,2.9811300524721673],[101.369720049617,2.9812800707067026],[101.36956015004313,2.9814498516198569],[101.36940024805244,2.9815001585973278],[101.36887024356184,2.981360019285205],[101.36868968344527,2.9812603068197063],[101.36864027433194,2.9811498139422952],[101.36867980089755,2.981110288585171],[101.36879029377496,2.9808398973423778],[101.36887024356184,2.9806799953516361],[101.36904990702271,2.9802595858743075],[101.36899960004524,2.9803197717742478],[101.36888012610956,2.9804796701396299],[101.36874986934521,2.9806198094517526],[101.36865015567128,2.9806395721303147],[101.36853966279386,2.9806198094517526],[101.36841030631047,2.9805497410040971],[101.36828005075455,2.9804203821038868],[101.36814979399014,2.9802703650777289],[101.36798989441627,2.9800898013359074],[101.36806984420321,2.9802299394395959],[101.36814979399014,2.9803997215611275],[101.36820998230689,2.9805200957778197],[101.36812015118068,2.9805802816777032],[101.36799977696404,2.9806000455647563],[101.36783987376486,2.9806000455647563],[101.36805996286392,2.980699758030255],[101.36842018644137,2.9807204197813917],[101.36860973124152,2.9808803193552649],[101.3684902560974,2.9811498139422952],[101.36845971300693,2.9812504242719911],[101.36841030631047,2.981360019285205],[101.36816955787714,2.9814803947102746],[101.36789018074234,2.9815998710628264],[101.36747965018742,2.9819600946402716],[101.36679962625391,2.9827003056821582],[101.3664897084455,2.9828197832430874],[101.36618967076799,2.9828099006953721],[101.36600012596784,2.98279013801681],[101.36553030737718,2.982449677117927],[101.36548988294743,2.9823203182177167],[101.36549976428671,2.9819996199974526],[101.36553030737718,2.9818702635140539],[101.36564978252125,2.9817498892973617],[101.36576027539866,2.9816897033974783],[101.36586987041187,2.9816097511936732],[101.36590041350235,2.9815603444972112],[101.36585998786416,2.9814902760496125],[101.36573961364746,2.9814597329591379],[101.36557971407365,2.9814803947102746],[101.36540005061278,2.981679820849763],[101.36534974726061,2.981669939510482],[101.36532010203427,2.9815603444972112],[101.36533986471284,2.9814103262626759],[101.36538028793416,2.9812899520459837],[101.36550964683443,2.9811399313945799],[101.365690206951,2.9810599828160775],[101.36571985217734,2.9808803193552649],[101.36572973472505,2.9806198094517526],[101.36578992062493,2.9805299771171008],[101.36562013971178,2.9806503525422272],[101.36558959662136,2.9809602691421446],[101.36549976428671,2.9810698641554154],[101.36534974726061,2.9811498139422952],[101.3652895589438,2.9812504242719911],[101.36525991613439,2.9814803947102746],[101.36527967639609,2.981679820849763],[101.3653901692735,2.9819403319616526],[101.3653901692735,2.9820301630878703],[101.36532998337356,2.9820400444271513],[101.36516020246046,2.981929551549797],[101.36470026520908,2.9814202088103912],[101.3647900963353,2.9811399313945799],[101.36479997646614,2.9809503902197321],[101.3647900963353,2.9806701128039208],[101.36475955324482,2.9804096029004086],[101.36472002667921,2.9799496656490874],[101.36473978935783,2.9796101038227789],[101.36493023202212,2.9791896907201476],[101.36496975979617,2.9789498401509604],[101.36493023202212,2.9788303650068997],[101.36477033365668,2.9786102771162746],[101.36471014413149,2.9781701037518928],[101.36455024455768,2.9777101640837031],[101.36456012710539,2.9781602224126118],[101.36454036321834,2.9784099531127026],[101.36458977233167,2.9785500912163911],[101.36474967190554,2.9788303650068997],[101.36480985780543,2.9790396712771781],[101.36472990801849,2.979310066145274],[101.36457989099239,2.9796900536097155],[101.36440022753152,2.9795499142975927],[101.36447029597917,2.9797196964191812],[101.36458977233167,2.9799703274002241],[101.36466972211861,2.9804203821038868],[101.36464007689227,2.980730302329107],[101.36462031300528,2.9811399313945799],[101.36454036321834,2.9813797831722013],[101.36457989099239,2.9815298014067935],[101.36449005865774,2.9815998710628264],[101.36424032554083,2.9815998710628264],[101.36405976542426,2.9815396827460745],[101.36394029028014,2.9811399313945799],[101.3635603028157,2.9808803193552649],[101.36303029590829,2.9806000455647563],[101.36267995367012,2.9803898390134123],[101.36257035865691,2.9802002942132617],[101.36257035865691,2.9799496656490874],[101.36264042710457,2.9794798470583714],[101.36255957945349,2.9791501641545324],[101.36237003465334,2.9789103147937794],[101.36250029141769,2.97923999528075],[101.36251017034016,2.9794897283977093],[101.36246974832727,2.9800098515489708],[101.36239967987962,2.9802299394395959],[101.36249040886997,2.9804302646516021],[101.36237003465334,2.9805704027552906],[101.36222001400193,2.9806395721303147],[101.36200981107589,2.9806799953516361],[101.36174031648881,2.9806099269040374],[101.3619900471889,2.9807797078171347],[101.36221013507947,2.9807797078171347],[101.36249040886997,2.9806602338815082],[101.36262964669265,2.9805497410040971],[101.36279044654754,2.9805901630169842],[101.36306982368234,2.9807500650077259],[101.36366001407276,2.9811399313945799],[101.36387022062411,2.981350137945924],[101.36393040894086,2.9816897033974783],[101.36388010196339,2.9818001962748326],[101.36411007119329,2.9817804323878363],[101.36446041343146,2.9817696531844149],[101.3648404008959,2.981929551549797],[101.36508025267352,2.982330200765432],[101.36535962618302,2.9826904243428203],[101.36578003807722,2.9829895641562416],[101.36616990808938,2.9830802931465996],[101.36667026977051,2.9831198209206491],[101.36699995025748,2.9829895641562416],[101.36717961250991,2.9828000193560911],[101.36737005517421,2.9825404073167192],[101.36752995716495,2.9822601323177764],[101.36777968786498,2.9820202817485892],[101.36820998230689,2.9817903137271173],[101.36858996977134,2.9816995823198909],[101.36890976891902,2.9817103639401807],[101.36916039990007,2.9818397204235794],[101.36926011236562,2.9821101128748069],[101.36934994470028,2.982449677117927],[101.36922956927515,2.9827200695691545],[101.369040024475,2.9829302761204985],[101.36856032454506,2.98345039927176],[101.36820010096761,2.9837396565374092],[101.36795036664228,2.9838995561112256],[101.36773028237695,2.9839902887268863],[101.36761978949954,2.9840899987755733],[101.36731975182204,2.9843900364530782],[101.36714008836117,2.9845598197831009],[101.36681040545733,2.9846703126604552],[101.36653013166682,2.9848302122342716],[101.36628040096679,2.985109589369074],[101.36590041350235,2.9854796942858002],[101.36583034505469,2.9856198299726202],[101.365690206951,2.9856602544023758],[101.36556983273431,2.9856701369500911],[101.36549976428671,2.9856503730630948],[101.36542969704749,2.9855003560369937],[101.36538028793416,2.985249725055894],[101.36530033814728,2.9849802304688637],[101.36510989548299,2.9848203308949905],[101.36490957147936,2.984740381108054],[101.36462031300528,2.9847098380176362],[101.365010181809,2.9849299259082045],[101.36520960915692,2.985200318359432],[101.3652697950568,2.9855299988464026],[101.36524015224734,2.9856701369500911],[101.36490957147936,2.9860195813241148],[101.36419002098023,2.9861103103144728],[101.36363037126335,2.9861201916537539],[101.36328990794766,2.9862001414406905],[101.36306982368234,2.9862998551146234],[101.36287039633442,2.9863501620920943],[101.36275002211778,2.9864301118790308],[101.36275990345706,2.9865001791181953],[101.36280032546995,2.9865603674349472],[101.36296022746063,2.9865702499827194],[101.36317043401198,2.9864498745575929],[101.36343992859906,2.9864103479919777],[101.3636698954121,2.9863097364539044],[101.36396993308961,2.9862603297574424],[101.36442987034098,2.9862297866669678],[101.36493023202212,2.9861696007670844],[101.36517008379974,2.985929748989463],[101.36540005061278,2.9858003937144986],[101.3655401899249,2.9857896133026429],[101.36578992062493,2.985820153976249],[101.36585010652487,2.9858902248407162],[101.36579980196422,2.9860600057538704],[101.36573961364746,2.9864202293313156],[101.36565966386053,2.986660081108937],[101.36558959662136,2.987049947495791],[101.3655401899249,2.9873904108114857],[101.36546024013796,2.9876401415115765],[101.36543957838683,2.9882195551154496],[101.36548000039971,2.988550135883429],[101.36553030737718,2.9887100354573022],[101.365690206951,2.9890900229217436],[101.36603965132502,2.9898499966421923],[101.36630016364535,2.990150034319754],[101.36652024911911,2.9905399043319107],[101.36713020702189,2.9912899967130784],[101.36714008836117,2.9914400137391794],[101.3669397643576,2.9916502202905235],[101.36675021955745,2.9917598153037375],[101.36655977689315,2.9918002409419273],[101.3658402276024,2.991790358394212],[101.36527967639609,2.9918496464299551],[101.36507037012581,2.9918200012036209],[101.36461043408286,2.9916798655168009],[101.36428973465416,2.9915100846037035],[101.36364025260264,2.9911399796869773],[101.36325038379891,2.9910097229225698],[101.36284973579171,2.9907599922225359],[101.36201968999831,2.9901697982067503],[101.36171965473767,2.9899901359543151],[101.36143039747202,2.9897996932900242],[101.3611195793826,2.989579605399399],[101.36042967290132,2.989119668148021],[101.36011975388448,2.9889903092478107],[101.35987002318444,2.9889804279084728],[101.35964005516297,2.9889400046872083],[101.35929959305571,2.9888304096739375],[101.35921964326877,2.988680390230968],[101.35916035523303,2.9884899475666771],[101.35918011549472,2.9883201666535228],[101.35926006769853,2.9880704347450546],[101.35941008593306,2.9878701107414827],[101.35955022403675,2.9877497365247905],[101.36010987496206,2.9875098871640375],[101.36039014875257,2.9874002921508236],[101.36062999690489,2.987250271499363],[101.36083032211695,2.987049947495791],[101.36093991713017,2.9868801665826368],[101.36100010303005,2.9865998927921282],[101.36107017389457,2.9863501620920943],[101.36102974825639,2.9860896485632793],[101.36096955993963,2.9859602920799375],[101.36087972760498,2.9858003937144986],[101.36075037233002,2.9856997821764253],[101.36085996734323,2.9859001061799972],[101.36087972760498,2.9862998551146234],[101.36085008479552,2.986590010244413],[101.3607602536693,2.9868397445697497],[101.36061023422633,2.9870400685733784],[101.36047997987879,2.9871604403731453],[101.35957986684622,2.987609598421102],[101.35949003572,2.9876302589638613],[101.35935977895559,2.9877200912984563],[101.35916035523303,2.9879302966413661],[101.35903009846862,2.9881198414415167],[101.35902021712934,2.9882698620929204],[101.35905974369496,2.9886004404440314],[101.35901033458163,2.9886696098191123],[101.35879024910787,2.9887199167965832],[101.35857016121724,2.9887603424347731],[101.35828988742674,2.9888304096739375],[101.35799973229695,2.9889400046872083],[101.35790001862301,2.9889400046872083],[101.35781018628836,2.9889202408001552],[101.35773023770986,2.9888196304705161],[101.35768981207167,2.9886597284798313],[101.35770957595872,2.9884998289059581],[101.35787037339668,2.9882096737761685],[101.35792966143242,2.9878296863117271],[101.35797996840989,2.9876401415115765],[101.35795032197518,2.9874496988472856],[101.35792966143242,2.987570073063921],[101.35782006883608,2.9876599041901386],[101.35779042360974,2.9878602294021448],[101.35770957595872,2.9881099601022356],[101.35767004818467,2.9883300479928039],[101.35758021705846,2.9884800650189618],[101.35750026727152,2.9885303719964327],[101.35742031748464,2.988540254544148],[101.35730982460723,2.9884396430060747],[101.35720022959401,2.9882896223546709],[101.35707985537732,2.988030010315299],[101.35685976990356,2.9878602294021448],[101.35673041100335,2.9876599041901386],[101.35640971157466,2.987359867721068],[101.35643037332579,2.9872996806126935],[101.35655973222606,2.9871900855994795],[101.3567896990391,2.9870203046863253],[101.35731970715494,2.9864696360277776],[101.3573601315847,2.986389686240841],[101.35737001050711,2.9860501244145894],[101.35738977439416,2.9859198676501819],[101.35742031748464,2.9858003937144986],[101.3573601315847,2.9858300365239643],[101.35723975736806,2.9859800559669338],[101.35722987482029,2.9860896485632793],[101.35726041791077,2.9862504484181613],[101.35726041791077,2.986340279544379],[101.35716968650354,2.9864202293313156],[101.3567896990391,2.9867903354564191],[101.35641959412237,2.9870903731339808],[101.35632976178772,2.9871101358125429],[101.35622016677451,2.9870903731339808],[101.35609979497468,2.9869996429351886],[101.35595965687099,2.9868298620220344],[101.35570992617096,2.9866699600313495],[101.35556978806727,2.9866196566791814],[101.35545031292315,2.9865397068922448],[101.35517991805506,2.9863097364539044],[101.35479004925133,2.9858803422930009],[101.35473974469073,2.9857500867370277],[101.35470021812512,2.9852703855986533],[101.35473974469073,2.9850503001248967],[101.35487988037755,2.9849101620212082],[101.35497959405149,2.9848499761213247],[101.35507032545871,2.9848598550437373],[101.35517991805506,2.9849802304688637],[101.3553901246064,2.9852802681463686],[101.35548983828033,2.9853296736343964],[101.35562009504474,2.9853395561821117],[101.35580963984489,2.9853503353855899],[101.35600996384846,2.985249725055894],[101.35614021698757,2.985200318359432],[101.35626957588784,2.9850799429343624],[101.35633964433543,2.9849398072475424],[101.35635042353891,2.9848400947820437],[101.35646001855213,2.9847700239175197],[101.356639682013,2.9847197193569173],[101.35677982011669,2.9847799052568007],[101.35699002304267,2.9848400947820437],[101.35719034825473,2.9848796189307336],[101.35805991819683,2.984649652117696],[101.35823958044926,2.9846397695699807],[101.35851985423977,2.9846604313211742],[101.35879024910787,2.984740381108054],[101.35845966833989,2.9845202932174857],[101.35823958044926,2.9845202932174857],[101.3578901360753,2.9845696999139477],[101.35724963870734,2.984680192791302],[101.3570897367166,2.984649652117696],[101.35699002304267,2.9845795812532288],[101.35696038023326,2.9844897501270111],[101.35701966947744,2.9843603936436125],[101.35716968650354,2.9842804438567327],[101.3576197448325,2.9842499007662582],[101.3578901360753,2.9840899987755733],[101.35808956342316,2.983710011311075],[101.35770957595872,2.9839103353147038],[101.35742031748464,2.9839498630886965],[101.35715980758113,2.9840396942149141],[101.35691995580351,2.9841501870923253],[101.35677982011669,2.9843900364530782],[101.35651032311273,2.9845202932174857],[101.35638995131291,2.9846002430043654],[101.3560701497484,2.9849496873783892],[101.35571980751024,2.9851598927212422],[101.35552038137081,2.9851598927212422],[101.35542965238045,2.9850700615950814],[101.35535958151593,2.9849101620212082],[101.35502001968968,2.9847098380176362],[101.35488976292527,2.9845598197831009],[101.35484035622881,2.9843496144401911],[101.35484035622881,2.9842597821055392],[101.35484035622881,2.9838699133018167],[101.3548601201158,2.9836300615241953],[101.35493018735502,2.9832698379467502],[101.35499037325491,2.983109938372877],[101.35512961470289,2.982899733030024],[101.35529041093247,2.9827299521168698],[101.35548983828033,2.9826203558952216],[101.35569016228391,2.982589812804747],[101.35585994319706,2.982589812804747],[101.35620040651276,2.9824802177915331],[101.3564896637784,2.9821496394404221],[101.35670974925216,2.9818496029712946],[101.35683012467729,2.9817696531844149],[101.35698014412026,2.9817696531844149],[101.35716968650354,2.9817804323878363],[101.35739965694188,2.9817903137271173],[101.35752991249785,2.9817804323878363],[101.35738977439416,2.9816897033974783],[101.35730982460723,2.9816196325329543],[101.35720022959401,2.9815801083842643],[101.35703044868086,2.9815603444972112],[101.35685976990356,2.9815100399366088],[101.3567896990391,2.9815702258364922],[101.35670974925216,2.9815495652937898],[101.35667022510341,2.9814498516198569],[101.35673041100335,2.9813195948554494],[101.35699002304267,2.9811201711328863],[101.35700978692972,2.9810402213459497],[101.35721999348101,2.9808300147946056],[101.35745984284176,2.9807096405779703],[101.35774999797161,2.9804500273301642],[101.35803027538742,2.9799397843097495],[101.35773023770986,2.9803197717742478],[101.35743020003235,2.9805802816777032],[101.35712027980708,2.9807500650077259],[101.35682024212957,2.9809602691421446],[101.35671963179988,2.9811201711328863],[101.35652020445201,2.9813097159330368],[101.35645013721285,2.9814597329591379],[101.35643037332579,2.9816402942841478],[101.35638006876519,2.9818397204235794],[101.35624981320922,2.982090351404679],[101.35610967389709,2.9822295892273587],[101.35597043607441,2.9822996576749574],[101.35550960216733,2.9824002680045965],[101.35514039390637,2.9824802177915331],[101.35510985081589,2.982449677117927],[101.3550900869289,2.982340082104713],[101.35502990102896,2.9821199942140879],[101.35482957702538,2.9817103639401807],[101.35482957702538,2.9815998710628264],[101.35485023756809,2.9815396827460745],[101.35502001968968,2.9811902383720508],[101.35506044411943,2.9811695778293483],[101.35519968194211,2.9811201711328863],[101.35519968194211,2.9808003695683283],[101.35514039390637,2.9804895526873452],[101.35511973215517,2.9809099645815422],[101.35502990102896,2.981110288585171],[101.35478017032892,2.9813303764757393],[101.35456996377758,2.981360019285205],[101.35411002773463,2.9812701881589874],[101.3538602934093,2.9812297637292318],[101.35376956441894,2.9811201711328863],[101.35381987139641,2.9812998333853216],[101.35464003222523,2.9815899897235454],[101.35478017032892,2.981819956536583],[101.35484035622881,2.9821900626617435],[101.35492030601574,2.9824002680045965],[101.35488976292527,2.9826302384429368],[101.35481969447767,2.9827595949263355],[101.3547100994644,2.9830299897944315],[101.3546903392027,2.9832096520468667],[101.3547100994644,2.9834198561812855],[101.35457984632529,2.9836004187147296],[101.35446036876436,2.9836597079589069],[101.35420973778332,2.9836300615241953],[101.35410014518692,2.9836902510493815],[101.35390970252263,2.9838501494147636],[101.35375968307966,2.9838995561112256],[101.35348030594486,2.983889677188813],[101.35321979604134,2.9837998436457269],[101.35310031848041,2.9837297751981282],[101.35304013258047,2.9836004187147296],[101.35295030145431,2.983359670281402],[101.35287035166738,2.9832204312502881],[101.35272033222441,2.9831602429335362],[101.35281016335063,2.9832599566074691],[101.35291975836384,2.9836399440719106],[101.35299970815078,2.9837701996278838],[101.35309043714113,2.983879795849532],[101.35306977538994,2.9839902887268863],[101.35294042011498,2.9841600696400405],[101.35281016335063,2.9843603936436125],[101.35317038934488,2.9843603936436125],[101.3533698130675,2.9842696646532545],[101.35355037680932,2.9841304244137064],[101.35365996940573,2.9840998801148544],[101.35374980053194,2.9841196440018507],[101.35388993863563,2.9841304244137064],[101.35403007432245,2.9840001676493557],[101.35414955188338,2.9838501494147636],[101.35433999454767,2.9837998436457269],[101.35451965680011,2.9838600319625357],[101.3546103869989,2.9840001676493557],[101.35464003222523,2.9842499007662582],[101.35456996377758,2.9844196816794124],[101.3546103869989,2.984649652117696],[101.35457984632529,2.9848400947820437],[101.35453043721196,2.9850197570344221],[101.35450977546083,2.9851904358117167],[101.3544900139907,2.9858902248407162],[101.35412978799638,2.9860797696408667],[101.35457984632529,2.9861103103144728],[101.35470021812512,2.9861803799705058],[101.35501013714196,2.9864902977789143],[101.35556978806727,2.9868999304696899],[101.35605038586135,2.9872897992734124],[101.35609979497468,2.9874101734901046],[101.35656961356534,2.987879993289198],[101.35656961356534,2.988020128976018],[101.35653008699973,2.9881000775545203],[101.35645013721285,2.988139605328513],[101.35597043607441,2.9882698620929204],[101.35585006185778,2.9883803549703316],[101.35561021249703,2.9885698973536137],[101.35544043158387,2.9887297993442985],[101.35524998891958,2.9887801026964667],[101.35542965238045,2.9888304096739375],[101.35555002418022,2.9887998665835198],[101.35563985530644,2.9887495596060489],[101.35575034818385,2.9886399670096466],[101.35584017931006,2.9885195927930113],[101.35593001164472,2.9884603047572114],[101.35633964433543,2.988349811879857],[101.35653996833906,2.9882500982059241],[101.35664956335228,2.9882599795452052],[101.35676005622963,2.9883300479928039],[101.35703044868086,2.9886300856703656],[101.3573403676977,2.9889400046872083],[101.3573403676977,2.989010073134807],[101.35729994326795,2.9891403298992145],[101.35722987482029,2.9892202784777169],[101.35712027980708,2.9893298710740623],[101.35709961926437,2.9894601278384698],[101.35703044868086,2.9897799294030278],[101.35700978692972,2.9901697982067503],[101.35704033002014,2.9906899213580118],[101.3570897367166,2.9908300594617003],[101.35707985537732,2.9910303834652723],[101.35713016235479,2.9911399796869773],[101.35719034825473,2.9915496099608845],[101.35722987482029,2.9916699841775198],[101.35723975736806,2.9927596395934302],[101.35729006072023,2.9929402021268174],[101.35757033571917,2.9934199032652486],[101.35767993073239,2.993680413168704],[101.35765028792292,2.9938501940818583],[101.35760986228479,2.9940002147332621],[101.35752991249785,2.9941897571165441],[101.35752991249785,2.9943604383107072],[101.35749038593224,2.994719764024012],[101.35753979504557,2.9947997138108917],[101.3576197448325,2.9950395631717015],[101.35766016684539,2.9954303322564328],[101.35757033571917,2.9957303675170692],[101.35737989305488,2.9959297936565576],[101.35690019191645,2.9961202363208486],[101.35653008699973,2.9963097811209991],[101.35624981320922,2.9963798519854663],[101.35588958963183,2.9962702569722524],[101.35557966940655,2.996040286533912],[101.3552401075803,2.995830081191059],[101.35489964426455,2.9955498061921162],[101.35403995687017,2.9948500207883626],[101.353689614632,2.9945302192238614],[101.3533698130675,2.9943397765595705],[101.35307965793766,2.9942203002070187],[101.35273021356369,2.9940496214297241],[101.35239963279571,2.9938501940818583],[101.35209959753502,2.9938403127425772],[101.35179955985751,2.9938403127425772],[101.35158036983103,2.9937298198651661],[101.3512102649143,2.9934899705044131],[101.35042962823422,2.9931099830399717],[101.35001011662104,2.993010270574473],[101.34935973428856,2.9927201142362492],[101.34901028991453,2.9924200765586875],[101.34878032310149,2.9922098712158345],[101.34858987802033,2.9919601393073094],[101.34840033563705,2.9916699841775198],[101.34827996142036,2.9914103709297706],[101.34840033563705,2.9911498586093899],[101.34842997844652,2.9911202157999242],[101.34867970914655,2.9910995540487875],[101.34885039034071,2.9910196042618509],[101.3484596236728,2.9910402660130444],[101.34828984275964,2.9909504348868268],[101.34820001163342,2.9907698711449484],[101.34820001163342,2.9897799294030278],[101.34825031498565,2.9892903469253156],[101.34820989055589,2.9887899852441819],[101.34809041662021,2.9884198791190215],[101.34799968762985,2.9880704347450546],[101.34804999098202,2.9878099224246739],[101.34820001163342,2.9877596178640715],[101.34840033563705,2.987780279615265],[101.3487398974633,2.9881701484189875],[101.34888991569784,2.9884899475666771],[101.34900040857525,2.9886399670096466],[101.34910012104075,2.9886300856703656],[101.34942980515302,2.988550135883429],[101.34949987239219,2.9885797786928947],[101.34941992260531,2.9887396806835795],[101.34925014169215,2.9888501735609907],[101.34926002061457,2.9890603764869752],[101.34932021013981,2.9891304473514992],[101.3499696909829,2.9891403298992145],[101.35001999554351,2.9891699727086802],[101.35007030252098,2.9894601278384698],[101.35012959055672,2.989579605399399],[101.35014036976014,2.9897996932900242],[101.35017001619491,2.9899703720673187],[101.35024996598185,2.9900404393064832],[101.35038022153776,2.9899901359543151],[101.35053023977235,2.9898697605292455],[101.35067037787604,2.9898499966421923],[101.35090034468908,2.9900098962160655],[101.35107012922748,2.9899802534065998],[101.35077009154998,2.9896999796160912],[101.3504404074377,2.9897996932900242],[101.35026972866041,2.989729622425557],[101.35026972866041,2.9895499589646874],[101.35014036976014,2.9891097856003057],[101.34994004575657,2.9889400046872083],[101.34956994083984,2.9889202408001552],[101.34957982217912,2.9887899852441819],[101.34966965330534,2.9885896600321757],[101.34965977196606,2.9884099977797405],[101.34954029803038,2.9883399293321418],[101.34936961562784,2.9883902338927442],[101.34910012104075,2.9884198791190215],[101.34898962937183,2.9883004027665265],[101.34879020202391,2.9879698244154156],[101.34858987802033,2.9876697867378539],[101.34842997844652,2.9874703593899881],[101.34812994076896,2.9872403925769504],[101.3479601598558,2.9870301872340974],[101.34792961676538,2.9868496234922191],[101.34799968762985,2.9866304358826028],[101.34819012908571,2.9862603297574424],[101.34829972168211,2.9859800559669338],[101.34832038343325,2.9856395938596734],[101.34836979254658,2.9855299988464026],[101.34847040408465,2.9855003560369937],[101.34863030245009,2.9856198299726202],[101.34866983022414,2.9858596817502416],[101.34868959169427,2.9859504107405996],[101.34882972979796,2.9859998174371185],[101.3491396488148,2.9862504484181613],[101.34935973428856,2.986340279544379],[101.34950975493996,2.9861696007670844],[101.34965977196606,2.9858803422930009],[101.34974960309228,2.9857797319633619],[101.34974960309228,2.9856198299726202],[101.34984033208264,2.9855003560369937],[101.34978014618275,2.9854895756251381],[101.34956994083984,2.9856701369500911],[101.34947022716591,2.9859001061799972],[101.34933009147909,2.9860698883015857],[101.34911000358846,2.9860698883015857],[101.34880008457162,2.9858695630895795],[101.34877044055378,2.9855102373762747],[101.34865006633709,2.9853503353855899],[101.34851980957268,2.9853000308249307],[101.34821977189517,2.9852901494856496],[101.34807963620835,2.9849802304688637],[101.34803022709502,2.9844403434305491],[101.34803022709502,2.9838196063243458],[101.34812994076896,2.9837396565374092],[101.34830960422983,2.983710011311075],[101.34798980508214,2.9836201801848574],[101.34789997395592,2.9834701631587563],[101.34787032872958,2.9838699133018167],[101.34791973421767,2.9843100866661416],[101.34789997395592,2.9849802304688637],[101.34797004119514,2.9851904358117167],[101.34819012908571,2.9856000685024924],[101.34815958599529,2.9859001061799972],[101.34797992374286,2.9862504484181613],[101.34774995330451,2.9865801289051319],[101.34775983585223,2.9868100981350381],[101.34781014162127,2.9871802042601985],[101.34788021006892,2.987359867721068],[101.34781014162127,2.9874901232769844],[101.34772031049505,2.9874703593899881],[101.34692979247569,2.9870400685733784],[101.34660010957185,2.9869196943566863],[101.34620036184572,2.9868604051125089],[101.34585001719068,2.9867696737052825],[101.34537031605231,2.9867499122351546],[101.34484031156171,2.9866403172218838],[101.34448996690674,2.9864202293313156],[101.34405967609013,2.9861696007670844],[101.34357009361241,2.9858102750537796],[101.34348026127776,2.9855901871632113],[101.343539550522,2.985360216724871],[101.34362040058988,2.9851203685725523],[101.3438198243125,2.9849496873783892],[101.34405967609013,2.9849496873783892],[101.34416028641976,2.9848796189307336],[101.34426988143298,2.9847197193569173],[101.34427976398069,2.9845301745567667],[101.34443966355457,2.9844196816794124],[101.34456991911054,2.9844196816794124],[101.34471005479736,2.9843199692138569],[101.34492026134865,2.984080119853104],[101.34532989403942,2.9837297751981282],[101.34575030351675,2.9834998083850905],[101.34590032416816,2.9834396188599044],[101.3459398483169,2.9830802931465996],[101.34585989852997,2.9829796828169606],[101.34576018606447,2.9830201072466593],[101.34567035372982,2.9831997707075288],[101.34554997951318,2.983359670281402],[101.34530024881309,2.983559994284974],[101.34500021113558,2.9836695892981879],[101.34485019290105,2.9839103353147038],[101.34464986889742,2.9841403057530442],[101.34448996690674,2.9841798335270369],[101.34426988143298,2.9842696646532545],[101.34410010051988,2.9844601073175454],[101.34398960764247,2.984649652117696],[101.34388001262926,2.9847799052568007],[101.3437102317161,2.9848104483472753],[101.34352966797422,2.9848598550437373],[101.34339043015154,2.9850700615950814],[101.34325029446472,2.9853997444989204],[101.34304008791344,2.9854796942858002],[101.34268974446684,2.985720443927562],[101.3422396885548,2.9860797696408667],[101.34190012672849,2.9862100227799715],[101.34166027495087,2.9864103479919777],[101.34136023727336,2.986590010244413],[101.34122998292582,2.9865495882315258],[101.34106020201267,2.986340279544379],[101.34077992580529,2.9860797696408667],[101.34094970913532,2.9864696360277776],[101.34107008093514,2.9865298243445295],[101.34138000116036,2.9868298620220344],[101.34147971362586,2.9870795927221252],[101.34160008905098,2.9866996064660611],[101.34177975130342,2.9865199430052485],[101.34200971932489,2.9863501620920943],[101.34238970678933,2.9861902625182211],[101.34249031953584,2.9860698883015857],[101.34281011868353,2.985820153976249],[101.34310027381332,2.9857402041893124],[101.34324041312544,2.9856701369500911],[101.34337965094812,2.9857500867370277],[101.34345960073506,2.985820153976249],[101.34360962017803,2.9860195813241148],[101.34398960764247,2.9864498745575929],[101.34447020664498,2.9867202670088204],[101.3445600377712,2.986800216795757],[101.3445600377712,2.9868702852433557],[101.34447020664498,2.9869699977088544],[101.34426988143298,2.9871397786220086],[101.34411986199001,2.987320342363887],[101.3444100171198,2.9871900855994795],[101.34457979803295,2.9870203046863253],[101.34464986889742,2.9868702852433557],[101.34469029091031,2.9867696737052825],[101.34478012324496,2.9867499122351546],[101.34501997502258,2.9868199806827533],[101.34541972516564,2.9869601163695734],[101.3457898312908,2.9869897615959076],[101.3462803116326,2.9869798802566265],[101.34659023064944,2.9870598300435063],[101.34706992816251,2.9872799179341314],[101.3475101051522,2.9875296486341654],[101.34769964995235,2.9878000435022614],[101.3477903789427,2.9881602670797065],[101.34809041662021,2.9890900229217436],[101.34811017929883,2.9894996556125193],[101.34804999098202,2.9898401153029113],[101.34794039596881,2.9903395791199046],[101.34788021006892,2.9905704474223853],[101.34780026028199,2.9906099715710752],[101.34772031049505,2.9905596670104728],[101.34751998649148,2.9905201404449144],[101.34730977994013,2.9904303093186968],[101.34764036070817,2.9906998026972929],[101.34794039596881,2.9908803640223027],[101.34799968762985,2.9910097229225698],[101.34800956655232,2.991369946500015],[101.34802034817261,2.9914804393773693],[101.34797992374286,2.99162955853933],[101.34789997395592,2.9916699841775198],[101.34780026028199,2.9916403389512425],[101.34764036070817,2.9915298460738313],[101.34691991113641,2.9913897103870113],[101.34645009254575,2.9912495722833228],[101.34600003663365,2.991130097139262],[101.34577006740375,2.9910402660130444],[101.34550955750029,2.9908399420094156],[101.34530024881309,2.9906998026972929],[101.34402014831608,2.9900898484198137],[101.34365004339935,2.9899200650898479],[101.34334012559094,2.98977004806369],[101.34302032523482,2.9896802157290381],[101.34277957559306,2.9896299087515672],[101.34262955735852,2.9895598415124027],[101.34236006397987,2.9893496349610587],[101.34190012672849,2.9890900229217436],[101.34146983228658,2.9888402922216528],[101.34100001369592,2.9886597284798313],[101.34059038342201,2.9883695721415506],[101.34031010721463,2.9881297239892319],[101.34004959610274,2.9878602294021448],[101.33993011975019,2.9877003298283284],[101.33980974795037,2.9876203800413919],[101.3395896600598,2.9875098871640375],[101.33933004681199,2.987359867721068],[101.33915038335113,2.987219732034248],[101.33870032623065,2.9867696737052825],[101.33828979567573,2.9862603297574424],[101.33809037195311,2.9860303605275362],[101.33784962231135,2.985820153976249],[101.33761965187307,2.9856701369500911],[101.33743011069816,2.9855704232761582],[101.3373097352731,2.9855497615250215],[101.33715971583013,2.9854401665118075],[101.33708964738247,2.9853503353855899],[101.33708964738247,2.9852299635857662],[101.33710042658589,2.9851401324595486],[101.33781009816261,2.9844601073175454],[101.33796999652805,2.9842400194269771],[101.33814965998891,2.9840495767626862],[101.33829967701502,2.9839597456364686],[101.33827003420555,2.983889677188813],[101.33818020307933,2.983889677188813],[101.33801042216624,2.9840100489886368],[101.33771038448867,2.9842499007662582],[101.33698005236926,2.9850197570344221],[101.33690010258232,2.9850700615950814],[101.33684979923015,2.9850997068213587],[101.33676984581791,2.9850404187856157],[101.33650035123082,2.9847700239175197],[101.33628026696556,2.9845301745567667],[101.33608982430127,2.9844098003400745],[101.33584997252359,2.9843002053268606],[101.33556969873308,2.984019931536352],[101.33475043576846,2.9831503615941983],[101.33456987444345,2.9828404449942809],[101.33446027943023,2.9825404073167192],[101.33442973633976,2.9822798937879611],[101.33450968612669,2.9821397581011411],[101.33476031710774,2.9818496029712946],[101.33488967359114,2.9817498892973617],[101.33514030457218,2.9817103639401807],[101.33537027138522,2.9816600569627099],[101.33567030906278,2.9815495652937898],[101.33581044716647,2.9815396827460745],[101.33606017907493,2.9815702258364922],[101.33635033420472,2.9816995823198909],[101.3365102337786,2.9817301254103654],[101.33773014475042,2.9817301254103654],[101.33794035130171,2.9817696531844149],[101.33811013221487,2.9818298390842983],[101.33836974787948,2.9818298390842983],[101.33881980258315,2.9818801460617692],[101.33904977302149,2.9818801460617692],[101.33945041861182,2.9817903137271173],[101.33993011975019,2.9816501756234288],[101.34021039595757,2.9815100399366088],[101.34080957103163,2.9810797454946965],[101.3409101825697,2.9809099645815422],[101.34112038791261,2.9809997957077599],[101.34115003313889,2.9810698641554154],[101.34114015179961,2.9813195948554494],[101.34093982779603,2.9817804323878363],[101.34078980714463,2.9818999063235196],[101.34074040044811,2.9821199942140879],[101.34055984033159,2.9823903866653154],[101.34030022708379,2.9827398334561508],[101.34009002174088,2.982909614369305],[101.33996964631581,2.9830201072466593],[101.33984028741554,2.9831997707075288],[101.33996964631581,2.9830901756943149],[101.34010978200263,2.9830704118073186],[101.34019961433728,2.9830901756943149],[101.3402301574277,2.9831997707075288],[101.34030022708379,2.9835402303979777],[101.34033975244097,2.9837001323886625],[101.34040981968013,2.9837998436457269],[101.34069009347064,2.9838995561112256],[101.34062990757076,2.9837198938588472],[101.34049965201478,2.9835096873075031],[101.34034963378025,2.9833803308241045],[101.34037029553139,2.9831701254812515],[101.34044036277061,2.9829599189299074],[101.34074040044811,2.9825296269048636],[101.34077004688288,2.9822601323177764],[101.34092994524826,2.9820301630878703],[101.34114015179961,2.981669939510482],[101.34123986547354,2.9815298014067935],[101.34137011861264,2.9815702258364922],[101.3414599509473,2.9817202440710844],[101.34152013926405,2.981929551549797],[101.3416899201772,2.9821199942140879],[101.34165039240315,2.9817903137271173],[101.3415596634128,2.9815199188590213],[101.34175010607709,2.9812100022591039],[101.3416899201772,2.9811300524721673],[101.34158032516393,2.9810797454946965],[101.34140964638669,2.9808803193552649],[101.34142042559012,2.9807895903649069],[101.34186958363807,2.9805003318907666],[101.3421103320714,2.9802398219873112],[101.34342995792559,2.9786695651520176],[101.34465975144514,2.9775897922838794],[101.34606022374203,2.9767202223417257],[101.34683008001019,2.9763797602344653],[101.34756040850436,2.9757302781829367],[101.34888003315012,2.9742202108728861],[101.34939027737897,2.973859987295441],[101.35039998300795,2.973750392282227],[101.3519900025218,2.973859987295441],[101.35257031398982,2.9739300545346055],[101.35370039383548,2.9738195616572511],[101.3553398200458,2.9733596256143073],[101.35646001855213,2.9729401127926849],[101.35700978692972,2.9726203112281269],[101.35735025024542,2.9723795627947993],[101.35764040537521,2.9722996130078627],[101.35784971164554,2.9724298697722702],[101.35811022396587,2.9728502816664673],[101.35843002311356,2.9736704424952904],[101.35870041798165,2.9739803615120763],[101.35908040544609,2.9741501424252306],[101.35944961008181,2.9745498937767252],[101.35971012361063,2.9747996244767592],[101.35995985431066,2.9749703032540538],[101.36017994220128,2.9750601343802714],[101.3603398417751,2.9753502907184952],[101.36050962268826,2.9756296666448634],[101.36034972311438,2.9751697306019196],[101.36015029697495,2.9749199999018856],[101.35984038037498,2.9747502177802971],[101.359509799607,2.9744798229122011],[101.35893038479469,2.9738195616572511],[101.35859980402671,2.9734198115141908],[101.35807968087545,2.9723795627947993],[101.35808956342316,2.9722996130078627],[101.35825035965269,2.9722304424244044],[101.35858004376496,2.9722600876507386],[101.35908040544609,2.9722403249721197],[101.35944961008181,2.9721199495470501],[101.35994009042366,2.9717498446303239],[101.36019970608828,2.971700437933805],[101.36043955544903,2.9717103168562744],[101.36064976079194,2.9718603375076782],[101.36085996734323,2.9720597636471098],[101.36102974825639,2.9721100682077122],[101.36131002204689,2.9723400374376183],[101.36145016015058,2.9724900556721536],[101.3616100597244,2.9725295822377689],[101.36176007795899,2.9725197008984878],[101.36193974021143,2.972369680247084],[101.36208976086283,2.9723301560983373],[101.36190021606268,2.9722798491208664],[101.36153010993752,2.9722897304601474],[101.36125971506942,2.9721603751851831],[101.36108005281699,2.9720202370814945],[101.3608896101527,2.9719304047468427],[101.36079977902648,2.9718495583042568],[101.36079977902648,2.9717103168562744],[101.36091027190383,2.9715297567396988],[101.36094979846945,2.9713698571658256],[101.3608896101527,2.9712800260396079],[101.36078989647876,2.9712899073789458],[101.36070994669183,2.9714300430657659],[101.36068030388236,2.9715899450564507],[101.36058957247519,2.9716195878659164],[101.36039014875257,2.9716195878659164],[101.36014041442724,2.9715701811694544],[101.3599104476142,2.9716501309563341],[101.35956998550694,2.9718998616564249],[101.35926006769853,2.9720903043207159],[101.35898967403887,2.9720498823078287],[101.35890972425193,2.9719699325208921],[101.35888996036493,2.9718100305302073],[101.35893038479469,2.9717300807432707],[101.3586402296649,2.9719699325208921],[101.35812010651358,2.9719798114433615],[101.35788025473596,2.9719304047468427],[101.35776976185861,2.9718199118694884],[101.35790001862301,2.9716402496170531],[101.35828000608745,2.971030295339574],[101.35845966833989,2.9704499826631263],[101.35844978700061,2.969859789855775],[101.35835995587439,2.9692695958399895],[101.35840038030409,2.9690396266100834],[101.35853961812683,2.9688896083755481],[101.35888996036493,2.9687395889325785],[101.35914957602961,2.9685895706980432],[101.35932025480685,2.9684099084456079],[101.35969035972357,2.9680595662074438],[101.35996973564994,2.9675196767523175],[101.36041979156204,2.9671396892878761],[101.36098034155992,2.9668800772485042],[101.36064976079194,2.9669303842259751],[101.36034972311438,2.9670696220486548],[101.35986014063673,2.9674603887165745],[101.35972000494991,2.9674702700558555],[101.35963017382369,2.9676795787430024],[101.35952956228562,2.9680002757548323],[101.35913969348184,2.9684099084456079],[101.35881989191734,2.9686497578063609],[101.35830964889692,2.9689003887874037],[101.35820005630052,2.9688402028875203],[101.35797996840989,2.9683497225457245],[101.35779042360974,2.9674496095130962],[101.35787037339668,2.9667201776746879],[101.35811022396587,2.9654301958383371],[101.35820005630052,2.9650403270346146],[101.35835995587439,2.96486964825732],[101.35858004376496,2.9647995798096645],[101.35885043500775,2.9647798159226681],[101.35914957602961,2.964820241560858],[101.35934001748547,2.9648903088000225],[101.35951968094633,2.9649100726870756],[101.35982959754625,2.9647995798096645],[101.359470271833,2.9647699345833871],[101.35910016570784,2.9646702209094542],[101.35858004376496,2.9646899847964505],[101.35849021143031,2.9646297988965671],[101.35849021143031,2.9644797782451633],[101.35863034711718,2.9639704355057575],[101.35885043500775,2.9634700738246238],[101.35896991256874,2.9631700361470621],[101.35913969348184,2.9630802038124102],[101.35959963073321,2.9631197291695912],[101.36019970608828,2.9631296105089291],[101.35961040993669,2.9629400657087785],[101.35928971171643,2.9628996436958914],[101.35923042247219,2.9627900486826206],[101.35942984982012,2.9623902973311829],[101.3595897481855,2.9619501239668011],[101.35979007339751,2.9617596813025102],[101.36008022852735,2.9616698501762926],[101.35972000494991,2.961589900389356],[101.35976042696279,2.9607104491079781],[101.35982959754625,2.9602100862184102],[101.35972988749762,2.9596800817278108],[101.35962029248441,2.9594096868597717],[101.35965981663315,2.9592902129240883],[101.35986014063673,2.9591500748203998],[101.35978019084979,2.9588796823691723],[101.35987990452372,2.958659594478604],[101.35992032895348,2.9583900998915169],[101.35981971862384,2.9580999435532931],[101.35972000494991,2.9579202813008578],[101.35979995473684,2.9577603817269846],[101.3600398040976,2.9576903144878202],[101.36020958501069,2.9574702265971951],[101.36017994220128,2.9571899515982523],[101.35972988749762,2.9567902014551919],[101.3595897481855,2.9566096401302389],[101.35964993529382,2.9563096024526772],[101.35992032895348,2.9559700406264255],[101.35987990452372,2.9557301888488041],[101.35963017382369,2.9554103872842461],[101.35940020338535,2.9550896914808504],[101.35941996727234,2.9545695659127205],[101.359509799607,2.9537404204003224],[101.359509799607,2.9531295658418344],[101.35946039291053,2.9528501899154662],[101.35932025480685,2.952599561351235],[101.35906962261737,2.9524001340033692],[101.35916035523303,2.9521099788735796],[101.35935977895559,2.9518297050830711],[101.35940020338535,2.9516302777352053],[101.35927982916866,2.9514200723922954],[101.35901033458163,2.9512799367054754],[101.3586599935519,2.9511901043708235],[101.35840038030409,2.9510903919053249],[101.3582099376398,2.9509502525932021],[101.35798984974923,2.950379823672904],[101.35781018628836,2.9498399366345893],[101.35774011904914,2.9492398612795228],[101.35779042360974,2.9486604476756497],[101.35790989996229,2.9482499171207337],[101.35797996840989,2.9479103540860478],[101.35782995017536,2.9475303678300406],[101.35737989305488,2.9471297186144056],[101.35715980758113,2.9467497311499642],[101.35691007446422,2.9462799125593051],[101.35691007446422,2.9459403507329966],[101.35720022959401,2.9455495840651338],[101.35754967396798,2.9451695966006923],[101.35759998094545,2.944730321100451],[101.35739965694188,2.9439595633428439],[101.35645013721285,2.9408801406869429],[101.35584017931006,2.9392200527254317],[101.35542965238045,2.9383100607704478],[101.35529041093247,2.9379201919666684],[101.35529041093247,2.937750411053571],[101.35531017481946,2.9377297493023775]]],[[[101.23565997863585,2.9270002727968745],[101.23535006203588,2.9269598483671189],[101.23506978462007,2.9269104416706568],[101.23490988504625,2.9268197102634304],[101.23489012236763,2.9267703035669683],[101.23491976759396,2.926669692028895],[101.23506978462007,2.9265996247896737],[101.23560967407525,2.9265699795633964],[101.23571028561332,2.9265295539252065],[101.23588994786576,2.9264199613288042],[101.23588994786576,2.9262699418858347],[101.23578035285249,2.9259402613988641],[101.2357902354002,2.9256698665307681],[101.2357902354002,2.9253500673830786],[101.23565009608814,2.9250096052758181],[101.23558002884891,2.9245200227981627],[101.23543001182281,2.9244104302017604],[101.23511021025826,2.9241301564112518],[101.23500959872018,2.9238903046336304],[101.2350904463712,2.9235803844084103],[101.23543001182281,2.923060261257092],[101.23582975954895,2.9227000376797037],[101.23627981787791,2.92233981168539],[101.23658973447789,2.9221700307722358],[101.23701014637209,2.9222400980114571],[101.23798032664388,2.9223101688759243],[101.23953980427569,2.9225203754272684],[101.23973024573155,2.9225203754272684],[101.24010035185671,2.9226398493628949],[101.24023958967939,2.9229003628917098],[101.24018030164365,2.9232300433786804],[101.23987038141837,2.92352019850847],[101.23928018861102,2.9236495549918686],[101.2389900322728,2.9236899794216242],[101.23891996503363,2.9237798117562761],[101.23832977101785,2.9255297308439481],[101.23822017600463,2.9258100046344566],[101.23821029708216,2.9259896680953261],[101.23824982123091,2.926100159764303],[101.23826958511796,2.9261298061990146],[101.23831988967856,2.9261298061990146],[101.23838007799532,2.9260696166738285],[101.23846990912153,2.9257102909605237],[101.2389900322728,2.924089730773062],[101.2391400529242,2.9239495926693735],[101.23955956453739,2.9237995756432724],[101.2399197905317,2.9236800980823432],[101.24022970834011,2.9234698915309991],[101.24042014979597,2.9232201608309651],[101.24049022066043,2.9231797364012095],[101.24059981325684,2.923200396943912],[101.24073007002124,2.9232695675274272],[101.24089985093434,2.9236998619693395],[101.24118012472485,2.9239998996469012],[101.24141009516319,2.9242801734374098],[101.24146040214066,2.9245703297756336],[101.24141997650247,2.9251200981532293],[101.24144961931194,2.9252997604056077],[101.24156011218929,2.9254398985092962],[101.24217995143141,2.9259195996477274],[101.24225001867057,2.9260696166738285],[101.24222037586111,2.926340009125056],[101.24201017051826,2.9266499293502761],[101.24164994331551,2.9271098653932199],[101.24156999473706,2.927429666957778],[101.24152957151574,2.9279399111866269],[101.24149004495013,2.9287097650379792],[101.2416903689537,2.9277898905352231],[101.24190955898018,2.927179936257744],[101.24216018754436,2.9267900674539646],[101.24243956347073,2.9264100799895232],[101.24255993889585,2.9261603468726207],[101.24255993889585,2.9259303788511488],[101.24242968213144,2.9256599839830528],[101.24186014986685,2.9252997604056077],[101.2416903689537,2.9250895550627547],[101.24164994331551,2.9247203468017346],[101.24165982586322,2.9242397490076542],[101.24155023326688,2.9239801357598481],[101.24120976995118,2.9236702167430053],[101.24108041467622,2.9234896554180523],[101.24106963184749,2.9233396383918944],[101.24116036446316,2.9232399247179615],[101.2412699570595,2.9231797364012095],[101.24142985905019,2.923200396943912],[101.24268031311249,2.9238804220859151],[101.24376008598068,2.9247904176662018],[101.24426044887019,2.9252296931664432],[101.24473026746085,2.9255503913867074],[101.24498987950022,2.9257902407474603],[101.24510037237758,2.9262304165286537],[101.2451704432421,2.9265897422419584],[101.24530968106478,2.9267199965894974],[101.24556030962896,2.9269697297063999],[101.24566002330289,2.9271404084836945],[101.24560971874229,2.9272500034969084],[101.24525039302904,2.9274197856184969],[101.2450204225907,2.9275500411744702],[101.24495035535148,2.9276497548484031],[101.244919812261,2.9278204336256977],[101.24495035535148,2.9279695539960926],[101.24513990015163,2.9281797593389456],[101.24513990015163,2.9279497901090394],[101.24519020471223,2.9277602477257574],[101.24541029260286,2.9276102282827878],[101.24591963896756,2.9274099030707816],[101.2460202492972,2.9272500034969084],[101.24597982486745,2.9270496794933365],[101.24573997550669,2.9267999487933025],[101.24544981916847,2.9265295539252065],[101.24540041005514,2.9263301302025866],[101.2454695806386,2.9261199236512994],[101.24555043070654,2.9260803970856841],[101.2457202116197,2.9261603468726207],[101.24611008042342,2.9266795745766103],[101.24640023676164,2.9271601723706908],[101.24646042266158,2.9274997354054335],[101.24637957501051,2.9277297046353397],[101.2461702663233,2.9280000970865103],[101.24598970620673,2.9283297775735377],[101.24601036795792,2.928549865464106],[101.24626009865796,2.9289199703808322],[101.24635981112345,2.9291301769321763],[101.24647030400087,2.9294904005095646],[101.24641011810093,2.9301300036386806],[101.24629962522357,2.9307103151067508],[101.24611996297114,2.9310399955937214],[101.24575973697682,2.9313499146105073],[101.24512013626463,2.9316795950974779],[101.24505006902541,2.931780206635608],[101.24505995036469,2.9318197332011664],[101.24511025492535,2.9318601588393562],[101.2451704432421,2.9318700377618256],[101.2453195636125,2.9317200207356677],[101.24570044773264,2.9314801689580463],[101.24603013063648,2.9312996076330364],[101.24625021611024,2.9310903025711923],[101.24646042266158,2.9307902648936306],[101.24657990022251,2.9302395962350261],[101.24666973134873,2.9297095905360493],[101.24664996746174,2.9293098403930458],[101.24651971069733,2.9289496168156006],[101.24629962522357,2.9286702396807982],[101.24622955556754,2.9284896795642226],[101.24632028697471,2.9282300663164165],[101.2465897815618,2.9279695539960926],[101.24666973134873,2.9277099407482865],[101.2467200347009,2.927310190605283],[101.24679010556542,2.9272500034969084],[101.24694012379996,2.927329953283845],[101.24795971076821,2.9283998484380049],[101.24869004288763,2.9288597844809487],[101.24923981126523,2.9294697387584279],[101.2491904021519,2.9299000332003402],[101.24914997893057,2.9302395962350261],[101.24915986147829,2.9308495529294305],[101.2491203337043,2.9310696408199988],[101.24896043413042,2.931379557419973],[101.2487196856971,2.931790087974889],[101.24867027900063,2.9320901256523939],[101.24874034623986,2.9323901633299556],[101.24899995948761,2.9330396453814842],[101.24907990927454,2.9333998689588725],[101.24906014780436,2.9336603812792532],[101.24897031667814,2.9339199945270025],[101.24876999146613,2.9341302010783465],[101.24856966746256,2.9345101873343538],[101.24891012715295,2.9342802181044476],[101.24915986147829,2.9339604189567581],[101.24929999716511,2.9335202431755647],[101.24922992871751,2.9328896271468921],[101.24897031667814,2.9322697891132634],[101.24891012715295,2.9320497012226383],[101.24896043413042,2.9317999705226043],[101.24922992871751,2.9312600834842897],[101.24934042159487,2.9309097388293139],[101.24930987850445,2.9304300376909396],[101.24935030414264,2.9300895780004907],[101.24949043982946,2.9299602191002805],[101.2498201227333,2.9299395585575212],[101.25005997088562,2.9300895780004907],[101.25238032010208,2.9322895530002597],[101.25311963327977,2.9331303743718422],[101.25385984432165,2.9340502512914099],[101.25434044332422,2.9348901747987952],[101.25490997438038,2.9360400185314575],[101.25505999503179,2.9366903984471264],[101.25534026882229,2.9372401668247221],[101.2557498990962,2.937860006066785],[101.25634997445127,2.9386199809956679],[101.256940168467,2.9390403904729965],[101.25756000650068,2.9393404281505582],[101.25830021754257,2.9396701110543972],[101.25908983528092,2.9397895849900806],[101.25932968705854,2.9398398919675515],[101.25948958663236,2.9399701463150336],[101.25960996084905,2.9401803516579434],[101.25955965387158,2.9404902718832204],[101.2594204160489,2.940829833709472],[101.25912037837134,2.9410400402607593],[101.25867032366773,2.9410598041478124],[101.25822026775563,2.9412403642643881],[101.25750969952321,2.9417802513026459],[101.25703988093255,2.942049745889733],[101.25648023121568,2.9421997653327026],[101.2563203316418,2.9421997653327026],[101.25649999510267,2.9422797151196391],[101.25710994938015,2.9421395770159506],[101.25792023007813,2.9417299467420435],[101.25849964489043,2.9413203140512678],[101.25945006127517,2.941020276373763],[101.25963960607532,2.9410499216000972],[101.2598695740968,2.941589808638355],[101.26016961177436,2.9430603505912813],[101.26013996533959,2.9448003883396723],[101.26005013421337,2.9465098829976455],[101.26010044119084,2.9471997870620612],[101.26028010344328,2.9478501681861644],[101.26031962880046,2.9484601236720778],[101.26016961177436,2.9504301306503748],[101.25992976241361,2.9508298783765667],[101.25953989360983,2.9509502525932021],[101.25885986846788,2.9508900666933187],[101.25765971775775,2.9504301306503748],[101.25720966184565,2.9502801099989711],[101.25596010564749,2.9502298054383687],[101.25475007601494,2.950069903447627],[101.25325977138345,2.9497896296571184],[101.25215035087217,2.9495704420475022],[101.2512403577087,2.9492596251665759],[101.25020999153702,2.9490700803664254],[101.24975993320805,2.9487601613495826],[101.24924969260451,2.9482597984600147],[101.24876011012685,2.9479400005207594],[101.2483199343456,2.9475303678300406],[101.24796959210749,2.9470901944656589],[101.24778004730734,2.946470355223596],[101.24769021618113,2.9458900437555258],[101.24764979054294,2.9456897197519538],[101.24756984196443,2.9456097699650172],[101.24735963541315,2.9454804134816754],[101.24714044780353,2.9454399878434856],[101.24702995492618,2.9453699206042643],[101.24695988647852,2.9451803758041137],[101.24714044780353,2.9449297448230709],[101.24752043526797,2.9445497573586294],[101.24754019915503,2.9444796889109739],[101.24748989217755,2.9444401647622271],[101.24735963541315,2.9444895714586892],[101.24708026190365,2.9448201522266686],[101.24674968113567,2.9450303551527099],[101.24666973134873,2.9452198999528605],[101.24672991724862,2.945350156717268],[101.24689969816177,2.9455702446078931],[101.24704971881317,2.9455801271556084],[101.24717997195228,2.9455801271556084],[101.24731022871669,2.9456403130554918],[101.2474198237299,2.9458298578556423],[101.24766955442999,2.9469698190405893],[101.24775040449788,2.9473102799394155],[101.248249865898,2.9478501681861644],[101.24851037942676,2.9479804225336466],[101.24896043413042,2.9482696810077869],[101.24949043982946,2.9487898065759168],[101.24985964688204,2.9490997255927027],[101.25136971419209,2.9495398989570845],[101.25172005884707,2.9496099674046832],[101.25256986490223,2.9499198864215259],[101.25316994025729,2.9501300929728131],[101.25378977708249,2.9501202104250979],[101.25536003270935,2.9504103667633217],[101.25589991974761,2.950389705012185],[101.2574701729576,2.9506798613504088],[101.25776033171269,2.9508101169063821],[101.25800017986501,2.9510903919053249],[101.25831998142957,2.9511002732446059],[101.25913025971067,2.9511999869185388],[101.2593997542977,2.9512502902707638],[101.25971955586226,2.9511901043708235],[101.25995042295631,2.9512700541577601],[101.26010044119084,2.9514200723922954],[101.26013996533959,2.9516401602829205],[101.26010044119084,2.952030029086643],[101.25975009895274,2.9531996342894331],[101.25968002929665,2.9540296788744058],[101.25945006127517,2.9545803451161419],[101.2594204160489,2.9551804204712084],[101.25945994382295,2.9555397461845132],[101.25925961861088,2.9558604456131548],[101.25897036134523,2.9561299402002419],[101.25844035322939,2.9563697883525606],[101.25793011262584,2.9565898762431857],[101.25756988663153,2.9569195567301563],[101.25711983071943,2.9573004444756066],[101.25742975094471,2.9571899515982523],[101.25778009197444,2.9571100018113157],[101.25827955699981,2.9567704375681956],[101.25877003613323,2.9565099276646833],[101.25892005436776,2.9565099276646833],[101.25905031113217,2.9565602310169083],[101.25914014225839,2.9566698260301223],[101.25913025971067,2.9571701889196902],[101.25890029289764,2.9590395819430455],[101.25857959467737,2.9600600691923091],[101.25857959467737,2.9603798683399987],[101.25836040344245,2.9615198295248888],[101.25793011262584,2.9634997166340327],[101.25765971775775,2.9646100350095139],[101.25742975094471,2.9651301581608323],[101.25732015472306,2.965689807877709],[101.25727973029331,2.9659602027457481],[101.2571297132672,2.9660895592291467],[101.25679015023246,2.9662296973328353],[101.25627002466433,2.9662503590839719],[101.25564030649986,2.9661802882195047],[101.25430990265062,2.9656098592992066],[101.25377989453477,2.9651598033871096],[101.25315017637024,2.9646199175572292],[101.25177036340773,2.9637898717638791],[101.25072023214057,2.9629697109350559],[101.250040208207,2.9625196562313931],[101.2490197233746,2.9620004285274035],[101.24808996753256,2.9614497622856675],[101.24561960129,2.9596100120717779],[101.24467008156097,2.959179720046734],[101.24384991831533,2.9586003064428041],[101.24311958861273,2.9581798933401728],[101.24271983846967,2.9579301626401389],[101.2425204111218,2.9576498888496303],[101.24222037586111,2.9573498511720686],[101.24142985905019,2.9567201330075932],[101.24050010320815,2.9559601580787103],[101.23990002785314,2.9553502013843627],[101.23922988405042,2.9544402094293218],[101.23858040199889,2.9538095909837807],[101.2378698349749,2.9532795864932382],[101.23749972884974,2.9528097679025791],[101.23664004145536,2.9512996969672258],[101.23601032329083,2.949929767760807],[101.23558002884891,2.948680211562646],[101.23552972428831,2.9478196250956898],[101.2354201292751,2.9474701819301004],[101.23514973682387,2.9469096307237805],[101.23512009159754,2.9462403884105584],[101.23512997414525,2.9458397391949234],[101.23507966716778,2.9456196513043551],[101.23481017258069,2.9451399501659239],[101.23479041111057,2.9446297071455092],[101.23479041111057,2.944169769894188],[101.23491976759396,2.9438697322166263],[101.23527999117141,2.9434798658297723],[101.23551984294903,2.9432804396902839],[101.2355701463012,2.9430998759484623],[101.2354704338357,2.9428303813613752],[101.23526022970123,2.9426300573578033],[101.23519016004519,2.9424800391232111],[101.23523956915852,2.9422303084231771],[101.23564021716567,2.9417200654027624],[101.23571028561332,2.9414101451774854],[101.23568962386213,2.9411496352740301],[101.2355701463012,2.9408603767998898],[101.23534017948816,2.9407103597737887],[101.2350904463712,2.9405801030093812],[101.23503026047132,2.940369896458094],[101.23507966716778,2.9400698587805891],[101.23514973682387,2.9397797036507427],[101.23519016004519,2.9389703220253978],[101.23512009159754,2.9379902592058897],[101.23492964893325,2.9368098723828098],[101.23432957357818,2.9354201804978288],[101.23413014743875,2.9343502853436689],[101.23347976752308,2.9323299774300153],[101.23335041224811,2.9317299020749488],[101.23309978005864,2.9312600834842897],[101.23308001738002,2.930669889468561],[101.23330010527064,2.9301201210909653],[101.23368009273509,2.9294697387584279],[101.23426040420316,2.9288400205938956],[101.23459008710699,2.9285202226546403],[101.23470956104262,2.9282103024294202],[101.23470956104262,2.9278096544222194],[101.23473022279381,2.9276299909613499],[101.23485958169402,2.9274799715183804],[101.23538958618462,2.9271700549184629],[101.23563033582639,2.9271601723706908],[101.23566985997513,2.9271404084836945],[101.23567974252285,2.9270496794933365],[101.23565997863585,2.9270002727968745]]],[[[101.24549024238979,2.9874101734901046],[101.24568966852922,2.9874595801865667],[101.24586034730652,2.9875601917246399],[101.24601036795792,2.9876904484890474],[101.24611008042342,2.987780279615265],[101.24624033477096,2.9879698244154156],[101.24624033477096,2.9881701484189875],[101.24596994231973,2.9884701860964924],[101.24580016140658,2.9886202031226503],[101.24537974951238,2.9888896977097374],[101.24437004388346,2.9893900605992485],[101.2440700062059,2.9896002659421583],[101.2437699685284,2.9898302339636302],[101.24298035079005,2.9902596305414022],[101.24235961368385,2.9906198541188473],[101.24217006888364,2.9907599922225359],[101.24197962742778,2.9910501473523254],[101.24179996396691,2.9913501826129618],[101.24176043619292,2.9914597776262326],[101.24164994331551,2.9915298460738313],[101.24152957151574,2.9915702705035869],[101.24132026282854,2.9915999157299211],[101.24111993882497,2.991619677200049],[101.24096992179886,2.9916699841775198],[101.24074983390824,2.9917301700774601],[101.24102022515103,2.991790358394212],[101.24128971973812,2.9918002409419273],[101.24147028106307,2.991790358394212],[101.2416203005061,2.9917696978514527],[101.24178020007992,2.991699629403854],[101.24197962742778,2.9915100846037035],[101.24214042365736,2.9911696224963862],[101.24219971531841,2.9910303834652723],[101.24225990121829,2.9909100092486369],[101.24235961368385,2.990810295574704],[101.24263988868273,2.9906899213580118],[101.24308994338639,2.990389883680507],[101.2433199126163,2.9902497479936869],[101.24394963078083,2.9898302339636302],[101.24458024922632,2.9894403639514167],[101.24588011119351,2.9888798163703996],[101.24625021611024,2.9886004404440314],[101.24640023676164,2.9884396430060747],[101.2465897815618,2.9884504222094961],[101.24678022422609,2.98856001722271],[101.24696976902624,2.9886597284798313],[101.24755995941672,2.9890999042610247],[101.24764979054294,2.9893298710740623],[101.24760038505491,2.9894295847479952],[101.24748989217755,2.9894897730647472],[101.24734975649073,2.989579605399399],[101.24745036682037,2.9897601655159747],[101.24775040449788,2.9897098585385038],[101.24801989908497,2.989729622425557],[101.248249865898,2.9898401153029113],[101.24843042722301,2.9899703720673187],[101.24875022878757,2.990239866654349],[101.24906014780436,2.9905201404449144],[101.24934042159487,2.9907599922225359],[101.24970962985589,2.9910402660130444],[101.24996025842012,2.9911804016998644],[101.25013992067255,2.9914400137391794],[101.25013992067255,2.991699629403854],[101.24999978498568,2.9921200388811826],[101.24978957964282,2.9923904337492786],[101.24936018548192,2.9930497947232197],[101.24908979061382,2.9933201895913157],[101.2485903292137,2.9936301061912332],[101.24831005542319,2.9937298198651661],[101.24817979865878,2.9937397012045039],[101.24810973021118,2.9937702442949217],[101.24799025385863,2.9939103836070444],[101.24793006795875,2.9940002147332621],[101.24785011575494,2.9941295712166607],[101.24783035428482,2.9941897571165441],[101.24787976098128,2.9942301815462997],[101.2479498282205,2.9942301815462997],[101.24803966055509,2.994240064094015],[101.24814027088479,2.9942203002070187],[101.24817979865878,2.9941403504200821],[101.24823998455872,2.9940199762034467],[101.24831005542319,2.9938897218559077],[101.24838012266241,2.9938600766295735],[101.2485903292137,2.9937998907296901],[101.24872956703638,2.9937100583950382],[101.24902960471394,2.9934899705044131],[101.24923981126523,2.9933004257042626],[101.24977969709511,2.9927596395934302],[101.25008961732033,2.992350009319523],[101.25026029609762,2.9920903960717169],[101.25045972223705,2.9919197148776107],[101.25057021511446,2.9918496464299551],[101.25072023214057,2.9918200012036209],[101.25082982836221,2.991829883751393],[101.25089989560144,2.9918496464299551],[101.25098972672765,2.9918900720681449],[101.25116040913019,2.9919700218550815],[101.25137959673981,2.9921398027681789],[101.25147032573017,2.9922502956455901],[101.25158980208272,2.9924299591064027],[101.25164010906019,2.9926500469970279],[101.25154039538626,2.9928503710005998],[101.25147032573017,2.9930003880267577],[101.25139037594323,2.9931602876005741],[101.25150985229578,2.9931998153746235],[101.25164999160791,2.9930497947232197],[101.25193026539841,2.9929402021268174],[101.25215035087217,2.9929896088233363],[101.2524198454592,2.9931504086781615],[101.25264981468911,2.993330072139031],[101.25325977138345,2.9937298198651661],[101.25369994474784,2.993990333393981],[101.254469801016,2.9944897947941058],[101.25492973826738,2.9948904428012497],[101.2555998820701,2.9953899078266772],[101.25587027331289,2.9955596887398315],[101.25624037943805,2.9957195883136478],[101.25658982622889,2.9959899831817438],[101.25695993114562,2.9962702569722524],[101.25731027338372,2.9965604121020419],[101.25742975094471,2.9967499569021925],[101.2574701729576,2.9967903801235138],[101.2574701729576,2.9969502821141987],[101.25742975094471,2.9970796373891631],[101.25736956141952,2.9972404372440451],[101.25723032359684,2.9974901679440791],[101.25718001661937,2.9976599488572333],[101.25718001661937,2.9979303413084608],[101.25700035436694,2.9979896329695066],[101.2566203669025,2.9979896329695066],[101.25645956946448,2.9980300549823937],[101.25622960023458,2.9982303789859657],[101.25603017530358,2.9984396876731694],[101.25590980108689,2.9985995872469857],[101.25581008741295,2.9987702684411488],[101.25579032473439,2.9988798610374943],[101.2555998820701,2.999189780054337],[101.25544986383551,2.9993397982888723],[101.25565018904757,2.9992104418054737],[101.25587027331289,2.9989903539148486],[101.2560903624119,2.9986103664504071],[101.25618019353811,2.9984298063338315],[101.25627002466433,2.9983103287729023],[101.25637961967755,2.9982195997825443],[101.25654041711556,2.9981998358954911],[101.2566203669025,2.9981998358954911],[101.25693028591928,2.9982303789859657],[101.25701023570622,2.9982600242122999],[101.25710006683244,2.998240261533681],[101.25716025635762,2.9982097184432632],[101.25728961163259,2.9980695827564432],[101.25726985137084,2.998010293512209],[101.25726985137084,2.9977902056216408],[101.25728961163259,2.9976401861786144],[101.25738034062294,2.99738955761444],[101.25753036127435,2.9971200630273529],[101.25763995628756,2.9970095701499986],[101.25773966996155,2.9969700423759491],[101.25785016283891,2.9969502821141987],[101.25806036576495,2.9969996876022833],[101.25834962423903,2.9971200630273529],[101.2589496995941,2.9974497435143235],[101.25947970408464,2.9977902056216408],[101.25967014674893,2.9979195621049826],[101.26018039097778,2.998250142872962],[101.26074992324237,2.9985995872469857],[101.26132035216273,2.9990101178019017],[101.26175962887135,2.9995598861794974],[101.2624198901263,3.0007097299121028],[101.26315022103734,3.0017598599708322],[101.26325981605055,3.0020401337613407],[101.26338019147568,3.00229974700909],[101.26348978407202,3.0028899398164413],[101.26356973385896,3.0032097413809993],[101.26360027694938,3.0036400334060431],[101.26361015828871,3.0039203096134202],[101.26355985372811,3.0044700779910158],[101.26341971562442,3.0047296912388219],[101.26331012061115,3.004869826925642],[101.26326969859826,3.0049398965816749],[101.26332988449821,3.0049902011422773],[101.26338019147568,3.0050297289163268],[101.26351044461478,3.005150103133019],[101.26369010807559,3.0056001578366249],[101.26368022552788,3.0059100780619019],[101.26364968606271,3.0066197460133139],[101.26368022552788,3.0076501121849901],[101.26356973385896,3.0108103849088366],[101.26356973385896,3.012410284553539],[101.26362992217571,3.0128001533573183],[101.26370987196265,3.0134604146122683],[101.26371975330193,3.014199730206883],[101.26353020850178,3.0151501478000569],[101.26339007039809,3.0154798282870274],[101.26315022103734,3.015879579638522],[101.26299032146346,3.0162002778587862],[101.26284030202049,3.0164401272195391],[101.26274957303013,3.0165299583457568],[101.26265974069548,3.0165497222327531],[101.26259955237873,3.0165003155362911],[101.26256002822998,3.0163898226589367],[101.26250972125251,3.016220039328914],[101.26255014568227,3.0159900725158764],[101.26255014568227,3.0158696970908068],[101.26250972125251,3.0158104090550069],[101.26247019589533,3.0158202903943447],[101.2624198901263,3.0158598157514689],[101.26238036476911,3.0159298829906902],[101.26232017886923,3.016089784981375],[101.26226987189176,3.0162999915327191],[101.26217015821783,3.0164500085588202],[101.26204978400114,3.0166000267933555],[101.2619500703272,3.0166197906804086],[101.26182969852738,3.0166296720196897],[101.26170033962717,3.0166000267933555],[101.26144971106294,3.016539840893472],[101.26124040237579,3.0164203633325428],[101.26097989247228,3.0162999915327191],[101.26076968592099,3.0162595671029635],[101.26065020956844,3.0162002778587862],[101.26054959803037,3.0161903965195052],[101.26036005323022,3.0161400895420343],[101.26031962880046,3.0160098351944953],[101.26036005323022,3.0159604260811648],[101.2604202427554,3.0159298829906902],[101.26079034767213,3.0160403758680445],[101.26091970415553,3.0160996675291472],[101.26109038534969,3.0161302082026964],[101.26130957295925,3.0161400895420343],[101.26140030194961,3.016089784981375],[101.26144971106294,3.0160098351944953],[101.26147037281413,3.0159298829906902],[101.26150989696288,3.01583017294206],[101.26151977951059,3.0157403406074081],[101.26145959119384,3.0156496092001817],[101.26142006583666,3.0155804386167233],[101.2613796414069,3.015559778073964],[101.26134999859744,3.0155804386167233],[101.26130957295925,3.0156496092001817],[101.26119997794603,3.01583017294206],[101.26111014681982,3.0158598157514689],[101.26098977139475,3.0158696970908068],[101.26084963570787,3.0158598157514689],[101.26067985479477,3.0157403406074081],[101.26056037844222,3.0157097975169336],[101.25985969154908,3.0157996298515855],[101.25944017993589,3.0156298489384312],[101.25886974980716,3.0154995921740806],[101.25838016732945,3.0154501854776186],[101.25804958656147,3.0153396926002074],[101.25786004176132,3.0151600291393379],[101.2577199060745,3.0149004146831544],[101.25769026084822,3.0146902105486788],[101.25756000650068,3.014439579567636],[101.25750969952321,3.0143596297806994],[101.25722044225756,3.0140703713066159],[101.25677038634547,3.0136598407516999],[101.25672007936799,3.0135996548518165],[101.25671019802871,3.0135098237255988],[101.25671019802871,3.0133103975861673],[101.25675960714204,3.0131001910348232],[101.25683955692892,3.0129600553480032],[101.256940168467,3.0128603416740702],[101.25702999959321,3.0128396811313678],[101.25723032359684,3.0128801031442549],[101.25735968249705,3.0130301237956587],[101.257600429722,3.0132798544956927],[101.2577199060745,3.0133598042826293],[101.25780973720072,3.0133696856219103],[101.25801994375206,3.0132196685958093],[101.25815019809954,3.0130696479444055],[101.2581403179687,3.0129402914610068],[101.25801006241272,3.0129798168181878],[101.25778009197444,3.0129995794967499],[101.25763995628756,3.0129402914610068],[101.25753036127435,3.0128199172443146],[101.25715037380991,3.0125998293537464],[101.25708030657069,3.0124803542096288],[101.25708030657069,3.0123797438799897],[101.25710994938015,3.0122396057763012],[101.25720966184565,3.0119099252893307],[101.25725008748384,3.0115802423854916],[101.25731027338372,3.0111795931698566],[101.25733991861006,3.0105399936660433],[101.25731027338372,3.0095895760728695],[101.25725008748384,3.0092796570560267],[101.25723032359684,3.0089499765690562],[101.25725996882312,3.0082897153141062],[101.25724020614456,3.0077300643887952],[101.25713959460649,3.0072997699468829],[101.25707042402297,3.0071003438073944],[101.25673984325499,3.0066098634655987],[101.25654041711556,3.0064903895299153],[101.2564299242382,3.0063295896750901],[101.25649011255496,3.0065397962263773],[101.25656018100256,3.0067401202300061],[101.25689974282886,3.0072395840469426],[101.25701023570622,3.0075503985110572],[101.25703988093255,3.0079896776365445],[101.25708030657069,3.0088502628951233],[101.25704976348027,3.0095796947335884],[101.25705964481955,3.0102597186671005],[101.25711983071943,3.0108103849088366],[101.25710994938015,3.0115398167473018],[101.25704976348027,3.0121102492929026],[101.25692040458,3.0124201658928769],[101.25660958769902,3.0128998670312512],[101.25649999510267,3.0131999047087561],[101.2564703486679,3.0134604146122683],[101.25651975536442,3.0137299116162239],[101.2566203669025,3.0139401157506427],[101.25681979304193,3.0141000177413844],[101.25702999959321,3.0143497484414183],[101.25731027338372,3.0145599537843282],[101.25734980115777,3.014589596593737],[101.25740010450994,3.0147198533581445],[101.25740010450994,3.014850110122552],[101.25733991861006,3.0149695840581785],[101.25723032359684,3.015109722161867],[101.25702999959321,3.0152399789262745],[101.2568701000194,3.0152597403964592],[101.25672007936799,3.0152804009391616],[101.25634997445127,3.0152399789262745],[101.25604993677371,3.0152804009391616],[101.25588015586061,3.0152597403964592],[101.25579032473439,3.0151896719488036],[101.25568971319632,3.0150800769355897],[101.25557023563533,3.0149004146831544],[101.25551993228316,3.0148096856927964],[101.25551993228316,3.0146803292093978],[101.2555998820701,3.0141503210935525],[101.25566994930927,3.0139598784292616],[101.25566994930927,3.0137900975161074],[101.25565018904757,3.0134900598386025],[101.25554957509263,3.0131999047087561],[101.25543009994851,3.0129798168181878],[101.25527020158313,3.0127103222311007],[101.255149826158,3.0125504226572275],[101.25490997438038,3.0123500986536556],[101.25437996988984,3.0119997564155483],[101.25399998242534,3.01175990463787],[101.25383020151224,3.0115901237247726],[101.25369006340856,3.0114203428116184],[101.25366042059909,3.0113502743640197],[101.25366042059909,3.0110098122567024],[101.25371970863483,3.0106001795659836],[101.25369006340856,3.0103297871147561],[101.25357957053114,3.0100899377540031],[101.25346009659552,3.0099497996503146],[101.25348973940493,3.0103100232277029],[101.25349962074426,3.0105696388923775],[101.25340978961805,3.0111697118305756],[101.2533199572834,3.0113296138212604],[101.25309986939277,3.0114697495080804],[101.25286002124045,3.0114401066986716],[101.2527701889058,3.0114499856210841],[101.25291032459262,3.0115802423854916],[101.25308998805349,3.0116601909639371],[101.25331007594411,3.0117697871856421],[101.25368018206927,3.0119000427415585],[101.25402962523481,3.0121201282153152],[101.25452010557666,3.0124201658928769],[101.25489021411863,3.0126501363312173],[101.25512018093167,3.0129699342704725],[101.25531960827959,3.0132996171743116],[101.25544986383551,3.0135798921732544],[101.25544986383551,3.0138898111900403],[101.25536003270935,3.0142500347674854],[101.25520013071861,3.0144800052058258],[101.25501957060203,3.0148797529319609],[101.2550501136925,3.015109722161867],[101.25519024937932,3.0153396926002074],[101.25535015137001,3.0154798282870274],[101.25563042516052,3.015520252716783],[101.25596010564749,3.0155400166038362],[101.25689974282886,3.0154798282870274],[101.25695993114562,3.0154699469477464],[101.25725996882312,3.0154995921740806],[101.25741986839699,3.0156002025037196],[101.2574701729576,3.015760102077536],[101.25741986839699,3.0159200040682776],[101.25743963228399,3.016079903642094],[101.25748005429688,3.016220039328914],[101.2574701729576,3.0163898226589367],[101.25738034062294,3.0164598911065355],[101.25726985137084,3.01649043419701],[101.25701023570622,3.0163997015813493],[101.2568503361324,3.0163898226589367],[101.25671019802871,3.0164302458802581],[101.25657006234189,3.0164796549935886],[101.25637961967755,3.0165802653232276],[101.2561900748774,3.0166503337708264],[101.25601041262496,3.0166700964494453],[101.25530972573188,3.0168901819232019],[101.25505999503179,3.0169198283579135],[101.25422995044681,3.0169297096971945],[101.25381043762519,3.0169099458101982],[101.2530702265833,3.0168901819232019],[101.25233001312461,3.0167698101233782],[101.2514999709565,3.0166700964494453],[101.25084959104083,3.01649043419701],[101.24959015229496,3.0159002401812245],[101.24819956254584,3.0152696217357402],[101.24739017850362,3.0148896342712987],[101.24735963541315,3.014840228783271],[101.2473003473774,3.0148096856927964],[101.24711978605239,3.0148096856927964],[101.24695988647852,3.0147503964486191],[101.24686017401302,3.0146902105486788],[101.24673979858795,3.0145698363320435],[101.24671015336162,3.0145096480152347],[101.24673979858795,3.0144701226581105],[101.24677034167837,3.0144503587710574],[101.24685029146531,3.0144503587710574],[101.24693024125224,3.0144198156806397],[101.24701019103912,3.0144099343413018],[101.24701019103912,3.0143003417449563],[101.24695000513924,3.0142599161067665],[101.24687993669164,3.0142302708804891],[101.24666973134873,3.014199730206883],[101.24633016589718,3.0141799675282641],[101.24595017843274,3.0140703713066159],[101.24553965150312,3.0139904227281136],[101.24519020471223,3.0139203542805149],[101.24504018647769,3.013870047303044],[101.24492969360034,3.0137802161768263],[101.24482009858707,3.0136796046387531],[101.24478955549665,3.0135897735125354],[101.24481021724779,3.0134999423863178],[101.24488028690388,3.0134397564863775],[101.24505006902541,3.0133598042826293],[101.24588011119351,3.0129699342704725],[101.24626009865796,3.0126896604799072],[101.24669039189143,3.0122800302060568],[101.24693024125224,3.0118901614022775],[101.24722039759047,3.0112496616175122],[101.24742970627761,3.0106298247922609],[101.24764979054294,3.0096300017110593],[101.24776028342035,3.0090200438082775],[101.24778992985506,3.0086301750044981],[101.24780969253362,3.0082699514271098],[101.247869879642,3.0080597448757658],[101.24785011575494,3.0079600312018329],[101.24775040449788,3.0078396569851407],[101.24758960464305,3.0076896399590396],[101.24732999260368,3.0072602433812676],[101.24709014082606,3.0070096148170364],[101.246990429569,3.0068497152432201],[101.24692035991291,3.006520032339381],[101.24694012379996,3.0061400448749396],[101.24703983626546,3.00582024572725],[101.24685029146531,3.0059801453010664],[101.24672991724862,3.0061202809878864],[101.24661044331299,3.0061499262142206],[101.24643976091039,3.0061499262142206],[101.2466400861224,3.0064302012131634],[101.24667961268801,3.0065703393168519],[101.24672991724862,3.0067401202300061],[101.24697964794871,3.0072198213683805],[101.24722039759047,3.0076303507148623],[101.2474701282905,3.0081801203008922],[101.24755995941672,3.00874965135705],[101.24748000962978,3.0094503382501898],[101.24727968562621,3.0102597186671005],[101.24682963092255,3.0113197312735451],[101.24655025378775,3.0118596183118598],[101.24626997999724,3.012229723228586],[101.24575973697682,3.0126600176704983],[101.24514978149091,3.0129600553480032],[101.24485962636112,3.0131100723741042],[101.24447963889668,3.013209786048094],[101.24413019210584,3.0132699719479774],[101.24394963078083,3.0132600906086964],[101.24361006895452,3.0131801408217598],[101.24050998213062,3.0118497357640877],[101.24027013276987,3.01175990463787],[101.24019018298293,3.01161976895105],[101.24019018298293,3.011510173937836],[101.24025036888281,3.0114203428116184],[101.24034020121746,3.0113601532864323],[101.24043991368296,3.0113197312735451],[101.24078037699871,3.0111400690211099],[101.24098968206056,3.010949626356819],[101.2412196524989,3.0105399936660433],[101.24164994331551,3.0098896137503743],[101.24214042365736,3.0093497242952481],[101.24232996845751,3.0090398076952738],[101.24271983846967,3.0085798704438957],[101.24302975748651,3.0081298133234213],[101.24308994338639,3.007700419162461],[101.24299022971246,3.0072099388206652],[101.24285009402564,3.0068901372561072],[101.24290039858624,3.0065900995786023],[101.24293004381258,3.0062199946618762],[101.24311958861273,3.0057699399582134],[101.24326960684726,3.0054797836199896],[101.24345016938071,3.0052300529198988],[101.24354988063777,3.0051096787032634],[101.24358042372825,3.0050099650293305],[101.24353011916764,3.0049803198029963],[101.24331003127702,3.0050503894590292],[101.24314025036387,3.0053297665938317],[101.24302975748651,3.0054303769235275],[101.2429201624733,3.0056603437365652],[101.2427701442387,3.005859771084431],[101.24263988868273,3.0061598087619359],[101.24261024224802,3.0063897755749736],[101.24255005634814,3.0065703393168519],[101.24261024224802,3.0067598841170025],[101.24265965136135,3.0071299890337286],[101.24278002678642,3.0074102628242372],[101.24280966959589,3.0077695897459762],[101.24269019566026,3.0080399809887695],[101.24233985100523,3.0085196821271438],[101.24187003120613,3.0090299263559928],[101.24096992179886,3.0103603302051738],[101.24072018747347,3.0106495886793141],[101.24028989665686,3.0110601192341733],[101.24023958967939,3.01109964338292],[101.24010035185671,3.0111795931698566],[101.23985960221495,3.0112101362603312],[101.23955956453739,3.0112703221602146],[101.23922988405042,3.0112397814866085],[101.23891008248586,3.011190372373278],[101.23851033234286,3.0110295761437555],[101.23767040762704,3.0106001795659836],[101.23732994793659,3.0104995680278535],[101.23718980983296,3.0102902629660093],[101.23703979159836,3.0100297494371944],[101.23709009615897,3.0099399183109767],[101.23718980983296,3.0098096639634946],[101.23731018404959,3.0098096639634946],[101.23745032215328,3.0097602548501641],[101.23758955997596,3.0096901876109428],[101.23782042827844,3.0096003552762909],[101.23785007108791,3.0094700997203176],[101.23778000264025,3.0093497242952481],[101.23768028896632,3.0090901122558762],[101.23758955997596,3.0089697368308066],[101.23746020107569,3.008879905704589],[101.23733982927592,3.008879905704589],[101.23727964095912,3.0089697368308066],[101.23722035292337,3.0092796570560267],[101.23703979159836,3.0094700997203176],[101.23673975392086,3.0096003552762909],[101.23640019209461,3.0096102378240062],[101.23608039053005,3.0095204054893543],[101.23583964088829,3.0093802673856658],[101.23570040306561,3.0091503005726281],[101.23567974252285,3.0088296011439866],[101.23578035285249,3.0086301750044981],[101.23611003575633,3.0079600312018329],[101.2362699353302,3.0075800449458256],[101.23640019209461,3.0072198213683805],[101.23641995356473,3.0068802559168262],[101.23627981787791,3.0062496398881535],[101.2363400037778,3.0057600574104981],[101.23642983490402,3.0053899524937719],[101.23654032778143,3.0051195600425444],[101.23679993982074,3.0047701156685207],[101.23701014637209,3.0046398589041701],[101.23735959074605,3.0045599091172335],[101.23757967863668,3.0046102136778359],[101.23846990912153,3.0046802845423031],[101.23861992735607,3.0046102136778359],[101.23901967870756,3.0041403950871768],[101.23952992172798,3.0034298292716244],[101.2398398383279,3.0031100277070664],[101.24012011574371,3.0028297539165578],[101.24043003234368,3.0025899021389364],[101.2405198634699,3.0024803095425341],[101.24065012023431,3.0024300037734974],[101.24078037699871,3.0024497664521164],[101.24103010769875,3.0028001086902236],[101.24116036446316,3.0028800584771602],[101.24133014537625,3.0028899398164413],[101.24152957151574,3.0027803472200958],[101.2419203381836,3.0024901920902494],[101.24222037586111,3.0022296785614913],[101.24241980079216,3.0021299660959926],[101.24265965136135,3.0019503026351231],[101.24265965136135,3.0018999980745207],[101.24257970278285,3.0018901167352396],[101.24235961368385,3.0019503026351231],[101.24203981332772,3.0021200835482773],[101.24178020007992,3.0023204075518493],[101.24163018305381,3.0024497664521164],[101.24155023326688,3.0025099523519998],[101.24148016240241,3.0025198348997151],[101.24133014537625,3.0025099523519998],[101.24125019558937,3.0024596489998316],[101.2411998886119,3.0024300037734974],[101.24111005748568,3.00229974700909],[101.24111005748568,3.0022000357520255],[101.24110017493797,3.0019503026351231],[101.24110017493797,3.0018802353959018],[101.24091961482139,3.0019898304091726],[101.24072018747347,3.0021802718650292],[101.24042014979597,3.002369817873614],[101.23965029352775,3.0028504156676945],[101.23936013839796,3.0031297915940627],[101.23905022179798,3.0035699649584444],[101.23866035178582,3.0041403950871768],[101.23853009622985,3.0043002970778616],[101.23838996054303,3.0043802468647982],[101.23718980983296,3.0043703643170829],[101.23679993982074,3.0044503141040195],[101.23653044523365,3.0046398589041701],[101.23633012123008,3.0048599467947383],[101.23614956111351,3.005150103133019],[101.23603008355258,3.0053800699460567],[101.23596989765264,3.0057304146010324],[101.23602020463011,3.0063197083358091],[101.23618998554326,3.0067500015692872],[101.23620974701345,3.0069197836908756],[101.23616034031693,3.0071901749336121],[101.23604984743957,3.0075099764981701],[101.23558002884891,3.0084900393176781],[101.23545965463222,3.0086795817009602],[101.23527999117141,3.0088403815558422],[101.2350401418106,3.00888978704387],[101.23474998668081,3.0088403815558422],[101.23453978012952,3.0087002422437195],[101.23435023532937,3.0085196821271438],[101.23413014743875,3.0081998829794543],[101.23406007899109,3.0077803689493976],[101.23405019765181,3.007659993524328],[101.23398013041265,3.0070302753597957],[101.23370973796142,3.0062703016393471],[101.23365044630037,3.0058498885367158],[101.2336396670969,3.0054699022806517],[101.2336998554137,3.0049803198029963],[101.23383999110052,3.0045500277779524],[101.23406007899109,3.0041502764264578],[101.23467991823321,3.0035196616062194],[101.23497995349385,3.0032402844714738],[101.23528987251069,3.0030597219380297],[101.23537970484534,3.0029303654546311],[101.23565997863585,3.0024003609640317],[101.23585042130014,3.0018200482875841],[101.23591959067517,3.0015101292707413],[101.23603008355258,3.0012603961538389],[101.23629957813961,3.0010403106800823],[101.23670022735524,3.000869629485976],[101.23685024679821,3.0007402730025774],[101.23701014637209,3.0005399489990054],[101.23714040313644,3.0002803357511993],[101.23730030271031,3.000099772009321],[101.23753027194022,2.9998698051962833],[101.23806027643076,2.9994502911662266],[101.23843038255592,2.9990900675887815],[101.23870975848229,2.9988699796982132],[101.23891996503363,2.9986903162373437],[101.2392496455206,2.9985798233599894],[101.23929006995036,2.9985304166634705],[101.2392703060633,2.9984603494243061],[101.23916969573366,2.9984100424468352],[101.2389900322728,2.9983902809766505],[101.23885977913369,2.9983902809766505],[101.23873042023348,2.9985097561207681],[101.23861004480835,2.9985995872469857],[101.2384196033525,2.9987603871018109],[101.23821029708216,2.9989696921637119],[101.23788959765352,2.9993496796281534],[101.23767040762704,2.9995095816188382],[101.237440440814,2.9995598861794974],[101.23726975961983,2.999709905622467],[101.23695984181148,3.0001401976475108],[101.23685024679821,3.0003602855381359],[101.23664004145536,3.0005399489990054],[101.23603996610029,3.000869629485976],[101.23589983041347,3.0009702398156151],[101.23582975954895,3.0010600709418327],[101.23571028561332,3.0012496169504175],[101.23565009608814,3.0015002479314603],[101.23564021716567,3.001709556618664],[101.23556026496192,3.0019503026351231],[101.23548031517498,3.0022296785614913],[101.23506978462007,3.0028504156676945],[101.23482005392003,3.0031100277070664],[101.23451013490319,3.0033696409548156],[101.23408972542586,3.0037702889620164],[101.23388041673866,3.0039400710836048],[101.23361002428749,3.0043002970778616],[101.2334195816232,3.0045697916649488],[101.23331986915764,3.0047296912388219],[101.23324979829317,3.0049803198029963],[101.23325967963245,3.0053100027068353],[101.23330998660992,3.0057196329807425],[101.23348965007079,3.006580220656133],[101.23368009273509,3.007050039246792],[101.23385975498752,3.0076501121849901],[101.23385975498752,3.0078198955150128],[101.23381034829106,3.0079995589758823],[101.2336998554137,3.0081001705139556],[101.23356959985773,3.0081199307756492],[101.23338005505758,3.0081100518532367],[101.2330701348323,3.0078998453019494],[101.23211971844756,3.0072997699468829],[101.23118996260553,3.0066404065560732],[101.23079021125403,3.0063098257880938],[101.23063031168022,3.0060897403143372],[101.23052970135058,3.0059100780619019],[101.2305198188028,3.0057600574104981],[101.23056024444099,3.0054699022806517],[101.23058000832805,3.0052399342591798],[101.23079021125403,3.0048096410257017],[101.23094023190544,3.0045895519266992],[101.2313202181615,3.0041403950871768],[101.23191041217723,3.0035897288454407],[101.23232004245114,3.0031603346845372],[101.23277997970251,3.002570141877186],[101.23298030370609,3.0022701041996811],[101.23330998660992,3.0019601839744041],[101.23359026040043,3.0017598599708322],[101.2337896877483,3.0015002479314603],[101.23401965456139,3.0011499032764846],[101.23414002877803,3.0008804086893974],[101.2341696752128,3.0007402730025774],[101.23399001175193,3.0008597469382607],[101.23383999110052,3.0010995987158822],[101.23353007450055,3.001389755054106],[101.23282040413227,3.0019700665221194],[101.23240987357735,3.0023500539865609],[101.23140016794838,3.0034495907417522],[101.23072014280643,3.0042203448741134],[101.2305198188028,3.0044000071265486],[101.23027997065049,3.0045203825516182],[101.2301101885289,3.0045096033481968],[101.22998981431226,3.0044601966517348],[101.22987033675128,3.0042904145301463],[101.22984967620857,3.0042095656706351],[101.22981015085139,3.0040802091872933],[101.22980026951211,3.0038897665229456],[101.22983979366086,3.0035502010713913],[101.22990986452533,3.0030803824807322],[101.23005000021215,3.0027695655998059],[101.23035991922899,3.002379699212895],[101.23060965113746,3.0019700665221194],[101.23095011324477,3.001490365383745],[101.2310695871804,3.0012496169504175],[101.23133010070922,3.0009100539157316],[101.2315403072605,3.0007303904548621],[101.23171996951294,3.0005300664512333],[101.23180980063916,3.0003198611083803],[101.23156995006997,3.000370166877417],[101.23138040406138,3.0005695918084143],[101.23080997514109,3.0012702774931199],[101.23040034486718,3.0016799101838956],[101.23024044287644,3.0020203698742876],[101.23000957578239,3.0024201212257822],[101.22976972642164,3.0027902273509426],[101.22962958831795,3.0032196239287146],[101.22957029907377,3.0037604076227353],[101.22950023183455,3.0041502764264578],[101.22954963853107,3.0043200585480463],[101.22962958831795,3.0046802845423031],[101.2295397559833,3.0049300152423939],[101.22930978917026,3.0050602720068014],[101.22871959636296,3.005080032268495],[101.22845010177588,3.0050396102556078],[101.22810963846018,3.0048599467947383],[101.22794973888631,3.0047296912388219],[101.22777995797321,3.0044700779910158],[101.227590413173,3.0041898042005073],[101.22750956673042,3.0035699649584444],[101.22754010619553,3.003279809828598],[101.22762993853019,3.0029896534903742],[101.22787967164714,3.0024300037734974],[101.2281204176636,3.0021200835482773],[101.22830008354134,3.0019503026351231],[101.22893968425353,3.0012801600408352],[101.22912024437011,3.0011301418062999],[101.22945980740485,3.0006198987858852],[101.22913012691782,3.0008804086893974],[101.22870971381519,3.0011903277062402],[101.22825965911159,3.0014598222932705],[101.2279704006375,3.001740096083779],[101.2277404314076,3.0021497287745547],[101.22740985305649,3.0031100277070664],[101.22734966473968,3.0033399981454068],[101.2272697149528,3.0034603699451736],[101.22717000127881,3.0035403221489787],[101.22708017015265,3.0035502010713913],[101.22699033781799,3.0035304408096977],[101.22693015191805,3.0034702512845115],[101.22680977770142,3.0032600459416017],[101.22647021466668,3.0028198725772768],[101.22632019522371,3.0025395987867114],[101.22615041431061,3.0021703905257482],[101.22606956665953,3.0018398097577688],[101.2259896168726,3.0013798725063907],[101.22606956665953,3.0010403106800823],[101.22617017698917,3.000820222789514],[101.22635972178932,3.0006198987858852],[101.22655016445361,3.0005498303382865],[101.2267199465752,3.0003899283475448],[101.22694003446577,3.0002902182989146],[101.2267199465752,3.0002695565477779],[101.22656992834061,3.0002902182989146],[101.2264603333274,3.0002902182989146],[101.22638038354046,3.0002399113214437],[101.22628965213329,3.0001401976475108],[101.22627977321082,2.999850041309287],[101.22633995911076,2.9997503288437883],[101.22643967157626,2.9996101931569683],[101.22672982791448,2.9993002729316913],[101.22686008467889,2.9990397630281791],[101.22707028760487,2.9987603871018109],[101.22738020783015,2.9984801133113024],[101.22754010619553,2.9984702307635871],[101.2277197696564,2.9985402992112427],[101.22778984052093,2.9985798233599894],[101.22792009366003,2.9986202477896882],[101.22803957122096,2.9985995872469857],[101.22818959066393,2.9985304166634705],[101.22831984501147,2.9984495690124504],[101.22836026944123,2.9984495690124504],[101.22830008354134,2.9983902809766505],[101.22808987819843,2.9984100424468352],[101.22791021473756,2.9984396876731694],[101.22760029572078,2.9982303789859657],[101.22752034593384,2.9982195997825443],[101.22739997050871,2.9982896670217087],[101.2272903754955,2.9983803996373695],[101.22719964650514,2.9984298063338315],[101.22706040868246,2.9985402992112427],[101.22694991580511,2.9986597755637376],[101.22679001381437,2.9988798610374943],[101.22671006402749,2.9989598108244309],[101.22665975946683,2.9990604247793726],[101.22657980726308,2.9991197128151157],[101.22651962136314,2.9991295941543967],[101.22648997613686,2.9991098302674004],[101.22648009721445,2.9990703037017852],[101.22648009721445,2.9988502182280286],[101.22657980726308,2.9985600618898047],[101.22684032079184,2.998250142872962],[101.22716011873109,2.9979096807657015],[101.22757963396958,2.9976698314049486],[101.22786979030781,2.9975099318311322],[101.22807999565072,2.9973500298403906],[101.22838991587599,2.9971703663795211],[101.22866030711873,2.9969601634535366],[101.22894956559287,2.9967903801235138],[101.22929990783098,2.9965496328986205],[101.22959994550854,2.9963304428721358],[101.23027997065049,2.9957303675170692],[101.23073002535415,2.99517970127539],[101.23095999458405,2.9949596133847649],[101.23129955761874,2.9946002876714601],[101.23166966253547,2.9943703196499882],[101.23197958276074,2.9942301815462997],[101.23285004935855,2.9939696716428443],[101.23331986915764,2.9937702442949217],[101.23385975498752,2.9934800891651321],[101.23414991132574,2.9933399510614436],[101.23456044188066,2.9932195792616199],[101.23522968661075,2.9930803378136943],[101.23552972428831,2.9930399158008072],[101.23568962386213,2.9929698449362832],[101.23581988062654,2.9928000640231289],[101.23617022165627,2.9924703835361584],[101.23655020912071,2.9920499716419613],[101.23687988960768,2.9915603891643059],[101.23702002771137,2.9914103709297706],[101.23716016702349,2.9913097606000747],[101.23748984751046,2.9912495722833228],[101.23760034038781,2.9910600274831722],[101.23771981674037,2.9909198917963522],[101.23799020919159,2.990800414235423],[101.23830012820838,2.9907501096747637],[101.23854985890847,2.9907303457877674],[101.23878970826922,2.9906602785485461],[101.23984972087567,2.9902102202196374],[101.24201017051826,2.9890603764869752],[101.2424898704482,2.9887495596060489],[101.24317977451261,2.988349811879857],[101.24429997543581,2.9877596178640715],[101.24470960570972,2.9876599041901386],[101.24528003583845,2.9874398162995135],[101.24549024238979,2.9874101734901046]]],[[[101.26944022460299,2.978320121986485],[101.26921025416465,2.9783102394387129],[101.26872965637057,2.9783102394387129],[101.2686200613573,2.9782401721995484],[101.26853023023108,2.9781395606614751],[101.26852035010023,2.9779302519742714],[101.26853023023108,2.9775601470575452],[101.2687000135611,2.9770499028286963],[101.26885991313492,2.9767498651511914],[101.26913030437771,2.9765899655773751],[101.26959024162909,2.9764103033249398],[101.27020019953187,2.9761102656473781],[101.2712700934776,2.9754401218447128],[101.2716797237515,2.9750295912897968],[101.2721198995327,2.9745597726991377],[101.27234986634573,2.9741797852346963],[101.27254030901003,2.9737899188477854],[101.27256995423636,2.9734000500440629],[101.27249988699714,2.9729095697022103],[101.27241005466254,2.9725403626496245],[101.27220973065891,2.9722600876507386],[101.27189981164213,2.9719402872946148],[101.27235974768507,2.9730398240497493],[101.27241993721026,2.9733704048177287],[101.27240017332321,2.9736803238345715],[101.27223039241011,2.9739803615120763],[101.27187016520736,2.9743702303158557],[101.27111019148691,2.9752703409315586],[101.27066013557481,2.9756197853055824],[101.27019031698416,2.9758201093091543],[101.26975014361977,2.9759898902223085],[101.26931984917786,2.9762899278998134],[101.26898028735161,2.9763501174249996],[101.26839009454426,2.9762998104475287],[101.26809005686675,2.97622974199993],[101.26786996776769,2.9760896038962414],[101.2675798126379,2.9760303158604415],[101.26587031797993,2.9760401971997794],[101.26550021306321,2.9759602474128428],[101.26523970315975,2.9758596370832038],[101.26498008991194,2.9755299541793647],[101.26481030899879,2.9751302052447386],[101.26468005223444,2.9745498937767252],[101.2646001024475,2.9737198491917525],[101.26438001455688,2.9725197008984878],[101.26423987645319,2.9719501686338958],[101.26425964034024,2.9717201994039897],[101.26438989710459,2.9714399244050469],[101.26438989710459,2.9713195501883547],[101.26428030088294,2.971180312365675],[101.2639703818661,2.9709395627239132],[101.26391019596622,2.9707302576620691],[101.26387965287574,2.9699702827331294],[101.26398026320544,2.9694896837306146],[101.26405033406991,2.9690198651399555],[101.26400990964015,2.9687000635753975],[101.26391019596622,2.9680398023204475],[101.2639200773055,2.9668998411355005],[101.26384012872705,2.965219989286993],[101.26379970308886,2.9646899847964505],[101.26378982174958,2.9643603043094799],[101.26383024617928,2.9642498114321256],[101.26400990964015,2.964159980305908],[101.26440965978321,2.964089909441384],[101.26476988336066,2.9640503852926372],[101.26536995871567,2.9640602666319182],[101.26546966997279,2.9640297235415005],[101.26551009440254,2.9639803168450385],[101.26553974083726,2.963889585437812],[101.26551009440254,2.9637997543115944],[101.26536007737639,2.9637000406376615],[101.26456955935703,2.9636703978281957],[101.26416980921402,2.9636703978281957],[101.2640296735272,2.9636398547377212],[101.26385001006634,2.9634898365031859],[101.26377005786253,2.9632401033862834],[101.26371975330193,2.9625996060183297],[101.26393984119255,2.9621001409929022],[101.2643503693306,2.9614497622856675],[101.26474023813432,2.9609296367175375],[101.26476000202132,2.960820044121192],[101.26471957759162,2.9607796184830022],[101.26461986391763,2.9608398043828856],[101.26420035230444,2.9612197918473839],[101.26393984119255,2.961589900389356],[101.2637502963924,2.9616896116464773],[101.26362992217571,2.9616096618595407],[101.26363980351499,2.9614299983986712],[101.2637502963924,2.9608901113603565],[101.26377005786253,2.9598696241111497],[101.26408985942709,2.9573202059457913],[101.26439977844393,2.9561901261001822],[101.26453003279141,2.9551903018104895],[101.26488037623801,2.954189578448279],[101.26509956384763,2.953729641196901],[101.26536995871567,2.9534296035193393],[101.26564035116689,2.9533298898454063],[101.26656022566965,2.9532301773799077],[101.26712975793424,2.9532598226062419],[101.2674702200415,2.9534601466098138],[101.26769030551526,2.953729641196901],[101.26776037637978,2.9539398477481882],[101.26771995074159,2.954189578448279],[101.26710011149953,2.9549800964676365],[101.26697973969971,2.9552998968237034],[101.2668997874959,2.9556700029488638],[101.26718006370328,2.9551498773807339],[101.26755016982844,2.9547797712555735],[101.26784032495823,2.9544402094293218],[101.26829038087033,2.9542596456874435],[101.2688500305872,2.954290188777918],[101.26958036270668,2.9546701762423595],[101.2702496050199,2.9552001843582048],[101.27084968037497,2.9559799195488381],[101.27158001007757,2.9568503873551322],[101.27391024063331,2.9596998431979955],[101.27447977289791,2.960180440992076],[101.2748202325883,2.9606502595827351],[101.27514003415286,2.961389576385784],[101.27534035815648,2.9618001033153973],[101.27564039583399,2.9621199048799554],[101.2756502783817,2.9622798044537717],[101.27558020993411,2.9624702471180626],[101.27532957895301,2.9627298627827372],[101.27489030345282,2.9629104228993128],[101.27455972268484,2.9630200179125268],[101.27428034555004,2.9631996813733963],[101.27400007175953,2.9632401033862834],[101.2736299668428,2.9631601535993468],[101.2733496930523,2.9630802038124102],[101.2730999587269,2.9629903726862494],[101.2727801607877,2.9629499470480596],[101.27257983678408,2.9629903726862494],[101.27218996677192,2.9632796311603329],[101.27262026121383,2.9631197291695912],[101.27296970558785,2.9631197291695912],[101.27325986071764,2.9632095602958088],[101.27354013571659,2.9633595809472126],[101.27370003408197,2.9634197668471529],[101.27398030787248,2.9634700738246238],[101.27426956634662,2.9634000053769682],[101.27455972268484,2.9632598672732797],[101.2748202325883,2.9630900863601823],[101.27513015160514,2.9630298968349393],[101.27541042660408,2.9629499470480596],[101.27562961663057,2.9628098125696738],[101.27574010950792,2.9626597919182132],[101.27582994063414,2.9625699607920524],[101.27590000908174,2.9625501993218677],[101.27599972154729,2.9625996060183297],[101.27617040032453,2.9628098125696738],[101.27638959155945,2.9632499847255644],[101.27653960858555,2.9634898365031859],[101.27655038778903,2.9636200908507249],[101.27647043800209,2.9638204148542968],[101.27625035252834,2.9640503852926372],[101.27583982318185,2.9642498114321256],[101.27547959597916,2.964409711005942],[101.27522986527907,2.964549846692762],[101.27504032047892,2.9647304104346404],[101.27499001712675,2.9648804274607414],[101.27506008436592,2.9650897361479451],[101.27521998393979,2.9652298718347652],[101.27547959597916,2.9654203144990561],[101.27561973408285,2.9655496733992663],[101.27567004106032,2.9655496733992663],[101.27567004106032,2.9655002667028043],[101.27546971705669,2.9652101103645805],[101.27534035815648,2.965069972260892],[101.27529005359582,2.964960377247678],[101.27534035815648,2.9647995798096645],[101.27553978550435,2.9646495603666949],[101.27591977176036,2.964510321335581],[101.27621980943786,2.9643396425582864],[101.27653960858555,2.9641303350795738],[101.2767498151369,2.9640396048807816],[101.27690971350228,2.9640297235415005],[101.2770498528144,2.9641096733284371],[101.27724029427026,2.9644501354356976],[101.27771011406935,2.9653700099384537],[101.27810986421241,2.9660401525326847],[101.27877012546736,2.9668800772485042],[101.27923006271874,2.9674298456260999],[101.27937020082243,2.9677604263940793],[101.27951033650925,2.9681799380072675],[101.27958040737371,2.9685401652100154],[101.27953010039624,2.9696397019651499],[101.27958040737371,2.9704499826631263],[101.27958040737371,2.9710096335884373],[101.27949955730583,2.9714201617264848],[101.27928036969621,2.9719097442041402],[101.27903962005445,2.9722798491208664],[101.27871981969832,2.9725098195592068],[101.27816016877301,2.9726903796757824],[101.27776042104682,2.9727999746889964],[101.27743972161818,2.9729598742628696],[101.27691959604999,2.9736102565953502],[101.27681000345365,2.9737899188477854],[101.27681000345365,2.9739102906476091],[101.27700044611794,2.9741402610859495],[101.27716034569181,2.9745400124373873],[101.27718999091809,2.9749496427112945],[101.27712980260134,2.9753296289673017],[101.27694025780119,2.9757096164318],[101.27668962923696,2.9759898902223085],[101.27637970901174,2.9762800465605324],[101.27585958344361,2.976640272554846],[101.27527029091726,2.9768603580285458],[101.27485976036235,2.9769699530418166],[101.27458038322754,2.9771002098061672],[101.27428034555004,2.9773598230539733],[101.27399019042025,2.9778197590969171],[101.27394976478206,2.9781000328874256],[101.27401983564653,2.9783398846650471],[101.27414020986322,2.9785797340258],[101.27436029533698,2.9788600078163086],[101.27462978992401,2.97923999528075],[101.27494959148856,2.9798400706358166],[101.27505020302664,2.9804096029004086],[101.27503043913964,2.9806296907910337],[101.27499001712675,2.9807895903649069],[101.27499989846604,2.9810896280424117],[101.27506008436592,2.9811300524721673],[101.27514003415286,2.981019559594813],[101.27527029091726,2.9808201334553246],[101.27530981506601,2.9802595858743075],[101.27521010139208,2.9798903776132875],[101.27503043913964,2.9794600831713751],[101.27469986078853,2.978990264580716],[101.27439982311097,2.9784899028995824],[101.27430010943704,2.9781503398648965],[101.27435041399764,2.9777299279706995],[101.27468009690148,2.977340059166977],[101.27506008436592,2.9771100911455051],[101.27567004106032,2.9769097671418763],[101.27626023265918,2.9765899655773751],[101.2767498151369,2.9762899278998134],[101.27709027724416,2.9758901801736215],[101.27728970096672,2.9754697682794244],[101.27739031492166,2.9751302052447386],[101.27736965317052,2.974569655246853],[101.27726005815731,2.9740899541084787],[101.27726994070503,2.9737000877215678],[101.27736965317052,2.9734898811702806],[101.2777298779564,2.9731799621534378],[101.27796972610872,2.9729401127926849],[101.27850961556385,2.9727802108020001],[101.27886983914129,2.9727200249020598],[101.27903962005445,2.9727299074498319],[101.27918963828898,2.9728601605888798],[101.27926959049279,2.9730101812403404],[101.27911956984138,2.9742300922121672],[101.27918963828898,2.974840050114949],[101.27938008337014,2.9754203615829624],[101.27945015060936,2.9758003490474039],[101.27939984363189,2.976069843634491],[101.27924982660574,2.9762998104475287],[101.27907016314492,2.9764300672119361],[101.2787503627888,2.9764399485512172],[101.27848985167685,2.9764902531118196],[101.27826976378623,2.9766097294643714],[101.27809010153385,2.9767696290381878],[101.2780002691992,2.9770301425670027],[101.27803979697319,2.9772502268323251],[101.27819969654706,2.9774496541801909],[101.27854015623745,2.9777101640837031],[101.27913034904481,2.9782500535388294],[101.27925970794507,2.9783803078863684],[101.27911956984138,2.9780497295352575],[101.27887972168901,2.9777901162874514],[101.27850961556385,2.9775296039671275],[101.27829042553742,2.9772897546063177],[101.27819969654706,2.9770597853764684],[101.27822035708977,2.9768603580285458],[101.27835959491244,2.9766995617990233],[101.27861022710198,2.9765998481250904],[101.27893002504123,2.9765396622251501],[101.27926959049279,2.9764695913606829],[101.27944026927003,2.9763599987642806],[101.27961005018318,2.9761497922129934],[101.27968011863084,2.9759198229830872],[101.27964957795723,2.975500311369899],[101.27951033650925,2.975040374118521],[101.27940972617961,2.9746397249029428],[101.27938996229256,2.9741600249729458],[101.27943038672231,2.9735204242607551],[101.27952021905696,2.9729499917150974],[101.27961993152246,2.9725798867983713],[101.27974030694759,2.9721998993339298],[101.27991008786074,2.9718396757564847],[101.27998015509991,2.9713402119395482],[101.27997027376063,2.9706898320238793],[101.27992985174774,2.9700699964070623],[101.27992985174774,2.9692597145007085],[101.27997027376063,2.9687503705528684],[101.28001968287396,2.9686003511098988],[101.28015981856078,2.9684602154230788],[101.28029007532518,2.9684296723326042],[101.28044009235128,2.9684503328753635],[101.28067006278962,2.9686398776755141],[101.28125037425764,2.9691600008267756],[101.28163036172214,2.969530106951936],[101.28203999441286,2.9697196517520865],[101.28263018722021,2.9699002118686622],[101.28304970004183,2.9699397396427116],[101.28346023059675,2.9700403499723507],[101.28371984263606,2.9701400636462836],[101.28391028530035,2.9702900806723846],[101.28403964420062,2.9704598627939731],[101.28402976286134,2.9707095959108756],[101.28385998073975,2.971180312365675],[101.28341980495856,2.9717902690600226],[101.28311976728105,2.9720696425695792],[101.28267959391667,2.972219663220983],[101.28236967489983,2.9723499199853336],[101.28203011186514,2.9725798867983713],[101.28171031150902,2.9727604469149469],[101.28123959505422,2.9728502816664673],[101.28081020089331,2.9730497053890872],[101.28053980602522,2.973339861727311],[101.28040955167768,2.9736300168571006],[101.280449974899,2.9739102906476091],[101.28064041756329,2.9742696175693482],[101.28103028636707,2.9748598103766426],[101.28209029776502,2.9758901801736215],[101.28263018722021,2.9762998104475287],[101.28289968180729,2.9765800842380372],[101.28305958138111,2.9768396962774091],[101.28322037881912,2.9775700283968831],[101.28320959840721,2.9777496918576958],[101.28304970004183,2.9779904414994576],[101.28285027269396,2.9781898652220775],[101.28278020545474,2.9783497672127623],[101.2827999693418,2.978530327329338],[101.28294010502862,2.9788097044641404],[101.28302005360706,2.9793702520451575],[101.28302993615483,2.9796101038227789],[101.2830802431323,2.9797700033966521],[101.28311976728105,2.979799646206061],[101.2832302601584,2.9798104278264077],[101.28333985517162,2.9797897660752142],[101.28338028080981,2.9797098138714659],[101.28334973771933,2.9795499142975927],[101.28319971706793,2.9793495902940208],[101.28310988594171,2.9791402852321198],[101.28315031037147,2.9788896530426427],[101.28315031037147,2.9787396360165417],[101.28307036058453,2.9784800203518671],[101.28304970004183,2.9782796963482951],[101.28324014270612,2.9779697797483209],[101.28340004107156,2.9776904038219527],[101.28335961905867,2.9774200089538567],[101.28324014270612,2.9770804459191709],[101.2832500240454,2.97689000325488],[101.28329044847516,2.9767498651511914],[101.28340992361927,2.9766600340249738],[101.2836497753969,2.9767202223417257],[101.28437022255173,2.9770400214894153],[101.28514007881995,2.9774397716324756],[101.28588028986184,2.9779598972006056],[101.28644982212643,2.9785096667866355],[101.287349935159,2.9797601208489368],[101.28770027618873,2.9803098892264757],[101.28809014620089,2.9809297284685954],[101.28785029684013,2.9815199188590213],[101.28774968530206,2.981929551549797],[101.28728974925912,2.9827398334561508],[101.28705977882078,2.9832698379467502],[101.28696006514684,2.9834899258373753],[101.28622973665267,2.9843801575306657],[101.28613990552645,2.9846200068914186],[101.28611025909174,2.9848903981342119],[101.28618032753934,2.9851796566082953],[101.28619020887862,2.9854401665118075],[101.28613002297874,2.9856899008371443],[101.28598988487505,2.9859001061799972],[101.28574015417502,2.9861201916537539],[101.28537993059757,2.9868496234922191],[101.28524967383316,2.9872700353864161],[101.28516972404623,2.9876401415115765],[101.28486968636872,2.9881099601022356],[101.28455976735188,2.9884297616667936],[101.28416001600044,2.9887199167965832],[101.28373960652311,2.9888402922216528],[101.28314042903219,2.9887998665835198],[101.28264006735105,2.9886300856703656],[101.28234991101283,2.9883902338927442],[101.28217024755196,2.9880398916545801],[101.28216036862955,2.9877299726377942],[101.28224031841648,2.9871002544732619],[101.28243974213905,2.9863196190016197],[101.28246040389018,2.9860096987763995],[101.28234003209042,2.9855596440727368],[101.28234003209042,2.9852299635857662],[101.2824002179903,2.9849200445689235],[101.28214958700926,2.9851500113819611],[101.28198968743538,2.9854599303988039],[101.28199956877467,2.9859198676501819],[101.2821001803128,2.98637980490156],[101.28211006165208,2.9868100981350381],[101.28191961898779,2.9873904108114857],[101.28173007418764,2.987879993289198],[101.28135996927091,2.9882599795452052],[101.2811003560231,2.9884297616667936],[101.28090991456725,2.9884800650189618],[101.2807203697671,2.9884504222094961],[101.28055956991227,2.9883201666535228],[101.28044009235128,2.9881800309667028],[101.28038978899912,2.9878602294021448],[101.28036014256435,2.9872996806126935],[101.28031972055146,2.9869601163695734],[101.28022000687753,2.986590010244413],[101.28009963266089,2.98637980490156],[101.27978971364405,2.9861103103144728],[101.27961993152246,2.9860096987763995],[101.27941960751889,2.9858300365239643],[101.27921029883174,2.9855497615250215],[101.27902973871517,2.9852398425081788],[101.27878000801508,2.9850700615950814],[101.27840002055063,2.9850098756951411],[101.27820957788634,2.9849595687176702],[101.2780002691992,2.9847799052568007],[101.2778798949825,2.9845696999139477],[101.27769035018235,2.984080119853104],[101.27764992816947,2.9838995561112256],[101.27711003871434,2.9833003810372247],[101.27688007069287,2.9829895641562416],[101.27678035822731,2.9827802554690379],[101.27673993258918,2.9825996953524623],[101.27676957902389,2.9824200318916496],[101.2769797843668,2.9822098265487398],[101.27734000794419,2.9821397581011411],[101.27765980950875,2.9821397581011411],[101.27778018130857,2.9820499269749234],[101.27792031941226,2.981919670210516],[101.27794008329926,2.9816995823198909],[101.27740019384413,2.9809000832422612],[101.2770300889274,2.9806799953516361],[101.27636982767245,2.980699758030255],[101.27608955388195,2.9808902006945459],[101.27596019739855,2.9809503902197321],[101.27610033308537,2.9809602691421446],[101.2761802828723,2.9809503902197321],[101.27698966691452,2.9808902006945459],[101.27743972161818,2.9812800707067026],[101.27754033194782,2.9814300877328037],[101.27754033194782,2.9815899897235454],[101.27746038336932,2.9817498892973617],[101.27729958351449,2.9818298390842983],[101.27708039590487,2.9818900274010502],[101.27678035822731,2.9820696908619198],[101.27655038778903,2.9822601323177764],[101.27641025210215,2.9823903866653154],[101.27636982767245,2.9825502886560002],[101.2763500637854,2.9828000193560911],[101.27638959155945,2.9829599189299074],[101.27685042546653,2.9833902133718198],[101.27724029427026,2.983710011311075],[101.27736965317052,2.9839202178624191],[101.27749990751806,2.9844601073175454],[101.27756009583482,2.9847700239175197],[101.27769035018235,2.9849595687176702],[101.27786013351238,2.985109589369074],[101.27796972610872,2.9852299635857662],[101.27799038785986,2.9853296736343964],[101.27799038785986,2.9854204062500571],[101.2778996588695,2.9856000685024924],[101.2776202817347,2.985820153976249],[101.27744960295746,2.9859899385146491],[101.27739031492166,2.9862899725669081],[101.277599621192,2.9861399555407502],[101.27779994519557,2.9859602920799375],[101.27795984476944,2.985769850624024],[101.27814040730289,2.9856395938596734],[101.2783200707637,2.9855803058238735],[101.27832995210304,2.9855102373762747],[101.27838025666364,2.9854500490595228],[101.27844044498039,2.9853997444989204],[101.27861022710198,2.985360216724871],[101.27880965082454,2.9854401665118075],[101.27907016314492,2.9856395938596734],[101.27937020082243,2.9860501244145894],[101.2796001688439,2.9863501620920943],[101.27968999997012,2.9864902977789143],[101.27961005018318,2.986590010244413],[101.27913034904481,2.9868999304696899],[101.2787000582282,2.9872700353864161],[101.27867041300186,2.987330223703168],[101.27863986991139,2.9874802419377033],[101.27850961556385,2.9877497365247905],[101.27840990188992,2.9878395676510081],[101.27809010153385,2.9879698244154156],[101.27819969654706,2.9880003675058333],[101.27839013921135,2.9879401791890814],[101.27862998736367,2.9877901609545461],[101.27873958237694,2.9876401415115765],[101.27879977190213,2.9874703593899881],[101.27883031136724,2.987330223703168],[101.27893990758895,2.9871900855994795],[101.27962981407023,2.9867597923660014],[101.27984002062152,2.9866996064660611],[101.27996039483821,2.9867499122351546],[101.28002956542167,2.9868496234922191],[101.28004034462509,2.9875997182902552],[101.28006010488684,2.9882096737761685],[101.28004034462509,2.9884099977797405],[101.28011041186431,2.9886202031226503],[101.28026043009885,2.9887899852441819],[101.2803996703384,2.9888097491312351],[101.2806997080159,2.9887801026964667],[101.28133032404457,2.9886004404440314],[101.28156029327448,2.9885097114536734],[101.28181990652229,2.9884603047572114],[101.28198968743538,2.9884504222094961],[101.28214958700926,2.9884899475666771],[101.28264994869033,2.9888196304705161],[101.28287003658096,2.9888995802574527],[101.28316019291918,2.9889804279084728],[101.28341980495856,2.989010073134807],[101.28355006172296,2.989010073134807],[101.28369019740978,2.9890801403740284],[101.28385009940047,2.989259803834841],[101.28401988031362,2.9894798917254661],[101.28409983010056,2.9896299087515672],[101.28410971143984,2.98977004806369],[101.28406030595181,2.9899802534065998],[101.28341980495856,2.990719566584346],[101.2830802431323,2.9910896727095064],[101.2828296121512,2.9914301348167669],[101.28257988145117,2.9920104462847803],[101.28189985630917,2.9938097696521027],[101.28150998629701,2.9946703573275499],[101.28108957681968,2.9954303322564328],[101.28068982667662,2.9960699329686804],[101.28021012553825,2.9965900549115077],[101.27956962575342,2.9970401132404163],[101.27890038223177,2.9975602363917346],[101.27867041300186,2.9976698314049486],[101.27849973422457,2.9977003744954231],[101.27840002055063,2.9976599488572333],[101.2783003068767,2.997599762957293],[101.27818981399935,2.9975602363917346],[101.27808021898608,2.9976204247084866],[101.2780002691992,2.9977102558347042],[101.2780002691992,2.9978800379562358],[101.27795984476944,2.9980300549823937],[101.27786013351238,2.9981701930860822],[101.27771999540869,2.9983300926598986],[101.27764992816947,2.9984801133113024],[101.27758973864428,2.9987603871018109],[101.27756009583482,2.9990999489281194],[101.27749002617878,2.9992903915924103],[101.27741995773113,2.9994404110353798],[101.27732024405719,2.9995302433700317],[101.27701032745722,2.9995796500664937],[101.27688995324058,2.9995500036317253],[101.27676957902389,2.9994700550532798],[101.27661955837249,2.9992796123889889],[101.27655038778903,2.9989696921637119],[101.27649020188909,2.9986498942244566],[101.27643001598921,2.9984001598991199],[101.27632042097599,2.9981800756337975],[101.27599972154729,2.9978998006348547],[101.2757499908472,2.997599762957293],[101.27516967937919,2.9967499569021925],[101.27458038322754,2.9955803504909682],[101.27448965423719,2.9952398871752735],[101.27430999198475,2.9949299705752992],[101.27408990409418,2.9947000001369588],[101.27390035929403,2.9944098450071692],[101.27377010252962,2.9941196886689454],[101.27371979796902,2.9937702442949217],[101.27368027019497,2.9933201895913157],[101.27367039127256,2.9932698826138449],[101.27356977852605,2.9932698826138449],[101.27316014825215,2.993020151913754],[101.2729499417008,2.9928000640231289],[101.27277027823993,2.9925197902326204],[101.27249988699714,2.9920697355290145],[101.27228968044585,2.9917400514167412],[101.27212978087204,2.9912396897356075],[101.27204982866823,2.9910995540487875],[101.27178033408114,2.9905902076840789],[101.2715701311551,2.9902802910841046],[101.27111019148691,2.98977004806369],[101.27067989946181,2.9891897353872423],[101.27032955480684,2.9886202031226503],[101.26956958108639,2.9867597923660014],[101.26933961306491,2.9863196190016197],[101.26898028735161,2.9857599680763087],[101.26879972723503,2.9854500490595228],[101.2686200613573,2.9852200810380509],[101.26857963934441,2.9849802304688637],[101.26838021199654,2.9844798675792958],[101.26801010707982,2.9841097626625697],[101.2677702553022,2.9837603182885459],[101.26748009896397,2.9830802931465996],[101.26619011954449,2.9809503902197321],[101.26620988343149,2.9809198471292575],[101.26627006933143,2.9809099645815422],[101.2662997145577,2.9808704368074928],[101.26590984575398,2.9805200957778197],[101.26559004418942,2.9800296154359671],[101.26536007737639,2.9794502018320941],[101.26511034425948,2.9786102771162746],[101.26492978293447,2.9778799486221033],[101.26484983314754,2.9768702405763179],[101.26490014012501,2.9764399485512172],[101.26495044468561,2.9762701676381198],[101.26511034425948,2.976169553683178],[101.26750974419025,2.9762998104475287],[101.26797956398934,2.9764300672119361],[101.26821043108339,2.976689679251308],[101.26834966890607,2.9769798355895318],[101.26834966890607,2.9772601093800404],[101.26823019497044,2.9776904038219527],[101.26822031242273,2.9779500158613246],[101.26830026220961,2.9781000328874256],[101.26850957089681,2.9783704277555216],[101.26888955836125,2.9784997842388634],[101.26962976940314,2.9788303650068997],[101.26976990508996,2.9790001459199971],[101.26981032951971,2.979510390148846],[101.26988039796731,2.9798400706358166],[101.26998011164125,2.9800996838836227],[101.27021008087115,2.9804302646516021],[101.27053976135812,2.9808803193552649],[101.27074008536175,2.9808803193552649],[101.27037986178431,2.9803898390134123],[101.27015977389368,2.9800296154359671],[101.27005018129734,2.9797295777584623],[101.27004029995805,2.979310066145274],[101.26998999298058,2.9790001459199971],[101.26993968841998,2.9787998219164251],[101.26982021206743,2.9786102771162746],[101.26959024162909,2.9784000705649305],[101.26944022460299,2.978320121986485]]],[[[101.23617022165627,2.9017998365213771],[101.2364397162433,2.9018097178606581],[101.23689965349467,2.9018797850998794],[101.24111005748568,2.9021600600988222],[101.24196974488007,2.9022498912250398],[101.24271983846967,2.9024502152286118],[101.24382027550587,2.9026999459286458],[101.24442034723563,2.9029496802540393],[101.24513990015163,2.9031697645193049],[101.24558995485529,2.9034401593874009],[101.24591963896756,2.9036503659387449],[101.24657990022251,2.903839908322027],[101.24679998448784,2.9040195717828965],[101.24732999260368,2.9046196459295288],[101.24779981119434,2.905030176484388],[101.24840976547182,2.9052799071844788],[101.24905026646508,2.9052897897321941],[101.24951020250802,2.9055098776228192],[101.250040208207,2.905589827409699],[101.25049026532753,2.9054496893060104],[101.25169041362079,2.9051801947189801],[101.25239020264979,2.9052403830357321],[101.25309986939277,2.9055700635227026],[101.25397033719906,2.9058701012002075],[101.25474019346723,2.9063498023386387],[101.25530972573188,2.9069399951459332],[101.25601041262496,2.9078095650880869],[101.2565997051513,2.9081599073261941],[101.25687998135868,2.9083602313298229],[101.2571297132672,2.9087303362465491],[101.25762019240057,2.9096097887364181],[101.25795975543525,2.9104299483567502],[101.25822026775563,2.9108898856081282],[101.25853018556404,2.9113201800500406],[101.25871973036419,2.9119498982145728],[101.2588904115583,2.9121403408788638],[101.2590197680417,2.9124403785563686],[101.25902964938098,2.9127404162339303],[101.25885986846788,2.9130395560472948],[101.25848976234272,2.9136504106057828],[101.25900988549398,2.9133297111770844],[101.25919044923586,2.913300065950807],[101.25928028036208,2.913360254267559],[101.25931980571926,2.9134896107509576],[101.25937011148829,2.9139396666630546],[101.25952012972283,2.9145900477871578],[101.25955965387158,2.9153697841861685],[101.25961984218833,2.9158899097542985],[101.25980040351334,2.9163202041962677],[101.25992976241361,2.9167199519224027],[101.26000971220049,2.9174404014941615],[101.26011032253018,2.9183000900969773],[101.26028998599099,2.9194903558425267],[101.26037981711721,2.9202503307714096],[101.26037981711721,2.9208800513528104],[101.26031962880046,2.9213301060564163],[101.26024956035286,2.9226596132499481],[101.26029986733033,2.9238597615432127],[101.26014984788731,2.9247302281410157],[101.2598695740968,2.9255800341961731],[101.25983993128739,2.9259501427381451],[101.25989023463956,2.9265196725859255],[101.25975009895274,2.9267703035669683],[101.25963960607532,2.9268700172409012],[101.25933956839782,2.9268996600503669],[101.25891017182005,2.926860134693186],[101.25849964489043,2.9267199965894974],[101.25822026775563,2.9267397604764938],[101.25799029852573,2.9268897799195202],[101.2577702106351,2.9268897799195202],[101.25751958207093,2.9267801849062494],[101.25788968698765,2.9270802225838111],[101.25818972466516,2.9270999840539389],[101.25859037388079,2.9270595620410518],[101.25887963235488,2.9271296292802731],[101.25910959916791,2.9272401221576274],[101.25952012972283,2.9272697673839616],[101.25962972473604,2.9273595997186135],[101.25969979197527,2.9275500411744702],[101.25974021761346,2.9280396212352571],[101.25989023463956,2.928510340106925],[101.26000971220049,2.9289999201677688],[101.25997018442649,2.9293897901799255],[101.25983993128739,2.9298596087705846],[101.25983004873967,2.9302899020041195],[101.2598695740968,2.9312304382580123],[101.25968002929665,2.9329201678204981],[101.25970967452298,2.93353012572328],[101.25988035330028,2.9347698005821599],[101.2598695740968,2.9351300241595482],[101.25978962430992,2.9355297755110428],[101.2598695740968,2.9362403437434637],[101.25988035330028,2.936770348234063],[101.25967014674893,2.9373299979509397],[101.25954977494911,2.9379300733060063],[101.25961984218833,2.9384196557836617],[101.25976986042286,2.9389703220253978],[101.25971955586226,2.9392200527254317],[101.25954977494911,2.9394500231637721],[101.25938987295842,2.9395802799281796],[101.25913025971067,2.9395703973804643],[101.25840981255578,2.9393700733768355],[101.25731027338372,2.9389496614826385],[101.25654041711556,2.9383801292180465],[101.25592956255707,2.937589611198689],[101.25528996184482,2.9365601416827189],[101.2548497884805,2.935330348163177],[101.25431978157303,2.93419038697823],[101.25324000870489,2.9328402180335615],[101.25087025279197,2.9304803446684105],[101.25058009645375,2.9300698141134944],[101.25054955336327,2.9297500161742391],[101.25046960478483,2.9296601838395873],[101.25019022765002,2.9296296407491127],[101.24978957964282,2.9295398096228951],[101.24952008505574,2.9293197217323268],[101.24872956703638,2.9286100537808579],[101.2486999218101,2.9283297775735377],[101.24877987401385,2.927980333199514],[101.24884994125307,2.9274799715183804],[101.24884005991379,2.9270299156063402],[101.24889036689126,2.9267496418158316],[101.24922992871751,2.9262097559859512],[101.2494203713818,2.9258396498607908],[101.24962968006901,2.9247203468017346],[101.24988030863318,2.9238202361860317],[101.25040043420131,2.9230503799178109],[101.25049026532753,2.9227701061273024],[101.25050014787524,2.9226596132499481],[101.25041031554059,2.9227395630368278],[101.25002044673687,2.9233602989346537],[101.24965034182014,2.9239001859729115],[101.2494401352688,2.9247499920280688],[101.2492703543557,2.9255503913867074],[101.24902960471394,2.9261199236512994],[101.2487196856971,2.9266795745766103],[101.24863973591016,2.927310190605283],[101.2485903292137,2.927889604209156],[101.24839000521013,2.9281303538509178],[101.248269629785,2.9281797593389456],[101.24808996753256,2.9280998107604432],[101.24766955442999,2.927639873509122],[101.24636969367123,2.9264397227989889],[101.24589987508051,2.9258701905343969],[101.24583968555532,2.9255000856176707],[101.24620979409735,2.9243502406765742],[101.24624033477096,2.9236800980823432],[101.24611996297114,2.9231500935917438],[101.24584956810304,2.9226703924533695],[101.24537974951238,2.92219967599857],[101.24490004837401,2.9218196885341285],[101.24474014880019,2.9214900056302895],[101.2446197745835,2.9207596771361182],[101.24477967415731,2.9204398755715602],[101.24505006902541,2.9202700946584059],[101.24575973697682,2.9199700569809011],[101.24632028697471,2.9195900695164596],[101.24650982935805,2.919510119729523],[101.24667961268801,2.9195604267069939],[101.24695000513924,2.9198200387463658],[101.24726980428693,2.9199502930939047],[101.24755008049431,2.9198398026333621],[101.2478402356241,2.9195999508557406],[101.24783035428482,2.9195397649558572],[101.24776028342035,2.9195298836165762],[101.24728956696549,2.919619714742737],[101.24693024125224,2.9195801869687443],[101.2466400861224,2.919260389029489],[101.24654037244846,2.9189396896007906],[101.24652959324504,2.9189199257137943],[101.24643976091039,2.9190196393877272],[101.24634004844489,2.9192702703687701],[101.24608043519709,2.9195496475035725],[101.24566990464223,2.9197796143166102],[101.24503030513841,2.9199601744331858],[101.24460989203578,2.9201901448715262],[101.24450030064781,2.9204102327620944],[101.24443022978335,2.9210103057002925],[101.24453982479656,2.9217199760686299],[101.24482998113484,2.9220900809853561],[101.24538963085172,2.9224799497890785],[101.24561960129,2.9227701061273024],[101.24596006098045,2.923569605204932],[101.2458899925328,2.9245299041374437],[101.24570044773264,2.9252701175961988],[101.24556030962896,2.9254596623963494],[101.24538963085172,2.9256195619701657],[101.24519020471223,2.925630341173644],[101.24493957614806,2.9254704415997708],[101.24432961824527,2.9249503160316408],[101.24369990008074,2.9243700045635705],[101.24242968213144,2.9234600126085866],[101.242049694667,2.9232902292785639],[101.24161041916676,2.92300007294034],[101.24117024580244,2.9226596132499481],[101.24093039402482,2.922290404988928],[101.24087020812487,2.9219104175244865],[101.24075971524752,2.9207803376788206],[101.24082978369518,2.920079651994115],[101.24095015791181,2.9196996645296736],[101.24129960228584,2.9192900318388979],[101.24226978255763,2.9185004141005493],[101.2424898704482,2.918189597219623],[101.24249974937067,2.9180395765682192],[101.24243956347073,2.9178302715063182],[101.24242968213144,2.9175796405252754],[101.24255005634814,2.9171502463643151],[101.24296956916976,2.9164702212223688],[101.24344028804143,2.9157201288412011],[101.24354000171536,2.9153904447289278],[101.24354000171536,2.9150697489255322],[101.24346993085084,2.9148101332608576],[101.24326960684726,2.9144301457964161],[101.24318965706033,2.913960327205757],[101.2433495566342,2.9133701343984058],[101.24343040549365,2.9130000282732453],[101.24341962629023,2.9124700237827028],[101.24311958861273,2.9133503729282779],[101.24301987614723,2.913950445866476],[101.24308006204711,2.9144696735704656],[101.24323008149008,2.9148999655955095],[101.2432399640378,2.9153904447289278],[101.24285009402564,2.9162097113188565],[101.24219971531841,2.9171403638165998],[101.24209012030519,2.9174799268513425],[101.24217995143141,2.9176901321941955],[101.24225001867057,2.9179704071931383],[101.24214042365736,2.9182399017802254],[101.24166970720256,2.9186800775614188],[101.2412699570595,2.9189998755006741],[101.24101034381175,2.919089707835326],[101.24076959779524,2.9190097580483894],[101.24034020121746,2.9185695846840645],[101.23914993426354,2.9178302715063182],[101.23849955313943,2.9173999770644059],[101.23822017600463,2.9170397534869608],[101.23816987265246,2.9165501710093054],[101.23807015897847,2.9150203398122017],[101.23813034487841,2.9146098092572856],[101.23862980869535,2.9135300363891474],[101.23884989658598,2.9131096232865161],[101.23906998205973,2.9128095856089544],[101.23939966496357,2.9126999905957405],[101.24005004487924,2.9126595685828534],[101.24068964438305,2.912639804695857],[101.24086032678559,2.9127601801209266],[101.24103010769875,2.9129101971470845],[101.24120976995118,2.9133701343984058],[101.24142985905019,2.913810310179656],[101.2416903689537,2.9139800910927534],[101.24188979509313,2.9140097363190876],[101.24179996396691,2.9137501218629041],[101.24159963996334,2.9135102725020943],[101.24140021261547,2.9131895730734527],[101.24108041467622,2.9127502975732114],[101.24102022515103,2.9125796187959168],[101.2411998886119,2.9123002428695486],[101.24144961931194,2.9117899986406997],[101.24157987607634,2.9114001298369772],[101.24135978818572,2.9116498605370111],[101.24097980072128,2.9122104105348967],[101.24074983390824,2.9124403785563686],[101.24045967757002,2.9124700237827028],[101.23988026396609,2.9124897876696991],[101.23922000271114,2.9124897876696991],[101.23898015093351,2.9126299233565192],[101.23871964103,2.9129101971470845],[101.23847979166925,2.9133997796247399],[101.23821029708216,2.9140303980702242],[101.23802973334034,2.9143304333309175],[101.2378698349749,2.9144103855347225],[101.23771981674037,2.9143996063312443],[101.23764974587584,2.9143196529190618],[101.23749972884974,2.9141301081189113],[101.23739013383653,2.9138902599665357],[101.23697960328161,2.9135102725020943],[101.23689965349467,2.9131895730734527],[101.23696972194233,2.9127502975732114],[101.23693019658515,2.9124897876696991],[101.23670022735524,2.9123298856790143],[101.23640019209461,2.9120603910919272],[101.23612979722651,2.9116399816145986],[101.23600044074311,2.9114100111762582],[101.23603996610029,2.9111602804762242],[101.23623040876458,2.9110003784855394],[101.23667956560411,2.9107497499213082],[101.23725987707212,2.9101703363174352],[101.23739013383653,2.9099098264139229],[101.23739013383653,2.909480429836151],[101.23732006538887,2.9091202062587058],[101.23746020107569,2.9087096757037898],[101.23757967863668,2.908510248355924],[101.23824982123091,2.90812038196907],[101.23888043967645,2.9075598319711844],[101.23943020805405,2.9072795581806758],[101.23990002785314,2.9072597942936227],[101.23997997764002,2.907230151484157],[101.23997997764002,2.9071304378102241],[101.23989014530537,2.9069399951459332],[101.2398200780662,2.9068600453590534],[101.23929006995036,2.9070397088198661],[101.2386495725824,2.9073101012710936],[101.23765962842361,2.9082299745654154],[101.23739013383653,2.9084599450037558],[101.23735959074605,2.9083099267692205],[101.23729042016259,2.9077799198617527],[101.23717992728518,2.907230151484157],[101.23714040313644,2.9075104252747224],[101.23712962393301,2.9087195570431277],[101.23724011681043,2.9092998685111411],[101.23722035292337,2.9096699746363015],[101.23700026503275,2.9100796073270772],[101.23647025933377,2.9105700876688729],[101.23618010420398,2.9107398685820272],[101.23596001631336,2.9107398685820272],[101.23586030263942,2.9106599187950906],[101.23575969230978,2.9104398309044655],[101.2355899101882,2.910010436743562],[101.23535994095829,2.9096304492791205],[101.23527999117141,2.9093196323981374],[101.23525034836194,2.9089899494942983],[101.23514973682387,2.9087195570431277],[101.2349404293451,2.9083503487821076],[101.2348703608975,2.9082200932261344],[101.23485958169402,2.9077601559747563],[101.23490988504625,2.9073702871710339],[101.23534017948816,2.9058197966396051],[101.2354704338357,2.9051900760582612],[101.23551984294903,2.9045495786903075],[101.2354901977227,2.9038803327517826],[101.23543001182281,2.9032398353838289],[101.23544977208451,2.9029101524799898],[101.23590971175275,2.9019300896604818],[101.23604984743957,2.9018303796118516],[101.23617022165627,2.9017998365213771]]],[[[101.32854038198974,3.0150100096963683],[101.3289095902507,3.0150396549227025],[101.32950966560577,3.0151797906095226],[101.33063974545144,3.0155804386167233],[101.33263041055557,3.0165901478709429],[101.33343979218097,3.0168803030007325],[101.33439021219101,3.0172701693876434],[101.33456987444345,3.0174103074913319],[101.33458963591357,3.0176097348391977],[101.33455011055645,3.0178298203129543],[101.3342599554266,3.0182897599812009],[101.33408029196573,3.0184900839847728],[101.33401022472657,3.0186401010108739],[101.33427971931366,3.0184999629071854],[101.33440997245276,3.0183499458810843],[101.3346803673208,3.017919651439172],[101.33473965656503,3.017720227716552],[101.33477019965545,3.0176196161784787],[101.33485014823395,3.0175899709522014],[101.33493009802089,3.0175800896128635],[101.33518971126864,3.0176303953819001],[101.3363395550013,3.0179501945295897],[101.33772026582801,3.0179699584166428],[101.33822960977585,3.017919651439172],[101.33851976490564,3.017860363403372],[101.33898958470473,3.017679802078419],[101.33940999659893,3.0175899709522014],[101.3395896600598,3.0175998522914824],[101.33970015172872,3.0176303953819001],[101.3397396770859,3.0177804136164923],[101.3397396770859,3.017919651439172],[101.33964984595968,3.0182295704559579],[101.33949982772515,3.0184900839847728],[101.33946030115953,3.0188000005847471],[101.33927973983452,3.0191296834885861],[101.3390596519439,3.020230118107861],[101.33903000913449,3.0205598010117001],[101.33902012779515,3.0212595876238311],[101.33895005934755,3.0214796755144562],[101.33886022822134,3.0216701181787471],[101.33869044368294,3.0217895945312989],[101.33864014033071,3.0218201376217166],[101.33788016540183,3.0217895945312989],[101.33756036383727,3.0218300201694888],[101.33718037637283,3.0219899197433051],[101.33697017102998,3.0221498181087441],[101.33665037188229,3.0224803988767235],[101.33631979111431,3.0227903191019436],[101.33600987209746,3.0229502186758168],[101.33562000571055,3.0229996241638446],[101.33516994738164,3.0230104045757002],[101.33504957316495,3.0229897428245636],[101.33500016646849,3.0230202859149813],[101.33501993035554,3.0230696926114433],[101.33529032159828,3.0231496448152484],[101.33555981618537,3.0231801854888545],[101.33581044716647,3.0231999493758508],[101.33617965542743,3.0231298809282521],[101.33657042209535,3.0229897428245636],[101.3367402030085,3.0228397257984057],[101.33700969759553,3.0225298055731855],[101.33734027836351,3.0222701935338137],[101.3376097729506,3.0221102939599973],[101.33786040151483,3.0221004126206594],[101.33832033876621,3.0221102939599973],[101.33854042665678,3.0221597006564593],[101.33879015735687,3.0223303794336971],[101.3389096349178,3.0225998740207842],[101.33889975237008,3.0229502186758168],[101.33882968513086,3.0233499688188203],[101.33864014033071,3.0240003487344893],[101.33844969766642,3.0247100166859013],[101.33822960977585,3.025220259706316],[101.33799963933751,3.025639774944807],[101.33743998962063,3.0260197624093053],[101.33733039702423,3.0260799483091887],[101.33697017102998,3.0261598980961253],[101.33615001020115,3.0263099175390948],[101.33592992231053,3.0263997498737467],[101.33578978662371,3.0266395980260654],[101.33566042772344,3.0268902290071082],[101.33554993484609,3.0272100281547978],[101.33539991781998,3.02769961063251],[101.33509988014242,3.0281703270873095],[101.3347899599172,3.0285098889135611],[101.33443961888747,3.0287003352031547],[101.334189886979,3.0287802837816571],[101.33380001817522,3.0288395730258344],[101.33363023726213,3.029010251803129],[101.3332798926071,3.0291800327162264],[101.33282983790349,3.0293399347069681],[101.33258998612587,3.0294800703937881],[101.33248039352947,3.0296399723844729],[101.33237977957452,3.0297001582844132],[101.33237977957452,3.0297396824331599],[101.33243996789128,3.0297495649808752],[101.33261963135215,3.0296498513069423],[101.333110111694,3.0294100019461325],[101.33431025998721,3.0289797087126544],[101.33486990970408,3.0286203817909154],[101.33524989716858,3.0282601582135271],[101.33542956062939,3.0280301914004895],[101.33562988463302,3.0276097795062924],[101.33575025884966,3.0272199094940788],[101.33584008997587,3.0269602974547638],[101.33597034674028,3.0267698547904729],[101.33627038441779,3.0265901925380376],[101.33704024068601,3.0264500532259149],[101.33735015849442,3.0263395603485037],[101.33766995885054,3.026190441186543],[101.33784962231135,3.0261500155483532],[101.33806971020198,3.0262200864128772],[101.33819008441867,3.0263503407604162],[101.33819008441867,3.0266198353474465],[101.33816043919234,3.0268300406903563],[101.33802030108865,3.0272800966024533],[101.33781997708508,3.0280203100611516],[101.33763043470179,3.0290497783687442],[101.33758012772432,3.0296696151939386],[101.33743011069816,3.0303101149787608],[101.3373097352731,3.0306397954657314],[101.33713995435994,3.0308203567907412],[101.33698005236926,3.0309299518039552],[101.3363898595619,3.0308598833562996],[101.33576014139743,3.0308796472433528],[101.33538015393293,3.0310898513777715],[101.33493998056861,3.0313602462458675],[101.33402010364898,3.0319702005233466],[101.33360957551093,3.0320896768758985],[101.33279031012944,3.0324804435437613],[101.33240044132566,3.0329197202524369],[101.33198003184833,3.0332098753822265],[101.33101973291588,3.0334596060822605],[101.33030017999982,3.0336796939728856],[101.32973963241881,3.0337497624205412],[101.32871016290284,3.033480267833454],[101.32808044473836,3.0332799438298252],[101.32781005349557,3.0333095890561594],[101.32738964039294,3.0333904367072364],[101.3272099781405,3.033480267833454],[101.3272099781405,3.0335099130597314],[101.32725040015339,3.0335296769467845],[101.32789988462179,3.0335000317204504],[101.32835982187316,3.0336096267336643],[101.32892036945418,3.0337596437598222],[101.32933988106737,3.0339303249539284],[101.32973963241881,3.034000393401584],[101.33011961988325,3.0340399175503308],[101.33030017999982,3.0339797316503905],[101.3307098126906,3.0337596437598222],[101.33122993825873,3.0335395582860656],[101.33173029752299,3.0333904367072364],[101.33214981276149,3.033340132146634],[101.3325603433164,3.0331200442560089],[101.33319994282022,3.0325100899785298],[101.33340026682379,3.0323995971011186],[101.33355028505832,3.0323897145534033],[101.334189886979,3.032120219966373],[101.33487979104342,3.031709689411457],[101.33556969873308,3.0313198206076777],[101.33595956753686,3.0312201069337448],[101.3363898595619,3.0311599210338613],[101.33682015279538,3.0312003442551827],[101.33721990414688,3.0312201069337448],[101.33737980372069,3.0313198206076777],[101.33742022815045,3.0314698388422698],[101.33743998962063,3.0316297408329547],[101.33737980372069,3.0317195719591723],[101.33698993370854,3.0327795845656169],[101.33691986646932,3.0330499758083533],[101.33690998513003,3.0333302495989187],[101.33686955949184,3.034250124101618],[101.33689022124304,3.0352697110698728],[101.33683991668244,3.0355598674080966],[101.33673032166917,3.0357296507381193],[101.33652011511788,3.0358599050856583],[101.33617965542743,3.0358697864249393],[101.33507023370771,3.0356703602855077],[101.33457975457429,3.0358697864249393],[101.33433002266582,3.0360602290892302],[101.33405963142303,3.0362201310799719],[101.33375959374553,3.0362596552286618],[101.33305980471653,3.036419554802535],[101.33261963135215,3.0366297613538222],[101.33222976254842,3.036779782005226],[101.33168987551011,3.0369199176921029],[101.33117963128126,3.0373097864958254],[101.33084006945501,3.037399617622043],[101.33041965756081,3.0377301983900225],[101.330160044313,3.0379996929771096],[101.32994983897015,3.0380904219674676],[101.32961027593541,3.038049997537712],[101.32919974538055,3.0378496723257058],[101.32899043669335,3.0376996552995479],[101.32866973847308,3.0376700100732705],[101.32827987208623,3.0375298743864505],[101.32789000207407,3.0373196678351064],[101.32743994495354,3.0371903113517078],[101.32697012636288,3.0370699371350725],[101.32652007045078,3.0370501732480193],[101.32623979666027,3.0369297990313839],[101.32581040249937,3.0368202040181131],[101.32538999060517,3.0366603044442968],[101.3252399711622,3.0366001185444134],[101.32521032835274,3.0366198800145412],[101.32558043326947,3.0369297990313839],[101.32616972942111,3.0372397180481698],[101.32666020976291,3.0372801436863597],[101.32696024381517,3.037350210925581],[101.32750013327029,3.037490346612401],[101.3280597841956,3.0377203170507414],[101.32867961981242,3.0378496723257058],[101.32907038648028,3.0380697614247083],[101.32945037394472,3.0383096119938955],[101.32976029417,3.0383895617808321],[101.33007021318679,3.0383895617808321],[101.33036036831663,3.0381901356414005],[101.33061998156438,3.0378802154161235],[101.33084006945501,3.0377104345030261],[101.3314096017196,3.0375101104993973],[101.33178958918404,3.0371597682612901],[101.3322396438877,3.0370600557957914],[101.33283971924277,3.0368597305837284],[101.33355028505832,3.0365902359966412],[101.33433990521354,3.036370148106073],[101.33509988014242,3.0359802793022936],[101.33524001824611,3.0360000431893468],[101.33529032159828,3.0360997568632797],[101.33524989716858,3.0362201310799719],[101.33516006604236,3.0364303340059564],[101.33514030457218,3.0366701857835778],[101.33511964282104,3.0370995799444813],[101.33496962337807,3.0374696860696417],[101.3347899599172,3.0376295880603834],[101.33461029766477,3.0376996552995479],[101.33432014132654,3.0377400809377377],[101.33394015386205,3.0378802154161235],[101.33364999873226,3.0379700477507754],[101.33337960628103,3.0381802530936852],[101.33318017893316,3.0384802907711901],[101.33296009104254,3.038720140131943],[101.33274000556884,3.0388198538058759],[101.33236990065211,3.0388503968963505],[101.33203033520056,3.0388998035928125],[101.33183989374464,3.039039941696501],[101.33170963698029,3.039230384360792],[101.33163956853264,3.0394100466132272],[101.3314599062802,3.0396103718252334],[101.33131977059338,3.0396696598610333],[101.33119041169311,3.0396103718252334],[101.33107991881576,3.0394801150608828],[101.33092001924194,3.0393804038037615],[101.3306900488036,3.0393300968262906],[101.33083018811573,3.0394801150608828],[101.33090025535489,3.0396400170515676],[101.33097032380255,3.0397702701906724],[101.33114010713251,3.0399202908420762],[101.33134043113614,3.0399499336515419],[101.33152009459695,3.0398897477516016],[101.33163956853264,3.0397702701906724],[101.33175994395776,3.0395097602871601],[101.33190996098386,3.0393597432610591],[101.33210040606502,3.0391998412703742],[101.3323097123353,3.0391701984609085],[101.33257022465568,3.0391504345738554],[101.33275976703897,3.0391198914834376],[101.33304992337719,3.0389303466832871],[101.33340026682379,3.0385000546581864],[101.33364011618454,3.0382898493153334],[101.33403986753603,3.0381595925509259],[101.33484026689467,3.0379296257378883],[101.33501993035554,3.0377796050864845],[101.33516994738164,3.0375702988161493],[101.33525977850786,3.0371597682612901],[101.33534961084251,3.0366198800145412],[101.33547986639849,3.0363297236763174],[101.33571971575924,3.0361500602154479],[101.33600987209746,3.0360898743155644],[101.33628026696556,3.0361204174059822],[101.3364895720274,3.0363000808668517],[101.33676984581791,3.0366297613538222],[101.33695040955979,3.0368202040181131],[101.33693963035637,3.0370798196827877],[101.33693963035637,3.0376996552995479],[101.33698005236926,3.0383500352152168],[101.33700969759553,3.0389402280225681],[101.33700969759553,3.0394001652739462],[101.33692974780865,3.0395196428348754],[101.33668001469169,3.0396498983908486],[101.33666025322157,3.0396804390644547],[101.33677972836563,3.0397900340776687],[101.33711030913361,3.0401799040898823],[101.33721990414688,3.0406398401327692],[101.33728997138604,3.0411303204746218],[101.33729985393381,3.0415201892783443],[101.33728997138604,3.0419495834393047],[101.33726032615976,3.0424104209716347],[101.3373600398337,3.0426799155587219],[101.33738968505997,3.0429799532362836],[101.33723966561701,3.0432602270267921],[101.33708964738247,3.0434704335780793],[101.33658030464306,3.0436402144912336],[101.33639974090119,3.0438504198340866],[101.33604041518794,3.0441199144211737],[101.3359101608404,3.044269932655709],[101.33578978662371,3.0443301209725178],[101.33574037751038,3.0443399998949303],[101.33562000571055,3.0442798139950469],[101.3353397282948,3.0440597261044218],[101.33507023370771,3.0439600124304889],[101.3348097238042,3.0439501335080195],[101.33460041511705,3.0438701813042712],[101.33434978655282,3.0438396406306651],[101.3341099347752,3.0438297592913841],[101.33393027252276,3.0439303696210231],[101.33407041062645,3.0439501335080195],[101.33471989267798,3.0442196280951066],[101.33544034224974,3.0444900205463341],[101.33574037751038,3.0446400375724352],[101.33594968619758,3.0445196633557998],[101.33623984132737,3.0442196280951066],[101.33654976155259,3.0439097090783207],[101.33678960970497,3.0437300456174512],[101.33703035934673,3.0436500958305146],[101.33729985393381,3.0436402144912336],[101.33757024638498,3.0437596884268601],[101.3376097729506,3.0439402521687384],[101.33772026582801,3.0444397135688632],[101.33796011518876,3.0451799270276183],[101.33818020307933,3.0459596622182517],[101.3382098458888,3.046380075320883],[101.33814965998891,3.0465803993244549],[101.33806971020198,3.0466998768853841],[101.33774002729814,3.0467995869340712],[101.33736992117298,3.0468696577985384],[101.33708964738247,3.0469900320152306],[101.33692974780865,3.0470295573724115],[101.3368102714561,3.0471202863627695],[101.33585985386293,3.0478398380703311],[101.33541968049855,3.0479503309476854],[101.3348097238042,3.0479602098701548],[101.33402998498826,3.0478398380703311],[101.33324036845835,3.0476700547403084],[101.33251003633893,3.0474697307367364],[101.33175994395776,3.0471795743985126],[101.3306900488036,3.0467995869340712],[101.32849007501227,3.0464896703340969],[101.32752977607976,3.0465399748946993],[101.32650030656379,3.0468301300244889],[101.32607989708646,3.0469199611507065],[101.3257798594089,3.0469702681281774],[101.32554989017899,3.0469100798114255],[101.32547982173139,3.0467897080116018],[101.32544029516578,3.0466199246816359],[101.32551036482181,3.0462596998957565],[101.32564960385292,3.0459201380695049],[101.32563972130521,3.0455096075145889],[101.32554989017899,3.0453200627144383],[101.32529027693124,3.0450595528109261],[101.32516990271455,3.0448502441237792],[101.32502976702773,3.0445699703332707],[101.32501988568845,3.0449400752499969],[101.32503964595014,3.0450595528109261],[101.32514025990508,3.045300298827442],[101.3253396836277,3.0455599144920598],[101.32534956617542,3.0457997638528127],[101.3252300910313,3.0462596998957565],[101.32528039559196,3.046849893911542],[101.32522020969202,3.0469801506758927],[101.32507018904062,3.0470196748246394],[101.3246596584857,3.0469900320152306],[101.32350981837834,3.046949607585475],[101.32304987871015,3.0467798266723207],[101.32257017998859,3.0464501425600474],[101.3220096299907,3.0460602737563249],[101.3208804468008,3.0450802133536854],[101.3203100178805,3.0444702566593378],[101.31979977365165,3.0438899451912675],[101.31924012393478,3.0433096337232541],[101.31882959579673,3.042720337571609],[101.31882959579673,3.0425496587943144],[101.31892032478709,3.0424301824418194],[101.31910986958724,3.0423098094335614],[101.31940002592546,3.0421597899905919],[101.32018964245538,3.0415004265997823],[101.32031989921978,3.0414698835093077],[101.32047979879366,3.0415103079390633],[101.32062981823663,3.0416899713999328],[101.32071965057128,3.0419998904167755],[101.32094961738431,3.0423699953335017],[101.32116970527488,3.0425002520978524],[101.32144009772611,3.0425802018847889],[101.32219019252415,3.0425604379977926],[101.32263036588853,3.0424104209716347],[101.32287021524928,3.0422100969680628],[101.32384039552107,3.041159965700956],[101.3241098901081,3.040739553806759],[101.32423026553323,3.0404296347899162],[101.32414043319858,3.0400604265288962],[101.32409012984641,3.0396400170515676],[101.3240802472987,3.0389896347190302],[101.323959873082,3.0386599542320596],[101.32349005449134,3.0382296597901473],[101.32324032379131,3.0381802530936852],[101.32303011723997,3.0382898493153334],[101.32298969281021,3.038379680441551],[101.32303011723997,3.0384398663414345],[101.3231298309139,3.0385000546581864],[101.32337956161399,3.0385997683321762],[101.3236598354045,3.0388297351452138],[101.32385027806879,3.03903006035722],[101.32386015940807,3.039279791057254],[101.32392034530795,3.040220328519581],[101.32389968476525,3.0406101973233604],[101.3236598354045,3.0409398778103309],[101.32334003383994,3.0412695582973015],[101.32301035335297,3.0416396668393304],[101.32250011033256,3.0422002144203475],[101.32235009209802,3.0423098094335614],[101.3219395615431,3.0423196919812767],[101.32144997906539,3.0423098094335614],[101.32120024836536,3.0422604003202309],[101.32099004181401,3.0420304335071933],[101.32084990371038,3.0417501597166847],[101.32069000534494,3.0415597146355253],[101.32046003732347,3.0413602909129622],[101.32029025399345,3.0412399154878358],[101.3201096926685,3.0412497980355511],[101.31978989472924,3.0413899337224279],[101.31932007613858,3.0417303958296884],[101.3190299198003,3.0420196543037719],[101.3187801866834,3.0421597899905919],[101.31856010120964,3.0421903330810665],[101.31831036809274,3.0420996040907085],[101.31804985698079,3.0418696336523681],[101.31781988775089,3.0415498357131128],[101.31758003839013,3.0412803411260256],[101.31732042635082,3.0410297101449828],[101.31717040569936,3.0407799782364577],[101.31698984558284,3.0405095845768528],[101.31697008169579,3.0401295971124114],[101.31705003148272,3.0397900340776687],[101.31715962649594,3.0394998789478791],[101.31726023682558,3.03903006035722],[101.31752973141266,3.0386096472545887],[101.31771029515454,3.0385099372059585],[101.31805973952851,3.038379680441551],[101.31858974401911,3.0381595925509259],[101.31891044344781,3.0378703340768425],[101.31924012393478,3.0374301607125176],[101.31953027906457,3.0368597305837284],[101.31965963796483,3.0363899119930693],[101.31970994252544,3.0359497362118759],[101.31973958775177,3.0355302245986877],[101.31978989472924,3.0352598321474602],[101.31982043540279,3.0351601184735273],[101.32030013533279,3.0347001824305835],[101.32038008511967,3.0345501617791797],[101.32037020619725,3.0344800933315241],[101.32030013533279,3.0343803808660255],[101.32022018554585,3.0342402427623369],[101.32015999964597,3.0339896141981626],[101.32008004985903,3.0337596437598222],[101.31999021873281,3.033589862846668],[101.31990038760659,3.033449727159848],[101.31983031674213,3.0332503010204164],[101.31980965499093,3.033020330582076],[101.31985008062912,3.0328604310082028],[101.32037020619725,3.0324597830010589],[101.32056962991982,3.0322603556531931],[101.32061005555801,3.0319100146234632],[101.32053998711041,3.0317303511625937],[101.32041961289372,3.0313395844947308],[101.320409730346,3.0311401583552424],[101.3207304297747,3.0303397577881697],[101.32070976802351,3.0300001959619181],[101.32060017301029,3.0297495649808752],[101.32041961289372,3.0294800703937881],[101.32023006809357,3.0292195604902759],[101.32011957521621,3.0289895900519355],[101.32002974288156,3.0287704024423761],[101.32001986154228,3.0284002975256499],[101.32009981132916,3.0281604457480285],[101.32048968013294,3.0276798467454569],[101.32060017301029,3.0272998592810154],[101.32054986965812,3.0270600111286967],[101.32030013533279,3.0267204456771424],[101.31992014786834,3.026190441186543],[101.31978001218147,3.0259200487353155],[101.31977013084219,3.0256298936055259],[101.31986984451612,3.0253298559280211],[101.3200504046327,3.0251097668289617],[101.32024983198062,3.0249597498028606],[101.32059029167101,3.0248097303598911],[101.32129007949158,3.0247297805729545],[101.32144009772611,3.0247603236634291],[101.32166018561674,3.0249498684635796],[101.32179044238114,3.0250801216026275],[101.32181020505971,3.0257996745186801],[101.32187039216802,3.026510242751101],[101.32208957977764,3.0273896916156673],[101.32219019252415,3.0275801342799582],[101.3222602609718,3.0278801719575199],[101.32215964943373,3.0280697167576704],[101.32214976809439,3.0281999723135868],[101.32206981830751,3.0282700407612424],[101.32192968020382,3.0283697544351753],[101.32182008519055,3.0284901286518675],[101.32182008519055,3.028560195891032],[101.32183984907761,3.0286203817909154],[101.32190003739436,3.0286401456779686],[101.32197998718129,3.0285898423258004],[101.32229978512055,3.0282799221005234],[101.3223896174552,3.0282197337837715],[101.32248034886237,3.0282502768741892],[101.32271031567541,3.0284802461040954],[101.32283967457568,3.0285700784387473],[101.32318013426612,3.0287398593519015],[101.32343974751387,3.0289895900519355],[101.32342986496616,3.0291997966032795],[101.32334991638766,3.0294100019461325],[101.32316037158751,3.029579784067721],[101.32289986047556,3.0296399723844729],[101.32260970534577,3.0297702255235777],[101.3224102779979,3.029990314622637],[101.32278038412306,3.0298402963881017],[101.3231100670269,3.0298304150487638],[101.32339034081741,3.0298304150487638],[101.32348017194363,3.0298995844238448],[101.32350981837834,3.0301196698976014],[101.32344962885315,3.0311895638433271],[101.32333015491753,3.0313198206076777],[101.3231100670269,3.0316000943981862],[101.32283967457568,3.0318004196102493],[101.32265012977552,3.0319800818626845],[101.32257017998859,3.032120219966373],[101.32308042180057,3.0318902507364669],[101.32333015491753,3.0316198582852394],[101.32349993583063,3.0315399084983028],[101.32364995406522,3.0315201446113065],[101.32379009216891,3.0316602839234292],[101.32390956610453,3.0319702005233466],[101.32402994032122,3.0322001697532528],[101.32410000876882,3.0322801195401894],[101.32416019708558,3.0322603556531931],[101.32418983989504,3.0321301025140883],[101.32416019708558,3.0319899644103998],[101.3238098524306,3.0314500773720852],[101.32371014238197,3.0312802964589309],[101.32364995406522,3.0310197829301728],[101.32366971674378,3.0303703008786442],[101.32372002130438,3.0297396824331599],[101.32371014238197,3.0291701537938138],[101.32379009216891,3.0290704401198809],[101.32389968476525,3.0290596609164595],[101.32402005898194,3.029080321459162],[101.32411977265588,3.0291800327162264],[101.32416019708558,3.0293902392675705],[101.32423026553323,3.0294899517330691],[101.32430033277245,3.0295097156200654],[101.32440992778567,3.0294297658331857],[101.32458959124654,3.0294504275843224],[101.32470996546317,3.0296103271581956],[101.32495969616326,3.0300397201106648],[101.32524985250149,3.0304197075751063],[101.32524985250149,3.0305697282265101],[101.32531992336595,3.0306002713169846],[101.32549958561839,3.0306299141264503],[101.32598018462096,3.0308796472433528],[101.32625956054733,3.0309101879169589],[101.32727016404039,3.0311796825039892],[101.32761960720597,3.0314096517338953],[101.32772022116092,3.0313898890553332],[101.32776962785738,3.0313099392683966],[101.32783969630498,3.0308697659040718],[101.32781005349557,3.0307799347778541],[101.32768967807044,3.0308203567907412],[101.32758008305723,3.0307799347778541],[101.32737975905366,3.0308598833562996],[101.32631974644721,3.0306999813656148],[101.32579962087908,3.0305302004524606],[101.32544029516578,3.0302696905490052],[101.32517978405383,3.0299696528714435],[101.32517978405383,3.0298196358453424],[101.32528039559196,3.0297001582844132],[101.32547982173139,3.0296202084974766],[101.32592987764349,3.0296696151939386],[101.32598018462096,3.0296103271581956],[101.32598018462096,3.029530377371259],[101.32586969174355,3.0293695775164338],[101.32575021418262,3.0292501035807504],[101.32562983996593,3.0292195604902759],[101.3251896666016,3.0293498160462491],[101.32493993590151,3.0292797463902161],[101.3246596584857,3.0291396107033961],[101.32441981033338,3.0289599472425266],[101.32415031574629,3.028870116116309],[101.32364007151745,3.0286500282256839],[101.32301035335297,3.0282601582135271],[101.32272019822318,3.027899934636082],[101.32257017998859,3.0275495899811062],[101.32245968711123,3.0270698924679778],[101.32243992322424,3.0265596482391288],[101.32218031118487,3.0252696664028349],[101.32232044687169,3.0250199357027441],[101.32248034886237,3.024879800015924],[101.32268965513271,3.0248196116991721],[101.32289986047556,3.0247899664728379],[101.32304987871015,3.0248402734503088],[101.3232304412436,3.0249498684635796],[101.32336967906627,3.0250801216026275],[101.32351969730081,3.0251897166158983],[101.32370025983425,3.025210378367035],[101.32376044694257,3.0254295683935197],[101.32363019017816,3.0257403852745028],[101.32359964950456,3.0260098798615331],[101.32355024039123,3.0263197976699416],[101.32350981837834,3.0266297166867844],[101.32358976816528,3.0268399232380716],[101.32373978519138,3.0269602974547638],[101.3238098524306,3.0269899402641727],[101.32393022785573,3.0269998216035106],[101.32405958675594,3.0269701787940448],[101.32425991075957,3.0269099904772929],[101.32427967222969,3.0268695684644058],[101.32426979209885,3.0268399232380716],[101.32420960378209,3.0268003978808906],[101.32410000876882,3.0268003978808906],[101.32393022785573,3.0267797373381882],[101.32385027806879,3.0267096664736641],[101.32379009216891,3.0265596482391288],[101.32378020962113,3.0264401718866338],[101.32384039552107,3.026239847883005],[101.32393022785573,3.0258400989484358],[101.32405958675594,3.025530179931593],[101.3240802472987,3.0253397372673021],[101.32402005898194,3.0251501924671516],[101.32394010919501,3.0250603613409339],[101.32369037849492,3.0249696323505759],[101.32359964950456,3.024869918676643],[101.32358976816528,3.024799847812119],[101.32358976816528,3.0247603236634291],[101.32364007151745,3.0247100166859013],[101.32379009216891,3.0246300668990216],[101.32425991075957,3.0244297428953928],[101.32456982735948,3.0243300292214599],[101.32485998369776,3.0241701296476435],[101.32515013882755,3.0241297052178879],[101.32534956617542,3.0241297052178879],[101.32548970427911,3.0241898935346399],[101.32560019715646,3.0243201466737446],[101.3258301639695,3.0246004240895559],[101.32609965855659,3.024869918676643],[101.32644012066385,3.025220259706316],[101.32655959580796,3.0254699916148411],[101.32660002023772,3.025639774944807],[101.32662966546405,3.025670315618413],[101.32674015834141,3.0255903658314764],[101.32689017657594,3.0256900795054094],[101.32720009559279,3.0257996745186801],[101.32753965862747,3.0259802346352558],[101.32718033170573,3.0256200110578106],[101.32706983882838,3.0255104160445967],[101.32697012636288,3.0254403475969411],[101.32682999067606,3.0253999231671855],[101.32657037742825,3.0251995991636136],[101.32649042522451,3.0249804115539973],[101.32640957757343,3.0247100166859013],[101.32623979666027,3.0245303532250887],[101.32593975898277,3.0243596744477941],[101.32567026439568,3.0240802985214259],[101.32569991083039,3.0239203989475527],[101.3258301639695,3.0237101923962655],[101.32667008868532,3.0232197132628471],[101.32750013327029,3.0226501809982551],[101.32771033982164,3.0225899950983717],[101.32783969630498,3.0226304171112588],[101.327989715748,3.0228603863411649],[101.32817027707301,3.0232601376926027],[101.32839036496358,3.0236401251570442],[101.32851972023855,3.0240003487344893],[101.32856014587674,3.0242096550048245],[101.32879999523749,3.0246004240895559],[101.32897965748992,3.0248995614861087],[101.32909015036728,3.0251304285801552],[101.32915033868409,3.0251897166158983],[101.32920962792826,3.0251600738064326],[101.32925993128043,3.0250603613409339],[101.32927969516743,3.024879800015924],[101.32925004994115,3.0246399482383026],[101.32915033868409,3.0244504034381521],[101.32886018355424,3.0240802985214259],[101.32879999523749,3.0239096197441313],[101.32882964046382,3.0237595990927275],[101.32892036945418,3.0236095820666264],[101.32910991425433,3.0234002733794227],[101.32920962792826,3.0232502563533217],[101.32922040713169,3.0230499311413155],[101.32919974538055,3.0229996241638446],[101.32916021881493,3.0229502186758168],[101.32909015036728,3.0229699813543789],[101.32895001468046,3.0230903543626368],[101.32887006247671,3.0232098307151318],[101.32874969067689,3.023229594602185],[101.32857990613843,3.0231801854888545],[101.32840024388605,3.0230795739507812],[101.32831041275983,3.0229295569246233],[101.32825022565146,3.0226600623375361],[101.3282098012217,3.0224597383339642],[101.32826010819917,3.02228995742081],[101.32835982187316,3.0221597006564593],[101.32871016290284,3.0218102562824356],[101.3293300021449,3.021060163901268],[101.32953032614853,3.0206496333463519],[101.32961027593541,3.0201699322079776],[101.32956985150571,3.0195896207399642],[101.32948001917106,3.0191997519361848],[101.32892036945418,3.018199927646549],[101.32866973847308,3.0178298203129543],[101.32822956510876,3.0168497599103148],[101.32794030663467,3.0163404135456062],[101.32789000207407,3.0159900725158764],[101.32789000207407,3.0155400166038362],[101.32791964488348,3.0153396926002074],[101.32821968256104,3.015099840822586],[101.32854038198974,3.0150100096963683]]],[[[101.22608034586295,2.9858003937144986],[101.22590966466879,2.9858300365239643],[101.22571024094623,2.9858300365239643],[101.22557998418182,2.9858102750537796],[101.22518023283038,2.985720443927562],[101.22512992947821,2.9856701369500911],[101.22504009714356,2.9856000685024924],[101.22498979016609,2.9855299988464026],[101.22497002748747,2.9854204062500571],[101.22498979016609,2.9852802681463686],[101.22502033325651,2.9851697752690143],[101.2251703514911,2.9850503001248967],[101.22583959622119,2.984699955469921],[101.22638038354046,2.9843702749828935],[101.22695979472752,2.9840396942149141],[101.22750956673042,2.9836695892981879],[101.22755987008259,2.9835402303979777],[101.22753022727312,2.9835195686467841],[101.2274403961469,2.9835096873075031],[101.2272903754955,2.9835303490586398],[101.22712957926592,2.9836004187147296],[101.22699033781799,2.9837001323886625],[101.22663011424055,2.983889677188813],[101.22628965213329,2.9840899987755733],[101.22588990319866,2.9843900364530782],[101.22541020326872,2.9846397695699807],[101.22524042114713,2.9847197193569173],[101.22502033325651,2.9847700239175197],[101.22467987114925,2.9849200445689235],[101.22451009023609,2.9849703479210916],[101.22427024087534,2.9849398072475424],[101.22398008574555,2.9848302122342716],[101.22375011530721,2.9847098380176362],[101.22338001039049,2.9846200068914186],[101.22301978681304,2.9844699886568833],[101.22264968068788,2.9842499007662582],[101.22237030476151,2.9839498630886965],[101.22215021687094,2.9836201801848574],[101.22201007755882,2.9830704118073186],[101.2219400103196,2.9827497123786202],[101.22193012898032,2.9823903866653154],[101.22186994308043,2.9818999063235196],[101.22179987463278,2.9815199188590213],[101.22172980376831,2.9812504242719911],[101.22165973652909,2.9807599451385727],[101.22170016095885,2.9807401836684448],[101.22160044849335,2.9806099269040374],[101.2215195984254,2.9804096029004086],[101.22138036060272,2.979879598409866],[101.22100037313828,2.9793001835975588],[101.22043982434883,2.9780596108745385],[101.22014966921904,2.9766097294643714],[101.22001043139636,2.9760599610867757],[101.21963044393186,2.9751400841671511],[101.21939957562944,2.9743603489765746],[101.21915972506019,2.9734000500440629],[101.21901958937337,2.9724801731244384],[101.21875997612563,2.9715099928526456],[101.21824973189678,2.9707095959108756],[101.21810959379309,2.9702999632200999],[101.21813025554422,2.9698499073080598],[101.2185901927956,2.9685698080194243],[101.21905013246385,2.967850257520297],[101.22025027954868,2.9664102586578451],[101.2212402249159,2.9657401148551799],[101.22191036751013,2.9654203144990561],[101.22260027157455,2.9652900601515171],[101.22330006060355,2.9653798912777347],[101.22384982898114,2.9655496733992663],[101.22436995454927,2.9656502837289622],[101.22489007770054,2.965689807877709],[101.22619981979864,2.9660203886456884],[101.2266103503535,2.9661102209803403],[101.2271196967182,2.9661201023196213],[101.22775031274688,2.9664003761101299],[101.22809975953771,2.966509972331778],[101.22844021922816,2.9665899209102804],[101.22856957812837,2.966759703031812],[101.22876002079272,2.9671495718355914],[101.22885973446665,2.9674298456260999],[101.22883008924032,2.9675897476167847],[101.22866030711873,2.9678700214072933],[101.22853993290209,2.9681098707680462],[101.22848962592462,2.968419789784889],[101.22840967613769,2.9687099461231128],[101.22822013133754,2.96911957639702],[101.22803957122096,2.9697600761818421],[101.22783026253381,2.9701697064557493],[101.22761017706006,2.9703897943463176],[101.22717988261815,2.9705398149977782],[101.22659957115008,2.9707302576620691],[101.22623036409749,2.9709395627239132],[101.22588002185938,2.971180312365675],[101.22563029115929,2.9715800637171697],[101.2254901530556,2.9719699325208921],[101.22543984607813,2.9721298320947653],[101.22543984607813,2.9721801354469335],[101.22547038916861,2.9721998993339298],[101.22555033895554,2.9721495947733274],[101.22571024094623,2.9719600499731769],[101.22592044628914,2.9715297567396988],[101.22606956665953,2.9712800260396079],[101.22633007656299,2.9710797008276018],[101.22693015191805,2.9709000385751665],[101.22732002072183,2.9708003249012336],[101.22772965099574,2.9705703556713274],[101.22810963846018,2.970099639216528],[101.22823001388525,2.9696998878650902],[101.22843033788882,2.9693297817399298],[101.22861000014126,2.968879727036267],[101.22877978226285,2.9680703454109221],[101.2288902751402,2.9679400898549488],[101.22905017713094,2.9678295969775377],[101.22921995804404,2.9678295969775377],[101.22949035049527,2.9680101570941133],[101.23002035740274,2.9685796893587622],[101.23055036189328,2.9690001012529592],[101.23090968881502,2.9693199004005919],[101.23118008005781,2.9696199380781536],[101.23150976296165,2.9702801993331036],[101.23179003796059,2.9706197647846579],[101.23219966823444,2.9709503419273346],[101.23252036645471,2.9713402119395482],[101.23270002991558,2.9717201994039897],[101.23284016801927,2.9721801354469335],[101.23298030370609,2.9725700054590902],[101.23306025590989,2.972889805815214],[101.23302971281942,2.9731296551759669],[101.23283028547155,2.9734198115141908],[101.23246018055482,2.9736300168571006],[101.23005988155143,2.9736497807440969],[101.22929002528326,2.9737899188477854],[101.22920019415704,2.9738195616572511],[101.2293897389572,2.9738402234083878],[101.22994040519893,2.9739004117251966],[101.23072014280643,2.9738195616572511],[101.23149000028303,2.973859987295441],[101.23194005498669,2.9738402234083878],[101.23229039964167,2.9738096803179701],[101.23262996146798,2.973869868634722],[101.23300006759314,2.9740100043215421],[101.23324979829317,2.974210328325114],[101.23346000363608,2.9744995867992543],[101.23352019316127,2.9747798605897628],[101.23343036082662,2.9749900671410501],[101.2329398816932,2.9752101550316752],[101.23188975042609,2.9756799736223343],[101.23146035384832,2.9757599234092709],[101.23109024893159,2.975640447056719],[101.23062043034093,2.9753700546054915],[101.22983979366086,2.9751796119412006],[101.22924960085351,2.9751203239054576],[101.22890015647954,2.975099662154264],[101.2286899499282,2.9752101550316752],[101.22839979479841,2.9754796496187623],[101.22792009366003,2.9756296666448634],[101.22721042570856,2.9758102279698733],[101.22672982791448,2.976069843634491],[101.2264603333274,2.9762396245476452],[101.22642979023698,2.9762800465605324],[101.2264603333274,2.9762998104475287],[101.22662023290127,2.9762800465605324],[101.22703974693133,2.976169553683178],[101.22779972186021,2.9760599610867757],[101.22833960889852,2.9760599610867757],[101.22875013945338,2.9761803353034679],[101.22904029458323,2.9763096917868097],[101.22936009373086,2.9762899278998134],[101.22976972642164,2.9761803353034679],[101.2302197811253,2.9761300295344313],[101.23097975605418,2.97622974199993],[101.23131033682216,2.9761497922129934],[101.23237034942861,2.9757203968436556],[101.23324979829317,2.9753098687056081],[101.23360014294815,2.9752802234792739],[101.23393970477446,2.9753296289673017],[101.23411038596856,2.9754203615829624],[101.23428016688172,2.9756296666448634],[101.23436011666865,2.9759602474128428],[101.23434035399004,2.9762198606606489],[101.2341696752128,2.9764399485512172],[101.2336396670969,2.9766995617990233],[101.23238023076789,2.9772897546063177],[101.23177027407354,2.9774703147228934],[101.23173973098312,2.9775197214193554],[101.23184034131276,2.9775601470575452],[101.23248982336429,2.9775197214193554],[101.23287969216801,2.9774801972706655],[101.23332975049698,2.9772502268323251],[101.23401965456139,2.976780408241666],[101.23443018511625,2.976640272554846],[101.23475986802009,2.976640272554846],[101.2349997173809,2.9768199360156586],[101.23506978462007,2.9770804459191709],[101.2350401418106,2.9773903661444479],[101.23484969914631,2.9776796234100971],[101.23420021830322,2.9781395606614751],[101.23367021018737,2.9782204083124952],[101.23306025590989,2.9783803078863684],[101.23275033689305,2.9784297169996989],[101.23255989422876,2.9784899028995824],[101.23247006189411,2.9785500912163911],[101.23242963746435,2.9786399223425519],[101.23245029921554,2.9787001082424922],[101.23250958725129,2.9787396360165417],[101.23276021823233,2.9786695651520176],[101.23346000363608,2.978530327329338],[101.23384987364824,2.97843959833898],[101.2342100996425,2.978320121986485],[101.23442030256854,2.978330003325766],[101.23450025598078,2.9784297169996989],[101.23447959422958,2.9785797340258],[101.23442030256854,2.9787297546772038],[101.23391006196499,2.9789004334544984],[101.23346000363608,2.9790100284677123],[101.23283028547155,2.9793495902940208],[101.23241975612507,2.9795400329583117],[101.23186998774747,2.9795499142975927],[101.23168044173889,2.979559796845308],[101.23153042471279,2.9796702897227192],[101.23128967507103,2.9798697158621508],[101.23075967058043,2.9800502771871606],[101.23032039266337,2.9801697535396556],[101.22996016908593,2.9802398219873112],[101.2296700127477,2.9801904152908492],[101.22944992485708,2.9801904152908492],[101.22937985761791,2.980220058100258],[101.22937985761791,2.9802497033265922],[101.22943016338695,2.9802703650777289],[101.22957029907377,2.9803098892264757],[101.22967989529542,2.9803799576741312],[101.22989998318604,2.9806000455647563],[101.22999969565154,2.9805802816777032],[101.23041022378959,2.9803503148646655],[101.23075967058043,2.9802802464170668],[101.23118008005781,2.9802299394395959],[101.23133010070922,2.980079922413438],[101.23156995006997,2.9800197340966861],[101.23194005498669,2.9800403946394454],[101.23246018055482,2.9797295777584623],[101.23298030370609,2.9795903399357826],[101.2334698861838,2.9794897283977093],[101.23381034829106,2.97923999528075],[101.23414002877803,2.9790899782546489],[101.23427028554244,2.9791600454938703],[101.23427028554244,2.9793495902940208],[101.23386963753524,2.9799496656490874],[101.23352019316127,2.9805200957778197],[101.23330010527064,2.9807698264778537],[101.23368997407437,2.9805802816777032],[101.23384987364824,2.9802802464170668],[101.23435023532937,2.9795301516190307],[101.23505990569765,2.9791196234809831],[101.23543001182281,2.9785500912163911],[101.23574980976207,2.9784503775424014],[101.23590971175275,2.9784602600901735],[101.23634988511708,2.9787899405771441],[101.23702002771137,2.9792498766200879],[101.23752039060093,2.9795499142975927],[101.23854985890847,2.9799200204227532],[101.23911040769792,2.9802002942132617],[101.23965029352775,2.9805299771171008],[101.23985960221495,2.9807895903649069],[101.2398200780662,2.9808102509076093],[101.23977965242801,2.9808201334553246],[101.23977965242801,2.9808398973423778],[101.23996021375302,2.981110288585171],[101.24037972778308,2.9816501756234288],[101.24059981325684,2.9819097888712349],[101.24072018747347,2.9820795697843323],[101.24071030613419,2.9821900626617435],[101.24063035634725,2.9822798937879611],[101.24006980876624,2.9823203182177167],[101.2397401258624,2.9823598459917093],[101.23888043967645,2.9825098642263015],[101.2384402638952,2.9827101882298734],[101.23935025947554,2.9825996953524623],[101.24048033932115,2.9825601699953381],[101.240790258338,2.9825996953524623],[101.24109029359863,2.9828099006953721],[101.24200028797054,2.9835195686467841],[101.24217995143141,2.9837603182885459],[101.24217006888364,2.9839597456364686],[101.24202005185754,2.9840603559661076],[101.24187991375385,2.9841196440018507],[101.24154035071916,2.9841600696400405],[101.24057017044737,2.9841897124495063],[101.23976977108873,2.9843496144401911],[101.23942032671471,2.9844403434305491],[101.23908974594673,2.984549938443763],[101.23885977913369,2.984699955469921],[101.23866035178582,2.9849496873783892],[101.23862980869535,2.9851203685725523],[101.23878970826922,2.9850601790473092],[101.23902956004684,2.9849002806819271],[101.23929006995036,2.984789787804516],[101.23964041460533,2.984649652117696],[101.24005004487924,2.9845301745567667],[101.24049022066043,2.9844699886568833],[101.24105975292508,2.9844295642271277],[101.24139033127619,2.9843702749828935],[101.24184038839667,2.9842597821055392],[101.24223025599201,2.984220255539924],[101.24255993889585,2.9842499007662582],[101.24275038156014,2.9843496144401911],[101.24299022971246,2.9845903604566502],[101.24339986240324,2.9850700615950814],[101.24392986810221,2.9856099510502077],[101.24432961824527,2.9859998174371185],[101.2446197745835,2.986389686240841],[101.24488028690388,2.9866699600313495],[101.24498987950022,2.9869403548994455],[101.24495035535148,2.9871900855994795],[101.24481021724779,2.987369749060349],[101.24457036788704,2.9875404278376436],[101.24422002323206,2.9876697867378539],[101.24384991831533,2.9878602294021448],[101.24354988063777,2.9879698244154156],[101.24299022971246,2.9882500982059241],[101.24245034388258,2.9886004404440314],[101.24135978818572,2.989119668148021],[101.24052974601761,2.9896002659421583],[101.23904033925027,2.9903503595317602],[101.23881037002036,2.9904204267709247],[101.23862980869535,2.9904401906579778],[101.23845014644297,2.9904500719972589],[101.23831988967856,2.9904797148067246],[101.23814022621769,2.9905803287616664],[101.23791025940466,2.9906998026972929],[101.23754015448793,2.9908201781224193],[101.23723023426265,2.9908803640223027],[101.2371197413853,2.9909504348868268],[101.23691043269815,2.9912100469261418],[101.23671999124224,2.9913995917262923],[101.23649990214324,2.99162955853933],[101.23634988511708,2.9918604268418107],[101.23612979722651,2.9921398027681789],[101.2354901977227,2.9928000640231289],[101.23527999117141,2.9928898951493466],[101.23512009159754,2.9929402021268174],[101.23490000370691,2.9929698449362832],[101.23450025598078,2.9930399158008072],[101.23430981089962,2.993059677270935],[101.23417955655208,2.9930399158008072],[101.23408972542586,2.993010270574473],[101.23391006196499,2.9930300344614693],[101.23384987364824,2.9931602876005741],[101.23370973796142,2.9932797651615601],[101.23350042927422,2.9934297821876612],[101.23330010527064,2.993530396142603],[101.23244041666783,2.9937298198651661],[101.23185022386048,2.9938501940818583],[101.23170020562594,2.9938403127425772],[101.231620255839,2.9937495837522192],[101.23141993183543,2.993589684178346],[101.23141993183543,2.9934702066174168],[101.23142981438315,2.9933597149484399],[101.23141005049609,2.9932698826138449],[101.2313399820485,2.9932896465008412],[101.23126002984469,2.9933498324007246],[101.23125015092228,2.9934396635269422],[101.23126991239241,2.9935501564043534],[101.2313202181615,2.9936498700782863],[101.23136962485796,2.9937298198651661],[101.2313202181615,2.9937900081819748],[101.23120972528409,2.9937998907296901],[101.23109024893159,2.9937298198651661],[101.23101029914466,2.9936301061912332],[101.23095011324477,2.9934899705044131],[101.23090968881502,2.9933201895913157],[101.23080009259331,2.9931602876005741],[101.23068959971596,2.9930300344614693],[101.23055036189328,2.9929896088233363],[101.23028985198977,2.993020151913754],[101.22976972642164,2.9931998153746235],[101.22960982684782,2.9932698826138449],[101.22949035049527,2.9933695962877778],[101.22935021480845,2.9934800891651321],[101.22924960085351,2.9935196133138788],[101.22916965106657,2.9935196133138788],[101.22906005847022,2.9934603252781358],[101.22892980170582,2.9933695962877778],[101.22876002079272,2.9931396258494374],[101.2286899499282,2.9931504086781615],[101.22871959636296,2.9932797651615601],[101.22862976402831,2.9933399510614436],[101.22855969678909,2.9934199032652486],[101.22860011880198,2.9934297821876612],[101.22863964657603,2.9934504439387979],[101.22873037556639,2.9934504439387979],[101.22894956559287,2.9936399887390053],[101.22893968425353,2.993719938525885],[101.22878966360213,2.9938304314032962],[101.22859023987957,2.9939103836070444],[101.22830008354134,2.9940999247818922],[101.22788955298643,2.9943900811201729],[101.22715023980868,2.9948796635978283],[101.2267998951537,2.9950997514884534],[101.22642979023698,2.9952803128134633],[101.22609022841067,2.9954195530530114],[101.22589978574638,2.9954797389528949],[101.22562040861158,2.9955201633826505],[101.22537966017825,2.9955399248527783],[101.22511016559116,2.9954896202921759],[101.22488019515282,2.9953198393790785],[101.22461968524937,2.99517970127539],[101.22437983588856,2.9949398519145802],[101.22423969778492,2.9946901187976778],[101.22404027164544,2.994240064094015],[101.22380042228468,2.9934001393781955],[101.22360997962039,2.9921101575419016],[101.22367016552028,2.991379827839296],[101.22375999664649,2.9910797901617912],[101.2238902534109,2.9907698711449484],[101.22398008574555,2.9903800047580376],[101.22408968075877,2.9900098962160655],[101.22405015298472,2.9897098585385038],[101.22391989622037,2.9894601278384698],[101.22374023396793,2.9891502088216271],[101.22342043482024,2.9886696098191123],[101.22328029671655,2.9882500982059241],[101.22307009016521,2.9877596178640715],[101.22295959728785,2.9872601540471351],[101.22292007313911,2.9865801289051319],[101.22292007313911,2.9864597571053082],[101.22298025903905,2.9862297866669678],[101.22302966815232,2.9861300742014691],[101.22315992249986,2.9860698883015857],[101.22340965561682,2.9860501244145894],[101.22356955519064,2.9860896485632793],[101.22369981074661,2.9861696007670844],[101.22392977876808,2.98637980490156],[101.22403038909772,2.9864498745575929],[101.2242495791242,2.9865001791181953],[101.22412022143237,2.9863501620920943],[101.22406003432405,2.9862504484181613],[101.22400972855502,2.9861300742014691],[101.22391989622037,2.9860303605275362],[101.22371957221674,2.9859504107405996],[101.22350038460718,2.9859099863109009],[101.22343031615952,2.9859099863109009],[101.22336024650349,2.9857797319633619],[101.22362974109052,2.9855596440727368],[101.22377976053355,2.9855201187155558],[101.22400972855502,2.9855398801857405],[101.22409955968124,2.9855398801857405],[101.22428012342306,2.9855803058238735],[101.22445978567549,2.9856899008371443],[101.22467987114925,2.9858497992025264],[101.22492960426615,2.9859504107405996],[101.22510028304345,2.9860402418668173],[101.22529971039131,2.9860797696408667],[101.22558986552116,2.9860600057538704],[101.22580995341173,2.9859701746276528],[101.22608034586295,2.9858003937144986]]],[[[101.30980961032384,3.0566298506880116],[101.30993986708825,3.0567196818142293],[101.31012042841326,3.0569002455560508],[101.310179716449,3.0571400949168606],[101.31023002342647,3.0575299637205831],[101.31032973589203,3.0578596442075536],[101.3104303474301,3.0578901872980282],[101.31045999265638,3.0578003561718106],[101.31052017855632,3.0574401325943654],[101.3104501113171,3.0568598199179178],[101.31038992300034,3.0565202580916093],[101.31039980433962,3.0563100515403221],[101.3105803644562,3.0560701997627007],[101.31152988418523,3.0552796853686459],[101.31248030177846,3.0546903892170008],[101.31336963439918,3.0543598084490213],[101.31457966524016,3.0539995848715762],[101.31522016502498,3.0539097537453586],[101.31592983297639,3.0540903138619342],[101.31652990833146,3.0543795723360176],[101.31728000071263,3.0547999842302147],[101.31779024494148,3.0551700903553751],[101.31805973952851,3.0556803333757898],[101.31832024943202,3.0559695894330616],[101.31851967557145,3.0562597445628512],[101.31904968127049,3.0565903253308306],[101.3190802243609,3.0566801576654825],[101.31903979872277,3.0567601074523623],[101.31867957514532,3.0570502625822087],[101.31839031667124,3.0573997069561756],[101.31819987521538,3.0576997446337373],[101.31778036239376,3.0580402067409977],[101.31765998817707,3.0581300390756496],[101.31796002585457,3.0581201565279343],[101.31826994487142,3.0578901872980282],[101.31855021866193,3.0577401690634929],[101.31867957514532,3.0575101998335867],[101.3188798991489,3.0572002832336125],[101.31918981937417,3.0569101268953887],[101.31954016040385,3.0566603937784294],[101.32006028718041,3.0564798336618537],[101.32055974858054,3.0563495768975031],[101.32131972592629,3.0563100515403221],[101.32204017308118,3.056399883874974],[101.32357988561756,3.0567295643619445],[101.32445035342386,3.0570197194917341],[101.32508007158833,3.057109551826386],[101.32570978975286,3.0571203310298074],[101.32634040819835,3.0570897903562013],[101.32692970314156,3.0569496522525696],[101.32773998263104,3.0569397697047975],[101.32781993241798,3.0570403812429277],[101.32773010008333,3.0571598575954226],[101.32772022116092,3.0571697401431379],[101.32745970884054,3.0573098758299579],[101.32714978861532,3.0573296397170111],[101.32682010812835,3.0574598952729275],[101.32646976347331,3.0577401690634929],[101.32604037052084,3.0579297150720777],[101.3256100784958,3.0580402067409977],[101.32515013882755,3.0580896134374598],[101.32481956047644,3.0582001063148141],[101.32455006588935,3.0584004315268771],[101.32432009665945,3.0585998576663087],[101.32418983989504,3.0586995713402416],[101.32399041617248,3.05866992490553],[101.32354035784351,3.0585702124399745],[101.32317025292679,3.0585998576663087],[101.32273996090174,3.0587696385794629],[101.32236985598502,3.0588100642175959],[101.32188027350736,3.0588001816698807],[101.32152992885233,3.0587696385794629],[101.32129007949158,3.0588100642175959],[101.32106999160095,3.0590400310306336],[101.32069988668422,3.059749701398971],[101.32054986965812,3.0603803174275868],[101.32049956268065,3.0608600173575837],[101.32053998711041,3.0609399671444635],[101.32061005555801,3.0607701862313661],[101.32067024145795,3.0604997937801386],[101.32069988668422,3.0602096386502922],[101.32081037956164,3.059889837085791],[101.32092985591413,3.0597200561726368],[101.32112029857842,3.0594002546080787],[101.32120024836536,3.0591999306045068],[101.32139967571322,3.0591002193474424],[101.32175001674295,3.0590400310306336],[101.32207969964679,3.0590696762569678],[101.32249022778484,3.0590301484829183],[101.32278038412306,3.0589403173567007],[101.32336967906627,3.0588298244793464],[101.32366971674378,3.0588801314568173],[101.323959873082,3.0590103882212247],[101.32425991075957,3.0589600812437538],[101.3244898775726,3.0587498746924098],[101.32478991525011,3.0585199078793721],[101.32501988568845,3.0583698872279683],[101.32597030207319,3.0581803424278178],[101.32629998256016,3.0580896134374598],[101.32674015834141,3.0578300013980879],[101.3273599951666,3.0575703881503387],[101.32772022116092,3.0574697778206996],[101.327989715748,3.0572002832336125],[101.32826998953851,3.057109551826386],[101.32862033177662,3.0571400949168606],[101.32879999523749,3.0572200434953061],[101.32919974538055,3.0573404189204325],[101.32964980129259,3.0572802330205491],[101.33079964502525,3.0573197571692958],[101.33139972038032,3.0573997069561756],[101.33198991318767,3.0575596089469173],[101.33251991767821,3.0580096636505232],[101.33286038099391,3.0585899763270277],[101.33321970670721,3.0591496260439044],[101.33343979218097,3.0594999682820117],[101.33380001817522,3.059759582738252],[101.33442973633976,3.0600200938501416],[101.33556969873308,3.0601296888634124],[101.33624972387508,3.0601198063156971],[101.33696029089907,3.0600802797500819],[101.33754958463385,3.0599796682120086],[101.33799963933751,3.0599697868726707],[101.33857007188311,3.0600003299631453],[101.33869044368294,3.0600299751894795],[101.33886022822134,3.0600802797500819],[101.33918990870831,3.0603300128669844],[101.33924021568578,3.0606803551051485],[101.3391396041477,3.06154004249953],[101.33877039709512,3.0623404418581686],[101.33826015286627,3.0633600300348576],[101.33739956760775,3.0644703459934703],[101.3368102714561,3.0651395919319953],[101.33635033420472,3.0657297847393465],[101.33589039695335,3.0662400289681955],[101.33530020414605,3.0665400666457003],[101.33457975457429,3.0669496969196075],[101.33339038548451,3.067500365578212],[101.33288014125566,3.0676503826043131],[101.33214981276149,3.0678004008389053],[101.33190008206145,3.0678004008389053],[101.3315596187457,3.0677402137305307],[101.33127036148005,3.0676899079614941],[101.33102961425516,3.0676997893007751],[101.33056967458691,3.0679603028295901],[101.3299300750831,3.0683896957820593],[101.32932012080562,3.0686196662203997],[101.32856014587674,3.0686699695725679],[101.32837958213486,3.0687499193595045],[101.32810020862536,3.0689798897978449],[101.32782981375726,3.0690697209240625],[101.32597030207319,3.0692403997013002],[101.32538010926589,3.0692296204978788],[101.32478991525011,3.0693904203527609],[101.32456982735948,3.0693598772622863],[101.32432009665945,3.0691595520502801],[101.32411977265588,3.0693598772622863],[101.32364007151745,3.0695503199265772],[101.32289986047556,3.0694200631621698],[101.32214976809439,3.0691200254846649],[101.32120024836536,3.0690796034717778],[101.32026959224231,3.0690903826751992],[101.31940002592546,3.0689197014810929],[101.31895984893583,3.0686996160073363],[101.31866969380604,3.0685001886594705],[101.31856998013211,3.0683995783297746],[101.31849003034517,3.0683995783297746],[101.31836965612848,3.0684696455689959],[101.31796990719391,3.0684903073201326],[101.31710033725176,3.0682199148689051],[101.31617956367643,3.0678902319650661],[101.31555972685123,3.0677698601652992],[101.31515009416046,3.0678102821781863],[101.31485993903067,3.0678902319650661],[101.31452037599598,3.0679998269783368],[101.31412960932806,3.0679603028295901],[101.31385023340169,3.0676997893007751],[101.31369033382788,3.0675398897269588],[101.31358972349824,3.067500365578212],[101.31318997214674,3.067500365578212],[101.31286028924291,3.0673997516232703],[101.31265008510843,3.0672703951398717],[101.31222967321423,3.0668302217755468],[101.31182004052351,3.066510421419423],[101.31156042727571,3.0663999285420118],[101.3111301364591,3.0663002148680789],[101.31083998012087,3.0662103837418613],[101.31054982499103,3.0659498726299717],[101.31016983752659,3.0655698851655302],[101.30972966174539,3.0651701350224698],[101.30947004849759,3.0650102354486535],[101.30897956815579,3.0647596044675538],[101.30861036110321,3.0645898235544564],[101.30798962399695,3.0644398029029958],[101.30737966971947,3.0641604293934961],[101.30690985112881,3.0638397299647977],[101.30646967413918,3.0634300972740789],[101.30621994343909,3.0631300595965172],[101.30600973809624,3.0626503596665771],[101.30571958175801,3.0622497104509421],[101.3053800199317,3.0618203162900386],[101.3051796947197,3.0615103972732527],[101.3050799822542,3.0611097480576177],[101.30515004949336,3.0607297618016105],[101.30530995148411,3.0604297265409173],[101.30546985105792,3.0603003676406502],[101.30590014308302,3.0600003299631453],[101.30659004956425,3.059759582738252],[101.30684966160362,3.0595700379381014],[101.30725031081926,3.0592295758307841],[101.30744973695869,3.0591702877950411],[101.30759975519322,3.0590400310306336],[101.30771024807058,3.0587696385794629],[101.30787015006132,3.0584498370149049],[101.3087801420163,3.0575901496204665],[101.30954999828452,3.0567601074523623],[101.30980961032384,3.0566298506880116]]],[[[101.33872009011765,2.9989795747114272],[101.33900036390816,2.9990101178019017],[101.33933004681199,2.9991403745662524],[101.33996964631581,2.9995401222924443],[101.34038017687072,2.9998096168795314],[101.34070985735769,3.0000503665212932],[101.34092006390898,3.0003198611083803],[101.3410098950352,3.0006001348988889],[101.34105032067339,3.0011499032764846],[101.34107008093514,3.0018901167352396],[101.3410098950352,3.0026500916641226],[101.34095958805773,3.0033498770678193],[101.34084999546138,3.0039903780610757],[101.34080957103163,3.0045895519266992],[101.34078980714463,3.0052596957293645],[101.34072962124469,3.0060097881105321],[101.34069997601841,3.0067401202300061],[101.34065955400553,3.0081199307756492],[101.34062990757076,3.0085295634664249],[101.34049965201478,3.0092796570560267],[101.34040981968013,3.0100396307765322],[101.34036041298367,3.0101698875408829],[101.34025980265403,3.010280380418294],[101.3401403250931,3.0103297871147561],[101.33978998406337,3.0103297871147561],[101.33963996341197,3.010380094092227],[101.33925009702506,3.0106603678827355],[101.33907043114738,3.0107798418184188],[101.3388898710308,3.0108597940221671],[101.33870032623065,3.010840031343605],[101.33855030799606,3.0107699628959494],[101.33833022010549,3.0105399936660433],[101.33825027031855,3.010319905775475],[101.33825027031855,3.0106199434529799],[101.33819008441867,3.0107196559184786],[101.33817032174005,3.0109298624698226],[101.3382098458888,3.0112802047079299],[101.33818020307933,3.0115703598377195],[101.33826015286627,3.0114499856210841],[101.33830955956273,3.0111499503603909],[101.33839040963068,3.0109999297089871],[101.33851976490564,3.0109397438091037],[101.33872009011765,3.0110098122567024],[101.3389096349178,3.0110196935960403],[101.33910995892137,3.0109604055602404],[101.33940011405122,3.0107699628959494],[101.3396103206025,3.0106100609052646],[101.33980974795037,3.0105103472313317],[101.34001995087641,3.0104699252184446],[101.34024003876704,3.0104501613313914],[101.34033975244097,3.010520229779047],[101.34037029553139,3.0106801317697318],[101.34033975244097,3.0110798794959237],[101.3401600889801,3.0116503096246561],[101.33986005130259,3.0125001156797566],[101.33974955842518,3.0130804271478269],[101.33969027038944,3.0139796423162579],[101.3396103206025,3.0144898865451069],[101.33940999659893,3.0150297735834215],[101.33915038335113,3.0154798282870274],[101.33881980258315,3.0157996298515855],[101.3383598665402,3.0163502960933215],[101.33806971020198,3.0167302823493287],[101.33798976041504,3.0169297096971945],[101.33779033427561,3.0170797267233525],[101.33761965187307,3.0171300337008233],[101.33748041405033,3.0170896092710677],[101.33668001469169,3.0169602527876691],[101.33546998505915,3.0166799789971606],[101.33424019153961,3.0162496845552482],[101.33298973747731,3.0156002025037196],[101.33198991318767,3.0151402664607758],[101.33084006945501,3.0147602789963344],[101.32991031361297,3.0144000554188892],[101.32904972593752,3.0141000177413844],[101.32850983889927,3.0140703713066159],[101.32818015841229,3.0141098990806654],[101.3277804070608,3.0143201032150841],[101.32741030214407,3.0145797176713245],[101.32718033170573,3.0149102960224354],[101.32715967116303,3.015419642387144],[101.327309690606,3.0162002778587862],[101.32758008305723,3.0169997769364159],[101.32808044473836,3.0179699584166428],[101.3286302131159,3.0189401386884356],[101.32879999523749,3.0192797017231214],[101.32877035242802,3.0201600508686965],[101.32864997700295,3.0205301557854227],[101.32834993932539,3.0210404000142717],[101.32766003284416,3.0217096447443623],[101.32668985257237,3.0223501433207502],[101.32628022229846,3.0225199242338476],[101.32601970876965,3.0225001627637198],[101.32589035228631,3.0225396881209008],[101.32572955363986,3.0227301307851917],[101.32545017650506,3.0229996241638446],[101.32508995292761,3.023229594602185],[101.32496957871098,3.0231801854888545],[101.32487974637633,3.0231002357019179],[101.3248096791371,3.0231101170411989],[101.32470008412389,3.0232897805020684],[101.32416019708558,3.0236302426093289],[101.32319001681384,3.0241198226701727],[101.32246956724208,3.024310267751332],[101.32189015484664,3.0243300292214599],[101.32166018561674,3.0243201466737446],[101.32154969273932,3.0242797246608575],[101.32149040470358,3.0242204366251144],[101.32149040470358,3.0241000624084222],[101.32165030306902,3.023840449160673],[101.3220096299907,3.0234002733794227],[101.32208957977764,3.0232700166150721],[101.32212012286811,3.0231801854888545],[101.32207969964679,3.0231199995889142],[101.32203029053346,3.0230903543626368],[101.32197010463352,3.0230903543626368],[101.32182996652989,3.0231900668281355],[101.3214302151784,3.0235799368402922],[101.32114006004861,3.0239500417570184],[101.32102956717119,3.0240003487344893],[101.32092985591413,3.0239599230962995],[101.32079960035816,3.0238197874094794],[101.32067024145795,3.0233400874795393],[101.32058040912329,3.0229897428245636],[101.32062981823663,3.022340260773035],[101.32059029167101,3.0222701935338137],[101.32048968013294,3.0222603109860984],[101.32031989921978,3.0222800748730947],[101.32024983198062,3.0223196002302757],[101.32022018554585,3.0224103316375022],[101.32048968013294,3.0232601376926027],[101.32053010577113,3.0234999870533557],[101.32051034188407,3.0238000247309174],[101.32039984900672,3.0241099437477601],[101.32024983198062,3.0243201466737446],[101.32007016851975,3.0243399105607978],[101.31985008062912,3.0243201466737446],[101.3196299927385,3.024230315547527],[101.3194602118254,3.0240201126215425],[101.31891044344781,3.0231298809282521],[101.31836965612848,3.0224399744469679],[101.3182304183058,3.0222198865563428],[101.31817023240592,3.0220501056431885],[101.31824029964508,3.0217797131920179],[101.31835977720607,3.0215704045048142],[101.31841996310595,3.0211499950274856],[101.31849003034517,3.021060163901268],[101.31862028710958,3.0209999743760818],[101.31865981125833,3.0209200245891452],[101.31859962535839,3.0207700075630441],[101.31852955811922,3.0205301557854227],[101.31850979423217,3.0203397131211318],[101.31842984444523,3.020399902646318],[101.3183301307713,3.0205696835594722],[101.31834989465835,3.0208400760106429],[101.3182897063416,3.0209900930368008],[101.31818999266761,3.021210180927369],[101.31813968931544,3.0214895568537372],[101.31808040007127,3.0216997634050813],[101.31783965163794,3.0219701558563088],[101.3176096811996,3.0220599869825264],[101.31708955804834,3.0220096824218672],[101.31677963903149,3.0219602733085367],[101.31611039309297,3.0221399367694062],[101.31586964707645,3.0221004126206594],[101.31573040562853,3.0219800371955898],[101.31564955918589,3.0217797131920179],[101.3155300816249,3.0205103955236723],[101.31554984551195,3.0203199504425129],[101.31573040562853,3.0201304080592308],[101.31607985241936,3.0199103201686057],[101.31637000875759,3.0198195911782477],[101.31654967221846,3.0197001136173185],[101.31689013190885,3.019310244813596],[101.317059912822,3.0189599025754319],[101.317079676709,3.0185403885453752],[101.31702038867326,3.0181397393297402],[101.31661973945768,3.017260290465174],[101.31614003831925,3.0161697347683116],[101.31588042627993,3.0156199663907159],[101.31578969728957,3.0152399789262745],[101.31582023796312,3.0149102960224354],[101.31591995042868,3.0146596674582611],[101.3161598022063,3.0143596297806994],[101.31649038055741,3.0140497107639135],[101.31766986951635,3.0136903850506087],[101.31820975655467,3.0135403668160734],[101.31886013647033,3.0131496001481537],[101.31932007613858,3.0127803918871336],[101.3195599242909,3.0125701865442807],[101.31965963796483,3.0125899468059743],[101.31971982386472,3.0126501363312173],[101.31976024950291,3.0127803918871336],[101.31968029971597,3.0131001910348232],[101.3195796881779,3.0134604146122683],[101.31960034992909,3.013870047303044],[101.31977013084219,3.0142203919580197],[101.32049956268065,3.0150899594833049],[101.32058040912329,3.0154304215905654],[101.32061993689729,3.0158104090550069],[101.32053010577113,3.0161302082026964],[101.32001986154228,3.0167698101233782],[101.31986984451612,3.0170402025746057],[101.31976024950291,3.0173303577043953],[101.31967041716825,3.0179097725167026],[101.3195796881779,3.0180103828463984],[101.31940002592546,3.0180103828463984],[101.31914041267771,3.0179403131903086],[101.31884037500015,3.0176995659654153],[101.31849991289289,3.0174597141877939],[101.31864005099658,3.0177103451688367],[101.31874964359292,3.0179304330594618],[101.31888978169661,3.0181397393297402],[101.31918981937417,3.018330181994088],[101.31952040014215,3.0183795911074185],[101.31979977365165,3.0184900839847728],[101.32003962542927,3.0187703577752814],[101.32029025399345,3.0187703577752814],[101.32052022322335,3.0187200507978105],[101.32055974858054,3.0186302196715928],[101.32043039209714,3.0185601512239373],[101.32022018554585,3.0185098442464664],[101.32001986154228,3.0183697097680806],[101.31994979430306,3.0182403508678703],[101.31993003041606,3.0178199401821075],[101.31999021873281,3.0173896469485726],[101.32009981132916,3.0170204386875525],[101.32032978055906,3.0167302823493287],[101.32053998711041,3.0165802653232276],[101.32083014344863,3.0165200770064757],[101.32111041723914,3.016539840893472],[101.32136014793917,3.0166503337708264],[101.32157035449052,3.0169099458101982],[101.32180032372042,3.0172297473747562],[101.32181020505971,3.0169099458101982],[101.32160988105613,3.0165596035720341],[101.32147962429173,3.0164203633325428],[101.3214095570525,3.0162299206681951],[101.32147962429173,3.0160996675291472],[101.32169971339079,3.0160098351944953],[101.32205005442046,3.0160295966646231],[101.32234021075868,3.0160601397550977],[101.3224102779979,3.0160098351944953],[101.3224300418849,3.0159604260811648],[101.32240039665862,3.0159200040682776],[101.32215964943373,3.01583017294206],[101.32195034074653,3.0156801522906562],[101.32190991631677,3.015510371377502],[101.32195034074653,3.0153998785001477],[101.3221102403204,3.0152202150392782],[101.32225037842409,3.0151402664607758],[101.32225037842409,3.015099840822586],[101.32214976809439,3.0150800769355897],[101.32183984907761,3.0152696217357402],[101.3215802358298,3.0154304215905654],[101.32136014793917,3.0157097975169336],[101.32120024836536,3.0158903588419435],[101.32111041723914,3.0159604260811648],[101.32100980570107,3.0159298829906902],[101.32092985591413,3.0158400518644726],[101.32081037956164,3.0154897096263653],[101.32076995392345,3.0151896719488036],[101.32060017301029,3.0149300599094886],[101.32024983198062,3.0144997654675194],[101.32001986154228,3.014119778003078],[101.31994979430306,3.0138799298507593],[101.31995967564234,3.0134496354088469],[101.32002974288156,3.0132304477992307],[101.32014023575891,3.0130301237956587],[101.32035044231026,3.0128495624706488],[101.32146974295244,3.0125800678835617],[101.32190003739436,3.0125099970190945],[101.32218031118487,3.0125701865442807],[101.32240039665862,3.0125800678835617],[101.32261958668505,3.0124596936668695],[101.32288009658856,3.0123303347666592],[101.32333015491753,3.0122800302060568],[101.32359964950456,3.0123698625406519],[101.32377032828185,3.0125504226572275],[101.32401017764261,3.0128702242217855],[101.32420960378209,3.0132897358349737],[101.32431021532017,3.0137802161768263],[101.32420960378209,3.0148303462354988],[101.32411977265588,3.0151303839130605],[101.32394999174272,3.0156496092001817],[101.32387992329507,3.0159604260811648],[101.32387992329507,3.0163404135456062],[101.32390956610453,3.0168901819232019],[101.32389968476525,3.0173896469485726],[101.32374966653072,3.0178801272904252],[101.32356012173057,3.0183598272203653],[101.32341010470441,3.0187703577752814],[101.32319001681384,3.018990443249038],[101.32308042180057,3.0191296834885861],[101.32303999857925,3.0193300087005923],[101.32295016745303,3.01955997551363],[101.3228100293494,3.0197899447435361],[101.32246956724208,3.0200100326341612],[101.32245968711123,3.0200495579912854],[101.32250011033256,3.0200998649687563],[101.32256029864931,3.0200998649687563],[101.32279026546234,3.0200297941042891],[101.32309030313991,3.0200801010817599],[101.32318013426612,3.0200801010817599],[101.32325020271372,3.0200100326341612],[101.32328973048777,3.0197001136173185],[101.32334003383994,3.0194997896137465],[101.32349993583063,3.0193704307134794],[101.32369037849492,3.0192401763659404],[101.32378020962113,3.0190802743752556],[101.3238296163176,3.0188799503716268],[101.3238296163176,3.0183697097680806],[101.32389968476525,3.0180696720905758],[101.32404970420822,3.0177103451688367],[101.32433986054644,3.0173501215913916],[101.32447999623326,3.0172504091258929],[101.32449976012032,3.0171803382614257],[101.32428955356897,3.0167698101233782],[101.32428955356897,3.0166000267933555],[101.3243596244335,3.0162496845552482],[101.3245096414596,3.0157996298515855],[101.32477015136311,3.0153495715226768],[101.32494981482398,3.0151402664607758],[101.32495969616326,3.0150603166738392],[101.32492017201452,3.0150396549227025],[101.32484022222758,3.0150701980131203],[101.32462013433695,3.0150899594833049],[101.32457970990725,3.0150701980131203],[101.3245096414596,3.0146902105486788],[101.32452042066302,3.0143901728711739],[101.32456982735948,3.0139302356197959],[101.32456982735948,3.013630197942291],[101.32452042066302,3.013390347373047],[101.32440004644639,3.0130498864742208],[101.32433986054644,3.0128603416740702],[101.32434974188578,3.0126797791406261],[101.32442969167266,3.0125396434538061],[101.32463001567629,3.0123599799929366],[101.3248303408883,3.0122997916761847],[101.32505042877892,3.0122800302060568],[101.32520044580502,3.0123303347666592],[101.32525973384077,3.0123096730154657],[101.32538999060517,3.012170435192786],[101.3257798594089,3.0120302970890975],[101.32599994488265,3.0119701111892141],[101.32706983882838,3.0113601532864323],[101.32766003284416,3.0110601192341733],[101.32819991988242,3.0106100609052646],[101.32842000777305,3.0104995680278535],[101.32872992678989,3.0104402799921104],[101.32895001468046,3.0104798077661599],[101.3290299644674,3.0105804180957989],[101.32900031924106,3.0109702868995214],[101.32879011268977,3.0117401407508737],[101.32866973847308,3.0121201282153152],[101.3285897886862,3.0125001156797566],[101.32862033177662,3.0128396811313678],[101.32872004545055,3.012410284553539],[101.32886018355424,3.0121596559893646],[101.32907038648028,3.0114904100508397],[101.32913955706374,3.0110798794959237],[101.32917010015422,3.0106001795659836],[101.32916021881493,3.0104501613313914],[101.32923028847097,3.0103396684540371],[101.32955008761866,3.0101698875408829],[101.33017980820006,3.0099497996503146],[101.33092990058122,3.0098797324110933],[101.33167999417083,3.0099102755015679],[101.33216957664848,3.0099695635373109],[101.33229982978759,3.0100899377540031],[101.33234025542578,3.0103603302051738],[101.33233037287806,3.0105597563446622],[101.33231959367464,3.0109100985827695],[101.33208962444473,3.0112900860472109],[101.33191984232315,3.0114302241508994],[101.33183001119693,3.0114697495080804],[101.33210040606502,3.011510173937836],[101.33220011732209,3.011409563608197],[101.33248039352947,3.0107798418184188],[101.3325603433164,3.0106199434529799],[101.33253968156521,3.0103001443052904],[101.33253968156521,3.0101797700885982],[101.33263041055557,3.0101303609753245],[101.33291966902971,3.0101797700885982],[101.3333400809239,3.0102696012148158],[101.33430037985636,3.0105498750053243],[101.33471001013027,3.0106001795659836],[101.33530020414605,3.0106001795659836],[101.33544034224974,3.010639706131542],[101.33557958007242,3.0107403176696721],[101.33567030906278,3.010849912682886],[101.33566042772344,3.011050236686458],[101.33542956062939,3.0113502743640197],[101.33508999759471,3.0115299378248324],[101.33479984246492,3.0115595806342981],[101.33460041511705,3.011750023298589],[101.33440009111342,3.0119602286414988],[101.33418000563972,3.0120302970890975],[101.33387996796216,3.0121901990798392],[101.33372994731076,3.0123402161059403],[101.33372006838835,3.0126303724441641],[101.333809900723,3.0130301237956587],[101.33393027252276,3.0132897358349737],[101.33398956297538,3.0133301602647293],[101.33403986753603,3.0132996171743116],[101.33407041062645,3.013209786048094],[101.33407041062645,3.0130597666050676],[101.33397968163609,3.012739967457378],[101.33400034217885,3.0124695750062074],[101.33409017451351,3.0122997916761847],[101.33433002266582,3.0121003679536216],[101.33472977401726,3.0118802788545622],[101.33494986190789,3.0117697871856421],[101.33515018591146,3.0116799548509903],[101.33530020414605,3.0115496980865828],[101.33553017337596,3.0114203428116184],[101.3356397659723,3.0113098499342641],[101.33570983683677,3.0111499503603909],[101.33575025884966,3.010980167030425],[101.33584008997587,3.0108795554923518],[101.33690998513003,3.0103396684540371],[101.33807959154126,3.0096596445204682],[101.33829967701502,3.0094197951597152],[101.33850988356636,3.0090703507857484],[101.33869044368294,3.0087002422437195],[101.33882968513086,3.0082501875400567],[101.33882968513086,3.0076698760720433],[101.33874973534398,3.007040157907511],[101.33856019054383,3.0064796067011912],[101.33842005244014,3.0057501760711602],[101.3383598665402,3.0054501383936554],[101.3383598665402,3.0049596580518596],[101.33833022010549,3.0042095656706351],[101.33829967701502,3.0035699649584444],[101.33822960977585,3.003189977494003],[101.33817032174005,3.0023895781353076],[101.33811013221487,3.0021299660959926],[101.33807959154126,3.0015496534194881],[101.33804994631498,3.0009900037026114],[101.33806971020198,3.0005695918084143],[101.33809037195311,3.0003297424476614],[101.33818020307933,2.9998096168795314],[101.33832033876621,2.9993999866056242],[101.33841016989237,2.9991996626020523],[101.33856019054383,2.9990397630281791],[101.33872009011765,2.9989795747114272]]],[[[101.2816797684186,2.9616698501762926],[101.28235979235211,2.9618602928405835],[101.28307036058453,2.9622699231144907],[101.28408006621351,2.9625600782442802],[101.28528021692364,2.9632904103637543],[101.2864803652169,2.9640602666319182],[101.28805960190203,2.96486964825732],[101.28959033338009,2.9657499974028951],[101.29045990090538,2.9664803258970665],[101.29106985759972,2.9672699460522267],[101.29172023751539,2.9688096597970457],[101.29247032989656,2.9701202997592873],[101.29294014969565,2.9711102439180763],[101.29346027526378,2.971660012295672],[101.29475025468327,2.9728197385759927],[101.29639956223292,2.9742696175693482],[101.29734009727838,2.9749900671410501],[101.29881962391482,2.975750042069933],[101.29983022740794,2.9761497922129934],[101.30059020233688,2.9763195743345818],[101.30172028218249,2.976209979321311],[101.30287012591509,2.9759503660735618],[101.30377023894772,2.9757895662186797],[101.30456973802535,2.9756898561700496],[101.30542044436146,2.9756997350924621],[101.30583995718308,2.9757698059569861],[101.30634031886422,2.976169553683178],[101.3067598304774,2.9766501551025613],[101.3071802423716,2.9770301425670027],[101.30743985561941,2.977669742070816],[101.3075799937231,2.9782599348781105],[101.30743985561941,2.9788097044641404],[101.30673018766794,2.9793001835975588],[101.30590014308302,2.9801095652229037],[101.30500991380654,2.980699758030255],[101.304460145429,2.9808803193552649],[101.30399032442148,2.9807599451385727],[101.30309021380572,2.9805704027552906],[101.2994502399435,2.9786399223425519],[101.29754042128195,2.9774801972706655],[101.29604023651962,2.976689679251308],[101.29477001736188,2.9763501174249996],[101.29375043039363,2.9764201846642209],[101.29304974470892,2.97636987768675],[101.29217029221905,2.9760096541093048],[101.29149027070235,2.9756296666448634],[101.29029011999222,2.9746397249029428],[101.28979963965043,2.974210328325114],[101.28884023858205,2.9730703671402239],[101.28810990887951,2.9722798491208664],[101.28676962248255,2.971139886727542],[101.28557037326186,2.9702397773202165],[101.28471966692575,2.9694798023913336],[101.28421032297791,2.9690001012529592],[101.28385009940047,2.9684296723326042],[101.28315031037147,2.9666797532449323],[101.28211994419979,2.9639704355057575],[101.28150998629701,2.9622600429836439],[101.28142015517079,2.9618396310894468],[101.28153963273178,2.9617003932667672],[101.2816797684186,2.9616698501762926]]],[[[101.27203994974582,2.9554103872842461],[101.27256007289708,2.9556700029488638],[101.27370991662968,2.9565099276646833],[101.27496037069199,2.9571001204720346],[101.27579041286009,2.9576696527366266],[101.2770300889274,2.9587404445464927],[101.2783003068767,2.9595803692623122],[101.27963969540951,2.9604795808054973],[101.28049039932876,2.9612197918473839],[101.28089015068025,2.9617902243929848],[101.28146956428412,2.9640396048807816],[101.2819798060961,2.9655101456252737],[101.2825502350164,2.9665998034579957],[101.28309012447158,2.9676696974037213],[101.28350963608477,2.9684503328753635],[101.28378991108372,2.9689497954838657],[101.28387974220993,2.9693100214781794],[101.28384021685275,2.9694699210520525],[101.28342968750627,2.9695696335175512],[101.28299041079765,2.9695202244042207],[101.28226007988661,2.9692300692744311],[101.2810796954804,2.9683299586586713],[101.28029995666446,2.9679203259678957],[101.2795498642833,2.9673103716904166],[101.27900997482811,2.9666402278877513],[101.27849973422457,2.965689807877709],[101.27805955844337,2.9647196300227847],[101.277579857305,2.9638204148542968],[101.27693037525347,2.9629598295957749],[101.27623957090805,2.9619600053060822],[101.2754499531697,2.960919757795125],[101.27464955381106,2.9596100120717779],[101.27385005473337,2.9585203566559244],[101.2730999587269,2.9576903144878202],[101.27209025430642,2.9564497381394972],[101.27166984120379,2.9559996834358344],[101.27164019839432,2.955790377165556],[101.27168960509078,2.9555496287322285],[101.27182974319447,2.9554103872842461],[101.27203994974582,2.9554103872842461]]],[[[101.26847992567048,3.0100198680979133],[101.26868024967411,3.0100198680979133],[101.26883026670021,3.0100899377540031],[101.26899016869089,3.0102498373278195],[101.2693000864993,3.0104896866885724],[101.26947974875173,3.0107097745791975],[101.26978966897695,3.01109964338292],[101.2700798241068,3.011510173937836],[101.27074008536175,3.0123303347666592],[101.27098981968709,3.0127103222311007],[101.27144975573003,3.0131900221610408],[101.27166984120379,3.0134101100516659],[101.27173002952054,3.0135798921732544],[101.27172014818126,3.0137595544256328],[101.27181986185519,3.0139598784292616],[101.27196987888129,3.0142096103377298],[101.27206959255523,3.014439579567636],[101.27249000444942,3.0150504341261239],[101.27271009234005,3.0153396926002074],[101.27297958692714,3.0158598157514689],[101.27306043457821,3.0160502584158166],[101.27308019846521,3.0162595671029635],[101.27307031591749,3.0164697724458733],[101.27307031591749,3.0166898579195731],[101.27302989148774,3.0169099458101982],[101.27293017781381,3.0171497975878196],[101.27285022802687,3.0174399539260435],[101.27282956748417,3.017720227716552],[101.2727801607877,3.0181298579904592],[101.27273973514951,3.0183104205239033],[101.27276039690065,3.0185296081335196],[101.27276039690065,3.0187496960241447],[101.27279004212699,3.0192096332754659],[101.27284034668759,3.0194503829172845],[101.2728798732532,3.0198600131911348],[101.27289963472333,3.0202103578461674],[101.27282956748417,3.0205202744461417],[101.2727999246747,3.0208301934629276],[101.27277027823993,3.0210296208107934],[101.27279004212699,3.0212595876238311],[101.27286011057458,3.0218902060693722],[101.27284034668759,3.0221201752992783],[101.27272985381018,3.0223196002302757],[101.27261037987455,3.0224597383339642],[101.27249988699714,3.0225298055731855],[101.27234986634573,3.0225801125506564],[101.27215044262317,3.0225998740207842],[101.27198964276835,3.0225998740207842],[101.27174979340754,3.0225801125506564],[101.27153958806468,3.0224597383339642],[101.27122966783941,3.0221498181087441],[101.27097005580009,3.0218596629788976],[101.27059994967493,3.0213898443882385],[101.2703996256713,3.021210180927369],[101.27015977389368,3.0209802141143314],[101.27006006021975,3.0208104295759313],[101.27000975686758,3.0206199881200746],[101.26998999298058,3.0203397131211318],[101.26992980708064,3.0201501683209813],[101.26953005572921,3.0196102824911009],[101.2693000864993,3.0193398900398734],[101.26927044368983,3.0192204124789441],[101.26927044368983,3.018860188901499],[101.26929020636845,3.018589794033403],[101.26927044368983,3.0181900463072111],[101.26916983215176,3.0180202653941137],[101.26915995081248,3.0179304330594618],[101.26915995081248,3.0177804136164923],[101.2692497819387,3.0176600381913659],[101.26936027481605,3.0175702070651482],[101.26943034205527,3.0175702070651482],[101.26947974875173,3.0175199025045458],[101.26947974875173,3.0174201900390472],[101.26940968151251,3.0173096971616928],[101.26923990059942,3.0171300337008233],[101.26891021648714,3.0160601397550977],[101.26883026670021,3.0157699846253081],[101.26872965637057,3.0154798282870274],[101.26863982524435,3.0150603166738392],[101.2686200613573,3.0146102583449306],[101.2686200613573,3.0141296605507932],[101.26856975679669,3.0136598407516999],[101.26849968955753,3.0134702959515494],[101.26846016178348,3.0133202789254483],[101.26839009454426,3.0131298362611574],[101.26835955024541,3.0130804271478269],[101.26831014475738,3.0130597666050676],[101.26825983777991,3.0131100723741042],[101.26822031242273,3.0132403291385117],[101.26825983777991,3.013390347373047],[101.26830026220961,3.0137900975161074],[101.26835955024541,3.0139401157506427],[101.26838021199654,3.0143596297806994],[101.26833978756679,3.0145797176713245],[101.26840985722288,3.014850110122552],[101.2684502804442,3.0151303839130605],[101.26853023023108,3.0153702332738135],[101.26855987545741,3.015559778073964],[101.26883026670021,3.0161499708813153],[101.26892009903486,3.0164598911065355],[101.26893986292185,3.0168003507969843],[101.26893986292185,3.0171596765102322],[101.26887967702197,3.0173402402521106],[101.26888955836125,3.0174695967355092],[101.26886979447426,3.0175396639747305],[101.26879972723503,3.0175702070651482],[101.2687503181217,3.0175504468034546],[101.26870989248351,3.0174597141877939],[101.26864970658363,3.0173797644008573],[101.26864970658363,3.0172701693876434],[101.26856975679669,3.0169099458101982],[101.26844039789643,3.0165101944587605],[101.26834966890607,3.016220039328914],[101.26819965187997,3.0156002025037196],[101.26811970209303,3.0153001648261579],[101.2680002245321,3.0147503964486191],[101.26786008642841,3.0140299468768603],[101.26773971462859,3.0135295876125952],[101.2677702553022,3.0130804271478269],[101.26771006940231,3.0120401784284354],[101.26769030551526,3.011409563608197],[101.26763011961538,3.0109397438091037],[101.26769030551526,3.0105399936660433],[101.26776037637978,3.0104097369016927],[101.26786996776769,3.010280380418294],[101.26803974988928,3.0101600062016018],[101.26825983777991,3.01007017386695],[101.26847992567048,3.0100198680979133]]],[[[101.23619986809098,2.9126101594695228],[101.23644959879107,2.9126703477862748],[101.23658973447789,2.9128500112471443],[101.23676041567199,2.913360254267559],[101.23693019658515,2.9137096986415827],[101.23720957371995,2.9141301081189113],[101.2375697972974,2.9144597922311846],[101.23771981674037,2.9148101332608576],[101.23784018854019,2.915359905263756],[101.23785007108791,2.9165196279188308],[101.23790037806538,2.9168304447998139],[101.23805039509148,2.9171295846131784],[101.23828036432138,2.9174502840418768],[101.23875018412048,2.9178302715063182],[101.23946973341117,2.9182497831195064],[101.24005004487924,2.9187303809135869],[101.24044979623068,2.919050182478145],[101.2406698841213,2.9192801492911826],[101.24073007002124,2.9196897831903925],[101.24058993433437,2.9205198253584967],[101.24056028910809,2.9212896816266607],[101.24065012023431,2.9217002121815767],[101.24060969580455,2.9220397740078852],[101.2405396273569,2.9221502668852395],[101.24037972778308,2.9222499805591724],[101.24006980876624,2.9222499805591724],[101.23951015784093,2.9221601494329548],[101.23877982692994,2.9220200137461347],[101.23809980420481,2.9219203000722018],[101.23673975392086,2.921770279420798],[101.23575969230978,2.9215097695172858],[101.23541024793576,2.9214801242909516],[101.23530963639769,2.9214199383910682],[101.23519016004519,2.9212501562695365],[101.23512997414525,2.9209896439491558],[101.23505990569765,2.9207596771361182],[101.23484969914631,2.9204497569108412],[101.23477962949028,2.9202296690202729],[101.23477962949028,2.9200401242201224],[101.23483981780703,2.9198496815558315],[101.23523956915852,2.9195397649558572],[101.23534017948816,2.9193196770652321],[101.23535006203588,2.919099589174607],[101.23528987251069,2.9189998755006741],[101.23519016004519,2.9189801152389805],[101.2350904463712,2.919089707835326],[101.23498983483313,2.9191597774914158],[101.23490988504625,2.9191597774914158],[101.23482993646775,2.9191103683780852],[101.23482005392003,2.919050182478145],[101.23490000370691,2.9188696223615693],[101.2350401418106,2.9186396519232289],[101.23511021025826,2.9184195640326607],[101.23511021025826,2.9181401881062925],[101.2350401418106,2.9177799645288474],[101.23491976759396,2.917199653060834],[101.23477962949028,2.9166498846832383],[101.23456044188066,2.9161504196578107],[101.23450025598078,2.9159500956542388],[101.2345496614688,2.9153203774897065],[101.23483981780703,2.913869598215399],[101.23500959872018,2.9133297111770844],[101.23522968661075,2.9130000282732453],[101.23550007906198,2.912830247360148],[101.23586030263942,2.9126595685828534],[101.23619986809098,2.9126101594695228]]],[[[101.37542974171458,2.9740100043215421],[101.37588967775753,2.974119599334756],[101.37709970859851,2.974769979250425],[101.37836004520852,2.9753996998318257],[101.37947036358401,2.9761399108737123],[101.38094988780364,2.9772403454929872],[101.38194971209327,2.9779500158613246],[101.38275999279119,2.9786803455638733],[101.3834903224938,2.9791600454938703],[101.38397002242374,2.9794502018320941],[101.38443984101445,2.9798203067488203],[101.38456021643952,2.9800197340966861],[101.38568041494585,2.9812001209197661],[101.38611969286296,2.9816995823198909],[101.38616999742356,2.9818603821747729],[101.38617987876285,2.9819996199974526],[101.38630025297948,2.9821397581011411],[101.38660029065704,2.982379607461894],[101.38662005454404,2.9824703388691205],[101.38656974756657,2.9825502886560002],[101.38650956166668,2.9825996953524623],[101.38623018574032,2.9825996953524623],[101.3857495867378,2.982579931465466],[101.38517017313387,2.9824397957786459],[101.38427994264902,2.9822403696392144],[101.38377957975945,2.9820301630878703],[101.38318040589382,2.9817498892973617],[101.38229017420053,2.981350137945924],[101.38210961408396,2.9811902383720508],[101.38033993110929,2.9799604448525088],[101.37934998936731,2.9792103524713411],[101.37776985119274,2.9778898275445158],[101.37715001436754,2.9770696667157495],[101.37637027676004,2.9759395868700835],[101.37562018437887,2.9749397601635792],[101.37530038281432,2.9744097556730367],[101.37525007825371,2.9741600249729458],[101.37542974171458,2.9740100043215421]]],[[[101.30968025504893,2.9840396942149141],[101.30941974152012,2.9838600319625357],[101.30873971637817,2.9834198561812855],[101.30832020476493,2.9831898881598136],[101.30762041573598,2.9828296645823684],[101.3071802423716,2.9826598812524026],[101.30681013745487,2.9824200318916496],[101.30666011680347,2.9822601323177764],[101.30659993090359,2.9820301630878703],[101.3066098134513,2.9818001962748326],[101.3067598304774,2.9816097511936732],[101.30699968225503,2.9814498516198569],[101.30722964906806,2.9813097159330368],[101.30742997307163,2.9811399313945799],[101.30751980540629,2.9809800330291978],[101.3074596195064,2.980689876690974],[101.30757011238376,2.9804401459908831],[101.30783960697084,2.9802595858743075],[101.30879990590336,2.9800296154359671],[101.3100296994229,2.980079922413438],[101.31118043981127,2.9803197717742478],[101.31173020818886,2.9806099269040374],[101.31206977364042,2.9809997957077599],[101.31226021630471,2.9811498139422952],[101.31260966067873,2.9814696155068532],[101.31288993446924,2.9817103639401807],[101.31336963439918,2.9821002303270916],[101.31363014551107,2.9822403696392144],[101.31407032129232,2.982449677117927],[101.31440000177929,2.9827299521168698],[101.31448983290551,2.9830596326038403],[101.31447995156623,2.9834396188599044],[101.31442964700562,2.9837800821755991],[101.3143595761411,2.9840603559661076],[101.31419967777572,2.9843397318924758],[101.31382957165056,2.9846298882306996],[101.31369033382788,2.984680192791302],[101.31353043183714,2.984699955469921],[101.31326003938597,2.9848104483472753],[101.31311990369909,2.9849299259082045],[101.31273991623465,2.9851500113819611],[101.31251982834408,2.9852596063952319],[101.31230962300117,2.9852802681463686],[101.31206977364042,2.9852101996987699],[101.3112603895982,2.9848203308949905],[101.310859741591,2.9846604313211742],[101.30968025504893,2.9840396942149141]]],[[[101.31599002129315,2.9845598197831009],[101.31614992086702,2.9846900741305831],[101.31644007599681,2.9848104483472753],[101.31727011937335,2.9853395561821117],[101.31773993796401,2.9857303228500314],[101.3181801137452,2.985820153976249],[101.31841008055824,2.9859001061799972],[101.32001986154228,2.9870697113827873],[101.32151016859063,2.9880398916545801],[101.32175989929067,2.9882896223546709],[101.32182008519055,2.9883902338927442],[101.32190003739436,2.9887001529095301],[101.32198986852057,2.9888501735609907],[101.32205005442046,2.9889103594608741],[101.32213000420739,2.9890199544740881],[101.32258994145877,2.9890603764869752],[101.32273007956246,2.9890603764869752],[101.3236598354045,2.9896900982768102],[101.32396975442128,2.9899802534065998],[101.32416019708558,2.9903395791199046],[101.32416019708558,2.9905003765578613],[101.32404970420822,2.9906297354581284],[101.32390956610453,2.9907303457877674],[101.32385027806879,2.9906899213580118],[101.32333015491753,2.9906503972092651],[101.32305976004943,2.9905201404449144],[101.32240039665862,2.9901203890934198],[101.32137991182623,2.9895598415124027],[101.32022018554585,2.9888896977097374],[101.31894008867408,2.9881701484189875],[101.31726023682558,2.9874398162995135],[101.31559026994171,2.9867499122351546],[101.31477998924373,2.9863097364539044],[101.3145302585437,2.9860195813241148],[101.31442964700562,2.9858300365239643],[101.31439012044001,2.9855803058238735],[101.31448983290551,2.9852901494856496],[101.31465961381866,2.9850799429343624],[101.31486982036995,2.9848697375914526],[101.31507014437352,2.9847700239175197],[101.3153603007118,2.9846397695699807],[101.31561003141184,2.9845795812532288],[101.31584000064174,2.9846002430043654],[101.31599002129315,2.9845598197831009]]],[[[101.25852030543314,3.0158202903943447],[101.25878980002022,3.0159101227289398],[101.25902964938098,3.0160502584158166],[101.25922997338461,3.0161203280718496],[101.2593997542977,3.0161697347683116],[101.25973033506568,3.016220039328914],[101.25997018442649,3.016220039328914],[101.2602199175434,3.0162802276456659],[101.26031962880046,3.0163799413196557],[101.26033041042075,3.0164796549935886],[101.26028998599099,3.0166000267933555],[101.26021003620411,3.0166296720196897],[101.26011032253018,3.0166395533589707],[101.25990011718727,3.0166197906804086],[101.25936023014896,3.0166503337708264],[101.25877003613323,3.0166395533589707],[101.25852030543314,3.0166099081326934],[101.25833974289975,3.0166197906804086],[101.25818972466516,3.0166000267933555],[101.25806036576495,3.0165596035720341],[101.25796963677459,3.0164796549935886],[101.25791034873879,3.0163997015813493],[101.25786004176132,3.0162999915327191],[101.25787980564837,3.0161499708813153],[101.25795975543525,3.0159801899681611],[101.25809989353894,3.0158499332037536],[101.25821038641635,3.01583017294206],[101.25852030543314,3.0158202903943447]]],[[[101.23594025242636,2.9116399816145986],[101.23604984743957,2.9117801173014186],[101.23613967856579,2.9121403408788638],[101.23610015441704,2.9123002428695486],[101.23596001631336,2.9124403785563686],[101.23573004829188,2.9124799051219838],[101.23550996040126,2.9125104482124584],[101.23535994095829,2.9125104482124584],[101.23528987251069,2.9123999553350473],[101.23528987251069,2.9122795811184119],[101.23537970484534,2.9121502222181448],[101.23550007906198,2.91201996907904],[101.23570040306561,2.9117702347537033],[101.23581988062654,2.911659741876349],[101.23594025242636,2.9116399816145986]]]]},"properties":{"Daerah":"KLANG","Negeri":"SELANGOR","Nam":"Klang"}}]}